{"type":"FeatureCollection","features":[{"type":"Feature","id":0,"geometry":{"type":"Point","coordinates":[-109.23692,57.69015]},"properties":{"u":0.9,"y":78}},{"type":"Feature","id":1,"geometry":{"type":"Point","coordinates":[-109.26615,57.68536]},"properties":{"u":0.4,"y":78}},{"type":"Feature","id":2,"geometry":{"type":"Point","coordinates":[-109.32062,57.67555]},"properties":{"u":1.4000000000000001,"y":78}},{"type":"Feature","id":3,"geometry":{"type":"Point","coordinates":[-109.23692,57.61802]},"properties":{"u":0.8,"y":78}},{"type":"Feature","id":4,"geometry":{"type":"Point","coordinates":[-109.24884,57.57392]},"properties":{"u":0.9,"y":78}},{"type":"Feature","id":5,"geometry":{"type":"Point","coordinates":[-109.32986,57.56671]},"properties":{"u":1.3,"y":78}},{"type":"Feature","id":6,"geometry":{"type":"Point","coordinates":[-109.26129,57.60217]},"properties":{"u":0.9,"y":78}},{"type":"Feature","id":7,"geometry":{"type":"Point","coordinates":[-109.11832,57.65055]},"properties":{"u":0.2,"y":78}},{"type":"Feature","id":8,"geometry":{"type":"Point","coordinates":[-108.93514,57.59214]},"properties":{"u":1,"y":78}},{"type":"Feature","id":9,"geometry":{"type":"Point","coordinates":[-108.94596,57.59619]},"properties":{"u":0.9,"y":78}},{"type":"Feature","id":10,"geometry":{"type":"Point","coordinates":[-108.97723,57.58446]},"properties":{"u":1,"y":78}},{"type":"Feature","id":11,"geometry":{"type":"Point","coordinates":[-108.39369,57.42886]},"properties":{"u":1,"y":78}},{"type":"Feature","id":12,"geometry":{"type":"Point","coordinates":[-108.36342,57.43851]},"properties":{"u":2.7,"y":78}},{"type":"Feature","id":13,"geometry":{"type":"Point","coordinates":[-108.34301,57.45589]},"properties":{"u":1.8,"y":78}},{"type":"Feature","id":14,"geometry":{"type":"Point","coordinates":[-108.33499,57.4629]},"properties":{"u":1.9000000000000001,"y":78}},{"type":"Feature","id":15,"geometry":{"type":"Point","coordinates":[-108.28263,57.49414]},"properties":{"u":1.5,"y":78}},{"type":"Feature","id":16,"geometry":{"type":"Point","coordinates":[-108.28178,57.48334]},"properties":{"u":1.3,"y":78}},{"type":"Feature","id":17,"geometry":{"type":"Point","coordinates":[-108.49481,57.52303]},"properties":{"u":1.9000000000000001,"y":78}},{"type":"Feature","id":18,"geometry":{"type":"Point","coordinates":[-108.5133,57.51765]},"properties":{"u":2,"y":78}},{"type":"Feature","id":19,"geometry":{"type":"Point","coordinates":[-108.65985,57.57981]},"properties":{"u":1.6,"y":78}},{"type":"Feature","id":20,"geometry":{"type":"Point","coordinates":[-108.67387,57.57142]},"properties":{"u":2.8000000000000003,"y":78}},{"type":"Feature","id":21,"geometry":{"type":"Point","coordinates":[-108.87894,57.5469]},"properties":{"u":1.2,"y":78}},{"type":"Feature","id":22,"geometry":{"type":"Point","coordinates":[-109.25724,57.5819]},"properties":{"u":0.8,"y":78}},{"type":"Feature","id":23,"geometry":{"type":"Point","coordinates":[-109.20786,57.64048]},"properties":{"u":0.5,"y":78}},{"type":"Feature","id":24,"geometry":{"type":"Point","coordinates":[-108.96888,57.58724]},"properties":{"u":0.6,"y":78}},{"type":"Feature","id":25,"geometry":{"type":"Point","coordinates":[-108.36795,57.44517]},"properties":{"u":0.9,"y":78}},{"type":"Feature","id":26,"geometry":{"type":"Point","coordinates":[-108.32834,57.47399]},"properties":{"u":0.5,"y":78}},{"type":"Feature","id":27,"geometry":{"type":"Point","coordinates":[-108.47367,57.51865]},"properties":{"u":1,"y":78}},{"type":"Feature","id":28,"geometry":{"type":"Point","coordinates":[-108.8713,57.56218]},"properties":{"u":1.6,"y":78}},{"type":"Feature","id":29,"geometry":{"type":"Point","coordinates":[-109.16574,57.70943]},"properties":{"u":1.3,"y":78}},{"type":"Feature","id":30,"geometry":{"type":"Point","coordinates":[-109.27278,57.64231]},"properties":{"u":0.2,"y":78}},{"type":"Feature","id":31,"geometry":{"type":"Point","coordinates":[-109.30159,57.56318]},"properties":{"u":0.8,"y":78}},{"type":"Feature","id":32,"geometry":{"type":"Point","coordinates":[-109.07264,57.64392]},"properties":{"u":0.5,"y":78}},{"type":"Feature","id":33,"geometry":{"type":"Point","coordinates":[-108.95909,57.58963]},"properties":{"u":0.9,"y":78}},{"type":"Feature","id":34,"geometry":{"type":"Point","coordinates":[-108.98913,57.56308]},"properties":{"u":0.2,"y":78}},{"type":"Feature","id":35,"geometry":{"type":"Point","coordinates":[-108.35776,57.44765]},"properties":{"u":2.4,"y":78}},{"type":"Feature","id":36,"geometry":{"type":"Point","coordinates":[-108.30853,57.48256]},"properties":{"u":1.4000000000000001,"y":78}},{"type":"Feature","id":37,"geometry":{"type":"Point","coordinates":[-108.48408,57.52955]},"properties":{"u":0.2,"y":78}},{"type":"Feature","id":38,"geometry":{"type":"Point","coordinates":[-108.64339,57.57141]},"properties":{"u":1.4000000000000001,"y":78}},{"type":"Feature","id":39,"geometry":{"type":"Point","coordinates":[-108.85658,57.57291]},"properties":{"u":1.3,"y":78}},{"type":"Feature","id":40,"geometry":{"type":"Point","coordinates":[-109.34276,57.63246]},"properties":{"u":1.3,"y":78}},{"type":"Feature","id":41,"geometry":{"type":"Point","coordinates":[-109.08818,57.65198]},"properties":{"u":1.3,"y":78}},{"type":"Feature","id":42,"geometry":{"type":"Point","coordinates":[-108.98655,57.57005]},"properties":{"u":0.6,"y":78}},{"type":"Feature","id":43,"geometry":{"type":"Point","coordinates":[-108.68127,57.58006]},"properties":{"u":0.9,"y":78}},{"type":"Feature","id":44,"geometry":{"type":"Point","coordinates":[-109.18875,57.67902]},"properties":{"u":0.7000000000000001,"y":78}},{"type":"Feature","id":45,"geometry":{"type":"Point","coordinates":[-109.1786,57.64236]},"properties":{"u":0.2,"y":78}},{"type":"Feature","id":46,"geometry":{"type":"Point","coordinates":[-109.15488,57.63923]},"properties":{"u":0.6,"y":78}},{"type":"Feature","id":47,"geometry":{"type":"Point","coordinates":[-108.98249,57.57687]},"properties":{"u":0.9,"y":78}},{"type":"Feature","id":48,"geometry":{"type":"Point","coordinates":[-108.27765,57.50191]},"properties":{"u":1.4000000000000001,"y":78}},{"type":"Feature","id":49,"geometry":{"type":"Point","coordinates":[-106.11349,57.24399]},"properties":{"u":0.8,"y":77}},{"type":"Feature","id":50,"geometry":{"type":"Point","coordinates":[-105.55287,57.22449]},"properties":{"u":1.3,"y":77}},{"type":"Feature","id":51,"geometry":{"type":"Point","coordinates":[-105.57445,57.22022]},"properties":{"u":0.6,"y":77}},{"type":"Feature","id":52,"geometry":{"type":"Point","coordinates":[-105.57866,57.22195]},"properties":{"u":0.4,"y":77}},{"type":"Feature","id":53,"geometry":{"type":"Point","coordinates":[-105.58556,57.2128]},"properties":{"u":19.1,"y":77}},{"type":"Feature","id":54,"geometry":{"type":"Point","coordinates":[-105.60464,57.21114]},"properties":{"u":1.4000000000000001,"y":77}},{"type":"Feature","id":55,"geometry":{"type":"Point","coordinates":[-105.60228,57.16722]},"properties":{"u":0.7000000000000001,"y":77}},{"type":"Feature","id":56,"geometry":{"type":"Point","coordinates":[-105.61477,57.17017]},"properties":{"u":0.8,"y":77}},{"type":"Feature","id":57,"geometry":{"type":"Point","coordinates":[-105.5954,57.15643]},"properties":{"u":1,"y":77}},{"type":"Feature","id":58,"geometry":{"type":"Point","coordinates":[-105.59063,57.13444]},"properties":{"u":1.1,"y":77}},{"type":"Feature","id":59,"geometry":{"type":"Point","coordinates":[-105.65666,57.14628]},"properties":{"u":1.7,"y":77}},{"type":"Feature","id":60,"geometry":{"type":"Point","coordinates":[-105.6331,57.14101]},"properties":{"u":0.6,"y":77}},{"type":"Feature","id":61,"geometry":{"type":"Point","coordinates":[-105.6443,57.1454]},"properties":{"u":0.9,"y":77}},{"type":"Feature","id":62,"geometry":{"type":"Point","coordinates":[-105.64179,57.14245]},"properties":{"u":2.1,"y":77}},{"type":"Feature","id":63,"geometry":{"type":"Point","coordinates":[-105.65465,57.13875]},"properties":{"u":0.8,"y":77}},{"type":"Feature","id":64,"geometry":{"type":"Point","coordinates":[-105.65307,57.14684]},"properties":{"u":1.1,"y":77}},{"type":"Feature","id":65,"geometry":{"type":"Point","coordinates":[-105.6673,57.15058]},"properties":{"u":5.1000000000000005,"y":77}},{"type":"Feature","id":66,"geometry":{"type":"Point","coordinates":[-105.63982,57.15567]},"properties":{"u":1.5,"y":77}},{"type":"Feature","id":67,"geometry":{"type":"Point","coordinates":[-105.63769,57.16543]},"properties":{"u":13.200000000000001,"y":77}},{"type":"Feature","id":68,"geometry":{"type":"Point","coordinates":[-105.64422,57.16912]},"properties":{"u":3.3000000000000003,"y":77}},{"type":"Feature","id":69,"geometry":{"type":"Point","coordinates":[-105.63766,57.16879]},"properties":{"u":0.9,"y":77}},{"type":"Feature","id":70,"geometry":{"type":"Point","coordinates":[-105.63701,57.16435]},"properties":{"u":40.7,"y":77}},{"type":"Feature","id":71,"geometry":{"type":"Point","coordinates":[-105.62337,57.17529]},"properties":{"u":6.5,"y":77}},{"type":"Feature","id":72,"geometry":{"type":"Point","coordinates":[-105.63485,57.18094]},"properties":{"u":3.2,"y":77}},{"type":"Feature","id":73,"geometry":{"type":"Point","coordinates":[-105.61571,57.19213]},"properties":{"u":0.7000000000000001,"y":77}},{"type":"Feature","id":74,"geometry":{"type":"Point","coordinates":[-105.60132,57.18856]},"properties":{"u":1.7,"y":77}},{"type":"Feature","id":75,"geometry":{"type":"Point","coordinates":[-105.61364,57.21599]},"properties":{"u":0.5,"y":77}},{"type":"Feature","id":76,"geometry":{"type":"Point","coordinates":[-105.64227,57.21207]},"properties":{"u":4.2,"y":77}},{"type":"Feature","id":77,"geometry":{"type":"Point","coordinates":[-105.6524,57.202]},"properties":{"u":121,"y":77}},{"type":"Feature","id":78,"geometry":{"type":"Point","coordinates":[-105.66352,57.20873]},"properties":{"u":1,"y":77}},{"type":"Feature","id":79,"geometry":{"type":"Point","coordinates":[-105.68087,57.19457]},"properties":{"u":784,"y":77}},{"type":"Feature","id":80,"geometry":{"type":"Point","coordinates":[-105.65595,57.18923]},"properties":{"u":6.2,"y":77}},{"type":"Feature","id":81,"geometry":{"type":"Point","coordinates":[-105.71441,57.17975]},"properties":{"u":254,"y":77}},{"type":"Feature","id":82,"geometry":{"type":"Point","coordinates":[-105.73596,57.17198]},"properties":{"u":182,"y":77}},{"type":"Feature","id":83,"geometry":{"type":"Point","coordinates":[-105.75591,57.21126]},"properties":{"u":1,"y":77}},{"type":"Feature","id":84,"geometry":{"type":"Point","coordinates":[-105.67669,57.1451]},"properties":{"u":3.7,"y":77}},{"type":"Feature","id":85,"geometry":{"type":"Point","coordinates":[-105.68624,57.13979]},"properties":{"u":5.6000000000000005,"y":77}},{"type":"Feature","id":86,"geometry":{"type":"Point","coordinates":[-105.63405,57.13432]},"properties":{"u":19.3,"y":77}},{"type":"Feature","id":87,"geometry":{"type":"Point","coordinates":[-105.63734,57.13048]},"properties":{"u":6,"y":77}},{"type":"Feature","id":88,"geometry":{"type":"Point","coordinates":[-105.66599,57.12822]},"properties":{"u":40.5,"y":77}},{"type":"Feature","id":89,"geometry":{"type":"Point","coordinates":[-105.6852,57.13189]},"properties":{"u":2.5,"y":77}},{"type":"Feature","id":90,"geometry":{"type":"Point","coordinates":[-105.7466,57.15611]},"properties":{"u":16.5,"y":77}},{"type":"Feature","id":91,"geometry":{"type":"Point","coordinates":[-105.74712,57.16541]},"properties":{"u":42.4,"y":77}},{"type":"Feature","id":92,"geometry":{"type":"Point","coordinates":[-105.76083,57.16303]},"properties":{"u":33.2,"y":77}},{"type":"Feature","id":93,"geometry":{"type":"Point","coordinates":[-105.79103,57.15975]},"properties":{"u":4.9,"y":77}},{"type":"Feature","id":94,"geometry":{"type":"Point","coordinates":[-105.76326,57.15417]},"properties":{"u":91.3,"y":77}},{"type":"Feature","id":95,"geometry":{"type":"Point","coordinates":[-105.76072,57.15383]},"properties":{"u":28.7,"y":77}},{"type":"Feature","id":96,"geometry":{"type":"Point","coordinates":[-105.80188,57.13924]},"properties":{"u":15.1,"y":77}},{"type":"Feature","id":97,"geometry":{"type":"Point","coordinates":[-105.81189,57.1443]},"properties":{"u":31.8,"y":77}},{"type":"Feature","id":98,"geometry":{"type":"Point","coordinates":[-105.81781,57.18648]},"properties":{"u":1,"y":77}},{"type":"Feature","id":99,"geometry":{"type":"Point","coordinates":[-105.80014,57.21404]},"properties":{"u":2.9,"y":77}},{"type":"Feature","id":100,"geometry":{"type":"Point","coordinates":[-105.87772,57.20889]},"properties":{"u":3.1,"y":77}},{"type":"Feature","id":101,"geometry":{"type":"Point","coordinates":[-105.87213,57.20839]},"properties":{"u":2.3000000000000003,"y":77}},{"type":"Feature","id":102,"geometry":{"type":"Point","coordinates":[-105.90545,57.19661]},"properties":{"u":2.3000000000000003,"y":77}},{"type":"Feature","id":103,"geometry":{"type":"Point","coordinates":[-105.91515,57.19785]},"properties":{"u":0.7000000000000001,"y":77}},{"type":"Feature","id":104,"geometry":{"type":"Point","coordinates":[-105.99123,57.32502]},"properties":{"u":1.1,"y":77}},{"type":"Feature","id":105,"geometry":{"type":"Point","coordinates":[-105.99262,57.2853]},"properties":{"u":0.7000000000000001,"y":77}},{"type":"Feature","id":106,"geometry":{"type":"Point","coordinates":[-106.01477,57.27241]},"properties":{"u":0.5,"y":77}},{"type":"Feature","id":107,"geometry":{"type":"Point","coordinates":[-105.96486,57.29805]},"properties":{"u":0.5,"y":77}},{"type":"Feature","id":108,"geometry":{"type":"Point","coordinates":[-105.95652,57.30853]},"properties":{"u":0.6,"y":77}},{"type":"Feature","id":109,"geometry":{"type":"Point","coordinates":[-105.94453,57.29286]},"properties":{"u":1.1,"y":77}},{"type":"Feature","id":110,"geometry":{"type":"Point","coordinates":[-105.96818,57.25486]},"properties":{"u":1.2,"y":77}},{"type":"Feature","id":111,"geometry":{"type":"Point","coordinates":[-105.91259,57.24054]},"properties":{"u":2.1,"y":77}},{"type":"Feature","id":112,"geometry":{"type":"Point","coordinates":[-105.88726,57.28559]},"properties":{"u":0.9,"y":77}},{"type":"Feature","id":113,"geometry":{"type":"Point","coordinates":[-105.88034,57.28039]},"properties":{"u":0.8,"y":77}},{"type":"Feature","id":114,"geometry":{"type":"Point","coordinates":[-105.85551,57.29695]},"properties":{"u":0.4,"y":77}},{"type":"Feature","id":115,"geometry":{"type":"Point","coordinates":[-105.80213,57.24866]},"properties":{"u":0.4,"y":77}},{"type":"Feature","id":116,"geometry":{"type":"Point","coordinates":[-105.80901,57.24089]},"properties":{"u":0.4,"y":77}},{"type":"Feature","id":117,"geometry":{"type":"Point","coordinates":[-105.74246,57.25145]},"properties":{"u":0.5,"y":77}},{"type":"Feature","id":118,"geometry":{"type":"Point","coordinates":[-105.71161,57.25554]},"properties":{"u":0.5,"y":77}},{"type":"Feature","id":119,"geometry":{"type":"Point","coordinates":[-105.65924,57.26346]},"properties":{"u":2.9,"y":77}},{"type":"Feature","id":120,"geometry":{"type":"Point","coordinates":[-105.66445,57.26083]},"properties":{"u":1.7,"y":77}},{"type":"Feature","id":121,"geometry":{"type":"Point","coordinates":[-105.63953,57.26275]},"properties":{"u":0.7000000000000001,"y":77}},{"type":"Feature","id":122,"geometry":{"type":"Point","coordinates":[-105.63247,57.26759]},"properties":{"u":0.8,"y":77}},{"type":"Feature","id":123,"geometry":{"type":"Point","coordinates":[-105.61286,57.27263]},"properties":{"u":1.2,"y":77}},{"type":"Feature","id":124,"geometry":{"type":"Point","coordinates":[-105.60387,57.2698]},"properties":{"u":1.4000000000000001,"y":77}},{"type":"Feature","id":125,"geometry":{"type":"Point","coordinates":[-105.57131,57.30346]},"properties":{"u":0.8,"y":77}},{"type":"Feature","id":126,"geometry":{"type":"Point","coordinates":[-105.56921,57.30068]},"properties":{"u":0.7000000000000001,"y":77}},{"type":"Feature","id":127,"geometry":{"type":"Point","coordinates":[-105.62653,57.29942]},"properties":{"u":1.2,"y":77}},{"type":"Feature","id":128,"geometry":{"type":"Point","coordinates":[-105.68424,57.2702]},"properties":{"u":1.1,"y":77}},{"type":"Feature","id":129,"geometry":{"type":"Point","coordinates":[-105.6623,57.24646]},"properties":{"u":1.3,"y":77}},{"type":"Feature","id":130,"geometry":{"type":"Point","coordinates":[-105.66944,57.24135]},"properties":{"u":1.1,"y":77}},{"type":"Feature","id":131,"geometry":{"type":"Point","coordinates":[-105.67322,57.22453]},"properties":{"u":1.4000000000000001,"y":77}},{"type":"Feature","id":132,"geometry":{"type":"Point","coordinates":[-105.66923,57.22603]},"properties":{"u":0.3,"y":77}},{"type":"Feature","id":133,"geometry":{"type":"Point","coordinates":[-105.64383,57.22698]},"properties":{"u":0.8,"y":77}},{"type":"Feature","id":134,"geometry":{"type":"Point","coordinates":[-105.62206,57.24869]},"properties":{"u":0.9,"y":77}},{"type":"Feature","id":135,"geometry":{"type":"Point","coordinates":[-105.62057,57.24322]},"properties":{"u":0.9,"y":77}},{"type":"Feature","id":136,"geometry":{"type":"Point","coordinates":[-105.62839,57.23927]},"properties":{"u":0.8,"y":77}},{"type":"Feature","id":137,"geometry":{"type":"Point","coordinates":[-105.62888,57.22503]},"properties":{"u":0.7000000000000001,"y":77}},{"type":"Feature","id":138,"geometry":{"type":"Point","coordinates":[-105.58139,57.23442]},"properties":{"u":0.7000000000000001,"y":77}},{"type":"Feature","id":139,"geometry":{"type":"Point","coordinates":[-105.55302,57.24025]},"properties":{"u":1.5,"y":77}},{"type":"Feature","id":140,"geometry":{"type":"Point","coordinates":[-105.61122,57.25768]},"properties":{"u":1.4000000000000001,"y":77}},{"type":"Feature","id":141,"geometry":{"type":"Point","coordinates":[-105.57104,57.25881]},"properties":{"u":0.7000000000000001,"y":77}},{"type":"Feature","id":142,"geometry":{"type":"Point","coordinates":[-105.56189,57.25162]},"properties":{"u":1.4000000000000001,"y":77}},{"type":"Feature","id":143,"geometry":{"type":"Point","coordinates":[-105.53512,57.26036]},"properties":{"u":0.5,"y":77}},{"type":"Feature","id":144,"geometry":{"type":"Point","coordinates":[-105.52099,57.26608]},"properties":{"u":0.6,"y":77}},{"type":"Feature","id":145,"geometry":{"type":"Point","coordinates":[-105.47624,57.30839]},"properties":{"u":0.7000000000000001,"y":77}},{"type":"Feature","id":146,"geometry":{"type":"Point","coordinates":[-105.49592,57.26336]},"properties":{"u":0.5,"y":77}},{"type":"Feature","id":147,"geometry":{"type":"Point","coordinates":[-105.4858,57.25387]},"properties":{"u":0.7000000000000001,"y":77}},{"type":"Feature","id":148,"geometry":{"type":"Point","coordinates":[-105.48648,57.25046]},"properties":{"u":0.3,"y":77}},{"type":"Feature","id":149,"geometry":{"type":"Point","coordinates":[-105.54452,57.22417]},"properties":{"u":33.5,"y":77}},{"type":"Feature","id":150,"geometry":{"type":"Point","coordinates":[-106.07039,57.2653]},"properties":{"u":0.7000000000000001,"y":77}},{"type":"Feature","id":151,"geometry":{"type":"Point","coordinates":[-106.12575,57.28844]},"properties":{"u":1.5,"y":77}},{"type":"Feature","id":152,"geometry":{"type":"Point","coordinates":[-105.54904,57.22019]},"properties":{"u":2.5,"y":77}},{"type":"Feature","id":153,"geometry":{"type":"Point","coordinates":[-105.61549,57.16909]},"properties":{"u":1.1,"y":77}},{"type":"Feature","id":154,"geometry":{"type":"Point","coordinates":[-105.61244,57.13339]},"properties":{"u":1,"y":77}},{"type":"Feature","id":155,"geometry":{"type":"Point","coordinates":[-105.64738,57.1391]},"properties":{"u":0.8,"y":77}},{"type":"Feature","id":156,"geometry":{"type":"Point","coordinates":[-105.65036,57.15521]},"properties":{"u":4.7,"y":77}},{"type":"Feature","id":157,"geometry":{"type":"Point","coordinates":[-105.63696,57.17042]},"properties":{"u":1.4000000000000001,"y":77}},{"type":"Feature","id":158,"geometry":{"type":"Point","coordinates":[-105.60978,57.18587]},"properties":{"u":0.7000000000000001,"y":77}},{"type":"Feature","id":159,"geometry":{"type":"Point","coordinates":[-105.63584,57.2197]},"properties":{"u":1,"y":77}},{"type":"Feature","id":160,"geometry":{"type":"Point","coordinates":[-105.76701,57.20468]},"properties":{"u":1.1,"y":77}},{"type":"Feature","id":161,"geometry":{"type":"Point","coordinates":[-105.68243,57.12822]},"properties":{"u":3,"y":77}},{"type":"Feature","id":162,"geometry":{"type":"Point","coordinates":[-105.77792,57.16684]},"properties":{"u":18.8,"y":77}},{"type":"Feature","id":163,"geometry":{"type":"Point","coordinates":[-105.82329,57.1634]},"properties":{"u":4,"y":77}},{"type":"Feature","id":164,"geometry":{"type":"Point","coordinates":[-105.89784,57.20363]},"properties":{"u":6.2,"y":77}},{"type":"Feature","id":165,"geometry":{"type":"Point","coordinates":[-105.93093,57.21282]},"properties":{"u":1,"y":77}},{"type":"Feature","id":166,"geometry":{"type":"Point","coordinates":[-106.05984,57.25236]},"properties":{"u":1.3,"y":77}},{"type":"Feature","id":167,"geometry":{"type":"Point","coordinates":[-105.98844,57.2887]},"properties":{"u":1,"y":77}},{"type":"Feature","id":168,"geometry":{"type":"Point","coordinates":[-105.97642,57.24123]},"properties":{"u":0.5,"y":77}},{"type":"Feature","id":169,"geometry":{"type":"Point","coordinates":[-105.86989,57.29411]},"properties":{"u":0.6,"y":77}},{"type":"Feature","id":170,"geometry":{"type":"Point","coordinates":[-105.70363,57.24992]},"properties":{"u":0.8,"y":77}},{"type":"Feature","id":171,"geometry":{"type":"Point","coordinates":[-105.61522,57.26624]},"properties":{"u":0.7000000000000001,"y":77}},{"type":"Feature","id":172,"geometry":{"type":"Point","coordinates":[-105.59747,57.27491]},"properties":{"u":1.2,"y":77}},{"type":"Feature","id":173,"geometry":{"type":"Point","coordinates":[-105.58911,57.30194]},"properties":{"u":1.1,"y":77}},{"type":"Feature","id":174,"geometry":{"type":"Point","coordinates":[-105.63753,57.28971]},"properties":{"u":0.7000000000000001,"y":77}},{"type":"Feature","id":175,"geometry":{"type":"Point","coordinates":[-105.70615,57.23136]},"properties":{"u":0.6,"y":77}},{"type":"Feature","id":176,"geometry":{"type":"Point","coordinates":[-105.6222,57.2376]},"properties":{"u":1,"y":77}},{"type":"Feature","id":177,"geometry":{"type":"Point","coordinates":[-105.56916,57.233]},"properties":{"u":1.3,"y":77}},{"type":"Feature","id":178,"geometry":{"type":"Point","coordinates":[-105.54085,57.27687]},"properties":{"u":0.3,"y":77}},{"type":"Feature","id":179,"geometry":{"type":"Point","coordinates":[-105.47532,57.30089]},"properties":{"u":1,"y":77}},{"type":"Feature","id":180,"geometry":{"type":"Point","coordinates":[-106.09932,57.2584]},"properties":{"u":0.6,"y":77}},{"type":"Feature","id":181,"geometry":{"type":"Point","coordinates":[-105.53924,57.22217]},"properties":{"u":2,"y":77}},{"type":"Feature","id":182,"geometry":{"type":"Point","coordinates":[-105.57724,57.2154]},"properties":{"u":49.9,"y":77}},{"type":"Feature","id":183,"geometry":{"type":"Point","coordinates":[-105.60024,57.15762]},"properties":{"u":0.5,"y":77}},{"type":"Feature","id":184,"geometry":{"type":"Point","coordinates":[-105.58589,57.15045]},"properties":{"u":3.2,"y":77}},{"type":"Feature","id":185,"geometry":{"type":"Point","coordinates":[-105.60395,57.15378]},"properties":{"u":0.9,"y":77}},{"type":"Feature","id":186,"geometry":{"type":"Point","coordinates":[-105.60928,57.1551]},"properties":{"u":0.7000000000000001,"y":77}},{"type":"Feature","id":187,"geometry":{"type":"Point","coordinates":[-105.61523,57.1535]},"properties":{"u":0.8,"y":77}},{"type":"Feature","id":188,"geometry":{"type":"Point","coordinates":[-105.60834,57.13741]},"properties":{"u":0.9,"y":77}},{"type":"Feature","id":189,"geometry":{"type":"Point","coordinates":[-105.63766,57.14454]},"properties":{"u":0.8,"y":77}},{"type":"Feature","id":190,"geometry":{"type":"Point","coordinates":[-105.65323,57.137]},"properties":{"u":0.4,"y":77}},{"type":"Feature","id":191,"geometry":{"type":"Point","coordinates":[-105.65982,57.14914]},"properties":{"u":1.3,"y":77}},{"type":"Feature","id":192,"geometry":{"type":"Point","coordinates":[-105.64258,57.15449]},"properties":{"u":0.7000000000000001,"y":77}},{"type":"Feature","id":193,"geometry":{"type":"Point","coordinates":[-105.65576,57.16933]},"properties":{"u":2.5,"y":77}},{"type":"Feature","id":194,"geometry":{"type":"Point","coordinates":[-105.63237,57.17551]},"properties":{"u":200,"y":77}},{"type":"Feature","id":195,"geometry":{"type":"Point","coordinates":[-105.60814,57.1905]},"properties":{"u":1.4000000000000001,"y":77}},{"type":"Feature","id":196,"geometry":{"type":"Point","coordinates":[-105.64969,57.20561]},"properties":{"u":241,"y":77}},{"type":"Feature","id":197,"geometry":{"type":"Point","coordinates":[-105.69302,57.18669]},"properties":{"u":104,"y":77}},{"type":"Feature","id":198,"geometry":{"type":"Point","coordinates":[-105.67161,57.19422]},"properties":{"u":47,"y":77}},{"type":"Feature","id":199,"geometry":{"type":"Point","coordinates":[-105.73131,57.17269]},"properties":{"u":368,"y":77}},{"type":"Feature","id":200,"geometry":{"type":"Point","coordinates":[-105.76619,57.19669]},"properties":{"u":1.7,"y":77}},{"type":"Feature","id":201,"geometry":{"type":"Point","coordinates":[-105.65322,57.1317]},"properties":{"u":1.5,"y":77}},{"type":"Feature","id":202,"geometry":{"type":"Point","coordinates":[-105.67624,57.12035]},"properties":{"u":3.3000000000000003,"y":77}},{"type":"Feature","id":203,"geometry":{"type":"Point","coordinates":[-105.76215,57.15993]},"properties":{"u":55.5,"y":77}},{"type":"Feature","id":204,"geometry":{"type":"Point","coordinates":[-105.7743,57.15042]},"properties":{"u":512,"y":77}},{"type":"Feature","id":205,"geometry":{"type":"Point","coordinates":[-105.7873,57.13825]},"properties":{"u":42.7,"y":77}},{"type":"Feature","id":206,"geometry":{"type":"Point","coordinates":[-105.82319,57.15914]},"properties":{"u":3.8000000000000003,"y":77}},{"type":"Feature","id":207,"geometry":{"type":"Point","coordinates":[-105.81214,57.1889]},"properties":{"u":1.8,"y":77}},{"type":"Feature","id":208,"geometry":{"type":"Point","coordinates":[-105.84124,57.22927]},"properties":{"u":1,"y":77}},{"type":"Feature","id":209,"geometry":{"type":"Point","coordinates":[-105.91811,57.202]},"properties":{"u":0.5,"y":77}},{"type":"Feature","id":210,"geometry":{"type":"Point","coordinates":[-105.94034,57.21576]},"properties":{"u":1.3,"y":77}},{"type":"Feature","id":211,"geometry":{"type":"Point","coordinates":[-105.95794,57.24923]},"properties":{"u":0.8,"y":77}},{"type":"Feature","id":212,"geometry":{"type":"Point","coordinates":[-105.90451,57.25578]},"properties":{"u":0.6,"y":77}},{"type":"Feature","id":213,"geometry":{"type":"Point","coordinates":[-105.73058,57.24797]},"properties":{"u":1.1,"y":77}},{"type":"Feature","id":214,"geometry":{"type":"Point","coordinates":[-105.79009,57.27272]},"properties":{"u":0.7000000000000001,"y":77}},{"type":"Feature","id":215,"geometry":{"type":"Point","coordinates":[-105.78484,57.24185]},"properties":{"u":0.6,"y":77}},{"type":"Feature","id":216,"geometry":{"type":"Point","coordinates":[-105.66603,57.25731]},"properties":{"u":0.6,"y":77}},{"type":"Feature","id":217,"geometry":{"type":"Point","coordinates":[-105.61445,57.26952]},"properties":{"u":0.9,"y":77}},{"type":"Feature","id":218,"geometry":{"type":"Point","coordinates":[-105.57206,57.29411]},"properties":{"u":1.1,"y":77}},{"type":"Feature","id":219,"geometry":{"type":"Point","coordinates":[-105.65618,57.27565]},"properties":{"u":0.7000000000000001,"y":77}},{"type":"Feature","id":220,"geometry":{"type":"Point","coordinates":[-105.65682,57.2522]},"properties":{"u":0.6,"y":77}},{"type":"Feature","id":221,"geometry":{"type":"Point","coordinates":[-105.65549,57.22283]},"properties":{"u":0.4,"y":77}},{"type":"Feature","id":222,"geometry":{"type":"Point","coordinates":[-105.61589,57.24284]},"properties":{"u":0.7000000000000001,"y":77}},{"type":"Feature","id":223,"geometry":{"type":"Point","coordinates":[-105.61427,57.23391]},"properties":{"u":0.3,"y":77}},{"type":"Feature","id":224,"geometry":{"type":"Point","coordinates":[-105.59531,57.25318]},"properties":{"u":0.3,"y":77}},{"type":"Feature","id":225,"geometry":{"type":"Point","coordinates":[-105.53602,57.22676]},"properties":{"u":40.5,"y":77}},{"type":"Feature","id":226,"geometry":{"type":"Point","coordinates":[-105.46806,57.26041]},"properties":{"u":0.7000000000000001,"y":77}},{"type":"Feature","id":227,"geometry":{"type":"Point","coordinates":[-105.54174,57.22548]},"properties":{"u":33.9,"y":77}},{"type":"Feature","id":228,"geometry":{"type":"Point","coordinates":[-105.64993,57.16276]},"properties":{"u":4.1,"y":77}},{"type":"Feature","id":229,"geometry":{"type":"Point","coordinates":[-105.64777,57.20858]},"properties":{"u":93.4,"y":77}},{"type":"Feature","id":230,"geometry":{"type":"Point","coordinates":[-105.68642,57.18439]},"properties":{"u":227,"y":77}},{"type":"Feature","id":231,"geometry":{"type":"Point","coordinates":[-105.73072,57.20939]},"properties":{"u":1,"y":77}},{"type":"Feature","id":232,"geometry":{"type":"Point","coordinates":[-105.64457,57.12851]},"properties":{"u":2.2,"y":77}},{"type":"Feature","id":233,"geometry":{"type":"Point","coordinates":[-105.75431,57.16855]},"properties":{"u":23.3,"y":77}},{"type":"Feature","id":234,"geometry":{"type":"Point","coordinates":[-105.78311,57.14466]},"properties":{"u":14,"y":77}},{"type":"Feature","id":235,"geometry":{"type":"Point","coordinates":[-106.04774,57.24847]},"properties":{"u":7,"y":77}},{"type":"Feature","id":236,"geometry":{"type":"Point","coordinates":[-105.60691,57.27491]},"properties":{"u":2.9,"y":77}},{"type":"Feature","id":237,"geometry":{"type":"Point","coordinates":[-105.58179,57.29106]},"properties":{"u":1.5,"y":77}},{"type":"Feature","id":238,"geometry":{"type":"Point","coordinates":[-105.55267,57.25458]},"properties":{"u":0.9,"y":77}},{"type":"Feature","id":239,"geometry":{"type":"Point","coordinates":[-105.56447,57.23787]},"properties":{"u":1.4000000000000001,"y":77}},{"type":"Feature","id":240,"geometry":{"type":"Point","coordinates":[-106.09846,57.25486]},"properties":{"u":0.8,"y":77}},{"type":"Feature","id":241,"geometry":{"type":"Point","coordinates":[-106.08146,57.26804]},"properties":{"u":0.8,"y":77}},{"type":"Feature","id":242,"geometry":{"type":"Point","coordinates":[-105.54348,57.21591]},"properties":{"u":0.3,"y":77}},{"type":"Feature","id":243,"geometry":{"type":"Point","coordinates":[-105.60388,57.13536]},"properties":{"u":2.3000000000000003,"y":77}},{"type":"Feature","id":244,"geometry":{"type":"Point","coordinates":[-105.6662,57.14888]},"properties":{"u":2.7,"y":77}},{"type":"Feature","id":245,"geometry":{"type":"Point","coordinates":[-105.64472,57.16004]},"properties":{"u":2,"y":77}},{"type":"Feature","id":246,"geometry":{"type":"Point","coordinates":[-105.63919,57.17683]},"properties":{"u":1.2,"y":77}},{"type":"Feature","id":247,"geometry":{"type":"Point","coordinates":[-105.64354,57.21013]},"properties":{"u":4.2,"y":77}},{"type":"Feature","id":248,"geometry":{"type":"Point","coordinates":[-105.69956,57.17839]},"properties":{"u":73.5,"y":77}},{"type":"Feature","id":249,"geometry":{"type":"Point","coordinates":[-105.71722,57.1765]},"properties":{"u":658,"y":77}},{"type":"Feature","id":250,"geometry":{"type":"Point","coordinates":[-105.68622,57.12088]},"properties":{"u":1.1,"y":77}},{"type":"Feature","id":251,"geometry":{"type":"Point","coordinates":[-105.79125,57.15458]},"properties":{"u":1.5,"y":77}},{"type":"Feature","id":252,"geometry":{"type":"Point","coordinates":[-105.80861,57.19602]},"properties":{"u":1.5,"y":77}},{"type":"Feature","id":253,"geometry":{"type":"Point","coordinates":[-105.9183,57.20964]},"properties":{"u":1.7,"y":77}},{"type":"Feature","id":254,"geometry":{"type":"Point","coordinates":[-105.94204,57.19212]},"properties":{"u":0.9,"y":77}},{"type":"Feature","id":255,"geometry":{"type":"Point","coordinates":[-106.00266,57.32214]},"properties":{"u":0.7000000000000001,"y":77}},{"type":"Feature","id":256,"geometry":{"type":"Point","coordinates":[-106.05507,57.24926]},"properties":{"u":0.6,"y":77}},{"type":"Feature","id":257,"geometry":{"type":"Point","coordinates":[-105.92646,57.24708]},"properties":{"u":0.9,"y":77}},{"type":"Feature","id":258,"geometry":{"type":"Point","coordinates":[-105.85216,57.27654]},"properties":{"u":1.2,"y":77}},{"type":"Feature","id":259,"geometry":{"type":"Point","coordinates":[-105.69595,57.25549]},"properties":{"u":0.6,"y":77}},{"type":"Feature","id":260,"geometry":{"type":"Point","coordinates":[-105.60769,57.27706]},"properties":{"u":1.7,"y":77}},{"type":"Feature","id":261,"geometry":{"type":"Point","coordinates":[-105.70152,57.27751]},"properties":{"u":1.3,"y":77}},{"type":"Feature","id":262,"geometry":{"type":"Point","coordinates":[-105.63742,57.24489]},"properties":{"u":0.5,"y":77}},{"type":"Feature","id":263,"geometry":{"type":"Point","coordinates":[-105.57511,57.24658]},"properties":{"u":2.2,"y":77}},{"type":"Feature","id":264,"geometry":{"type":"Point","coordinates":[-105.55638,57.21792]},"properties":{"u":1.4000000000000001,"y":77}},{"type":"Feature","id":265,"geometry":{"type":"Point","coordinates":[-105.61683,57.16584]},"properties":{"u":0.7000000000000001,"y":77}},{"type":"Feature","id":266,"geometry":{"type":"Point","coordinates":[-105.61428,57.15598]},"properties":{"u":0.9,"y":77}},{"type":"Feature","id":267,"geometry":{"type":"Point","coordinates":[-105.62875,57.1599]},"properties":{"u":1.7,"y":77}},{"type":"Feature","id":268,"geometry":{"type":"Point","coordinates":[-105.66288,57.1869]},"properties":{"u":30.5,"y":77}},{"type":"Feature","id":269,"geometry":{"type":"Point","coordinates":[-105.66303,57.13659]},"properties":{"u":2.3000000000000003,"y":77}},{"type":"Feature","id":270,"geometry":{"type":"Point","coordinates":[-105.83806,57.14772]},"properties":{"u":122,"y":77}},{"type":"Feature","id":271,"geometry":{"type":"Point","coordinates":[-105.78,57.18793]},"properties":{"u":1.6,"y":77}},{"type":"Feature","id":272,"geometry":{"type":"Point","coordinates":[-105.96903,57.29671]},"properties":{"u":0.5,"y":77}},{"type":"Feature","id":273,"geometry":{"type":"Point","coordinates":[-105.90369,57.22825]},"properties":{"u":1.1,"y":77}},{"type":"Feature","id":274,"geometry":{"type":"Point","coordinates":[-105.80272,57.26433]},"properties":{"u":0.7000000000000001,"y":77}},{"type":"Feature","id":275,"geometry":{"type":"Point","coordinates":[-105.66361,57.22786]},"properties":{"u":0.8,"y":77}},{"type":"Feature","id":276,"geometry":{"type":"Point","coordinates":[-105.58436,57.25143]},"properties":{"u":0.9,"y":77}},{"type":"Feature","id":277,"geometry":{"type":"Point","coordinates":[-105.53216,57.22067]},"properties":{"u":0.9,"y":77}},{"type":"Feature","id":278,"geometry":{"type":"Point","coordinates":[-105.56712,57.2176]},"properties":{"u":32,"y":77}},{"type":"Feature","id":279,"geometry":{"type":"Point","coordinates":[-105.57696,57.21243]},"properties":{"u":0.7000000000000001,"y":77}},{"type":"Feature","id":280,"geometry":{"type":"Point","coordinates":[-105.58836,57.13607]},"properties":{"u":0.9,"y":77}},{"type":"Feature","id":281,"geometry":{"type":"Point","coordinates":[-105.62987,57.16295]},"properties":{"u":1.3,"y":77}},{"type":"Feature","id":282,"geometry":{"type":"Point","coordinates":[-105.6363,57.18951]},"properties":{"u":6.5,"y":77}},{"type":"Feature","id":283,"geometry":{"type":"Point","coordinates":[-105.70731,57.17642]},"properties":{"u":20.900000000000002,"y":77}},{"type":"Feature","id":284,"geometry":{"type":"Point","coordinates":[-105.65444,57.12716]},"properties":{"u":46.9,"y":77}},{"type":"Feature","id":285,"geometry":{"type":"Point","coordinates":[-105.77124,57.16418]},"properties":{"u":12.6,"y":77}},{"type":"Feature","id":286,"geometry":{"type":"Point","coordinates":[-105.90141,57.19934]},"properties":{"u":10.9,"y":77}},{"type":"Feature","id":287,"geometry":{"type":"Point","coordinates":[-105.97149,57.29382]},"properties":{"u":0.6,"y":77}},{"type":"Feature","id":288,"geometry":{"type":"Point","coordinates":[-105.94339,57.28402]},"properties":{"u":0.7000000000000001,"y":77}},{"type":"Feature","id":289,"geometry":{"type":"Point","coordinates":[-105.88853,57.26991]},"properties":{"u":0.9,"y":77}},{"type":"Feature","id":290,"geometry":{"type":"Point","coordinates":[-105.61079,57.29586]},"properties":{"u":0.5,"y":77}},{"type":"Feature","id":291,"geometry":{"type":"Point","coordinates":[-105.6411,57.23445]},"properties":{"u":0.6,"y":77}},{"type":"Feature","id":292,"geometry":{"type":"Point","coordinates":[-105.53185,57.25517]},"properties":{"u":0.8,"y":77}},{"type":"Feature","id":293,"geometry":{"type":"Point","coordinates":[-105.52704,57.30383]},"properties":{"u":0.7000000000000001,"y":77}},{"type":"Feature","id":294,"geometry":{"type":"Point","coordinates":[-105.59143,57.2054]},"properties":{"u":0.9,"y":77}},{"type":"Feature","id":295,"geometry":{"type":"Point","coordinates":[-105.60503,57.15041]},"properties":{"u":1,"y":77}},{"type":"Feature","id":296,"geometry":{"type":"Point","coordinates":[-105.6419,57.18638]},"properties":{"u":162,"y":77}},{"type":"Feature","id":297,"geometry":{"type":"Point","coordinates":[-105.80616,57.20008]},"properties":{"u":0.7000000000000001,"y":77}},{"type":"Feature","id":298,"geometry":{"type":"Point","coordinates":[-105.95938,57.28879]},"properties":{"u":0.8,"y":77}},{"type":"Feature","id":299,"geometry":{"type":"Point","coordinates":[-105.88398,57.23383]},"properties":{"u":1.6,"y":77}},{"type":"Feature","id":300,"geometry":{"type":"Point","coordinates":[-105.50668,57.26318]},"properties":{"u":0.5,"y":77}},{"type":"Feature","id":301,"geometry":{"type":"Point","coordinates":[-105.6515,57.15067]},"properties":{"u":1.9000000000000001,"y":77}},{"type":"Feature","id":302,"geometry":{"type":"Point","coordinates":[-105.62548,57.1786]},"properties":{"u":9.9,"y":77}},{"type":"Feature","id":303,"geometry":{"type":"Point","coordinates":[-105.66698,57.18347]},"properties":{"u":24.900000000000002,"y":77}},{"type":"Feature","id":304,"geometry":{"type":"Point","coordinates":[-105.69242,57.1814]},"properties":{"u":576,"y":77}},{"type":"Feature","id":305,"geometry":{"type":"Point","coordinates":[-105.66641,57.14237]},"properties":{"u":1.1,"y":77}},{"type":"Feature","id":306,"geometry":{"type":"Point","coordinates":[-105.70798,57.15139]},"properties":{"u":1.9000000000000001,"y":77}},{"type":"Feature","id":307,"geometry":{"type":"Point","coordinates":[-105.77492,57.16816]},"properties":{"u":3.3000000000000003,"y":77}},{"type":"Feature","id":308,"geometry":{"type":"Point","coordinates":[-105.78247,57.15356]},"properties":{"u":80,"y":77}},{"type":"Feature","id":309,"geometry":{"type":"Point","coordinates":[-105.8065,57.17456]},"properties":{"u":0.8,"y":77}},{"type":"Feature","id":310,"geometry":{"type":"Point","coordinates":[-105.9035,57.20768]},"properties":{"u":0.7000000000000001,"y":77}},{"type":"Feature","id":311,"geometry":{"type":"Point","coordinates":[-105.61983,57.29182]},"properties":{"u":0.4,"y":77}},{"type":"Feature","id":312,"geometry":{"type":"Point","coordinates":[-105.67858,57.23052]},"properties":{"u":0.9,"y":77}},{"type":"Feature","id":313,"geometry":{"type":"Point","coordinates":[-105.64954,57.2291]},"properties":{"u":0.8,"y":77}},{"type":"Feature","id":314,"geometry":{"type":"Point","coordinates":[-105.63892,57.2367]},"properties":{"u":0.6,"y":77}},{"type":"Feature","id":315,"geometry":{"type":"Point","coordinates":[-106.12095,57.24703]},"properties":{"u":0.8,"y":77}},{"type":"Feature","id":316,"geometry":{"type":"Point","coordinates":[-105.53424,57.21689]},"properties":{"u":0.8,"y":77}},{"type":"Feature","id":317,"geometry":{"type":"Point","coordinates":[-105.54864,57.21503]},"properties":{"u":0.3,"y":77}},{"type":"Feature","id":318,"geometry":{"type":"Point","coordinates":[-105.54753,57.22299]},"properties":{"u":30.3,"y":77}},{"type":"Feature","id":319,"geometry":{"type":"Point","coordinates":[-105.59477,57.18423]},"properties":{"u":0.3,"y":77}},{"type":"Feature","id":320,"geometry":{"type":"Point","coordinates":[-105.58946,57.17905]},"properties":{"u":1.1,"y":77}},{"type":"Feature","id":321,"geometry":{"type":"Point","coordinates":[-105.6078,57.15996]},"properties":{"u":1.3,"y":77}},{"type":"Feature","id":322,"geometry":{"type":"Point","coordinates":[-105.58489,57.13914]},"properties":{"u":0.9,"y":77}},{"type":"Feature","id":323,"geometry":{"type":"Point","coordinates":[-105.6161,57.13715]},"properties":{"u":1.3,"y":77}},{"type":"Feature","id":324,"geometry":{"type":"Point","coordinates":[-105.63744,57.14153]},"properties":{"u":1.7,"y":77}},{"type":"Feature","id":325,"geometry":{"type":"Point","coordinates":[-105.66598,57.15414]},"properties":{"u":1.6,"y":77}},{"type":"Feature","id":326,"geometry":{"type":"Point","coordinates":[-105.65442,57.15793]},"properties":{"u":2.5,"y":77}},{"type":"Feature","id":327,"geometry":{"type":"Point","coordinates":[-105.66302,57.15429]},"properties":{"u":6.3,"y":77}},{"type":"Feature","id":328,"geometry":{"type":"Point","coordinates":[-105.64085,57.16388]},"properties":{"u":9.5,"y":77}},{"type":"Feature","id":329,"geometry":{"type":"Point","coordinates":[-105.64025,57.17098]},"properties":{"u":4.1,"y":77}},{"type":"Feature","id":330,"geometry":{"type":"Point","coordinates":[-105.61571,57.18723]},"properties":{"u":0.7000000000000001,"y":77}},{"type":"Feature","id":331,"geometry":{"type":"Point","coordinates":[-105.62055,57.22215]},"properties":{"u":0.9,"y":77}},{"type":"Feature","id":332,"geometry":{"type":"Point","coordinates":[-105.69191,57.21149]},"properties":{"u":1.1,"y":77}},{"type":"Feature","id":333,"geometry":{"type":"Point","coordinates":[-105.70216,57.19001]},"properties":{"u":2.5,"y":77}},{"type":"Feature","id":334,"geometry":{"type":"Point","coordinates":[-105.68633,57.17941]},"properties":{"u":2.2,"y":77}},{"type":"Feature","id":335,"geometry":{"type":"Point","coordinates":[-105.69732,57.17611]},"properties":{"u":1840,"y":77}},{"type":"Feature","id":336,"geometry":{"type":"Point","coordinates":[-105.72584,57.17407]},"properties":{"u":108,"y":77}},{"type":"Feature","id":337,"geometry":{"type":"Point","coordinates":[-105.75267,57.18478]},"properties":{"u":2.7,"y":77}},{"type":"Feature","id":338,"geometry":{"type":"Point","coordinates":[-105.75958,57.20621]},"properties":{"u":0.4,"y":77}},{"type":"Feature","id":339,"geometry":{"type":"Point","coordinates":[-105.69322,57.13234]},"properties":{"u":2.1,"y":77}},{"type":"Feature","id":340,"geometry":{"type":"Point","coordinates":[-105.73499,57.15982]},"properties":{"u":71.10000000000001,"y":77}},{"type":"Feature","id":341,"geometry":{"type":"Point","coordinates":[-105.8117,57.19919]},"properties":{"u":1.7,"y":77}},{"type":"Feature","id":342,"geometry":{"type":"Point","coordinates":[-105.80532,57.21077]},"properties":{"u":1,"y":77}},{"type":"Feature","id":343,"geometry":{"type":"Point","coordinates":[-105.84571,57.22066]},"properties":{"u":1.1,"y":77}},{"type":"Feature","id":344,"geometry":{"type":"Point","coordinates":[-105.91153,57.2007]},"properties":{"u":2.3000000000000003,"y":77}},{"type":"Feature","id":345,"geometry":{"type":"Point","coordinates":[-105.94659,57.1876]},"properties":{"u":2.1,"y":77}},{"type":"Feature","id":346,"geometry":{"type":"Point","coordinates":[-105.97436,57.33413]},"properties":{"u":0.9,"y":77}},{"type":"Feature","id":347,"geometry":{"type":"Point","coordinates":[-106.05325,57.24568]},"properties":{"u":1.2,"y":77}},{"type":"Feature","id":348,"geometry":{"type":"Point","coordinates":[-105.99584,57.27997]},"properties":{"u":0.6,"y":77}},{"type":"Feature","id":349,"geometry":{"type":"Point","coordinates":[-105.98787,57.28601]},"properties":{"u":0.6,"y":77}},{"type":"Feature","id":350,"geometry":{"type":"Point","coordinates":[-105.98055,57.28831]},"properties":{"u":1.3,"y":77}},{"type":"Feature","id":351,"geometry":{"type":"Point","coordinates":[-105.97456,57.29209]},"properties":{"u":0.7000000000000001,"y":77}},{"type":"Feature","id":352,"geometry":{"type":"Point","coordinates":[-105.90651,57.29332]},"properties":{"u":0.5,"y":77}},{"type":"Feature","id":353,"geometry":{"type":"Point","coordinates":[-105.76503,57.22782]},"properties":{"u":1.5,"y":77}},{"type":"Feature","id":354,"geometry":{"type":"Point","coordinates":[-105.71691,57.25322]},"properties":{"u":0.9,"y":77}},{"type":"Feature","id":355,"geometry":{"type":"Point","coordinates":[-105.69239,57.25816]},"properties":{"u":0.5,"y":77}},{"type":"Feature","id":356,"geometry":{"type":"Point","coordinates":[-105.6595,57.25941]},"properties":{"u":0.7000000000000001,"y":77}},{"type":"Feature","id":357,"geometry":{"type":"Point","coordinates":[-105.65582,57.26514]},"properties":{"u":0.9,"y":77}},{"type":"Feature","id":358,"geometry":{"type":"Point","coordinates":[-105.59993,57.28527]},"properties":{"u":3.2,"y":77}},{"type":"Feature","id":359,"geometry":{"type":"Point","coordinates":[-105.68428,57.26359]},"properties":{"u":1.2,"y":77}},{"type":"Feature","id":360,"geometry":{"type":"Point","coordinates":[-105.62448,57.24603]},"properties":{"u":1.4000000000000001,"y":77}},{"type":"Feature","id":361,"geometry":{"type":"Point","coordinates":[-105.6085,57.25693]},"properties":{"u":0.7000000000000001,"y":77}},{"type":"Feature","id":362,"geometry":{"type":"Point","coordinates":[-105.6051,57.2596]},"properties":{"u":1.1,"y":77}},{"type":"Feature","id":363,"geometry":{"type":"Point","coordinates":[-105.56756,57.25676]},"properties":{"u":0.7000000000000001,"y":77}},{"type":"Feature","id":364,"geometry":{"type":"Point","coordinates":[-105.51706,57.30158]},"properties":{"u":0.7000000000000001,"y":77}},{"type":"Feature","id":365,"geometry":{"type":"Point","coordinates":[-105.50148,57.29769]},"properties":{"u":0.6,"y":77}},{"type":"Feature","id":366,"geometry":{"type":"Point","coordinates":[-105.48899,57.26594]},"properties":{"u":0.5,"y":77}},{"type":"Feature","id":367,"geometry":{"type":"Point","coordinates":[-105.38284,57.40919]},"properties":{"u":1.2,"y":75}},{"type":"Feature","id":368,"geometry":{"type":"Point","coordinates":[-105.41999,57.38302]},"properties":{"u":12.6,"y":75}},{"type":"Feature","id":369,"geometry":{"type":"Point","coordinates":[-105.4281,57.36502]},"properties":{"u":1.1,"y":75}},{"type":"Feature","id":370,"geometry":{"type":"Point","coordinates":[-105.51837,57.34133]},"properties":{"u":1.5,"y":75}},{"type":"Feature","id":371,"geometry":{"type":"Point","coordinates":[-105.65167,57.31601]},"properties":{"u":1.3,"y":75}},{"type":"Feature","id":372,"geometry":{"type":"Point","coordinates":[-105.28158,57.44404]},"properties":{"u":0.7000000000000001,"y":75}},{"type":"Feature","id":373,"geometry":{"type":"Point","coordinates":[-105.19596,57.47789]},"properties":{"u":2.2,"y":75}},{"type":"Feature","id":374,"geometry":{"type":"Point","coordinates":[-105.38268,57.23402]},"properties":{"u":2.2,"y":75}},{"type":"Feature","id":375,"geometry":{"type":"Point","coordinates":[-105.26474,57.41937]},"properties":{"u":1.7,"y":75}},{"type":"Feature","id":376,"geometry":{"type":"Point","coordinates":[-105.20403,57.43116]},"properties":{"u":1.1,"y":75}},{"type":"Feature","id":377,"geometry":{"type":"Point","coordinates":[-105.37555,57.34723]},"properties":{"u":1.6,"y":75}},{"type":"Feature","id":378,"geometry":{"type":"Point","coordinates":[-105.34959,57.41377]},"properties":{"u":1.9000000000000001,"y":75}},{"type":"Feature","id":379,"geometry":{"type":"Point","coordinates":[-105.35039,57.32304]},"properties":{"u":1.2,"y":75}},{"type":"Feature","id":380,"geometry":{"type":"Point","coordinates":[-105.34456,57.32037]},"properties":{"u":1.4000000000000001,"y":75}},{"type":"Feature","id":381,"geometry":{"type":"Point","coordinates":[-105.33709,57.41201]},"properties":{"u":2.5,"y":75}},{"type":"Feature","id":382,"geometry":{"type":"Point","coordinates":[-105.36274,57.0589]},"properties":{"u":11,"y":75}},{"type":"Feature","id":383,"geometry":{"type":"Point","coordinates":[-105.63677,57.07802]},"properties":{"u":41.4,"y":75}},{"type":"Feature","id":384,"geometry":{"type":"Point","coordinates":[-105.42025,57.04165]},"properties":{"u":5.1000000000000005,"y":75}},{"type":"Feature","id":385,"geometry":{"type":"Point","coordinates":[-105.40392,57.05518]},"properties":{"u":5,"y":75}},{"type":"Feature","id":386,"geometry":{"type":"Point","coordinates":[-105.45757,57.06129]},"properties":{"u":8,"y":75}},{"type":"Feature","id":387,"geometry":{"type":"Point","coordinates":[-105.44125,57.07482]},"properties":{"u":28.8,"y":75}},{"type":"Feature","id":388,"geometry":{"type":"Point","coordinates":[-105.482,57.10117]},"properties":{"u":4.5,"y":75}},{"type":"Feature","id":389,"geometry":{"type":"Point","coordinates":[-105.4332,57.09236]},"properties":{"u":12.3,"y":75}},{"type":"Feature","id":390,"geometry":{"type":"Point","coordinates":[-105.76755,57.29963]},"properties":{"u":2.2,"y":75}},{"type":"Feature","id":391,"geometry":{"type":"Point","coordinates":[-105.78272,57.27169]},"properties":{"u":1.8,"y":75}},{"type":"Feature","id":392,"geometry":{"type":"Point","coordinates":[-105.77786,57.27711]},"properties":{"u":2,"y":75}},{"type":"Feature","id":393,"geometry":{"type":"Point","coordinates":[-105.65187,57.09277]},"properties":{"u":37,"y":75}},{"type":"Feature","id":394,"geometry":{"type":"Point","coordinates":[-105.58761,57.09937]},"properties":{"u":17.2,"y":75}},{"type":"Feature","id":395,"geometry":{"type":"Point","coordinates":[-105.60555,57.08581]},"properties":{"u":10.6,"y":75}},{"type":"Feature","id":396,"geometry":{"type":"Point","coordinates":[-105.54426,57.06947]},"properties":{"u":19.1,"y":75}},{"type":"Feature","id":397,"geometry":{"type":"Point","coordinates":[-105.74241,57.16413]},"properties":{"u":1036.1,"y":75}},{"type":"Feature","id":398,"geometry":{"type":"Point","coordinates":[-105.7423,57.15829]},"properties":{"u":333,"y":75}},{"type":"Feature","id":399,"geometry":{"type":"Point","coordinates":[-105.77499,57.14058]},"properties":{"u":630.2,"y":75}},{"type":"Feature","id":400,"geometry":{"type":"Point","coordinates":[-105.7817,57.14503]},"properties":{"u":159.9,"y":75}},{"type":"Feature","id":401,"geometry":{"type":"Point","coordinates":[-105.32475,57.42821]},"properties":{"u":1.8,"y":75}},{"type":"Feature","id":402,"geometry":{"type":"Point","coordinates":[-105.36235,57.44159]},"properties":{"u":1.6,"y":75}},{"type":"Feature","id":403,"geometry":{"type":"Point","coordinates":[-105.36482,57.43843]},"properties":{"u":2.1,"y":75}},{"type":"Feature","id":404,"geometry":{"type":"Point","coordinates":[-105.37058,57.43168]},"properties":{"u":1.9000000000000001,"y":75}},{"type":"Feature","id":405,"geometry":{"type":"Point","coordinates":[-105.3788,57.42043]},"properties":{"u":1.6,"y":75}},{"type":"Feature","id":406,"geometry":{"type":"Point","coordinates":[-105.12844,57.48381]},"properties":{"u":1.3,"y":75}},{"type":"Feature","id":407,"geometry":{"type":"Point","coordinates":[-105.38284,57.40919]},"properties":{"u":1.2,"y":75}},{"type":"Feature","id":408,"geometry":{"type":"Point","coordinates":[-105.06668,57.45691]},"properties":{"u":1.2,"y":75}},{"type":"Feature","id":409,"geometry":{"type":"Point","coordinates":[-105.09581,57.44387]},"properties":{"u":1.6,"y":75}},{"type":"Feature","id":410,"geometry":{"type":"Point","coordinates":[-105.05834,57.45018]},"properties":{"u":0.2,"y":75}},{"type":"Feature","id":411,"geometry":{"type":"Point","coordinates":[-104.96245,57.51576]},"properties":{"u":1,"y":75}},{"type":"Feature","id":412,"geometry":{"type":"Point","coordinates":[-104.93322,57.52653]},"properties":{"u":0.9,"y":75}},{"type":"Feature","id":413,"geometry":{"type":"Point","coordinates":[-104.86632,57.55567]},"properties":{"u":2.2,"y":75}},{"type":"Feature","id":414,"geometry":{"type":"Point","coordinates":[-104.73246,57.57926]},"properties":{"u":0.9,"y":75}},{"type":"Feature","id":415,"geometry":{"type":"Point","coordinates":[-104.73692,57.53974]},"properties":{"u":1.7,"y":75}},{"type":"Feature","id":416,"geometry":{"type":"Point","coordinates":[-105.12438,57.27047]},"properties":{"u":1,"y":75}},{"type":"Feature","id":417,"geometry":{"type":"Point","coordinates":[-105.15342,57.27583]},"properties":{"u":2.4,"y":75}},{"type":"Feature","id":418,"geometry":{"type":"Point","coordinates":[-105.16255,57.27761]},"properties":{"u":2.2,"y":75}},{"type":"Feature","id":419,"geometry":{"type":"Point","coordinates":[-105.16582,57.26818]},"properties":{"u":2.6,"y":75}},{"type":"Feature","id":420,"geometry":{"type":"Point","coordinates":[-105.16993,57.26009]},"properties":{"u":1.1,"y":75}},{"type":"Feature","id":421,"geometry":{"type":"Point","coordinates":[-105.17816,57.24795]},"properties":{"u":1.7,"y":75}},{"type":"Feature","id":422,"geometry":{"type":"Point","coordinates":[-104.75279,57.66329]},"properties":{"u":1,"y":75}},{"type":"Feature","id":423,"geometry":{"type":"Point","coordinates":[-104.76863,57.67679]},"properties":{"u":1.3,"y":75}},{"type":"Feature","id":424,"geometry":{"type":"Point","coordinates":[-104.76942,57.68353]},"properties":{"u":2,"y":75}},{"type":"Feature","id":425,"geometry":{"type":"Point","coordinates":[-104.65247,57.63745]},"properties":{"u":1.1,"y":75}},{"type":"Feature","id":426,"geometry":{"type":"Point","coordinates":[-104.6585,57.6204]},"properties":{"u":1.1,"y":75}},{"type":"Feature","id":427,"geometry":{"type":"Point","coordinates":[-105.62076,57.20612]},"properties":{"u":4.6000000000000005,"y":75}},{"type":"Feature","id":428,"geometry":{"type":"Point","coordinates":[-105.58333,57.19462]},"properties":{"u":33.6,"y":75}},{"type":"Feature","id":429,"geometry":{"type":"Point","coordinates":[-104.69012,57.64204]},"properties":{"u":0.8,"y":75}},{"type":"Feature","id":430,"geometry":{"type":"Point","coordinates":[-104.70201,57.62141]},"properties":{"u":1.2,"y":75}},{"type":"Feature","id":431,"geometry":{"type":"Point","coordinates":[-104.6945,57.6187]},"properties":{"u":1.2,"y":75}},{"type":"Feature","id":432,"geometry":{"type":"Point","coordinates":[-104.55046,57.69282]},"properties":{"u":1.3,"y":75}},{"type":"Feature","id":433,"geometry":{"type":"Point","coordinates":[-104.53868,57.69548]},"properties":{"u":1.2,"y":75}},{"type":"Feature","id":434,"geometry":{"type":"Point","coordinates":[-104.4864,57.71504]},"properties":{"u":2.6,"y":75}},{"type":"Feature","id":435,"geometry":{"type":"Point","coordinates":[-104.48396,57.70964]},"properties":{"u":2.1,"y":75}},{"type":"Feature","id":436,"geometry":{"type":"Point","coordinates":[-104.55988,57.67624]},"properties":{"u":1.8,"y":75}},{"type":"Feature","id":437,"geometry":{"type":"Point","coordinates":[-104.60876,57.6526]},"properties":{"u":1.6,"y":75}},{"type":"Feature","id":438,"geometry":{"type":"Point","coordinates":[-104.63176,57.61584]},"properties":{"u":1.6,"y":75}},{"type":"Feature","id":439,"geometry":{"type":"Point","coordinates":[-104.68635,57.59353]},"properties":{"u":5.9,"y":75}},{"type":"Feature","id":440,"geometry":{"type":"Point","coordinates":[-104.67364,57.61146]},"properties":{"u":1.9000000000000001,"y":75}},{"type":"Feature","id":441,"geometry":{"type":"Point","coordinates":[-104.64479,57.56647]},"properties":{"u":2.7,"y":75}},{"type":"Feature","id":442,"geometry":{"type":"Point","coordinates":[-104.62233,57.55652]},"properties":{"u":2.5,"y":75}},{"type":"Feature","id":443,"geometry":{"type":"Point","coordinates":[-104.56546,57.56083]},"properties":{"u":2.6,"y":75}},{"type":"Feature","id":444,"geometry":{"type":"Point","coordinates":[-104.5614,57.55049]},"properties":{"u":4.9,"y":75}},{"type":"Feature","id":445,"geometry":{"type":"Point","coordinates":[-104.58601,57.59099]},"properties":{"u":0.7000000000000001,"y":75}},{"type":"Feature","id":446,"geometry":{"type":"Point","coordinates":[-104.36843,57.83846]},"properties":{"u":3.2,"y":75}},{"type":"Feature","id":447,"geometry":{"type":"Point","coordinates":[-104.34291,57.85271]},"properties":{"u":1,"y":75}},{"type":"Feature","id":448,"geometry":{"type":"Point","coordinates":[-104.29496,57.89197]},"properties":{"u":1.3,"y":75}},{"type":"Feature","id":449,"geometry":{"type":"Point","coordinates":[-104.43662,57.678]},"properties":{"u":1.9000000000000001,"y":75}},{"type":"Feature","id":450,"geometry":{"type":"Point","coordinates":[-104.40403,57.72276]},"properties":{"u":3.4,"y":75}},{"type":"Feature","id":451,"geometry":{"type":"Point","coordinates":[-105.51079,57.27399]},"properties":{"u":1.7,"y":75}},{"type":"Feature","id":452,"geometry":{"type":"Point","coordinates":[-105.93015,57.16647]},"properties":{"u":12.700000000000001,"y":75}},{"type":"Feature","id":453,"geometry":{"type":"Point","coordinates":[-105.56249,57.18393]},"properties":{"u":2.3000000000000003,"y":75}},{"type":"Feature","id":454,"geometry":{"type":"Point","coordinates":[-105.96624,57.12398]},"properties":{"u":5.6000000000000005,"y":75}},{"type":"Feature","id":455,"geometry":{"type":"Point","coordinates":[-105.76754,57.09975]},"properties":{"u":9.4,"y":75}},{"type":"Feature","id":456,"geometry":{"type":"Point","coordinates":[-105.73475,57.11117]},"properties":{"u":3.5,"y":75}},{"type":"Feature","id":457,"geometry":{"type":"Point","coordinates":[-105.61561,57.1455]},"properties":{"u":5.2,"y":75}},{"type":"Feature","id":458,"geometry":{"type":"Point","coordinates":[-105.36934,57.30817]},"properties":{"u":1.2,"y":75}},{"type":"Feature","id":459,"geometry":{"type":"Point","coordinates":[-105.47559,57.24493]},"properties":{"u":4.3,"y":75}},{"type":"Feature","id":460,"geometry":{"type":"Point","coordinates":[-105.52536,57.19083]},"properties":{"u":1.3,"y":75}},{"type":"Feature","id":461,"geometry":{"type":"Point","coordinates":[-105.65418,57.22391]},"properties":{"u":0.8,"y":75}},{"type":"Feature","id":462,"geometry":{"type":"Point","coordinates":[-105.68283,57.20579]},"properties":{"u":0.3,"y":75}},{"type":"Feature","id":463,"geometry":{"type":"Point","coordinates":[-105.75276,57.18518]},"properties":{"u":2.8000000000000003,"y":75}},{"type":"Feature","id":464,"geometry":{"type":"Point","coordinates":[-105.66836,57.18341]},"properties":{"u":375.8,"y":75}},{"type":"Feature","id":465,"geometry":{"type":"Point","coordinates":[-105.65788,57.19919]},"properties":{"u":291.8,"y":75}},{"type":"Feature","id":466,"geometry":{"type":"Point","coordinates":[-105.64973,57.20597]},"properties":{"u":218.1,"y":75}},{"type":"Feature","id":467,"geometry":{"type":"Point","coordinates":[-105.43151,57.15975]},"properties":{"u":3.6,"y":75}},{"type":"Feature","id":468,"geometry":{"type":"Point","coordinates":[-105.31415,57.16234]},"properties":{"u":3.5,"y":75}},{"type":"Feature","id":469,"geometry":{"type":"Point","coordinates":[-105.2727,57.14672]},"properties":{"u":6.2,"y":75}},{"type":"Feature","id":470,"geometry":{"type":"Point","coordinates":[-106.8192,57.20346]},"properties":{"u":0.8,"y":75}},{"type":"Feature","id":471,"geometry":{"type":"Point","coordinates":[-105.24051,57.27928]},"properties":{"u":0.3,"y":75}},{"type":"Feature","id":472,"geometry":{"type":"Point","coordinates":[-105.01246,57.31096]},"properties":{"u":2.4,"y":75}},{"type":"Feature","id":473,"geometry":{"type":"Point","coordinates":[-105.12893,57.38725]},"properties":{"u":0.9,"y":75}},{"type":"Feature","id":474,"geometry":{"type":"Point","coordinates":[-105.05013,57.54001]},"properties":{"u":0.8,"y":75}},{"type":"Feature","id":475,"geometry":{"type":"Point","coordinates":[-104.89132,57.5795]},"properties":{"u":0.7000000000000001,"y":75}},{"type":"Feature","id":476,"geometry":{"type":"Point","coordinates":[-104.89988,57.50854]},"properties":{"u":0.8,"y":75}},{"type":"Feature","id":477,"geometry":{"type":"Point","coordinates":[-104.95423,57.4165]},"properties":{"u":1,"y":75}},{"type":"Feature","id":478,"geometry":{"type":"Point","coordinates":[-103.78326,58.09673]},"properties":{"u":2.5,"y":76}},{"type":"Feature","id":479,"geometry":{"type":"Point","coordinates":[-103.77617,58.10564]},"properties":{"u":3.8000000000000003,"y":76}},{"type":"Feature","id":480,"geometry":{"type":"Point","coordinates":[-103.74242,58.10015]},"properties":{"u":2.4,"y":76}},{"type":"Feature","id":481,"geometry":{"type":"Point","coordinates":[-103.69675,58.11945]},"properties":{"u":8.6,"y":76}},{"type":"Feature","id":482,"geometry":{"type":"Point","coordinates":[-103.67846,58.13207]},"properties":{"u":7.6000000000000005,"y":76}},{"type":"Feature","id":483,"geometry":{"type":"Point","coordinates":[-103.63362,58.12778]},"properties":{"u":6.8,"y":76}},{"type":"Feature","id":484,"geometry":{"type":"Point","coordinates":[-103.63586,58.14711]},"properties":{"u":4.6000000000000005,"y":76}},{"type":"Feature","id":485,"geometry":{"type":"Point","coordinates":[-103.59716,58.21294]},"properties":{"u":4.4,"y":76}},{"type":"Feature","id":486,"geometry":{"type":"Point","coordinates":[-103.62156,58.20917]},"properties":{"u":1.7,"y":76}},{"type":"Feature","id":487,"geometry":{"type":"Point","coordinates":[-103.63957,58.21677]},"properties":{"u":2.2,"y":76}},{"type":"Feature","id":488,"geometry":{"type":"Point","coordinates":[-103.68722,58.24018]},"properties":{"u":3.2,"y":76}},{"type":"Feature","id":489,"geometry":{"type":"Point","coordinates":[-103.67117,58.25932]},"properties":{"u":2.8000000000000003,"y":76}},{"type":"Feature","id":490,"geometry":{"type":"Point","coordinates":[-103.66318,58.29045]},"properties":{"u":3.1,"y":76}},{"type":"Feature","id":491,"geometry":{"type":"Point","coordinates":[-103.62112,58.31943]},"properties":{"u":0.8,"y":76}},{"type":"Feature","id":492,"geometry":{"type":"Point","coordinates":[-103.57268,58.3564]},"properties":{"u":5.1000000000000005,"y":76}},{"type":"Feature","id":493,"geometry":{"type":"Point","coordinates":[-103.57208,58.39232]},"properties":{"u":4.1,"y":76}},{"type":"Feature","id":494,"geometry":{"type":"Point","coordinates":[-103.59106,58.38827]},"properties":{"u":2.8000000000000003,"y":76}},{"type":"Feature","id":495,"geometry":{"type":"Point","coordinates":[-103.5795,58.40992]},"properties":{"u":1.3,"y":76}},{"type":"Feature","id":496,"geometry":{"type":"Point","coordinates":[-103.62502,58.3947]},"properties":{"u":0.9,"y":76}},{"type":"Feature","id":497,"geometry":{"type":"Point","coordinates":[-103.63336,58.38917]},"properties":{"u":4.8,"y":76}},{"type":"Feature","id":498,"geometry":{"type":"Point","coordinates":[-103.61076,58.42014]},"properties":{"u":2.9,"y":76}},{"type":"Feature","id":499,"geometry":{"type":"Point","coordinates":[-103.56717,58.43965]},"properties":{"u":1.3,"y":76}},{"type":"Feature","id":500,"geometry":{"type":"Point","coordinates":[-103.60142,58.50448]},"properties":{"u":5.3,"y":76}},{"type":"Feature","id":501,"geometry":{"type":"Point","coordinates":[-103.61287,58.48619]},"properties":{"u":3.9,"y":76}},{"type":"Feature","id":502,"geometry":{"type":"Point","coordinates":[-103.61969,58.52017]},"properties":{"u":4.1,"y":76}},{"type":"Feature","id":503,"geometry":{"type":"Point","coordinates":[-103.855,58.0682]},"properties":{"u":2.3000000000000003,"y":76}},{"type":"Feature","id":504,"geometry":{"type":"Point","coordinates":[-103.9001,58.04861]},"properties":{"u":5.4,"y":76}},{"type":"Feature","id":505,"geometry":{"type":"Point","coordinates":[-103.90599,58.03631]},"properties":{"u":2.9,"y":76}},{"type":"Feature","id":506,"geometry":{"type":"Point","coordinates":[-103.61057,58.29438]},"properties":{"u":5.3,"y":76}},{"type":"Feature","id":507,"geometry":{"type":"Point","coordinates":[-103.59158,58.3108]},"properties":{"u":3.3000000000000003,"y":76}},{"type":"Feature","id":508,"geometry":{"type":"Point","coordinates":[-103.57596,58.29603]},"properties":{"u":4.9,"y":76}},{"type":"Feature","id":509,"geometry":{"type":"Point","coordinates":[-103.53291,58.28498]},"properties":{"u":3.1,"y":76}},{"type":"Feature","id":510,"geometry":{"type":"Point","coordinates":[-103.61612,58.25065]},"properties":{"u":1.6,"y":76}},{"type":"Feature","id":511,"geometry":{"type":"Point","coordinates":[-103.63609,58.24076]},"properties":{"u":1.9000000000000001,"y":76}},{"type":"Feature","id":512,"geometry":{"type":"Point","coordinates":[-103.60057,58.24532]},"properties":{"u":2.1,"y":76}},{"type":"Feature","id":513,"geometry":{"type":"Point","coordinates":[-103.77594,58.06275]},"properties":{"u":10.3,"y":76}},{"type":"Feature","id":514,"geometry":{"type":"Point","coordinates":[-103.75179,58.06274]},"properties":{"u":3.5,"y":76}},{"type":"Feature","id":515,"geometry":{"type":"Point","coordinates":[-103.70169,58.08874]},"properties":{"u":2,"y":76}},{"type":"Feature","id":516,"geometry":{"type":"Point","coordinates":[-104.2185,58.63389]},"properties":{"u":4,"y":76}},{"type":"Feature","id":517,"geometry":{"type":"Point","coordinates":[-104.1773,58.6644]},"properties":{"u":1.1,"y":76}},{"type":"Feature","id":518,"geometry":{"type":"Point","coordinates":[-104.13701,58.67311]},"properties":{"u":7.2,"y":76}},{"type":"Feature","id":519,"geometry":{"type":"Point","coordinates":[-104.11654,58.81735]},"properties":{"u":4.8,"y":76}},{"type":"Feature","id":520,"geometry":{"type":"Point","coordinates":[-104.17596,58.81281]},"properties":{"u":1.3,"y":76}},{"type":"Feature","id":521,"geometry":{"type":"Point","coordinates":[-104.1675,58.82241]},"properties":{"u":0.7000000000000001,"y":76}},{"type":"Feature","id":522,"geometry":{"type":"Point","coordinates":[-104.27213,58.8291]},"properties":{"u":1.8,"y":76}},{"type":"Feature","id":523,"geometry":{"type":"Point","coordinates":[-104.22271,58.83173]},"properties":{"u":0.7000000000000001,"y":76}},{"type":"Feature","id":524,"geometry":{"type":"Point","coordinates":[-104.14481,58.86492]},"properties":{"u":2,"y":76}},{"type":"Feature","id":525,"geometry":{"type":"Point","coordinates":[-104.10917,58.8685]},"properties":{"u":3.8000000000000003,"y":76}},{"type":"Feature","id":526,"geometry":{"type":"Point","coordinates":[-104.10648,58.83839]},"properties":{"u":1.9000000000000001,"y":76}},{"type":"Feature","id":527,"geometry":{"type":"Point","coordinates":[-103.96936,58.81738]},"properties":{"u":1.7,"y":76}},{"type":"Feature","id":528,"geometry":{"type":"Point","coordinates":[-104.02711,58.8111]},"properties":{"u":3.1,"y":76}},{"type":"Feature","id":529,"geometry":{"type":"Point","coordinates":[-104.08061,58.76838]},"properties":{"u":1.9000000000000001,"y":76}},{"type":"Feature","id":530,"geometry":{"type":"Point","coordinates":[-104.09896,58.76087]},"properties":{"u":1.7,"y":76}},{"type":"Feature","id":531,"geometry":{"type":"Point","coordinates":[-104.06274,58.30748]},"properties":{"u":2.1,"y":76}},{"type":"Feature","id":532,"geometry":{"type":"Point","coordinates":[-104.04696,58.32308]},"properties":{"u":2.2,"y":76}},{"type":"Feature","id":533,"geometry":{"type":"Point","coordinates":[-104.06399,58.32478]},"properties":{"u":2.5,"y":76}},{"type":"Feature","id":534,"geometry":{"type":"Point","coordinates":[-104.0707,58.3127]},"properties":{"u":8.4,"y":76}},{"type":"Feature","id":535,"geometry":{"type":"Point","coordinates":[-104.09071,58.29803]},"properties":{"u":5.2,"y":76}},{"type":"Feature","id":536,"geometry":{"type":"Point","coordinates":[-104.17198,58.34304]},"properties":{"u":1.1,"y":76}},{"type":"Feature","id":537,"geometry":{"type":"Point","coordinates":[-104.1366,58.34034]},"properties":{"u":1.4000000000000001,"y":76}},{"type":"Feature","id":538,"geometry":{"type":"Point","coordinates":[-104.1975,58.32838]},"properties":{"u":1.9000000000000001,"y":76}},{"type":"Feature","id":539,"geometry":{"type":"Point","coordinates":[-104.2097,58.33677]},"properties":{"u":1.8,"y":76}},{"type":"Feature","id":540,"geometry":{"type":"Point","coordinates":[-103.94138,58.85488]},"properties":{"u":7.8,"y":76}},{"type":"Feature","id":541,"geometry":{"type":"Point","coordinates":[-104.01215,58.80447]},"properties":{"u":3.5,"y":76}},{"type":"Feature","id":542,"geometry":{"type":"Point","coordinates":[-104.03175,58.78464]},"properties":{"u":3.5,"y":76}},{"type":"Feature","id":543,"geometry":{"type":"Point","coordinates":[-103.98803,58.77105]},"properties":{"u":2.7,"y":76}},{"type":"Feature","id":544,"geometry":{"type":"Point","coordinates":[-103.97048,58.75048]},"properties":{"u":1.2,"y":76}},{"type":"Feature","id":545,"geometry":{"type":"Point","coordinates":[-103.97307,58.73591]},"properties":{"u":6.2,"y":76}},{"type":"Feature","id":546,"geometry":{"type":"Point","coordinates":[-103.96217,58.71044]},"properties":{"u":5.7,"y":76}},{"type":"Feature","id":547,"geometry":{"type":"Point","coordinates":[-103.95419,58.73194]},"properties":{"u":3.7,"y":76}},{"type":"Feature","id":548,"geometry":{"type":"Point","coordinates":[-104.23507,58.93891]},"properties":{"u":3.3000000000000003,"y":76}},{"type":"Feature","id":549,"geometry":{"type":"Point","coordinates":[-104.26544,58.87936]},"properties":{"u":1.6,"y":76}},{"type":"Feature","id":550,"geometry":{"type":"Point","coordinates":[-104.26507,58.77405]},"properties":{"u":1.5,"y":76}},{"type":"Feature","id":551,"geometry":{"type":"Point","coordinates":[-104.25234,58.74277]},"properties":{"u":1,"y":76}},{"type":"Feature","id":552,"geometry":{"type":"Point","coordinates":[-104.28304,58.72004]},"properties":{"u":1.2,"y":76}},{"type":"Feature","id":553,"geometry":{"type":"Point","coordinates":[-104.29413,58.70528]},"properties":{"u":0.7000000000000001,"y":76}},{"type":"Feature","id":554,"geometry":{"type":"Point","coordinates":[-104.1994,58.71595]},"properties":{"u":1.1,"y":76}},{"type":"Feature","id":555,"geometry":{"type":"Point","coordinates":[-104.31953,58.61965]},"properties":{"u":1.5,"y":76}},{"type":"Feature","id":556,"geometry":{"type":"Point","coordinates":[-103.6688,58.56066]},"properties":{"u":3.9,"y":76}},{"type":"Feature","id":557,"geometry":{"type":"Point","coordinates":[-104.22028,58.92041]},"properties":{"u":1.9000000000000001,"y":76}},{"type":"Feature","id":558,"geometry":{"type":"Point","coordinates":[-103.71147,58.56896]},"properties":{"u":2.5,"y":76}},{"type":"Feature","id":559,"geometry":{"type":"Point","coordinates":[-103.75624,58.57928]},"properties":{"u":2.5,"y":76}},{"type":"Feature","id":560,"geometry":{"type":"Point","coordinates":[-103.81488,58.56164]},"properties":{"u":3.6,"y":76}},{"type":"Feature","id":561,"geometry":{"type":"Point","coordinates":[-103.842,58.59917]},"properties":{"u":2.9,"y":76}},{"type":"Feature","id":562,"geometry":{"type":"Point","coordinates":[-104.18806,58.57218]},"properties":{"u":3.5,"y":76}},{"type":"Feature","id":563,"geometry":{"type":"Point","coordinates":[-104.26937,58.54864]},"properties":{"u":1.3,"y":76}},{"type":"Feature","id":564,"geometry":{"type":"Point","coordinates":[-104.31856,58.53701]},"properties":{"u":2,"y":76}},{"type":"Feature","id":565,"geometry":{"type":"Point","coordinates":[-104.16475,58.54059]},"properties":{"u":1.1,"y":76}},{"type":"Feature","id":566,"geometry":{"type":"Point","coordinates":[-104.19463,58.52978]},"properties":{"u":3.9,"y":76}},{"type":"Feature","id":567,"geometry":{"type":"Point","coordinates":[-104.25862,58.48795]},"properties":{"u":2.6,"y":76}},{"type":"Feature","id":568,"geometry":{"type":"Point","coordinates":[-104.19882,58.47771]},"properties":{"u":1.1,"y":76}},{"type":"Feature","id":569,"geometry":{"type":"Point","coordinates":[-104.1798,58.37408]},"properties":{"u":1.9000000000000001,"y":76}},{"type":"Feature","id":570,"geometry":{"type":"Point","coordinates":[-104.2135,58.45378]},"properties":{"u":1.3,"y":76}},{"type":"Feature","id":571,"geometry":{"type":"Point","coordinates":[-104.08411,58.43787]},"properties":{"u":1.2,"y":76}},{"type":"Feature","id":572,"geometry":{"type":"Point","coordinates":[-103.77203,58.49657]},"properties":{"u":0.9,"y":76}},{"type":"Feature","id":573,"geometry":{"type":"Point","coordinates":[-104.36513,58.54982]},"properties":{"u":3.5,"y":76}},{"type":"Feature","id":574,"geometry":{"type":"Point","coordinates":[-104.33957,58.56159]},"properties":{"u":2.6,"y":76}},{"type":"Feature","id":575,"geometry":{"type":"Point","coordinates":[-104.31143,58.57222]},"properties":{"u":3,"y":76}},{"type":"Feature","id":576,"geometry":{"type":"Point","coordinates":[-104.30353,58.58027]},"properties":{"u":2.4,"y":76}},{"type":"Feature","id":577,"geometry":{"type":"Point","coordinates":[-104.28496,58.60554]},"properties":{"u":3.3000000000000003,"y":76}},{"type":"Feature","id":578,"geometry":{"type":"Point","coordinates":[-104.272,58.58728]},"properties":{"u":3.2,"y":76}},{"type":"Feature","id":579,"geometry":{"type":"Point","coordinates":[-103.87561,58.40972]},"properties":{"u":3,"y":76}},{"type":"Feature","id":580,"geometry":{"type":"Point","coordinates":[-103.88892,58.40826]},"properties":{"u":0.8,"y":76}},{"type":"Feature","id":581,"geometry":{"type":"Point","coordinates":[-103.86574,58.424]},"properties":{"u":2.3000000000000003,"y":76}},{"type":"Feature","id":582,"geometry":{"type":"Point","coordinates":[-103.86294,58.43094]},"properties":{"u":0.7000000000000001,"y":76}},{"type":"Feature","id":583,"geometry":{"type":"Point","coordinates":[-103.63576,58.44893]},"properties":{"u":2.3000000000000003,"y":76}},{"type":"Feature","id":584,"geometry":{"type":"Point","coordinates":[-103.72365,58.39954]},"properties":{"u":1.4000000000000001,"y":76}},{"type":"Feature","id":585,"geometry":{"type":"Point","coordinates":[-103.84196,58.3919]},"properties":{"u":1.2,"y":76}},{"type":"Feature","id":586,"geometry":{"type":"Point","coordinates":[-103.65644,58.33328]},"properties":{"u":0.7000000000000001,"y":76}},{"type":"Feature","id":587,"geometry":{"type":"Point","coordinates":[-103.70477,58.35443]},"properties":{"u":2.1,"y":76}},{"type":"Feature","id":588,"geometry":{"type":"Point","coordinates":[-103.83269,58.36195]},"properties":{"u":1.5,"y":76}},{"type":"Feature","id":589,"geometry":{"type":"Point","coordinates":[-103.93578,58.34399]},"properties":{"u":2.4,"y":76}},{"type":"Feature","id":590,"geometry":{"type":"Point","coordinates":[-103.86027,58.32807]},"properties":{"u":2.8000000000000003,"y":76}},{"type":"Feature","id":591,"geometry":{"type":"Point","coordinates":[-103.97817,58.26619]},"properties":{"u":2.7,"y":76}},{"type":"Feature","id":592,"geometry":{"type":"Point","coordinates":[-104.04062,58.28913]},"properties":{"u":1.3,"y":76}},{"type":"Feature","id":593,"geometry":{"type":"Point","coordinates":[-104.10513,58.28443]},"properties":{"u":2.2,"y":76}},{"type":"Feature","id":594,"geometry":{"type":"Point","coordinates":[-104.10781,58.29635]},"properties":{"u":3.1,"y":76}},{"type":"Feature","id":595,"geometry":{"type":"Point","coordinates":[-104.19361,58.19924]},"properties":{"u":1.8,"y":76}},{"type":"Feature","id":596,"geometry":{"type":"Point","coordinates":[-104.08953,58.22751]},"properties":{"u":3.9,"y":76}},{"type":"Feature","id":597,"geometry":{"type":"Point","coordinates":[-103.9279,58.3785]},"properties":{"u":1.5,"y":76}},{"type":"Feature","id":598,"geometry":{"type":"Point","coordinates":[-103.99458,58.15336]},"properties":{"u":1.5,"y":76}},{"type":"Feature","id":599,"geometry":{"type":"Point","coordinates":[-104.01763,58.14905]},"properties":{"u":1.8,"y":76}},{"type":"Feature","id":600,"geometry":{"type":"Point","coordinates":[-104.04565,58.11805]},"properties":{"u":1.2,"y":76}},{"type":"Feature","id":601,"geometry":{"type":"Point","coordinates":[-104.02812,58.10714]},"properties":{"u":2.6,"y":76}},{"type":"Feature","id":602,"geometry":{"type":"Point","coordinates":[-104.45473,58.0349]},"properties":{"u":2.3000000000000003,"y":76}},{"type":"Feature","id":603,"geometry":{"type":"Point","coordinates":[-104.46659,58.06235]},"properties":{"u":1.5,"y":76}},{"type":"Feature","id":604,"geometry":{"type":"Point","coordinates":[-104.51244,58.08678]},"properties":{"u":1.4000000000000001,"y":76}},{"type":"Feature","id":605,"geometry":{"type":"Point","coordinates":[-104.40432,58.11282]},"properties":{"u":1,"y":76}},{"type":"Feature","id":606,"geometry":{"type":"Point","coordinates":[-104.35778,58.10518]},"properties":{"u":0.5,"y":76}},{"type":"Feature","id":607,"geometry":{"type":"Point","coordinates":[-103.88296,58.2719]},"properties":{"u":1.5,"y":76}},{"type":"Feature","id":608,"geometry":{"type":"Point","coordinates":[-103.79321,58.29175]},"properties":{"u":2.6,"y":76}},{"type":"Feature","id":609,"geometry":{"type":"Point","coordinates":[-103.83387,58.26113]},"properties":{"u":2,"y":76}},{"type":"Feature","id":610,"geometry":{"type":"Point","coordinates":[-103.76966,58.26974]},"properties":{"u":1.5,"y":76}},{"type":"Feature","id":611,"geometry":{"type":"Point","coordinates":[-103.8801,58.15982]},"properties":{"u":10.1,"y":76}},{"type":"Feature","id":612,"geometry":{"type":"Point","coordinates":[-103.99012,58.13087]},"properties":{"u":1.5,"y":76}},{"type":"Feature","id":613,"geometry":{"type":"Point","coordinates":[-103.96709,58.06107]},"properties":{"u":1.4000000000000001,"y":76}},{"type":"Feature","id":614,"geometry":{"type":"Point","coordinates":[-104.04639,58.02644]},"properties":{"u":1.5,"y":76}},{"type":"Feature","id":615,"geometry":{"type":"Point","coordinates":[-104.07764,58.04575]},"properties":{"u":1.7,"y":76}},{"type":"Feature","id":616,"geometry":{"type":"Point","coordinates":[-104.08412,58.1235]},"properties":{"u":3.2,"y":76}},{"type":"Feature","id":617,"geometry":{"type":"Point","coordinates":[-105.38228,57.35529]},"properties":{"u":1.9000000000000001,"y":75}},{"type":"Feature","id":618,"geometry":{"type":"Point","coordinates":[-105.15348,57.48827]},"properties":{"u":1.7,"y":75}},{"type":"Feature","id":619,"geometry":{"type":"Point","coordinates":[-105.41648,57.21954]},"properties":{"u":2.2,"y":75}},{"type":"Feature","id":620,"geometry":{"type":"Point","coordinates":[-105.44022,57.05775]},"properties":{"u":12.200000000000001,"y":75}},{"type":"Feature","id":621,"geometry":{"type":"Point","coordinates":[-105.50002,57.09077]},"properties":{"u":17.400000000000002,"y":75}},{"type":"Feature","id":622,"geometry":{"type":"Point","coordinates":[-105.41599,57.10275]},"properties":{"u":8.4,"y":75}},{"type":"Feature","id":623,"geometry":{"type":"Point","coordinates":[-105.78771,57.27256]},"properties":{"u":2.2,"y":75}},{"type":"Feature","id":624,"geometry":{"type":"Point","coordinates":[-105.57595,57.09224]},"properties":{"u":7,"y":75}},{"type":"Feature","id":625,"geometry":{"type":"Point","coordinates":[-105.7886,57.11983]},"properties":{"u":119.3,"y":75}},{"type":"Feature","id":626,"geometry":{"type":"Point","coordinates":[-105.32314,57.43451]},"properties":{"u":1.9000000000000001,"y":75}},{"type":"Feature","id":627,"geometry":{"type":"Point","coordinates":[-105.37876,57.41728]},"properties":{"u":2.1,"y":75}},{"type":"Feature","id":628,"geometry":{"type":"Point","coordinates":[-105.04999,57.43671]},"properties":{"u":1.3,"y":75}},{"type":"Feature","id":629,"geometry":{"type":"Point","coordinates":[-104.7278,57.53074]},"properties":{"u":1.8,"y":75}},{"type":"Feature","id":630,"geometry":{"type":"Point","coordinates":[-104.72412,57.57655]},"properties":{"u":3.1,"y":75}},{"type":"Feature","id":631,"geometry":{"type":"Point","coordinates":[-105.12867,57.31089]},"properties":{"u":1.4000000000000001,"y":75}},{"type":"Feature","id":632,"geometry":{"type":"Point","coordinates":[-104.71845,57.66097]},"properties":{"u":0.9,"y":75}},{"type":"Feature","id":633,"geometry":{"type":"Point","coordinates":[-105.98835,57.14761]},"properties":{"u":4.8,"y":75}},{"type":"Feature","id":634,"geometry":{"type":"Point","coordinates":[-104.64652,57.64642]},"properties":{"u":1.4000000000000001,"y":75}},{"type":"Feature","id":635,"geometry":{"type":"Point","coordinates":[-104.61004,57.61128]},"properties":{"u":1.2,"y":75}},{"type":"Feature","id":636,"geometry":{"type":"Point","coordinates":[-104.62141,57.645]},"properties":{"u":1.8,"y":75}},{"type":"Feature","id":637,"geometry":{"type":"Point","coordinates":[-104.50867,57.55793]},"properties":{"u":3.6,"y":75}},{"type":"Feature","id":638,"geometry":{"type":"Point","coordinates":[-104.55511,57.58684]},"properties":{"u":0.4,"y":75}},{"type":"Feature","id":639,"geometry":{"type":"Point","coordinates":[-104.36317,57.85056]},"properties":{"u":1.8,"y":75}},{"type":"Feature","id":640,"geometry":{"type":"Point","coordinates":[-104.52664,57.65366]},"properties":{"u":1.1,"y":75}},{"type":"Feature","id":641,"geometry":{"type":"Point","coordinates":[-105.53487,57.27658]},"properties":{"u":1.5,"y":75}},{"type":"Feature","id":642,"geometry":{"type":"Point","coordinates":[-105.83874,57.14646]},"properties":{"u":58.800000000000004,"y":75}},{"type":"Feature","id":643,"geometry":{"type":"Point","coordinates":[-105.51746,57.21781]},"properties":{"u":1.5,"y":75}},{"type":"Feature","id":644,"geometry":{"type":"Point","coordinates":[-105.73993,57.20547]},"properties":{"u":0.9,"y":75}},{"type":"Feature","id":645,"geometry":{"type":"Point","coordinates":[-105.70318,57.18771]},"properties":{"u":1.5,"y":75}},{"type":"Feature","id":646,"geometry":{"type":"Point","coordinates":[-105.21412,57.30449]},"properties":{"u":0.5,"y":75}},{"type":"Feature","id":647,"geometry":{"type":"Point","coordinates":[-105.24527,57.3718]},"properties":{"u":0.6,"y":75}},{"type":"Feature","id":648,"geometry":{"type":"Point","coordinates":[-105.05348,57.54899]},"properties":{"u":0.6,"y":75}},{"type":"Feature","id":649,"geometry":{"type":"Point","coordinates":[-105.89914,57.2516]},"properties":{"u":2.2,"y":75}},{"type":"Feature","id":650,"geometry":{"type":"Point","coordinates":[-103.68167,58.12559]},"properties":{"u":6.8,"y":76}},{"type":"Feature","id":651,"geometry":{"type":"Point","coordinates":[-103.595,58.1707]},"properties":{"u":3.3000000000000003,"y":76}},{"type":"Feature","id":652,"geometry":{"type":"Point","coordinates":[-103.61253,58.20076]},"properties":{"u":8.700000000000001,"y":76}},{"type":"Feature","id":653,"geometry":{"type":"Point","coordinates":[-103.67915,58.2511]},"properties":{"u":4.6000000000000005,"y":76}},{"type":"Feature","id":654,"geometry":{"type":"Point","coordinates":[-103.65693,58.28657]},"properties":{"u":2.6,"y":76}},{"type":"Feature","id":655,"geometry":{"type":"Point","coordinates":[-103.56303,58.37291]},"properties":{"u":1.1,"y":76}},{"type":"Feature","id":656,"geometry":{"type":"Point","coordinates":[-103.58175,58.42836]},"properties":{"u":1.7,"y":76}},{"type":"Feature","id":657,"geometry":{"type":"Point","coordinates":[-103.89102,58.0409]},"properties":{"u":5.1000000000000005,"y":76}},{"type":"Feature","id":658,"geometry":{"type":"Point","coordinates":[-103.94812,58.00006]},"properties":{"u":2.5,"y":76}},{"type":"Feature","id":659,"geometry":{"type":"Point","coordinates":[-103.57557,58.30568]},"properties":{"u":5.8,"y":76}},{"type":"Feature","id":660,"geometry":{"type":"Point","coordinates":[-103.56276,58.2851]},"properties":{"u":1.2,"y":76}},{"type":"Feature","id":661,"geometry":{"type":"Point","coordinates":[-103.60932,58.27191]},"properties":{"u":13.1,"y":76}},{"type":"Feature","id":662,"geometry":{"type":"Point","coordinates":[-104.20686,58.65335]},"properties":{"u":4.5,"y":76}},{"type":"Feature","id":663,"geometry":{"type":"Point","coordinates":[-104.11552,58.68756]},"properties":{"u":4.6000000000000005,"y":76}},{"type":"Feature","id":664,"geometry":{"type":"Point","coordinates":[-104.19246,58.79158]},"properties":{"u":1.8,"y":76}},{"type":"Feature","id":665,"geometry":{"type":"Point","coordinates":[-104.31404,58.81182]},"properties":{"u":1,"y":76}},{"type":"Feature","id":666,"geometry":{"type":"Point","coordinates":[-104.06365,58.32141]},"properties":{"u":4.9,"y":76}},{"type":"Feature","id":667,"geometry":{"type":"Point","coordinates":[-104.08693,58.29575]},"properties":{"u":6.9,"y":76}},{"type":"Feature","id":668,"geometry":{"type":"Point","coordinates":[-104.18805,58.31238]},"properties":{"u":1.4000000000000001,"y":76}},{"type":"Feature","id":669,"geometry":{"type":"Point","coordinates":[-103.9515,58.83543]},"properties":{"u":3.1,"y":76}},{"type":"Feature","id":670,"geometry":{"type":"Point","coordinates":[-104.00132,58.77475]},"properties":{"u":2.5,"y":76}},{"type":"Feature","id":671,"geometry":{"type":"Point","coordinates":[-103.95843,58.72007]},"properties":{"u":4,"y":76}},{"type":"Feature","id":672,"geometry":{"type":"Point","coordinates":[-104.2978,58.75896]},"properties":{"u":1.4000000000000001,"y":76}},{"type":"Feature","id":673,"geometry":{"type":"Point","coordinates":[-104.24929,58.72389]},"properties":{"u":1.2,"y":76}},{"type":"Feature","id":674,"geometry":{"type":"Point","coordinates":[-104.21761,58.6734]},"properties":{"u":0.4,"y":76}},{"type":"Feature","id":675,"geometry":{"type":"Point","coordinates":[-103.82448,58.59564]},"properties":{"u":2.3000000000000003,"y":76}},{"type":"Feature","id":676,"geometry":{"type":"Point","coordinates":[-103.78948,58.61283]},"properties":{"u":2.6,"y":76}},{"type":"Feature","id":677,"geometry":{"type":"Point","coordinates":[-104.24554,58.57814]},"properties":{"u":1.3,"y":76}},{"type":"Feature","id":678,"geometry":{"type":"Point","coordinates":[-104.11427,58.54969]},"properties":{"u":0.8,"y":76}},{"type":"Feature","id":679,"geometry":{"type":"Point","coordinates":[-104.20398,58.51502]},"properties":{"u":1.8,"y":76}},{"type":"Feature","id":680,"geometry":{"type":"Point","coordinates":[-104.34741,58.5558]},"properties":{"u":6,"y":76}},{"type":"Feature","id":681,"geometry":{"type":"Point","coordinates":[-104.27159,58.60703]},"properties":{"u":1.6,"y":76}},{"type":"Feature","id":682,"geometry":{"type":"Point","coordinates":[-104.2546,58.59683]},"properties":{"u":3,"y":76}},{"type":"Feature","id":683,"geometry":{"type":"Point","coordinates":[-103.8694,58.4164]},"properties":{"u":1.6,"y":76}},{"type":"Feature","id":684,"geometry":{"type":"Point","coordinates":[-103.7853,58.41047]},"properties":{"u":1.6,"y":76}},{"type":"Feature","id":685,"geometry":{"type":"Point","coordinates":[-103.71845,58.30696]},"properties":{"u":1.2,"y":76}},{"type":"Feature","id":686,"geometry":{"type":"Point","coordinates":[-103.87037,58.29268]},"properties":{"u":2.6,"y":76}},{"type":"Feature","id":687,"geometry":{"type":"Point","coordinates":[-104.09001,58.25872]},"properties":{"u":0.7000000000000001,"y":76}},{"type":"Feature","id":688,"geometry":{"type":"Point","coordinates":[-104.17431,58.27951]},"properties":{"u":1.2,"y":76}},{"type":"Feature","id":689,"geometry":{"type":"Point","coordinates":[-104.48368,58.02312]},"properties":{"u":1.5,"y":76}},{"type":"Feature","id":690,"geometry":{"type":"Point","coordinates":[-104.49998,58.09886]},"properties":{"u":1.4000000000000001,"y":76}},{"type":"Feature","id":691,"geometry":{"type":"Point","coordinates":[-104.26346,58.17429]},"properties":{"u":1.6,"y":76}},{"type":"Feature","id":692,"geometry":{"type":"Point","coordinates":[-104.00297,58.47544]},"properties":{"u":2.5,"y":76}},{"type":"Feature","id":693,"geometry":{"type":"Point","coordinates":[-104.10572,58.07447]},"properties":{"u":1.7,"y":76}},{"type":"Feature","id":694,"geometry":{"type":"Point","coordinates":[-104.0367,58.18221]},"properties":{"u":2.3000000000000003,"y":76}},{"type":"Feature","id":695,"geometry":{"type":"Point","coordinates":[-105.38284,57.40919]},"properties":{"u":1.8,"y":75}},{"type":"Feature","id":696,"geometry":{"type":"Point","coordinates":[-105.37816,57.3589]},"properties":{"u":1.1,"y":75}},{"type":"Feature","id":697,"geometry":{"type":"Point","coordinates":[-105.26654,57.43868]},"properties":{"u":1.4000000000000001,"y":75}},{"type":"Feature","id":698,"geometry":{"type":"Point","coordinates":[-105.37712,57.25739]},"properties":{"u":2.7,"y":75}},{"type":"Feature","id":699,"geometry":{"type":"Point","coordinates":[-105.3491,57.36123]},"properties":{"u":1.3,"y":75}},{"type":"Feature","id":700,"geometry":{"type":"Point","coordinates":[-105.36378,57.33289]},"properties":{"u":1.2,"y":75}},{"type":"Feature","id":701,"geometry":{"type":"Point","coordinates":[-105.63677,57.07802]},"properties":{"u":71.2,"y":75}},{"type":"Feature","id":702,"geometry":{"type":"Point","coordinates":[-105.69674,57.10914]},"properties":{"u":62.300000000000004,"y":75}},{"type":"Feature","id":703,"geometry":{"type":"Point","coordinates":[-105.62553,57.09649]},"properties":{"u":34,"y":75}},{"type":"Feature","id":704,"geometry":{"type":"Point","coordinates":[-105.4154,57.04975]},"properties":{"u":5.1000000000000005,"y":75}},{"type":"Feature","id":705,"geometry":{"type":"Point","coordinates":[-105.45799,57.09542]},"properties":{"u":7.5,"y":75}},{"type":"Feature","id":706,"geometry":{"type":"Point","coordinates":[-105.77322,57.29331]},"properties":{"u":1.4000000000000001,"y":75}},{"type":"Feature","id":707,"geometry":{"type":"Point","coordinates":[-105.78381,57.28426]},"properties":{"u":3.1,"y":75}},{"type":"Feature","id":708,"geometry":{"type":"Point","coordinates":[-105.79747,57.26351]},"properties":{"u":2.4,"y":75}},{"type":"Feature","id":709,"geometry":{"type":"Point","coordinates":[-105.66426,57.0936]},"properties":{"u":18.8,"y":75}},{"type":"Feature","id":710,"geometry":{"type":"Point","coordinates":[-105.56275,57.0923]},"properties":{"u":5,"y":75}},{"type":"Feature","id":711,"geometry":{"type":"Point","coordinates":[-105.56917,57.08059]},"properties":{"u":35.300000000000004,"y":75}},{"type":"Feature","id":712,"geometry":{"type":"Point","coordinates":[-105.58058,57.07156]},"properties":{"u":34,"y":75}},{"type":"Feature","id":713,"geometry":{"type":"Point","coordinates":[-105.73578,57.16327]},"properties":{"u":936.3000000000001,"y":75}},{"type":"Feature","id":714,"geometry":{"type":"Point","coordinates":[-105.32478,57.43181]},"properties":{"u":1.8,"y":75}},{"type":"Feature","id":715,"geometry":{"type":"Point","coordinates":[-105.3207,57.4408]},"properties":{"u":0.9,"y":75}},{"type":"Feature","id":716,"geometry":{"type":"Point","coordinates":[-105.36629,57.41822]},"properties":{"u":1.2,"y":75}},{"type":"Feature","id":717,"geometry":{"type":"Point","coordinates":[-105.06248,57.43895]},"properties":{"u":1.2,"y":75}},{"type":"Feature","id":718,"geometry":{"type":"Point","coordinates":[-105.04414,57.42593]},"properties":{"u":1,"y":75}},{"type":"Feature","id":719,"geometry":{"type":"Point","coordinates":[-104.73671,57.56939]},"properties":{"u":1.3,"y":75}},{"type":"Feature","id":720,"geometry":{"type":"Point","coordinates":[-104.73703,57.52537]},"properties":{"u":1.9000000000000001,"y":75}},{"type":"Feature","id":721,"geometry":{"type":"Point","coordinates":[-105.11195,57.27273]},"properties":{"u":1.9000000000000001,"y":75}},{"type":"Feature","id":722,"geometry":{"type":"Point","coordinates":[-105.08711,57.28847]},"properties":{"u":0.4,"y":75}},{"type":"Feature","id":723,"geometry":{"type":"Point","coordinates":[-105.1725,57.27715]},"properties":{"u":1.8,"y":75}},{"type":"Feature","id":724,"geometry":{"type":"Point","coordinates":[-104.65987,57.65274]},"properties":{"u":0.6,"y":75}},{"type":"Feature","id":725,"geometry":{"type":"Point","coordinates":[-104.77785,57.67726]},"properties":{"u":1.7,"y":75}},{"type":"Feature","id":726,"geometry":{"type":"Point","coordinates":[-104.77376,57.66018]},"properties":{"u":1.9000000000000001,"y":75}},{"type":"Feature","id":727,"geometry":{"type":"Point","coordinates":[-105.62734,57.20339]},"properties":{"u":3.7,"y":75}},{"type":"Feature","id":728,"geometry":{"type":"Point","coordinates":[-105.58593,57.20179]},"properties":{"u":16.5,"y":75}},{"type":"Feature","id":729,"geometry":{"type":"Point","coordinates":[-104.6917,59.41452]},"properties":{"u":1.1,"y":75}},{"type":"Feature","id":730,"geometry":{"type":"Point","coordinates":[-104.67673,57.64111]},"properties":{"u":1,"y":75}},{"type":"Feature","id":731,"geometry":{"type":"Point","coordinates":[-104.62632,57.65624]},"properties":{"u":0.2,"y":75}},{"type":"Feature","id":732,"geometry":{"type":"Point","coordinates":[-104.52439,57.69812]},"properties":{"u":2,"y":75}},{"type":"Feature","id":733,"geometry":{"type":"Point","coordinates":[-104.47802,57.7141]},"properties":{"u":1.1,"y":75}},{"type":"Feature","id":734,"geometry":{"type":"Point","coordinates":[-104.6754,57.60248]},"properties":{"u":1.7,"y":75}},{"type":"Feature","id":735,"geometry":{"type":"Point","coordinates":[-104.61499,57.61803]},"properties":{"u":1,"y":75}},{"type":"Feature","id":736,"geometry":{"type":"Point","coordinates":[-104.82534,57.38988]},"properties":{"u":4.8,"y":75}},{"type":"Feature","id":737,"geometry":{"type":"Point","coordinates":[-104.63228,57.56419]},"properties":{"u":2.7,"y":75}},{"type":"Feature","id":738,"geometry":{"type":"Point","coordinates":[-104.34704,57.85722]},"properties":{"u":1.9000000000000001,"y":75}},{"type":"Feature","id":739,"geometry":{"type":"Point","coordinates":[-104.36003,57.83707]},"properties":{"u":0.6,"y":75}},{"type":"Feature","id":740,"geometry":{"type":"Point","coordinates":[-104.40653,57.82607]},"properties":{"u":1.3,"y":75}},{"type":"Feature","id":741,"geometry":{"type":"Point","coordinates":[-104.46384,57.65117]},"properties":{"u":2.2,"y":75}},{"type":"Feature","id":742,"geometry":{"type":"Point","coordinates":[-104.51284,57.74568]},"properties":{"u":1.9000000000000001,"y":75}},{"type":"Feature","id":743,"geometry":{"type":"Point","coordinates":[-105.58905,57.29386]},"properties":{"u":0.5,"y":75}},{"type":"Feature","id":744,"geometry":{"type":"Point","coordinates":[-105.88762,57.11692]},"properties":{"u":7.4,"y":75}},{"type":"Feature","id":745,"geometry":{"type":"Point","coordinates":[-105.70601,57.11942]},"properties":{"u":64.7,"y":75}},{"type":"Feature","id":746,"geometry":{"type":"Point","coordinates":[-105.40676,57.31479]},"properties":{"u":5,"y":75}},{"type":"Feature","id":747,"geometry":{"type":"Point","coordinates":[-105.43282,57.27203]},"properties":{"u":2.8000000000000003,"y":75}},{"type":"Feature","id":748,"geometry":{"type":"Point","coordinates":[-105.66218,57.20815]},"properties":{"u":0.6,"y":75}},{"type":"Feature","id":749,"geometry":{"type":"Point","coordinates":[-105.67021,57.19463]},"properties":{"u":104.8,"y":75}},{"type":"Feature","id":750,"geometry":{"type":"Point","coordinates":[-105.28149,57.21542]},"properties":{"u":2.4,"y":75}},{"type":"Feature","id":751,"geometry":{"type":"Point","coordinates":[-105.29372,57.19159]},"properties":{"u":5.1000000000000005,"y":75}},{"type":"Feature","id":752,"geometry":{"type":"Point","coordinates":[-105.23196,57.23888]},"properties":{"u":0.6,"y":75}},{"type":"Feature","id":753,"geometry":{"type":"Point","coordinates":[-105.18697,57.35034]},"properties":{"u":0.9,"y":75}},{"type":"Feature","id":754,"geometry":{"type":"Point","coordinates":[-104.94153,57.55123]},"properties":{"u":0.7000000000000001,"y":75}},{"type":"Feature","id":755,"geometry":{"type":"Point","coordinates":[-105.87046,57.26527]},"properties":{"u":2.7,"y":75}},{"type":"Feature","id":756,"geometry":{"type":"Point","coordinates":[-105.99388,57.23067]},"properties":{"u":2.8000000000000003,"y":75}},{"type":"Feature","id":757,"geometry":{"type":"Point","coordinates":[-103.76731,58.10421]},"properties":{"u":2.8000000000000003,"y":76}},{"type":"Feature","id":758,"geometry":{"type":"Point","coordinates":[-103.71956,58.1107]},"properties":{"u":10,"y":76}},{"type":"Feature","id":759,"geometry":{"type":"Point","coordinates":[-103.66571,58.12115]},"properties":{"u":7.8,"y":76}},{"type":"Feature","id":760,"geometry":{"type":"Point","coordinates":[-103.62238,58.15505]},"properties":{"u":6.5,"y":76}},{"type":"Feature","id":761,"geometry":{"type":"Point","coordinates":[-103.64502,58.27477]},"properties":{"u":1.5,"y":76}},{"type":"Feature","id":762,"geometry":{"type":"Point","coordinates":[-103.64435,58.30328]},"properties":{"u":1.3,"y":76}},{"type":"Feature","id":763,"geometry":{"type":"Point","coordinates":[-103.59734,58.33781]},"properties":{"u":1.1,"y":76}},{"type":"Feature","id":764,"geometry":{"type":"Point","coordinates":[-103.59904,58.38117]},"properties":{"u":3.9,"y":76}},{"type":"Feature","id":765,"geometry":{"type":"Point","coordinates":[-103.62826,58.38845]},"properties":{"u":6.6000000000000005,"y":76}},{"type":"Feature","id":766,"geometry":{"type":"Point","coordinates":[-103.61908,58.40452]},"properties":{"u":4.6000000000000005,"y":76}},{"type":"Feature","id":767,"geometry":{"type":"Point","coordinates":[-103.62648,58.48903]},"properties":{"u":6.1000000000000005,"y":76}},{"type":"Feature","id":768,"geometry":{"type":"Point","coordinates":[-103.60201,58.53301]},"properties":{"u":5.4,"y":76}},{"type":"Feature","id":769,"geometry":{"type":"Point","coordinates":[-103.90317,58.05919]},"properties":{"u":5.6000000000000005,"y":76}},{"type":"Feature","id":770,"geometry":{"type":"Point","coordinates":[-103.70921,58.19751]},"properties":{"u":1110,"y":76}},{"type":"Feature","id":771,"geometry":{"type":"Point","coordinates":[-103.60463,58.30465]},"properties":{"u":0.6,"y":76}},{"type":"Feature","id":772,"geometry":{"type":"Point","coordinates":[-103.54225,58.30665]},"properties":{"u":1.2,"y":76}},{"type":"Feature","id":773,"geometry":{"type":"Point","coordinates":[-103.64679,58.2283]},"properties":{"u":2.6,"y":76}},{"type":"Feature","id":774,"geometry":{"type":"Point","coordinates":[-103.71218,58.19776]},"properties":{"u":1025,"y":76}},{"type":"Feature","id":775,"geometry":{"type":"Point","coordinates":[-103.75236,58.09486]},"properties":{"u":3.7,"y":76}},{"type":"Feature","id":776,"geometry":{"type":"Point","coordinates":[-103.78806,58.05523]},"properties":{"u":9.700000000000001,"y":76}},{"type":"Feature","id":777,"geometry":{"type":"Point","coordinates":[-104.20229,58.64614]},"properties":{"u":3.7,"y":76}},{"type":"Feature","id":778,"geometry":{"type":"Point","coordinates":[-104.12281,58.67189]},"properties":{"u":7.2,"y":76}},{"type":"Feature","id":779,"geometry":{"type":"Point","coordinates":[-104.15468,58.79785]},"properties":{"u":5.7,"y":76}},{"type":"Feature","id":780,"geometry":{"type":"Point","coordinates":[-104.21502,58.76949]},"properties":{"u":1.2,"y":76}},{"type":"Feature","id":781,"geometry":{"type":"Point","coordinates":[-104.23062,58.80686]},"properties":{"u":0.9,"y":76}},{"type":"Feature","id":782,"geometry":{"type":"Point","coordinates":[-104.23522,58.85359]},"properties":{"u":2.4,"y":76}},{"type":"Feature","id":783,"geometry":{"type":"Point","coordinates":[-103.99748,58.81805]},"properties":{"u":1.4000000000000001,"y":76}},{"type":"Feature","id":784,"geometry":{"type":"Point","coordinates":[-104.07464,58.79775]},"properties":{"u":1.8,"y":76}},{"type":"Feature","id":785,"geometry":{"type":"Point","coordinates":[-104.05359,58.31437]},"properties":{"u":2.2,"y":76}},{"type":"Feature","id":786,"geometry":{"type":"Point","coordinates":[-104.05463,58.32359]},"properties":{"u":2.4,"y":76}},{"type":"Feature","id":787,"geometry":{"type":"Point","coordinates":[-104.08119,58.30335]},"properties":{"u":5.1000000000000005,"y":76}},{"type":"Feature","id":788,"geometry":{"type":"Point","coordinates":[-104.15129,58.35076]},"properties":{"u":1.1,"y":76}},{"type":"Feature","id":789,"geometry":{"type":"Point","coordinates":[-103.94763,58.84887]},"properties":{"u":0.9,"y":76}},{"type":"Feature","id":790,"geometry":{"type":"Point","coordinates":[-103.96028,58.74478]},"properties":{"u":5.9,"y":76}},{"type":"Feature","id":791,"geometry":{"type":"Point","coordinates":[-103.96195,58.70326]},"properties":{"u":6.4,"y":76}},{"type":"Feature","id":792,"geometry":{"type":"Point","coordinates":[-103.94635,58.74826]},"properties":{"u":1.9000000000000001,"y":76}},{"type":"Feature","id":793,"geometry":{"type":"Point","coordinates":[-104.27273,58.90387]},"properties":{"u":4.1,"y":76}},{"type":"Feature","id":794,"geometry":{"type":"Point","coordinates":[-104.2864,58.74565]},"properties":{"u":0.8,"y":76}},{"type":"Feature","id":795,"geometry":{"type":"Point","coordinates":[-104.15124,58.70824]},"properties":{"u":1.2,"y":76}},{"type":"Feature","id":796,"geometry":{"type":"Point","coordinates":[-104.19867,58.61603]},"properties":{"u":1,"y":76}},{"type":"Feature","id":797,"geometry":{"type":"Point","coordinates":[-103.6964,58.54657]},"properties":{"u":4,"y":76}},{"type":"Feature","id":798,"geometry":{"type":"Point","coordinates":[-103.73942,58.56856]},"properties":{"u":1.4000000000000001,"y":76}},{"type":"Feature","id":799,"geometry":{"type":"Point","coordinates":[-103.82457,58.55455]},"properties":{"u":2.2,"y":76}},{"type":"Feature","id":800,"geometry":{"type":"Point","coordinates":[-103.83966,58.60498]},"properties":{"u":3.1,"y":76}},{"type":"Feature","id":801,"geometry":{"type":"Point","coordinates":[-104.21392,58.56942]},"properties":{"u":1.1,"y":76}},{"type":"Feature","id":802,"geometry":{"type":"Point","coordinates":[-104.24591,58.52066]},"properties":{"u":2.4,"y":76}},{"type":"Feature","id":803,"geometry":{"type":"Point","coordinates":[-104.12426,58.49362]},"properties":{"u":1.5,"y":76}},{"type":"Feature","id":804,"geometry":{"type":"Point","coordinates":[-104.09823,58.52173]},"properties":{"u":1.7,"y":76}},{"type":"Feature","id":805,"geometry":{"type":"Point","coordinates":[-104.17208,58.42972]},"properties":{"u":0.8,"y":76}},{"type":"Feature","id":806,"geometry":{"type":"Point","coordinates":[-104.32708,58.56288]},"properties":{"u":4.8,"y":76}},{"type":"Feature","id":807,"geometry":{"type":"Point","coordinates":[-104.28436,58.59251]},"properties":{"u":3.3000000000000003,"y":76}},{"type":"Feature","id":808,"geometry":{"type":"Point","coordinates":[-104.25987,58.61191]},"properties":{"u":1.8,"y":76}},{"type":"Feature","id":809,"geometry":{"type":"Point","coordinates":[-103.89221,58.39886]},"properties":{"u":2.4,"y":76}},{"type":"Feature","id":810,"geometry":{"type":"Point","coordinates":[-103.88861,58.41792]},"properties":{"u":0.9,"y":76}},{"type":"Feature","id":811,"geometry":{"type":"Point","coordinates":[-103.65816,58.43435]},"properties":{"u":0.5,"y":76}},{"type":"Feature","id":812,"geometry":{"type":"Point","coordinates":[-103.80528,58.32577]},"properties":{"u":1.5,"y":76}},{"type":"Feature","id":813,"geometry":{"type":"Point","coordinates":[-103.68055,58.36227]},"properties":{"u":2.4,"y":76}},{"type":"Feature","id":814,"geometry":{"type":"Point","coordinates":[-103.614,58.39211]},"properties":{"u":8.1,"y":76}},{"type":"Feature","id":815,"geometry":{"type":"Point","coordinates":[-103.89255,58.31959]},"properties":{"u":2.2,"y":76}},{"type":"Feature","id":816,"geometry":{"type":"Point","coordinates":[-104.10824,58.29635]},"properties":{"u":3.1,"y":76}},{"type":"Feature","id":817,"geometry":{"type":"Point","coordinates":[-104.12164,58.25445]},"properties":{"u":1.7,"y":76}},{"type":"Feature","id":818,"geometry":{"type":"Point","coordinates":[-104.21561,58.22408]},"properties":{"u":0.8,"y":76}},{"type":"Feature","id":819,"geometry":{"type":"Point","coordinates":[-104.02685,58.15361]},"properties":{"u":1.6,"y":76}},{"type":"Feature","id":820,"geometry":{"type":"Point","coordinates":[-104.02552,58.12464]},"properties":{"u":1.7,"y":76}},{"type":"Feature","id":821,"geometry":{"type":"Point","coordinates":[-104.45573,58.05242]},"properties":{"u":1.4000000000000001,"y":76}},{"type":"Feature","id":822,"geometry":{"type":"Point","coordinates":[-104.50197,58.07799]},"properties":{"u":2.5,"y":76}},{"type":"Feature","id":823,"geometry":{"type":"Point","coordinates":[-104.30348,58.14914]},"properties":{"u":1.5,"y":76}},{"type":"Feature","id":824,"geometry":{"type":"Point","coordinates":[-103.9533,58.83342]},"properties":{"u":3.5,"y":76}},{"type":"Feature","id":825,"geometry":{"type":"Point","coordinates":[-103.86627,58.26075]},"properties":{"u":1.6,"y":76}},{"type":"Feature","id":826,"geometry":{"type":"Point","coordinates":[-103.94692,58.09841]},"properties":{"u":4.2,"y":76}},{"type":"Feature","id":827,"geometry":{"type":"Point","coordinates":[-104.1048,58.02686]},"properties":{"u":0.8,"y":76}},{"type":"Feature","id":828,"geometry":{"type":"Point","coordinates":[-104.1396,58.16386]},"properties":{"u":0.9,"y":76}},{"type":"Feature","id":829,"geometry":{"type":"Point","coordinates":[-105.36054,57.25654]},"properties":{"u":1.9000000000000001,"y":75}},{"type":"Feature","id":830,"geometry":{"type":"Point","coordinates":[-105.37218,57.34274]},"properties":{"u":1.6,"y":75}},{"type":"Feature","id":831,"geometry":{"type":"Point","coordinates":[-105.37915,57.05077]},"properties":{"u":9.6,"y":75}},{"type":"Feature","id":832,"geometry":{"type":"Point","coordinates":[-105.79163,57.26175]},"properties":{"u":1.8,"y":75}},{"type":"Feature","id":833,"geometry":{"type":"Point","coordinates":[-105.54941,57.08293]},"properties":{"u":18.900000000000002,"y":75}},{"type":"Feature","id":834,"geometry":{"type":"Point","coordinates":[-105.77261,57.14508]},"properties":{"u":937.3000000000001,"y":75}},{"type":"Feature","id":835,"geometry":{"type":"Point","coordinates":[-105.35825,57.44744]},"properties":{"u":0.9,"y":75}},{"type":"Feature","id":836,"geometry":{"type":"Point","coordinates":[-105.00418,57.49151]},"properties":{"u":1.2,"y":75}},{"type":"Feature","id":837,"geometry":{"type":"Point","coordinates":[-105.07913,57.4322]},"properties":{"u":1.1,"y":75}},{"type":"Feature","id":838,"geometry":{"type":"Point","coordinates":[-105.58593,57.20179]},"properties":{"u":21.400000000000002,"y":75}},{"type":"Feature","id":839,"geometry":{"type":"Point","coordinates":[-104.6817,57.64741]},"properties":{"u":5.8,"y":75}},{"type":"Feature","id":840,"geometry":{"type":"Point","coordinates":[-104.57255,57.66865]},"properties":{"u":1.7,"y":75}},{"type":"Feature","id":841,"geometry":{"type":"Point","coordinates":[-104.54893,57.68069]},"properties":{"u":3.3000000000000003,"y":75}},{"type":"Feature","id":842,"geometry":{"type":"Point","coordinates":[-104.67793,57.60024]},"properties":{"u":7,"y":75}},{"type":"Feature","id":843,"geometry":{"type":"Point","coordinates":[-104.75346,57.44097]},"properties":{"u":3.2,"y":75}},{"type":"Feature","id":844,"geometry":{"type":"Point","coordinates":[-104.34764,57.68431]},"properties":{"u":3,"y":75}},{"type":"Feature","id":845,"geometry":{"type":"Point","coordinates":[-105.66178,57.18569]},"properties":{"u":372.90000000000003,"y":75}},{"type":"Feature","id":846,"geometry":{"type":"Point","coordinates":[-105.72773,57.1741]},"properties":{"u":1.2,"y":75}},{"type":"Feature","id":847,"geometry":{"type":"Point","coordinates":[-105.35566,57.1802]},"properties":{"u":3,"y":75}},{"type":"Feature","id":848,"geometry":{"type":"Point","coordinates":[-103.78395,58.10123]},"properties":{"u":2.6,"y":76}},{"type":"Feature","id":849,"geometry":{"type":"Point","coordinates":[-103.62877,58.14367]},"properties":{"u":3.8000000000000003,"y":76}},{"type":"Feature","id":850,"geometry":{"type":"Point","coordinates":[-103.6188,58.31311]},"properties":{"u":2,"y":76}},{"type":"Feature","id":851,"geometry":{"type":"Point","coordinates":[-103.60777,58.39833]},"properties":{"u":2,"y":76}},{"type":"Feature","id":852,"geometry":{"type":"Point","coordinates":[-103.6291,58.2454]},"properties":{"u":3.6,"y":76}},{"type":"Feature","id":853,"geometry":{"type":"Point","coordinates":[-103.77308,58.07215]},"properties":{"u":4.8,"y":76}},{"type":"Feature","id":854,"geometry":{"type":"Point","coordinates":[-104.17248,58.64977]},"properties":{"u":4.8,"y":76}},{"type":"Feature","id":855,"geometry":{"type":"Point","coordinates":[-104.18359,58.74572]},"properties":{"u":1.1,"y":76}},{"type":"Feature","id":856,"geometry":{"type":"Point","coordinates":[-104.03693,58.80039]},"properties":{"u":1.8,"y":76}},{"type":"Feature","id":857,"geometry":{"type":"Point","coordinates":[-104.03481,58.3304]},"properties":{"u":2,"y":76}},{"type":"Feature","id":858,"geometry":{"type":"Point","coordinates":[-104.12083,58.33888]},"properties":{"u":1.4000000000000001,"y":76}},{"type":"Feature","id":859,"geometry":{"type":"Point","coordinates":[-103.99483,58.73024]},"properties":{"u":4.8,"y":76}},{"type":"Feature","id":860,"geometry":{"type":"Point","coordinates":[-104.24198,58.901]},"properties":{"u":2.5,"y":76}},{"type":"Feature","id":861,"geometry":{"type":"Point","coordinates":[-103.66055,58.55159]},"properties":{"u":2.7,"y":76}},{"type":"Feature","id":862,"geometry":{"type":"Point","coordinates":[-103.82263,58.57407]},"properties":{"u":0.8,"y":76}},{"type":"Feature","id":863,"geometry":{"type":"Point","coordinates":[-104.19744,58.55697]},"properties":{"u":1.9000000000000001,"y":76}},{"type":"Feature","id":864,"geometry":{"type":"Point","coordinates":[-104.27886,58.50446]},"properties":{"u":1.3,"y":76}},{"type":"Feature","id":865,"geometry":{"type":"Point","coordinates":[-104.12743,58.40045]},"properties":{"u":1.1,"y":76}},{"type":"Feature","id":866,"geometry":{"type":"Point","coordinates":[-103.68646,58.50223]},"properties":{"u":1.9000000000000001,"y":76}},{"type":"Feature","id":867,"geometry":{"type":"Point","coordinates":[-103.66024,58.35712]},"properties":{"u":19.6,"y":76}},{"type":"Feature","id":868,"geometry":{"type":"Point","coordinates":[-104.02978,58.31128]},"properties":{"u":1.7,"y":76}},{"type":"Feature","id":869,"geometry":{"type":"Point","coordinates":[-104.12999,58.22689]},"properties":{"u":2.5,"y":76}},{"type":"Feature","id":870,"geometry":{"type":"Point","coordinates":[-104.00782,58.10496]},"properties":{"u":2.3000000000000003,"y":76}},{"type":"Feature","id":871,"geometry":{"type":"Point","coordinates":[-104.37887,58.088]},"properties":{"u":3.3000000000000003,"y":76}},{"type":"Feature","id":872,"geometry":{"type":"Point","coordinates":[-103.98013,58.03468]},"properties":{"u":2.3000000000000003,"y":76}},{"type":"Feature","id":873,"geometry":{"type":"Point","coordinates":[-105.15843,57.47794]},"properties":{"u":0.5,"y":75}},{"type":"Feature","id":874,"geometry":{"type":"Point","coordinates":[-105.43203,57.20466]},"properties":{"u":1.8,"y":75}},{"type":"Feature","id":875,"geometry":{"type":"Point","coordinates":[-105.21652,57.42979]},"properties":{"u":1.5,"y":75}},{"type":"Feature","id":876,"geometry":{"type":"Point","coordinates":[-105.61269,57.11857]},"properties":{"u":8.5,"y":75}},{"type":"Feature","id":877,"geometry":{"type":"Point","coordinates":[-105.673,57.1205]},"properties":{"u":46.4,"y":75}},{"type":"Feature","id":878,"geometry":{"type":"Point","coordinates":[-105.67136,57.07559]},"properties":{"u":33.5,"y":75}},{"type":"Feature","id":879,"geometry":{"type":"Point","coordinates":[-105.55673,57.07616]},"properties":{"u":53.7,"y":75}},{"type":"Feature","id":880,"geometry":{"type":"Point","coordinates":[-105.7521,57.15239]},"properties":{"u":1266.9,"y":75}},{"type":"Feature","id":881,"geometry":{"type":"Point","coordinates":[-105.34573,57.44523]},"properties":{"u":1.7,"y":75}},{"type":"Feature","id":882,"geometry":{"type":"Point","coordinates":[-105.05336,57.46635]},"properties":{"u":1.5,"y":75}},{"type":"Feature","id":883,"geometry":{"type":"Point","coordinates":[-105.03166,57.43761]},"properties":{"u":0.7000000000000001,"y":75}},{"type":"Feature","id":884,"geometry":{"type":"Point","coordinates":[-105.0458,57.41964]},"properties":{"u":0.8,"y":75}},{"type":"Feature","id":885,"geometry":{"type":"Point","coordinates":[-105.02087,57.496]},"properties":{"u":2.5,"y":75}},{"type":"Feature","id":886,"geometry":{"type":"Point","coordinates":[-105.02003,57.47938]},"properties":{"u":0.2,"y":75}},{"type":"Feature","id":887,"geometry":{"type":"Point","coordinates":[-104.72922,57.56488]},"properties":{"u":1.5,"y":75}},{"type":"Feature","id":888,"geometry":{"type":"Point","coordinates":[-105.10782,57.27722]},"properties":{"u":1.1,"y":75}},{"type":"Feature","id":889,"geometry":{"type":"Point","coordinates":[-105.14107,57.29875]},"properties":{"u":1.9000000000000001,"y":75}},{"type":"Feature","id":890,"geometry":{"type":"Point","coordinates":[-104.66324,57.65096]},"properties":{"u":0.7000000000000001,"y":75}},{"type":"Feature","id":891,"geometry":{"type":"Point","coordinates":[-104.79056,57.65437]},"properties":{"u":1.4000000000000001,"y":75}},{"type":"Feature","id":892,"geometry":{"type":"Point","coordinates":[-104.65506,57.62938]},"properties":{"u":1.1,"y":75}},{"type":"Feature","id":893,"geometry":{"type":"Point","coordinates":[-104.61217,57.64722]},"properties":{"u":1.1,"y":75}},{"type":"Feature","id":894,"geometry":{"type":"Point","coordinates":[-104.64856,57.60915]},"properties":{"u":1.4000000000000001,"y":75}},{"type":"Feature","id":895,"geometry":{"type":"Point","coordinates":[-104.66519,57.62042]},"properties":{"u":1.5,"y":75}},{"type":"Feature","id":896,"geometry":{"type":"Point","coordinates":[-104.66015,57.53327]},"properties":{"u":0.7000000000000001,"y":75}},{"type":"Feature","id":897,"geometry":{"type":"Point","coordinates":[-104.66422,57.54406]},"properties":{"u":3.8000000000000003,"y":75}},{"type":"Feature","id":898,"geometry":{"type":"Point","coordinates":[-104.57787,57.57165]},"properties":{"u":1.3,"y":75}},{"type":"Feature","id":899,"geometry":{"type":"Point","coordinates":[-104.42419,57.7745]},"properties":{"u":1.3,"y":75}},{"type":"Feature","id":900,"geometry":{"type":"Point","coordinates":[-105.91241,57.15133]},"properties":{"u":1.3,"y":75}},{"type":"Feature","id":901,"geometry":{"type":"Point","coordinates":[-105.69077,57.18778]},"properties":{"u":112.3,"y":75}},{"type":"Feature","id":902,"geometry":{"type":"Point","coordinates":[-105.31457,57.21175]},"properties":{"u":1.9000000000000001,"y":75}},{"type":"Feature","id":903,"geometry":{"type":"Point","coordinates":[-105.07898,57.36393]},"properties":{"u":1.1,"y":75}},{"type":"Feature","id":904,"geometry":{"type":"Point","coordinates":[-104.83713,57.54441]},"properties":{"u":1,"y":75}},{"type":"Feature","id":905,"geometry":{"type":"Point","coordinates":[-103.76209,58.10798]},"properties":{"u":3,"y":76}},{"type":"Feature","id":906,"geometry":{"type":"Point","coordinates":[-103.60164,58.18559]},"properties":{"u":4.5,"y":76}},{"type":"Feature","id":907,"geometry":{"type":"Point","coordinates":[-103.65638,58.27871]},"properties":{"u":3.6,"y":76}},{"type":"Feature","id":908,"geometry":{"type":"Point","coordinates":[-103.53246,58.46059]},"properties":{"u":3.3000000000000003,"y":76}},{"type":"Feature","id":909,"geometry":{"type":"Point","coordinates":[-103.89791,58.02366]},"properties":{"u":4.1,"y":76}},{"type":"Feature","id":910,"geometry":{"type":"Point","coordinates":[-103.58842,58.27236]},"properties":{"u":1.7,"y":76}},{"type":"Feature","id":911,"geometry":{"type":"Point","coordinates":[-103.76212,58.0826]},"properties":{"u":4.9,"y":76}},{"type":"Feature","id":912,"geometry":{"type":"Point","coordinates":[-104.18012,58.65476]},"properties":{"u":4.9,"y":76}},{"type":"Feature","id":913,"geometry":{"type":"Point","coordinates":[-104.22894,58.78529]},"properties":{"u":1.1,"y":76}},{"type":"Feature","id":914,"geometry":{"type":"Point","coordinates":[-104.13126,58.31403]},"properties":{"u":1.4000000000000001,"y":76}},{"type":"Feature","id":915,"geometry":{"type":"Point","coordinates":[-103.9347,58.84674]},"properties":{"u":2.6,"y":76}},{"type":"Feature","id":916,"geometry":{"type":"Point","coordinates":[-103.98734,58.7203]},"properties":{"u":3.2,"y":76}},{"type":"Feature","id":917,"geometry":{"type":"Point","coordinates":[-104.31378,58.7815]},"properties":{"u":0.5,"y":76}},{"type":"Feature","id":918,"geometry":{"type":"Point","coordinates":[-104.26208,58.6703]},"properties":{"u":0.7000000000000001,"y":76}},{"type":"Feature","id":919,"geometry":{"type":"Point","coordinates":[-104.19047,58.54255]},"properties":{"u":2,"y":76}},{"type":"Feature","id":920,"geometry":{"type":"Point","coordinates":[-104.23579,58.49253]},"properties":{"u":1.7,"y":76}},{"type":"Feature","id":921,"geometry":{"type":"Point","coordinates":[-104.00595,58.38497]},"properties":{"u":2,"y":76}},{"type":"Feature","id":922,"geometry":{"type":"Point","coordinates":[-104.30241,58.59351]},"properties":{"u":1.6,"y":76}},{"type":"Feature","id":923,"geometry":{"type":"Point","coordinates":[-103.8564,58.42145]},"properties":{"u":4.4,"y":76}},{"type":"Feature","id":924,"geometry":{"type":"Point","coordinates":[-103.71268,58.32487]},"properties":{"u":1.6,"y":76}},{"type":"Feature","id":925,"geometry":{"type":"Point","coordinates":[-103.99232,58.29325]},"properties":{"u":5.2,"y":76}},{"type":"Feature","id":926,"geometry":{"type":"Point","coordinates":[-104.38613,58.06041]},"properties":{"u":1.2,"y":76}},{"type":"Feature","id":927,"geometry":{"type":"Point","coordinates":[-104.27785,58.15618]},"properties":{"u":1,"y":76}},{"type":"Feature","id":928,"geometry":{"type":"Point","coordinates":[-103.88604,58.20097]},"properties":{"u":1.7,"y":76}},{"type":"Feature","id":929,"geometry":{"type":"Point","coordinates":[-104.06645,58.18243]},"properties":{"u":1.6,"y":76}},{"type":"Feature","id":930,"geometry":{"type":"Point","coordinates":[-105.22506,57.46571]},"properties":{"u":0.9,"y":75}},{"type":"Feature","id":931,"geometry":{"type":"Point","coordinates":[-105.3719,57.2327]},"properties":{"u":2,"y":75}},{"type":"Feature","id":932,"geometry":{"type":"Point","coordinates":[-105.41636,57.02505]},"properties":{"u":9.6,"y":75}},{"type":"Feature","id":933,"geometry":{"type":"Point","coordinates":[-105.78487,57.13872]},"properties":{"u":1000.3000000000001,"y":75}},{"type":"Feature","id":934,"geometry":{"type":"Point","coordinates":[-105.36811,57.43393]},"properties":{"u":1.9000000000000001,"y":75}},{"type":"Feature","id":935,"geometry":{"type":"Point","coordinates":[-104.85373,57.57137]},"properties":{"u":1.5,"y":75}},{"type":"Feature","id":936,"geometry":{"type":"Point","coordinates":[-105.13598,57.26821]},"properties":{"u":0.9,"y":75}},{"type":"Feature","id":937,"geometry":{"type":"Point","coordinates":[-104.65678,57.62489]},"properties":{"u":1.8,"y":75}},{"type":"Feature","id":938,"geometry":{"type":"Point","coordinates":[-104.5826,57.66958]},"properties":{"u":0.2,"y":75}},{"type":"Feature","id":939,"geometry":{"type":"Point","coordinates":[-104.60895,57.55738]},"properties":{"u":3.3000000000000003,"y":75}},{"type":"Feature","id":940,"geometry":{"type":"Point","coordinates":[-104.25747,57.91062]},"properties":{"u":0.7000000000000001,"y":75}},{"type":"Feature","id":941,"geometry":{"type":"Point","coordinates":[-105.94991,57.13129]},"properties":{"u":3.6,"y":75}},{"type":"Feature","id":942,"geometry":{"type":"Point","coordinates":[-105.30252,57.25669]},"properties":{"u":1.6,"y":75}},{"type":"Feature","id":943,"geometry":{"type":"Point","coordinates":[-103.74385,58.1078]},"properties":{"u":12,"y":76}},{"type":"Feature","id":944,"geometry":{"type":"Point","coordinates":[-103.84164,58.07504]},"properties":{"u":3.4,"y":76}},{"type":"Feature","id":945,"geometry":{"type":"Point","coordinates":[-103.76667,58.06131]},"properties":{"u":10,"y":76}},{"type":"Feature","id":946,"geometry":{"type":"Point","coordinates":[-103.95083,58.82891]},"properties":{"u":2.8000000000000003,"y":76}},{"type":"Feature","id":947,"geometry":{"type":"Point","coordinates":[-104.01721,58.79396]},"properties":{"u":3.8000000000000003,"y":76}},{"type":"Feature","id":948,"geometry":{"type":"Point","coordinates":[-104.3083,58.64384]},"properties":{"u":0.7000000000000001,"y":76}},{"type":"Feature","id":949,"geometry":{"type":"Point","coordinates":[-103.85005,58.4324]},"properties":{"u":1.9000000000000001,"y":76}},{"type":"Feature","id":950,"geometry":{"type":"Point","coordinates":[-103.98796,58.16207]},"properties":{"u":1.5,"y":76}},{"type":"Feature","id":951,"geometry":{"type":"Point","coordinates":[-103.92376,58.13527]},"properties":{"u":7.6000000000000005,"y":76}},{"type":"Feature","id":952,"geometry":{"type":"Point","coordinates":[-105.39087,57.22501]},"properties":{"u":2.4,"y":75}},{"type":"Feature","id":953,"geometry":{"type":"Point","coordinates":[-105.45671,57.192]},"properties":{"u":1.6,"y":75}},{"type":"Feature","id":954,"geometry":{"type":"Point","coordinates":[-105.6303,57.1342]},"properties":{"u":6.2,"y":75}},{"type":"Feature","id":955,"geometry":{"type":"Point","coordinates":[-105.44861,57.06985]},"properties":{"u":9.200000000000001,"y":75}},{"type":"Feature","id":956,"geometry":{"type":"Point","coordinates":[-105.47016,57.07876]},"properties":{"u":11.8,"y":75}},{"type":"Feature","id":957,"geometry":{"type":"Point","coordinates":[-105.78058,57.13111]},"properties":{"u":275.90000000000003,"y":75}},{"type":"Feature","id":958,"geometry":{"type":"Point","coordinates":[-104.73264,57.55411]},"properties":{"u":1.4000000000000001,"y":75}},{"type":"Feature","id":959,"geometry":{"type":"Point","coordinates":[-105.15751,57.2637]},"properties":{"u":2,"y":75}},{"type":"Feature","id":960,"geometry":{"type":"Point","coordinates":[-105.14933,57.29066]},"properties":{"u":1.1,"y":75}},{"type":"Feature","id":961,"geometry":{"type":"Point","coordinates":[-104.65503,57.63297]},"properties":{"u":1.9000000000000001,"y":75}},{"type":"Feature","id":962,"geometry":{"type":"Point","coordinates":[-104.59773,57.66514]},"properties":{"u":1.8,"y":75}},{"type":"Feature","id":963,"geometry":{"type":"Point","coordinates":[-104.67791,57.60159]},"properties":{"u":2.5,"y":75}},{"type":"Feature","id":964,"geometry":{"type":"Point","coordinates":[-104.5334,57.58407]},"properties":{"u":2.4,"y":75}},{"type":"Feature","id":965,"geometry":{"type":"Point","coordinates":[-104.56677,57.59093]},"properties":{"u":1.5,"y":75}},{"type":"Feature","id":966,"geometry":{"type":"Point","coordinates":[-104.60276,57.5888]},"properties":{"u":1.3,"y":75}},{"type":"Feature","id":967,"geometry":{"type":"Point","coordinates":[-104.27434,57.91072]},"properties":{"u":1.1,"y":75}},{"type":"Feature","id":968,"geometry":{"type":"Point","coordinates":[-105.93342,57.13231]},"properties":{"u":3,"y":75}},{"type":"Feature","id":969,"geometry":{"type":"Point","coordinates":[-104.98505,57.36126]},"properties":{"u":2.4,"y":75}},{"type":"Feature","id":970,"geometry":{"type":"Point","coordinates":[-104.8874,57.49595]},"properties":{"u":1.6,"y":75}},{"type":"Feature","id":971,"geometry":{"type":"Point","coordinates":[-103.56179,58.21435]},"properties":{"u":5.5,"y":76}},{"type":"Feature","id":972,"geometry":{"type":"Point","coordinates":[-103.5691,58.40262]},"properties":{"u":1.3,"y":76}},{"type":"Feature","id":973,"geometry":{"type":"Point","coordinates":[-103.6029,58.26196]},"properties":{"u":2.7,"y":76}},{"type":"Feature","id":974,"geometry":{"type":"Point","coordinates":[-104.19595,58.65935]},"properties":{"u":4.6000000000000005,"y":76}},{"type":"Feature","id":975,"geometry":{"type":"Point","coordinates":[-104.1164,58.32807]},"properties":{"u":1.2,"y":76}},{"type":"Feature","id":976,"geometry":{"type":"Point","coordinates":[-103.99686,58.70466]},"properties":{"u":6.5,"y":76}},{"type":"Feature","id":977,"geometry":{"type":"Point","coordinates":[-104.28647,58.65809]},"properties":{"u":1.7,"y":76}},{"type":"Feature","id":978,"geometry":{"type":"Point","coordinates":[-104.17904,58.59053]},"properties":{"u":1.6,"y":76}},{"type":"Feature","id":979,"geometry":{"type":"Point","coordinates":[-103.84266,58.42267]},"properties":{"u":2.5,"y":76}},{"type":"Feature","id":980,"geometry":{"type":"Point","coordinates":[-103.97814,58.31177]},"properties":{"u":2.9,"y":76}},{"type":"Feature","id":981,"geometry":{"type":"Point","coordinates":[-103.85987,58.1812]},"properties":{"u":1.8,"y":76}},{"type":"Feature","id":982,"geometry":{"type":"Point","coordinates":[-105.45698,57.3483]},"properties":{"u":0.9,"y":75}},{"type":"Feature","id":983,"geometry":{"type":"Point","coordinates":[-105.6525,57.1287]},"properties":{"u":71.9,"y":75}},{"type":"Feature","id":984,"geometry":{"type":"Point","coordinates":[-105.04587,57.47713]},"properties":{"u":1.1,"y":75}},{"type":"Feature","id":985,"geometry":{"type":"Point","coordinates":[-104.73595,57.55861]},"properties":{"u":1.3,"y":75}},{"type":"Feature","id":986,"geometry":{"type":"Point","coordinates":[-105.09953,57.27948]},"properties":{"u":1.7,"y":75}},{"type":"Feature","id":987,"geometry":{"type":"Point","coordinates":[-104.59621,57.65166]},"properties":{"u":2,"y":75}},{"type":"Feature","id":988,"geometry":{"type":"Point","coordinates":[-105.86517,57.21635]},"properties":{"u":2,"y":75}},{"type":"Feature","id":989,"geometry":{"type":"Point","coordinates":[-104.82427,57.61176]},"properties":{"u":1.2,"y":75}},{"type":"Feature","id":990,"geometry":{"type":"Point","coordinates":[-103.61474,58.51495]},"properties":{"u":2.1,"y":76}},{"type":"Feature","id":991,"geometry":{"type":"Point","coordinates":[-104.11803,58.87821]},"properties":{"u":1.7,"y":76}},{"type":"Feature","id":992,"geometry":{"type":"Point","coordinates":[-104.31184,58.72648]},"properties":{"u":0.9,"y":76}},{"type":"Feature","id":993,"geometry":{"type":"Point","coordinates":[-103.81105,58.21736]},"properties":{"u":1.4000000000000001,"y":76}},{"type":"Feature","id":994,"geometry":{"type":"Point","coordinates":[-105.76218,57.16042]},"properties":{"u":807.9,"y":75}},{"type":"Feature","id":995,"geometry":{"type":"Point","coordinates":[-105.75614,57.14788]},"properties":{"u":1273.3,"y":75}},{"type":"Feature","id":996,"geometry":{"type":"Point","coordinates":[-105.77987,57.13695]},"properties":{"u":367.90000000000003,"y":75}},{"type":"Feature","id":997,"geometry":{"type":"Point","coordinates":[-103.8633,58.06064]},"properties":{"u":5.2,"y":76}},{"type":"Feature","id":998,"geometry":{"type":"Point","coordinates":[-103.88123,58.05608]},"properties":{"u":5.1000000000000005,"y":76}},{"type":"Feature","id":999,"geometry":{"type":"Point","coordinates":[-103.90502,58.05404]},"properties":{"u":5.4,"y":76}},{"type":"Feature","id":1000,"geometry":{"type":"Point","coordinates":[-103.92266,58.01691]},"properties":{"u":4,"y":76}},{"type":"Feature","id":1001,"geometry":{"type":"Point","coordinates":[-103.92548,58.00751]},"properties":{"u":4.7,"y":76}},{"type":"Feature","id":1002,"geometry":{"type":"Point","coordinates":[-105.37427,57.38451]},"properties":{"u":2.2,"y":75}},{"type":"Feature","id":1003,"geometry":{"type":"Point","coordinates":[-105.3864,57.35168]},"properties":{"u":1.6,"y":75}},{"type":"Feature","id":1004,"geometry":{"type":"Point","coordinates":[-105.42845,57.39557]},"properties":{"u":1.4000000000000001,"y":75}},{"type":"Feature","id":1005,"geometry":{"type":"Point","coordinates":[-105.17515,57.486]},"properties":{"u":1.2,"y":75}},{"type":"Feature","id":1006,"geometry":{"type":"Point","coordinates":[-105.38792,57.26005]},"properties":{"u":2.1,"y":75}},{"type":"Feature","id":1007,"geometry":{"type":"Point","coordinates":[-105.29141,57.4238]},"properties":{"u":1,"y":75}},{"type":"Feature","id":1008,"geometry":{"type":"Point","coordinates":[-105.26396,57.42746]},"properties":{"u":29.1,"y":75}},{"type":"Feature","id":1009,"geometry":{"type":"Point","coordinates":[-105.24975,57.4185]},"properties":{"u":1.5,"y":75}},{"type":"Feature","id":1010,"geometry":{"type":"Point","coordinates":[-105.35901,57.35536]},"properties":{"u":1.6,"y":75}},{"type":"Feature","id":1011,"geometry":{"type":"Point","coordinates":[-105.44823,57.03841]},"properties":{"u":8,"y":75}},{"type":"Feature","id":1012,"geometry":{"type":"Point","coordinates":[-105.51734,57.0907]},"properties":{"u":4.4,"y":75}},{"type":"Feature","id":1013,"geometry":{"type":"Point","coordinates":[-105.76764,57.30412]},"properties":{"u":2.1,"y":75}},{"type":"Feature","id":1014,"geometry":{"type":"Point","coordinates":[-105.75865,57.31091]},"properties":{"u":1.6,"y":75}},{"type":"Feature","id":1015,"geometry":{"type":"Point","coordinates":[-105.80217,57.2509]},"properties":{"u":0.8,"y":75}},{"type":"Feature","id":1016,"geometry":{"type":"Point","coordinates":[-105.68431,57.06205]},"properties":{"u":1.2,"y":75}},{"type":"Feature","id":1017,"geometry":{"type":"Point","coordinates":[-105.74721,57.15602]},"properties":{"u":1787.1000000000001,"y":75}},{"type":"Feature","id":1018,"geometry":{"type":"Point","coordinates":[-105.78466,57.12884]},"properties":{"u":28,"y":75}},{"type":"Feature","id":1019,"geometry":{"type":"Point","coordinates":[-105.76851,57.14691]},"properties":{"u":1355.2,"y":75}},{"type":"Feature","id":1020,"geometry":{"type":"Point","coordinates":[-105.33738,57.443]},"properties":{"u":2.1,"y":75}},{"type":"Feature","id":1021,"geometry":{"type":"Point","coordinates":[-105.3747,57.42718]},"properties":{"u":2.1,"y":75}},{"type":"Feature","id":1022,"geometry":{"type":"Point","coordinates":[-104.74118,57.52897]},"properties":{"u":2.2,"y":75}},{"type":"Feature","id":1023,"geometry":{"type":"Point","coordinates":[-105.0954,57.28397]},"properties":{"u":1.9000000000000001,"y":75}},{"type":"Feature","id":1024,"geometry":{"type":"Point","coordinates":[-105.17819,57.25469]},"properties":{"u":1,"y":75}},{"type":"Feature","id":1025,"geometry":{"type":"Point","coordinates":[-105.12038,57.31629]},"properties":{"u":2.1,"y":75}},{"type":"Feature","id":1026,"geometry":{"type":"Point","coordinates":[-104.65154,57.64733]},"properties":{"u":1.2,"y":75}},{"type":"Feature","id":1027,"geometry":{"type":"Point","coordinates":[-104.65142,57.66036]},"properties":{"u":0.7000000000000001,"y":75}},{"type":"Feature","id":1028,"geometry":{"type":"Point","coordinates":[-104.70666,57.66768]},"properties":{"u":0.5,"y":75}},{"type":"Feature","id":1029,"geometry":{"type":"Point","coordinates":[-104.78209,57.66828]},"properties":{"u":0.9,"y":75}},{"type":"Feature","id":1030,"geometry":{"type":"Point","coordinates":[-104.76105,57.68262]},"properties":{"u":1.1,"y":75}},{"type":"Feature","id":1031,"geometry":{"type":"Point","coordinates":[-104.67604,57.62404]},"properties":{"u":1.4000000000000001,"y":75}},{"type":"Feature","id":1032,"geometry":{"type":"Point","coordinates":[-104.69019,57.63396]},"properties":{"u":0.9,"y":75}},{"type":"Feature","id":1033,"geometry":{"type":"Point","coordinates":[-104.63465,57.66076]},"properties":{"u":1.4000000000000001,"y":75}},{"type":"Feature","id":1034,"geometry":{"type":"Point","coordinates":[-104.57668,57.67405]},"properties":{"u":0.2,"y":75}},{"type":"Feature","id":1035,"geometry":{"type":"Point","coordinates":[-104.57744,57.68079]},"properties":{"u":1.9000000000000001,"y":75}},{"type":"Feature","id":1036,"geometry":{"type":"Point","coordinates":[-104.569,57.68525]},"properties":{"u":1.4000000000000001,"y":75}},{"type":"Feature","id":1037,"geometry":{"type":"Point","coordinates":[-104.50326,57.70971]},"properties":{"u":1.1,"y":75}},{"type":"Feature","id":1038,"geometry":{"type":"Point","coordinates":[-104.62742,57.63019]},"properties":{"u":2.7,"y":75}},{"type":"Feature","id":1039,"geometry":{"type":"Point","coordinates":[-104.61046,57.6508]},"properties":{"u":2.1,"y":75}},{"type":"Feature","id":1040,"geometry":{"type":"Point","coordinates":[-104.81291,57.38088]},"properties":{"u":4.4,"y":75}},{"type":"Feature","id":1041,"geometry":{"type":"Point","coordinates":[-104.75849,57.43649]},"properties":{"u":2.4,"y":75}},{"type":"Feature","id":1042,"geometry":{"type":"Point","coordinates":[-104.67018,57.53195]},"properties":{"u":1.6,"y":75}},{"type":"Feature","id":1043,"geometry":{"type":"Point","coordinates":[-104.59068,57.54744]},"properties":{"u":3.8000000000000003,"y":75}},{"type":"Feature","id":1044,"geometry":{"type":"Point","coordinates":[-104.58527,57.58201]},"properties":{"u":2.1,"y":75}},{"type":"Feature","id":1045,"geometry":{"type":"Point","coordinates":[-104.57779,57.57794]},"properties":{"u":1.1,"y":75}},{"type":"Feature","id":1046,"geometry":{"type":"Point","coordinates":[-104.31717,57.87727]},"properties":{"u":1.1,"y":75}},{"type":"Feature","id":1047,"geometry":{"type":"Point","coordinates":[-104.29254,57.84345]},"properties":{"u":1.3,"y":75}},{"type":"Feature","id":1048,"geometry":{"type":"Point","coordinates":[-104.49298,57.66476]},"properties":{"u":0.6,"y":75}},{"type":"Feature","id":1049,"geometry":{"type":"Point","coordinates":[-105.4689,57.30559]},"properties":{"u":0.4,"y":75}},{"type":"Feature","id":1050,"geometry":{"type":"Point","coordinates":[-105.73306,57.23471]},"properties":{"u":1.5,"y":75}},{"type":"Feature","id":1051,"geometry":{"type":"Point","coordinates":[-105.63288,57.18899]},"properties":{"u":155.20000000000002,"y":75}},{"type":"Feature","id":1052,"geometry":{"type":"Point","coordinates":[-105.39412,57.29686]},"properties":{"u":1.4000000000000001,"y":75}},{"type":"Feature","id":1053,"geometry":{"type":"Point","coordinates":[-105.4314,57.29225]},"properties":{"u":4.2,"y":75}},{"type":"Feature","id":1054,"geometry":{"type":"Point","coordinates":[-105.7195,57.17639]},"properties":{"u":1,"y":75}},{"type":"Feature","id":1055,"geometry":{"type":"Point","coordinates":[-105.68254,57.19007]},"properties":{"u":965.4,"y":75}},{"type":"Feature","id":1056,"geometry":{"type":"Point","coordinates":[-105.68237,57.18109]},"properties":{"u":217.3,"y":75}},{"type":"Feature","id":1057,"geometry":{"type":"Point","coordinates":[-105.4916,57.14021]},"properties":{"u":4.8,"y":75}},{"type":"Feature","id":1058,"geometry":{"type":"Point","coordinates":[-105.4462,57.14397]},"properties":{"u":2.2,"y":75}},{"type":"Feature","id":1059,"geometry":{"type":"Point","coordinates":[-105.19028,57.18729]},"properties":{"u":3,"y":75}},{"type":"Feature","id":1060,"geometry":{"type":"Point","coordinates":[-105.07073,57.39852]},"properties":{"u":0.8,"y":75}},{"type":"Feature","id":1061,"geometry":{"type":"Point","coordinates":[-105.23667,57.3269]},"properties":{"u":0.9,"y":75}},{"type":"Feature","id":1062,"geometry":{"type":"Point","coordinates":[-105.00419,57.55798]},"properties":{"u":1.2,"y":75}},{"type":"Feature","id":1063,"geometry":{"type":"Point","coordinates":[-104.9616,57.53193]},"properties":{"u":1.3,"y":75}},{"type":"Feature","id":1064,"geometry":{"type":"Point","coordinates":[-104.84009,57.44111]},"properties":{"u":1.9000000000000001,"y":75}},{"type":"Feature","id":1065,"geometry":{"type":"Point","coordinates":[-104.94168,57.45916]},"properties":{"u":2,"y":75}},{"type":"Feature","id":1066,"geometry":{"type":"Point","coordinates":[-105.97803,57.25774]},"properties":{"u":2.3000000000000003,"y":75}},{"type":"Feature","id":1067,"geometry":{"type":"Point","coordinates":[-103.60439,58.1589]},"properties":{"u":4.7,"y":76}},{"type":"Feature","id":1068,"geometry":{"type":"Point","coordinates":[-103.63166,58.21219]},"properties":{"u":5.5,"y":76}},{"type":"Feature","id":1069,"geometry":{"type":"Point","coordinates":[-103.59439,58.22931]},"properties":{"u":1.3,"y":76}},{"type":"Feature","id":1070,"geometry":{"type":"Point","coordinates":[-103.64129,58.29427]},"properties":{"u":4,"y":76}},{"type":"Feature","id":1071,"geometry":{"type":"Point","coordinates":[-103.599,58.39307]},"properties":{"u":1.9000000000000001,"y":76}},{"type":"Feature","id":1072,"geometry":{"type":"Point","coordinates":[-103.64091,58.38207]},"properties":{"u":13.700000000000001,"y":76}},{"type":"Feature","id":1073,"geometry":{"type":"Point","coordinates":[-103.63262,58.39725]},"properties":{"u":5.4,"y":76}},{"type":"Feature","id":1074,"geometry":{"type":"Point","coordinates":[-103.5484,58.4482]},"properties":{"u":1.5,"y":76}},{"type":"Feature","id":1075,"geometry":{"type":"Point","coordinates":[-103.61121,58.53917]},"properties":{"u":5.8,"y":76}},{"type":"Feature","id":1076,"geometry":{"type":"Point","coordinates":[-103.92914,57.99811]},"properties":{"u":4.8,"y":76}},{"type":"Feature","id":1077,"geometry":{"type":"Point","coordinates":[-103.90999,58.00199]},"properties":{"u":4.5,"y":76}},{"type":"Feature","id":1078,"geometry":{"type":"Point","coordinates":[-103.62871,58.26651]},"properties":{"u":8.700000000000001,"y":76}},{"type":"Feature","id":1079,"geometry":{"type":"Point","coordinates":[-103.72869,58.0807]},"properties":{"u":2.7,"y":76}},{"type":"Feature","id":1080,"geometry":{"type":"Point","coordinates":[-104.2262,58.63596]},"properties":{"u":3.7,"y":76}},{"type":"Feature","id":1081,"geometry":{"type":"Point","coordinates":[-104.18941,58.64426]},"properties":{"u":1.8,"y":76}},{"type":"Feature","id":1082,"geometry":{"type":"Point","coordinates":[-104.14987,58.65838]},"properties":{"u":6.6000000000000005,"y":76}},{"type":"Feature","id":1083,"geometry":{"type":"Point","coordinates":[-104.28258,58.80558]},"properties":{"u":2.4,"y":76}},{"type":"Feature","id":1084,"geometry":{"type":"Point","coordinates":[-104.202,58.8471]},"properties":{"u":2.2,"y":76}},{"type":"Feature","id":1085,"geometry":{"type":"Point","coordinates":[-104.20502,58.86665]},"properties":{"u":3.7,"y":76}},{"type":"Feature","id":1086,"geometry":{"type":"Point","coordinates":[-104.17676,58.88825]},"properties":{"u":3.2,"y":76}},{"type":"Feature","id":1087,"geometry":{"type":"Point","coordinates":[-104.19177,58.91439]},"properties":{"u":2.4,"y":76}},{"type":"Feature","id":1088,"geometry":{"type":"Point","coordinates":[-104.14352,58.93474]},"properties":{"u":3.9,"y":76}},{"type":"Feature","id":1089,"geometry":{"type":"Point","coordinates":[-104.09876,58.75189]},"properties":{"u":2.1,"y":76}},{"type":"Feature","id":1090,"geometry":{"type":"Point","coordinates":[-104.04752,58.33386]},"properties":{"u":2.2,"y":76}},{"type":"Feature","id":1091,"geometry":{"type":"Point","coordinates":[-104.18092,58.32581]},"properties":{"u":1.1,"y":76}},{"type":"Feature","id":1092,"geometry":{"type":"Point","coordinates":[-104.20982,58.35024]},"properties":{"u":0.9,"y":76}},{"type":"Feature","id":1093,"geometry":{"type":"Point","coordinates":[-103.9451,58.83223]},"properties":{"u":1.9000000000000001,"y":76}},{"type":"Feature","id":1094,"geometry":{"type":"Point","coordinates":[-103.93195,58.85166]},"properties":{"u":2.9,"y":76}},{"type":"Feature","id":1095,"geometry":{"type":"Point","coordinates":[-103.98084,58.70655]},"properties":{"u":5.9,"y":76}},{"type":"Feature","id":1096,"geometry":{"type":"Point","coordinates":[-104.16616,58.68004]},"properties":{"u":2,"y":76}},{"type":"Feature","id":1097,"geometry":{"type":"Point","coordinates":[-104.28152,58.68927]},"properties":{"u":0.3,"y":76}},{"type":"Feature","id":1098,"geometry":{"type":"Point","coordinates":[-103.64473,58.54963]},"properties":{"u":2.3000000000000003,"y":76}},{"type":"Feature","id":1099,"geometry":{"type":"Point","coordinates":[-103.63407,58.55873]},"properties":{"u":7.4,"y":76}},{"type":"Feature","id":1100,"geometry":{"type":"Point","coordinates":[-103.70913,58.53907]},"properties":{"u":1.6,"y":76}},{"type":"Feature","id":1101,"geometry":{"type":"Point","coordinates":[-103.842,58.59917]},"properties":{"u":2.9,"y":76}},{"type":"Feature","id":1102,"geometry":{"type":"Point","coordinates":[-104.23098,58.55583]},"properties":{"u":1.7,"y":76}},{"type":"Feature","id":1103,"geometry":{"type":"Point","coordinates":[-104.26923,58.53449]},"properties":{"u":2.8000000000000003,"y":76}},{"type":"Feature","id":1104,"geometry":{"type":"Point","coordinates":[-104.08134,58.51128]},"properties":{"u":2,"y":76}},{"type":"Feature","id":1105,"geometry":{"type":"Point","coordinates":[-104.15498,58.51807]},"properties":{"u":0.8,"y":76}},{"type":"Feature","id":1106,"geometry":{"type":"Point","coordinates":[-103.93732,58.42057]},"properties":{"u":1,"y":76}},{"type":"Feature","id":1107,"geometry":{"type":"Point","coordinates":[-103.88067,58.43895]},"properties":{"u":1.5,"y":76}},{"type":"Feature","id":1108,"geometry":{"type":"Point","coordinates":[-103.72985,58.46495]},"properties":{"u":2.1,"y":76}},{"type":"Feature","id":1109,"geometry":{"type":"Point","coordinates":[-103.79892,58.52557]},"properties":{"u":1.2,"y":76}},{"type":"Feature","id":1110,"geometry":{"type":"Point","coordinates":[-104.32595,58.57724]},"properties":{"u":2.5,"y":76}},{"type":"Feature","id":1111,"geometry":{"type":"Point","coordinates":[-104.2418,58.59204]},"properties":{"u":5.1000000000000005,"y":76}},{"type":"Feature","id":1112,"geometry":{"type":"Point","coordinates":[-103.88322,58.42595]},"properties":{"u":2.5,"y":76}},{"type":"Feature","id":1113,"geometry":{"type":"Point","coordinates":[-103.90012,58.41959]},"properties":{"u":2.2,"y":76}},{"type":"Feature","id":1114,"geometry":{"type":"Point","coordinates":[-103.70468,58.55497]},"properties":{"u":1.1,"y":76}},{"type":"Feature","id":1115,"geometry":{"type":"Point","coordinates":[-103.67369,58.38578]},"properties":{"u":1.5,"y":76}},{"type":"Feature","id":1116,"geometry":{"type":"Point","coordinates":[-103.8669,58.34789]},"properties":{"u":2.1,"y":76}},{"type":"Feature","id":1117,"geometry":{"type":"Point","coordinates":[-104.21246,58.25078]},"properties":{"u":1.1,"y":76}},{"type":"Feature","id":1118,"geometry":{"type":"Point","coordinates":[-104.1615,58.19027]},"properties":{"u":2.4,"y":76}},{"type":"Feature","id":1119,"geometry":{"type":"Point","coordinates":[-104.03702,58.21747]},"properties":{"u":0.8,"y":76}},{"type":"Feature","id":1120,"geometry":{"type":"Point","coordinates":[-104.02806,58.1406]},"properties":{"u":1.4000000000000001,"y":76}},{"type":"Feature","id":1121,"geometry":{"type":"Point","coordinates":[-104.4044,58.05691]},"properties":{"u":2,"y":76}},{"type":"Feature","id":1122,"geometry":{"type":"Point","coordinates":[-104.44261,58.0243]},"properties":{"u":1.4000000000000001,"y":76}},{"type":"Feature","id":1123,"geometry":{"type":"Point","coordinates":[-104.24503,58.20135]},"properties":{"u":1.6,"y":76}},{"type":"Feature","id":1124,"geometry":{"type":"Point","coordinates":[-103.7873,58.21511]},"properties":{"u":0.8,"y":76}},{"type":"Feature","id":1125,"geometry":{"type":"Point","coordinates":[-104.2833,58.20202]},"properties":{"u":1.2,"y":76}},{"type":"Feature","id":1126,"geometry":{"type":"Point","coordinates":[-103.84883,58.23342]},"properties":{"u":1.4000000000000001,"y":76}},{"type":"Feature","id":1127,"geometry":{"type":"Point","coordinates":[-105.37741,57.36653]},"properties":{"u":0.5,"y":75}},{"type":"Feature","id":1128,"geometry":{"type":"Point","coordinates":[-105.44501,57.38877]},"properties":{"u":0.4,"y":75}},{"type":"Feature","id":1129,"geometry":{"type":"Point","coordinates":[-105.20506,57.46619]},"properties":{"u":0.9,"y":75}},{"type":"Feature","id":1130,"geometry":{"type":"Point","coordinates":[-105.38548,57.2641]},"properties":{"u":1.1,"y":75}},{"type":"Feature","id":1131,"geometry":{"type":"Point","coordinates":[-105.38121,57.25244]},"properties":{"u":0.2,"y":75}},{"type":"Feature","id":1132,"geometry":{"type":"Point","coordinates":[-105.39202,57.25555]},"properties":{"u":0.2,"y":75}},{"type":"Feature","id":1133,"geometry":{"type":"Point","coordinates":[-105.29978,57.42962]},"properties":{"u":1.1,"y":75}},{"type":"Feature","id":1134,"geometry":{"type":"Point","coordinates":[-105.35576,57.36255]},"properties":{"u":0.5,"y":75}},{"type":"Feature","id":1135,"geometry":{"type":"Point","coordinates":[-105.3531,57.34505]},"properties":{"u":0.6,"y":75}},{"type":"Feature","id":1136,"geometry":{"type":"Point","coordinates":[-105.60673,57.10737]},"properties":{"u":4.8,"y":75}},{"type":"Feature","id":1137,"geometry":{"type":"Point","coordinates":[-105.46538,57.02622]},"properties":{"u":6,"y":75}},{"type":"Feature","id":1138,"geometry":{"type":"Point","coordinates":[-105.65163,57.07929]},"properties":{"u":40.1,"y":75}},{"type":"Feature","id":1139,"geometry":{"type":"Point","coordinates":[-105.57777,57.10301]},"properties":{"u":2.8000000000000003,"y":75}},{"type":"Feature","id":1140,"geometry":{"type":"Point","coordinates":[-105.62248,57.06237]},"properties":{"u":4.6000000000000005,"y":75}},{"type":"Feature","id":1141,"geometry":{"type":"Point","coordinates":[-105.75884,57.15864]},"properties":{"u":183.1,"y":75}},{"type":"Feature","id":1142,"geometry":{"type":"Point","coordinates":[-105.7406,57.15606]},"properties":{"u":81.3,"y":75}},{"type":"Feature","id":1143,"geometry":{"type":"Point","coordinates":[-105.78787,57.12433]},"properties":{"u":6,"y":75}},{"type":"Feature","id":1144,"geometry":{"type":"Point","coordinates":[-105.7602,57.14471]},"properties":{"u":16,"y":75}},{"type":"Feature","id":1145,"geometry":{"type":"Point","coordinates":[-105.78083,57.14324]},"properties":{"u":24,"y":75}},{"type":"Feature","id":1146,"geometry":{"type":"Point","coordinates":[-105.32807,57.42641]},"properties":{"u":0.4,"y":75}},{"type":"Feature","id":1147,"geometry":{"type":"Point","coordinates":[-105.39123,57.4159]},"properties":{"u":0.4,"y":75}},{"type":"Feature","id":1148,"geometry":{"type":"Point","coordinates":[-105.03332,57.43312]},"properties":{"u":2.2,"y":75}},{"type":"Feature","id":1149,"geometry":{"type":"Point","coordinates":[-105.01669,57.48477]},"properties":{"u":0.2,"y":75}},{"type":"Feature","id":1150,"geometry":{"type":"Point","coordinates":[-104.99168,57.47579]},"properties":{"u":0.2,"y":75}},{"type":"Feature","id":1151,"geometry":{"type":"Point","coordinates":[-104.90393,57.55435]},"properties":{"u":0.5,"y":75}},{"type":"Feature","id":1152,"geometry":{"type":"Point","coordinates":[-104.86212,57.5633]},"properties":{"u":0.2,"y":75}},{"type":"Feature","id":1153,"geometry":{"type":"Point","coordinates":[-105.13601,57.27585]},"properties":{"u":1.9000000000000001,"y":75}},{"type":"Feature","id":1154,"geometry":{"type":"Point","coordinates":[-105.14687,57.2974]},"properties":{"u":0.2,"y":75}},{"type":"Feature","id":1155,"geometry":{"type":"Point","coordinates":[-104.7067,57.66319]},"properties":{"u":0.2,"y":75}},{"type":"Feature","id":1156,"geometry":{"type":"Point","coordinates":[-104.76543,57.65208]},"properties":{"u":0.2,"y":75}},{"type":"Feature","id":1157,"geometry":{"type":"Point","coordinates":[-104.68025,57.62136]},"properties":{"u":1.8,"y":75}},{"type":"Feature","id":1158,"geometry":{"type":"Point","coordinates":[-104.6776,57.63752]},"properties":{"u":0.2,"y":75}},{"type":"Feature","id":1159,"geometry":{"type":"Point","coordinates":[-104.64231,57.64955]},"properties":{"u":0.2,"y":75}},{"type":"Feature","id":1160,"geometry":{"type":"Point","coordinates":[-104.5842,57.67632]},"properties":{"u":0.2,"y":75}},{"type":"Feature","id":1161,"geometry":{"type":"Point","coordinates":[-104.51345,57.70077]},"properties":{"u":0.4,"y":75}},{"type":"Feature","id":1162,"geometry":{"type":"Point","coordinates":[-104.62318,57.63602]},"properties":{"u":0.2,"y":75}},{"type":"Feature","id":1163,"geometry":{"type":"Point","coordinates":[-104.59404,57.62021]},"properties":{"u":0.6,"y":75}},{"type":"Feature","id":1164,"geometry":{"type":"Point","coordinates":[-104.6491,57.55301]},"properties":{"u":1.1,"y":75}},{"type":"Feature","id":1165,"geometry":{"type":"Point","coordinates":[-104.60895,57.55738]},"properties":{"u":0.2,"y":75}},{"type":"Feature","id":1166,"geometry":{"type":"Point","coordinates":[-104.38128,57.82595]},"properties":{"u":1,"y":75}},{"type":"Feature","id":1167,"geometry":{"type":"Point","coordinates":[-104.54032,57.56613]},"properties":{"u":0.2,"y":75}},{"type":"Feature","id":1168,"geometry":{"type":"Point","coordinates":[-104.5441,57.59758]},"properties":{"u":0.5,"y":75}},{"type":"Feature","id":1169,"geometry":{"type":"Point","coordinates":[-104.33411,57.87287]},"properties":{"u":0.6,"y":75}},{"type":"Feature","id":1170,"geometry":{"type":"Point","coordinates":[-104.62236,57.71462]},"properties":{"u":0.5,"y":75}},{"type":"Feature","id":1171,"geometry":{"type":"Point","coordinates":[-105.29123,57.19159]},"properties":{"u":0.5,"y":75}},{"type":"Feature","id":1172,"geometry":{"type":"Point","coordinates":[-105.10856,57.52874]},"properties":{"u":0.2,"y":75}},{"type":"Feature","id":1173,"geometry":{"type":"Point","coordinates":[-106.67497,57.34453]},"properties":{"u":1.6,"y":77}},{"type":"Feature","id":1174,"geometry":{"type":"Point","coordinates":[-107.03843,57.29291]},"properties":{"u":1.5,"y":77}},{"type":"Feature","id":1175,"geometry":{"type":"Point","coordinates":[-106.4629,57.37596]},"properties":{"u":1.3,"y":77}},{"type":"Feature","id":1176,"geometry":{"type":"Point","coordinates":[-106.39649,57.39343]},"properties":{"u":0.4,"y":77}},{"type":"Feature","id":1177,"geometry":{"type":"Point","coordinates":[-106.38273,57.37813]},"properties":{"u":1.1,"y":77}},{"type":"Feature","id":1178,"geometry":{"type":"Point","coordinates":[-106.33056,57.3912]},"properties":{"u":0.3,"y":77}},{"type":"Feature","id":1179,"geometry":{"type":"Point","coordinates":[-106.27134,57.4146]},"properties":{"u":0.3,"y":77}},{"type":"Feature","id":1180,"geometry":{"type":"Point","coordinates":[-106.21316,57.3824]},"properties":{"u":0.5,"y":77}},{"type":"Feature","id":1181,"geometry":{"type":"Point","coordinates":[-106.25177,57.37415]},"properties":{"u":0.1,"y":77}},{"type":"Feature","id":1182,"geometry":{"type":"Point","coordinates":[-106.30947,57.34105]},"properties":{"u":1.3,"y":77}},{"type":"Feature","id":1183,"geometry":{"type":"Point","coordinates":[-106.3184,57.32996]},"properties":{"u":1.8,"y":77}},{"type":"Feature","id":1184,"geometry":{"type":"Point","coordinates":[-106.15856,57.43756]},"properties":{"u":0.9,"y":77}},{"type":"Feature","id":1185,"geometry":{"type":"Point","coordinates":[-106.15826,57.43711]},"properties":{"u":0.8,"y":77}},{"type":"Feature","id":1186,"geometry":{"type":"Point","coordinates":[-106.51498,57.35634]},"properties":{"u":1.1,"y":77}},{"type":"Feature","id":1187,"geometry":{"type":"Point","coordinates":[-106.46353,57.33452]},"properties":{"u":1,"y":77}},{"type":"Feature","id":1188,"geometry":{"type":"Point","coordinates":[-106.48129,57.32219]},"properties":{"u":0.7000000000000001,"y":77}},{"type":"Feature","id":1189,"geometry":{"type":"Point","coordinates":[-106.54074,57.31031]},"properties":{"u":0.8,"y":77}},{"type":"Feature","id":1190,"geometry":{"type":"Point","coordinates":[-106.57011,57.31135]},"properties":{"u":1.1,"y":77}},{"type":"Feature","id":1191,"geometry":{"type":"Point","coordinates":[-106.57382,57.33379]},"properties":{"u":1,"y":77}},{"type":"Feature","id":1192,"geometry":{"type":"Point","coordinates":[-106.58449,57.30953]},"properties":{"u":1.5,"y":77}},{"type":"Feature","id":1193,"geometry":{"type":"Point","coordinates":[-106.59934,57.29739]},"properties":{"u":2.1,"y":77}},{"type":"Feature","id":1194,"geometry":{"type":"Point","coordinates":[-106.35988,57.36685]},"properties":{"u":0.8,"y":77}},{"type":"Feature","id":1195,"geometry":{"type":"Point","coordinates":[-106.38029,57.35257]},"properties":{"u":0.8,"y":77}},{"type":"Feature","id":1196,"geometry":{"type":"Point","coordinates":[-106.414,57.32369]},"properties":{"u":0.7000000000000001,"y":77}},{"type":"Feature","id":1197,"geometry":{"type":"Point","coordinates":[-106.42221,57.31048]},"properties":{"u":1.3,"y":77}},{"type":"Feature","id":1198,"geometry":{"type":"Point","coordinates":[-106.70272,57.33504]},"properties":{"u":0.7000000000000001,"y":77}},{"type":"Feature","id":1199,"geometry":{"type":"Point","coordinates":[-106.78706,57.32909]},"properties":{"u":0.5,"y":77}},{"type":"Feature","id":1200,"geometry":{"type":"Point","coordinates":[-106.75607,57.31492]},"properties":{"u":1.3,"y":77}},{"type":"Feature","id":1201,"geometry":{"type":"Point","coordinates":[-106.7019,57.28897]},"properties":{"u":0.7000000000000001,"y":77}},{"type":"Feature","id":1202,"geometry":{"type":"Point","coordinates":[-106.71018,57.30864]},"properties":{"u":0.4,"y":77}},{"type":"Feature","id":1203,"geometry":{"type":"Point","coordinates":[-106.6544,57.39119]},"properties":{"u":0.6,"y":77}},{"type":"Feature","id":1204,"geometry":{"type":"Point","coordinates":[-106.73254,57.38614]},"properties":{"u":0.9,"y":77}},{"type":"Feature","id":1205,"geometry":{"type":"Point","coordinates":[-106.72213,57.37946]},"properties":{"u":2.8000000000000003,"y":77}},{"type":"Feature","id":1206,"geometry":{"type":"Point","coordinates":[-106.67081,57.45772]},"properties":{"u":0.6,"y":77}},{"type":"Feature","id":1207,"geometry":{"type":"Point","coordinates":[-106.65436,57.46849]},"properties":{"u":0.5,"y":77}},{"type":"Feature","id":1208,"geometry":{"type":"Point","coordinates":[-106.24738,57.25322]},"properties":{"u":0.9,"y":77}},{"type":"Feature","id":1209,"geometry":{"type":"Point","coordinates":[-106.24759,57.25316]},"properties":{"u":0.8,"y":77}},{"type":"Feature","id":1210,"geometry":{"type":"Point","coordinates":[-106.18578,57.26328]},"properties":{"u":1,"y":77}},{"type":"Feature","id":1211,"geometry":{"type":"Point","coordinates":[-106.17128,57.29276]},"properties":{"u":1.9000000000000001,"y":77}},{"type":"Feature","id":1212,"geometry":{"type":"Point","coordinates":[-106.17624,57.30901]},"properties":{"u":1.1,"y":77}},{"type":"Feature","id":1213,"geometry":{"type":"Point","coordinates":[-106.1472,57.31353]},"properties":{"u":0.8,"y":77}},{"type":"Feature","id":1214,"geometry":{"type":"Point","coordinates":[-106.11795,57.30983]},"properties":{"u":1.9000000000000001,"y":77}},{"type":"Feature","id":1215,"geometry":{"type":"Point","coordinates":[-106.05774,57.31095]},"properties":{"u":2.1,"y":77}},{"type":"Feature","id":1216,"geometry":{"type":"Point","coordinates":[-106.05896,57.2841]},"properties":{"u":2.5,"y":77}},{"type":"Feature","id":1217,"geometry":{"type":"Point","coordinates":[-106.06495,57.26873]},"properties":{"u":1.4000000000000001,"y":77}},{"type":"Feature","id":1218,"geometry":{"type":"Point","coordinates":[-107.85063,57.47686]},"properties":{"u":1.8,"y":77}},{"type":"Feature","id":1219,"geometry":{"type":"Point","coordinates":[-107.84066,57.48709]},"properties":{"u":4.1,"y":77}},{"type":"Feature","id":1220,"geometry":{"type":"Point","coordinates":[-107.8321,57.5046]},"properties":{"u":4.7,"y":77}},{"type":"Feature","id":1221,"geometry":{"type":"Point","coordinates":[-107.78881,57.52452]},"properties":{"u":6.1000000000000005,"y":77}},{"type":"Feature","id":1222,"geometry":{"type":"Point","coordinates":[-107.68308,57.48835]},"properties":{"u":3.6,"y":77}},{"type":"Feature","id":1223,"geometry":{"type":"Point","coordinates":[-107.70548,57.47601]},"properties":{"u":9.1,"y":77}},{"type":"Feature","id":1224,"geometry":{"type":"Point","coordinates":[-107.74432,57.45733]},"properties":{"u":8.3,"y":77}},{"type":"Feature","id":1225,"geometry":{"type":"Point","coordinates":[-107.72621,57.4524]},"properties":{"u":2.7,"y":77}},{"type":"Feature","id":1226,"geometry":{"type":"Point","coordinates":[-107.72691,57.44077]},"properties":{"u":4.3,"y":77}},{"type":"Feature","id":1227,"geometry":{"type":"Point","coordinates":[-106.07457,57.26836]},"properties":{"u":1.5,"y":77}},{"type":"Feature","id":1228,"geometry":{"type":"Point","coordinates":[-106.06431,57.28512]},"properties":{"u":1.4000000000000001,"y":77}},{"type":"Feature","id":1229,"geometry":{"type":"Point","coordinates":[-106.01597,57.20583]},"properties":{"u":2.2,"y":77}},{"type":"Feature","id":1230,"geometry":{"type":"Point","coordinates":[-105.64931,57.32365]},"properties":{"u":0.4,"y":75}},{"type":"Feature","id":1231,"geometry":{"type":"Point","coordinates":[-105.23313,57.42303]},"properties":{"u":0.9,"y":75}},{"type":"Feature","id":1232,"geometry":{"type":"Point","coordinates":[-105.35551,57.3374]},"properties":{"u":0.2,"y":75}},{"type":"Feature","id":1233,"geometry":{"type":"Point","coordinates":[-105.35961,57.332]},"properties":{"u":0.4,"y":75}},{"type":"Feature","id":1234,"geometry":{"type":"Point","coordinates":[-105.63072,57.11084]},"properties":{"u":2,"y":75}},{"type":"Feature","id":1235,"geometry":{"type":"Point","coordinates":[-105.75847,57.30193]},"properties":{"u":1.6,"y":75}},{"type":"Feature","id":1236,"geometry":{"type":"Point","coordinates":[-105.59015,57.10295]},"properties":{"u":3.7,"y":75}},{"type":"Feature","id":1237,"geometry":{"type":"Point","coordinates":[-105.05419,57.46186]},"properties":{"u":0.2,"y":75}},{"type":"Feature","id":1238,"geometry":{"type":"Point","coordinates":[-104.94158,57.51979]},"properties":{"u":0.6,"y":75}},{"type":"Feature","id":1239,"geometry":{"type":"Point","coordinates":[-105.62087,57.21285]},"properties":{"u":0.6,"y":75}},{"type":"Feature","id":1240,"geometry":{"type":"Point","coordinates":[-104.76871,57.66332]},"properties":{"u":0.2,"y":75}},{"type":"Feature","id":1241,"geometry":{"type":"Point","coordinates":[-104.66948,57.6092]},"properties":{"u":2.8000000000000003,"y":75}},{"type":"Feature","id":1242,"geometry":{"type":"Point","coordinates":[-104.64417,57.63024]},"properties":{"u":0.2,"y":75}},{"type":"Feature","id":1243,"geometry":{"type":"Point","coordinates":[-104.8046,57.37907]},"properties":{"u":1.4000000000000001,"y":75}},{"type":"Feature","id":1244,"geometry":{"type":"Point","coordinates":[-105.63743,57.21277]},"properties":{"u":6.5,"y":75}},{"type":"Feature","id":1245,"geometry":{"type":"Point","coordinates":[-106.93165,57.42021]},"properties":{"u":1.3,"y":77}},{"type":"Feature","id":1246,"geometry":{"type":"Point","coordinates":[-106.34672,57.40042]},"properties":{"u":1,"y":77}},{"type":"Feature","id":1247,"geometry":{"type":"Point","coordinates":[-106.26582,57.39779]},"properties":{"u":0.9,"y":77}},{"type":"Feature","id":1248,"geometry":{"type":"Point","coordinates":[-106.29248,57.36573]},"properties":{"u":0.5,"y":77}},{"type":"Feature","id":1249,"geometry":{"type":"Point","coordinates":[-106.50435,57.36629]},"properties":{"u":0.8,"y":77}},{"type":"Feature","id":1250,"geometry":{"type":"Point","coordinates":[-106.53388,57.35165]},"properties":{"u":1,"y":77}},{"type":"Feature","id":1251,"geometry":{"type":"Point","coordinates":[-106.58038,57.31674]},"properties":{"u":1.3,"y":77}},{"type":"Feature","id":1252,"geometry":{"type":"Point","coordinates":[-106.39732,57.34794]},"properties":{"u":0.8,"y":77}},{"type":"Feature","id":1253,"geometry":{"type":"Point","coordinates":[-106.44605,57.30585]},"properties":{"u":0.9,"y":77}},{"type":"Feature","id":1254,"geometry":{"type":"Point","coordinates":[-106.74879,57.30159]},"properties":{"u":0.5,"y":77}},{"type":"Feature","id":1255,"geometry":{"type":"Point","coordinates":[-106.68962,57.32696]},"properties":{"u":1.3,"y":77}},{"type":"Feature","id":1256,"geometry":{"type":"Point","coordinates":[-106.71335,57.44815]},"properties":{"u":1.1,"y":77}},{"type":"Feature","id":1257,"geometry":{"type":"Point","coordinates":[-106.61078,57.47175]},"properties":{"u":0.6,"y":77}},{"type":"Feature","id":1258,"geometry":{"type":"Point","coordinates":[-106.18884,57.29353]},"properties":{"u":1.4000000000000001,"y":77}},{"type":"Feature","id":1259,"geometry":{"type":"Point","coordinates":[-106.04973,57.30566]},"properties":{"u":0.5,"y":77}},{"type":"Feature","id":1260,"geometry":{"type":"Point","coordinates":[-106.06564,57.32895]},"properties":{"u":1.6,"y":77}},{"type":"Feature","id":1261,"geometry":{"type":"Point","coordinates":[-107.77287,57.53235]},"properties":{"u":3.8000000000000003,"y":77}},{"type":"Feature","id":1262,"geometry":{"type":"Point","coordinates":[-107.67697,57.49605]},"properties":{"u":1.5,"y":77}},{"type":"Feature","id":1263,"geometry":{"type":"Point","coordinates":[-107.73415,57.43011]},"properties":{"u":2.7,"y":77}},{"type":"Feature","id":1264,"geometry":{"type":"Point","coordinates":[-106.46564,57.24815]},"properties":{"u":0.7000000000000001,"y":77}},{"type":"Feature","id":1265,"geometry":{"type":"Point","coordinates":[-106.46429,57.30697]},"properties":{"u":0.8,"y":77}},{"type":"Feature","id":1266,"geometry":{"type":"Point","coordinates":[-106.37969,57.31713]},"properties":{"u":0.3,"y":77}},{"type":"Feature","id":1267,"geometry":{"type":"Point","coordinates":[-106.3392,57.3293]},"properties":{"u":0.5,"y":77}},{"type":"Feature","id":1268,"geometry":{"type":"Point","coordinates":[-106.39776,57.26469]},"properties":{"u":0.5,"y":77}},{"type":"Feature","id":1269,"geometry":{"type":"Point","coordinates":[-106.36377,57.25761]},"properties":{"u":0.7000000000000001,"y":77}},{"type":"Feature","id":1270,"geometry":{"type":"Point","coordinates":[-106.32859,57.2698]},"properties":{"u":0.5,"y":77}},{"type":"Feature","id":1271,"geometry":{"type":"Point","coordinates":[-106.30412,57.25074]},"properties":{"u":0.5,"y":77}},{"type":"Feature","id":1272,"geometry":{"type":"Point","coordinates":[-106.30106,57.3177]},"properties":{"u":0.5,"y":77}},{"type":"Feature","id":1273,"geometry":{"type":"Point","coordinates":[-106.27466,57.3337]},"properties":{"u":0.6,"y":77}},{"type":"Feature","id":1274,"geometry":{"type":"Point","coordinates":[-106.20739,57.29357]},"properties":{"u":1.7,"y":77}},{"type":"Feature","id":1275,"geometry":{"type":"Point","coordinates":[-106.23132,57.21792]},"properties":{"u":1.4000000000000001,"y":77}},{"type":"Feature","id":1276,"geometry":{"type":"Point","coordinates":[-106.13042,57.23203]},"properties":{"u":0.4,"y":77}},{"type":"Feature","id":1277,"geometry":{"type":"Point","coordinates":[-106.12799,57.23538]},"properties":{"u":0.3,"y":77}},{"type":"Feature","id":1278,"geometry":{"type":"Point","coordinates":[-105.36188,57.39353]},"properties":{"u":0.4,"y":75}},{"type":"Feature","id":1279,"geometry":{"type":"Point","coordinates":[-105.62106,57.32245]},"properties":{"u":0.4,"y":75}},{"type":"Feature","id":1280,"geometry":{"type":"Point","coordinates":[-105.64365,57.33222]},"properties":{"u":1.6,"y":75}},{"type":"Feature","id":1281,"geometry":{"type":"Point","coordinates":[-105.26659,57.44542]},"properties":{"u":0.2,"y":75}},{"type":"Feature","id":1282,"geometry":{"type":"Point","coordinates":[-105.28561,57.42741]},"properties":{"u":0.2,"y":75}},{"type":"Feature","id":1283,"geometry":{"type":"Point","coordinates":[-105.3438,57.328]},"properties":{"u":0.2,"y":75}},{"type":"Feature","id":1284,"geometry":{"type":"Point","coordinates":[-105.67556,57.12498]},"properties":{"u":14.1,"y":75}},{"type":"Feature","id":1285,"geometry":{"type":"Point","coordinates":[-105.62291,57.08797]},"properties":{"u":5.5,"y":75}},{"type":"Feature","id":1286,"geometry":{"type":"Point","coordinates":[-104.55387,57.68834]},"properties":{"u":0.4,"y":75}},{"type":"Feature","id":1287,"geometry":{"type":"Point","coordinates":[-105.32477,57.43001]},"properties":{"u":0.7000000000000001,"y":75}},{"type":"Feature","id":1288,"geometry":{"type":"Point","coordinates":[-105.39123,57.4159]},"properties":{"u":0.4,"y":75}},{"type":"Feature","id":1289,"geometry":{"type":"Point","coordinates":[-104.6743,57.53825]},"properties":{"u":2.1,"y":75}},{"type":"Feature","id":1290,"geometry":{"type":"Point","coordinates":[-105.08665,57.44567]},"properties":{"u":1.4000000000000001,"y":75}},{"type":"Feature","id":1291,"geometry":{"type":"Point","coordinates":[-104.89807,57.55794]},"properties":{"u":0.2,"y":75}},{"type":"Feature","id":1292,"geometry":{"type":"Point","coordinates":[-104.65242,57.64284]},"properties":{"u":0.2,"y":75}},{"type":"Feature","id":1293,"geometry":{"type":"Point","coordinates":[-104.56756,57.66504]},"properties":{"u":0.5,"y":75}},{"type":"Feature","id":1294,"geometry":{"type":"Point","coordinates":[-104.59544,57.64537]},"properties":{"u":0.7000000000000001,"y":75}},{"type":"Feature","id":1295,"geometry":{"type":"Point","coordinates":[-104.59853,57.59328]},"properties":{"u":0.9,"y":75}},{"type":"Feature","id":1296,"geometry":{"type":"Point","coordinates":[-104.28296,57.90178]},"properties":{"u":0.8,"y":75}},{"type":"Feature","id":1297,"geometry":{"type":"Point","coordinates":[-104.58645,57.55192]},"properties":{"u":0.2,"y":75}},{"type":"Feature","id":1298,"geometry":{"type":"Point","coordinates":[-105.62934,57.22404]},"properties":{"u":0.5,"y":75}},{"type":"Feature","id":1299,"geometry":{"type":"Point","coordinates":[-106.35922,57.39626]},"properties":{"u":1.2,"y":77}},{"type":"Feature","id":1300,"geometry":{"type":"Point","coordinates":[-106.31688,57.43639]},"properties":{"u":1,"y":77}},{"type":"Feature","id":1301,"geometry":{"type":"Point","coordinates":[-106.22902,57.39318]},"properties":{"u":0.5,"y":77}},{"type":"Feature","id":1302,"geometry":{"type":"Point","coordinates":[-106.28386,57.34979]},"properties":{"u":0.7000000000000001,"y":77}},{"type":"Feature","id":1303,"geometry":{"type":"Point","coordinates":[-106.19152,57.41843]},"properties":{"u":1,"y":77}},{"type":"Feature","id":1304,"geometry":{"type":"Point","coordinates":[-106.47913,57.3517]},"properties":{"u":0.5,"y":77}},{"type":"Feature","id":1305,"geometry":{"type":"Point","coordinates":[-106.54042,57.32525]},"properties":{"u":1.1,"y":77}},{"type":"Feature","id":1306,"geometry":{"type":"Point","coordinates":[-106.57384,57.32141]},"properties":{"u":1.1,"y":77}},{"type":"Feature","id":1307,"geometry":{"type":"Point","coordinates":[-106.54414,57.34729]},"properties":{"u":0.6,"y":77}},{"type":"Feature","id":1308,"geometry":{"type":"Point","coordinates":[-106.42526,57.35122]},"properties":{"u":0.6,"y":77}},{"type":"Feature","id":1309,"geometry":{"type":"Point","coordinates":[-106.4157,57.34361]},"properties":{"u":0.5,"y":77}},{"type":"Feature","id":1310,"geometry":{"type":"Point","coordinates":[-106.76259,57.32529]},"properties":{"u":1.6,"y":77}},{"type":"Feature","id":1311,"geometry":{"type":"Point","coordinates":[-106.74687,57.28892]},"properties":{"u":0.5,"y":77}},{"type":"Feature","id":1312,"geometry":{"type":"Point","coordinates":[-106.69005,57.32662]},"properties":{"u":1.4000000000000001,"y":77}},{"type":"Feature","id":1313,"geometry":{"type":"Point","coordinates":[-106.71092,57.38502]},"properties":{"u":0.7000000000000001,"y":77}},{"type":"Feature","id":1314,"geometry":{"type":"Point","coordinates":[-106.73416,57.44875]},"properties":{"u":1.5,"y":77}},{"type":"Feature","id":1315,"geometry":{"type":"Point","coordinates":[-106.58404,57.44766]},"properties":{"u":0.5,"y":77}},{"type":"Feature","id":1316,"geometry":{"type":"Point","coordinates":[-106.13071,57.28005]},"properties":{"u":1.6,"y":77}},{"type":"Feature","id":1317,"geometry":{"type":"Point","coordinates":[-106.11645,57.32122]},"properties":{"u":1.1,"y":77}},{"type":"Feature","id":1318,"geometry":{"type":"Point","coordinates":[-106.06197,57.31841]},"properties":{"u":0.8,"y":77}},{"type":"Feature","id":1319,"geometry":{"type":"Point","coordinates":[-106.03641,57.29934]},"properties":{"u":0.4,"y":77}},{"type":"Feature","id":1320,"geometry":{"type":"Point","coordinates":[-106.05671,57.35102]},"properties":{"u":1.9000000000000001,"y":77}},{"type":"Feature","id":1321,"geometry":{"type":"Point","coordinates":[-107.80403,57.50272]},"properties":{"u":6.1000000000000005,"y":77}},{"type":"Feature","id":1322,"geometry":{"type":"Point","coordinates":[-107.68455,57.47986]},"properties":{"u":2.3000000000000003,"y":77}},{"type":"Feature","id":1323,"geometry":{"type":"Point","coordinates":[-107.70426,57.46132]},"properties":{"u":27.3,"y":77}},{"type":"Feature","id":1324,"geometry":{"type":"Point","coordinates":[-107.74494,57.43403]},"properties":{"u":0.5,"y":77}},{"type":"Feature","id":1325,"geometry":{"type":"Point","coordinates":[-106.01235,57.22342]},"properties":{"u":2,"y":77}},{"type":"Feature","id":1326,"geometry":{"type":"Point","coordinates":[-106.03303,57.18867]},"properties":{"u":0.6,"y":77}},{"type":"Feature","id":1327,"geometry":{"type":"Point","coordinates":[-106.06426,57.31481]},"properties":{"u":0.3,"y":77}},{"type":"Feature","id":1328,"geometry":{"type":"Point","coordinates":[-106.03195,57.29733]},"properties":{"u":0.3,"y":77}},{"type":"Feature","id":1329,"geometry":{"type":"Point","coordinates":[-106.0958,57.23934]},"properties":{"u":0.7000000000000001,"y":77}},{"type":"Feature","id":1330,"geometry":{"type":"Point","coordinates":[-106.0751,57.2331]},"properties":{"u":1,"y":77}},{"type":"Feature","id":1331,"geometry":{"type":"Point","coordinates":[-106.00977,57.27546]},"properties":{"u":0.4,"y":77}},{"type":"Feature","id":1332,"geometry":{"type":"Point","coordinates":[-106.01687,57.24742]},"properties":{"u":0.3,"y":77}},{"type":"Feature","id":1333,"geometry":{"type":"Point","coordinates":[-105.07833,57.44747]},"properties":{"u":0.4,"y":75}},{"type":"Feature","id":1334,"geometry":{"type":"Point","coordinates":[-104.58218,57.55954]},"properties":{"u":0.2,"y":75}},{"type":"Feature","id":1335,"geometry":{"type":"Point","coordinates":[-104.54464,57.55492]},"properties":{"u":0.2,"y":75}},{"type":"Feature","id":1336,"geometry":{"type":"Point","coordinates":[-104.73202,57.63854]},"properties":{"u":0.5,"y":75}},{"type":"Feature","id":1337,"geometry":{"type":"Point","coordinates":[-105.59859,57.1658]},"properties":{"u":0.5,"y":75}},{"type":"Feature","id":1338,"geometry":{"type":"Point","coordinates":[-107.06943,57.32752]},"properties":{"u":0.9,"y":77}},{"type":"Feature","id":1339,"geometry":{"type":"Point","coordinates":[-106.05712,57.2691]},"properties":{"u":3,"y":77}},{"type":"Feature","id":1340,"geometry":{"type":"Point","coordinates":[-105.36942,57.39845]},"properties":{"u":0.4,"y":75}},{"type":"Feature","id":1341,"geometry":{"type":"Point","coordinates":[-105.37397,57.35532]},"properties":{"u":0.9,"y":75}},{"type":"Feature","id":1342,"geometry":{"type":"Point","coordinates":[-105.40212,57.04081]},"properties":{"u":0.5,"y":75}},{"type":"Feature","id":1343,"geometry":{"type":"Point","coordinates":[-105.44865,57.073]},"properties":{"u":0.2,"y":75}},{"type":"Feature","id":1344,"geometry":{"type":"Point","coordinates":[-105.62675,57.07133]},"properties":{"u":20.1,"y":75}},{"type":"Feature","id":1345,"geometry":{"type":"Point","coordinates":[-105.98187,57.1526]},"properties":{"u":8.9,"y":75}},{"type":"Feature","id":1346,"geometry":{"type":"Point","coordinates":[-104.61448,57.66609]},"properties":{"u":0.2,"y":75}},{"type":"Feature","id":1347,"geometry":{"type":"Point","coordinates":[-104.63336,57.62258]},"properties":{"u":0.3,"y":75}},{"type":"Feature","id":1348,"geometry":{"type":"Point","coordinates":[-105.65507,57.27422]},"properties":{"u":2.6,"y":75}},{"type":"Feature","id":1349,"geometry":{"type":"Point","coordinates":[-105.38245,57.37146]},"properties":{"u":0.4,"y":75}},{"type":"Feature","id":1350,"geometry":{"type":"Point","coordinates":[-105.75068,57.16408]},"properties":{"u":17.8,"y":75}},{"type":"Feature","id":1351,"geometry":{"type":"Point","coordinates":[-104.65276,57.60781]},"properties":{"u":0.2,"y":75}},{"type":"Feature","id":1352,"geometry":{"type":"Point","coordinates":[-104.56119,57.56845]},"properties":{"u":1,"y":75}},{"type":"Feature","id":1353,"geometry":{"type":"Point","coordinates":[-105.65834,57.08555]},"properties":{"u":21.5,"y":75}},{"type":"Feature","id":1354,"geometry":{"type":"Point","coordinates":[-105.12094,57.48606]},"properties":{"u":0.9,"y":75}},{"type":"Feature","id":1355,"geometry":{"type":"Point","coordinates":[-104.57688,57.65698]},"properties":{"u":0.7000000000000001,"y":75}},{"type":"Feature","id":1356,"geometry":{"type":"Point","coordinates":[-105.67617,57.06748]},"properties":{"u":1.9000000000000001,"y":75}},{"type":"Feature","id":1357,"geometry":{"type":"Point","coordinates":[-104.44604,59.02934]},"properties":{"u":8,"y":76}},{"type":"Feature","id":1358,"geometry":{"type":"Point","coordinates":[-106.01749,57.19818]},"properties":{"u":3.4,"y":77}},{"type":"Feature","id":1359,"geometry":{"type":"Point","coordinates":[-106.04882,57.1853]},"properties":{"u":0.6,"y":77}},{"type":"Feature","id":1360,"geometry":{"type":"Point","coordinates":[-106.06694,57.3222]},"properties":{"u":0.3,"y":77}},{"type":"Feature","id":1361,"geometry":{"type":"Point","coordinates":[-106.0153,57.31265]},"properties":{"u":0.5,"y":77}},{"type":"Feature","id":1362,"geometry":{"type":"Point","coordinates":[-105.44181,57.32994]},"properties":{"u":0.5,"y":75}},{"type":"Feature","id":1363,"geometry":{"type":"Point","coordinates":[-106.46759,57.2457]},"properties":{"u":1.7,"y":77}},{"type":"Feature","id":1364,"geometry":{"type":"Point","coordinates":[-106.45368,57.25256]},"properties":{"u":1.4000000000000001,"y":77}},{"type":"Feature","id":1365,"geometry":{"type":"Point","coordinates":[-106.47957,57.27036]},"properties":{"u":1.1,"y":77}},{"type":"Feature","id":1366,"geometry":{"type":"Point","coordinates":[-106.46773,57.26955]},"properties":{"u":1.3,"y":77}},{"type":"Feature","id":1367,"geometry":{"type":"Point","coordinates":[-106.46155,57.28571]},"properties":{"u":0.3,"y":77}},{"type":"Feature","id":1368,"geometry":{"type":"Point","coordinates":[-106.43397,57.30727]},"properties":{"u":0.7000000000000001,"y":77}},{"type":"Feature","id":1369,"geometry":{"type":"Point","coordinates":[-106.41978,57.31408]},"properties":{"u":1.1,"y":77}},{"type":"Feature","id":1370,"geometry":{"type":"Point","coordinates":[-106.33404,57.33447]},"properties":{"u":0.9,"y":77}},{"type":"Feature","id":1371,"geometry":{"type":"Point","coordinates":[-106.32879,57.32968]},"properties":{"u":4.8,"y":77}},{"type":"Feature","id":1372,"geometry":{"type":"Point","coordinates":[-106.4159,57.25169]},"properties":{"u":0.3,"y":77}},{"type":"Feature","id":1373,"geometry":{"type":"Point","coordinates":[-106.42895,57.23721]},"properties":{"u":0.2,"y":77}},{"type":"Feature","id":1374,"geometry":{"type":"Point","coordinates":[-106.4425,57.22686]},"properties":{"u":1.3,"y":77}},{"type":"Feature","id":1375,"geometry":{"type":"Point","coordinates":[-106.36659,57.24064]},"properties":{"u":0.1,"y":77}},{"type":"Feature","id":1376,"geometry":{"type":"Point","coordinates":[-106.37654,57.26344]},"properties":{"u":0.4,"y":77}},{"type":"Feature","id":1377,"geometry":{"type":"Point","coordinates":[-106.35568,57.2652]},"properties":{"u":0.3,"y":77}},{"type":"Feature","id":1378,"geometry":{"type":"Point","coordinates":[-106.33815,57.27275]},"properties":{"u":0.4,"y":77}},{"type":"Feature","id":1379,"geometry":{"type":"Point","coordinates":[-106.3133,57.2555]},"properties":{"u":0.3,"y":77}},{"type":"Feature","id":1380,"geometry":{"type":"Point","coordinates":[-106.29114,57.22464]},"properties":{"u":0.3,"y":77}},{"type":"Feature","id":1381,"geometry":{"type":"Point","coordinates":[-106.28782,57.23069]},"properties":{"u":0.4,"y":77}},{"type":"Feature","id":1382,"geometry":{"type":"Point","coordinates":[-106.24714,57.25455]},"properties":{"u":0.3,"y":77}},{"type":"Feature","id":1383,"geometry":{"type":"Point","coordinates":[-106.26024,57.28263]},"properties":{"u":0.9,"y":77}},{"type":"Feature","id":1384,"geometry":{"type":"Point","coordinates":[-106.29211,57.32952]},"properties":{"u":1.2,"y":77}},{"type":"Feature","id":1385,"geometry":{"type":"Point","coordinates":[-106.28688,57.33303]},"properties":{"u":1.4000000000000001,"y":77}},{"type":"Feature","id":1386,"geometry":{"type":"Point","coordinates":[-106.27908,57.33563]},"properties":{"u":1,"y":77}},{"type":"Feature","id":1387,"geometry":{"type":"Point","coordinates":[-106.19957,57.32091]},"properties":{"u":1.7,"y":77}},{"type":"Feature","id":1388,"geometry":{"type":"Point","coordinates":[-106.22883,57.21983]},"properties":{"u":1.1,"y":77}},{"type":"Feature","id":1389,"geometry":{"type":"Point","coordinates":[-106.14781,57.32202]},"properties":{"u":0.4,"y":77}},{"type":"Feature","id":1390,"geometry":{"type":"Point","coordinates":[-106.13952,57.32731]},"properties":{"u":0.5,"y":77}},{"type":"Feature","id":1391,"geometry":{"type":"Point","coordinates":[-106.17875,57.22489]},"properties":{"u":0.5,"y":77}},{"type":"Feature","id":1392,"geometry":{"type":"Point","coordinates":[-106.14273,57.22675]},"properties":{"u":0.7000000000000001,"y":77}},{"type":"Feature","id":1393,"geometry":{"type":"Point","coordinates":[-106.06636,57.27383]},"properties":{"u":1.9000000000000001,"y":77}},{"type":"Feature","id":1394,"geometry":{"type":"Point","coordinates":[-106.02376,57.19395]},"properties":{"u":1.7,"y":77}},{"type":"Feature","id":1395,"geometry":{"type":"Point","coordinates":[-106.02967,57.19175]},"properties":{"u":1.5,"y":77}},{"type":"Feature","id":1396,"geometry":{"type":"Point","coordinates":[-106.01707,57.33815]},"properties":{"u":1.2,"y":77}},{"type":"Feature","id":1397,"geometry":{"type":"Point","coordinates":[-106.00661,57.33743]},"properties":{"u":1.1,"y":77}},{"type":"Feature","id":1398,"geometry":{"type":"Point","coordinates":[-106.10286,57.23439]},"properties":{"u":0.1,"y":77}},{"type":"Feature","id":1399,"geometry":{"type":"Point","coordinates":[-106.10104,57.22829]},"properties":{"u":0.7000000000000001,"y":77}},{"type":"Feature","id":1400,"geometry":{"type":"Point","coordinates":[-106.08244,57.23681]},"properties":{"u":3,"y":77}},{"type":"Feature","id":1401,"geometry":{"type":"Point","coordinates":[-106.01225,57.26147]},"properties":{"u":1.7,"y":77}},{"type":"Feature","id":1402,"geometry":{"type":"Point","coordinates":[-106.66896,57.36558]},"properties":{"u":0.5,"y":77}},{"type":"Feature","id":1403,"geometry":{"type":"Point","coordinates":[-106.47779,57.23593]},"properties":{"u":1.3,"y":77}},{"type":"Feature","id":1404,"geometry":{"type":"Point","coordinates":[-106.4857,57.24931]},"properties":{"u":0.5,"y":77}},{"type":"Feature","id":1405,"geometry":{"type":"Point","coordinates":[-106.47615,57.2567]},"properties":{"u":0.4,"y":77}},{"type":"Feature","id":1406,"geometry":{"type":"Point","coordinates":[-106.46245,57.26683]},"properties":{"u":1.1,"y":77}},{"type":"Feature","id":1407,"geometry":{"type":"Point","coordinates":[-106.44666,57.30825]},"properties":{"u":0.8,"y":77}},{"type":"Feature","id":1408,"geometry":{"type":"Point","coordinates":[-106.47487,57.30662]},"properties":{"u":1.1,"y":77}},{"type":"Feature","id":1409,"geometry":{"type":"Point","coordinates":[-106.42736,57.28493]},"properties":{"u":0.4,"y":77}},{"type":"Feature","id":1410,"geometry":{"type":"Point","coordinates":[-106.36025,57.33572]},"properties":{"u":0.5,"y":77}},{"type":"Feature","id":1411,"geometry":{"type":"Point","coordinates":[-106.36126,57.3252]},"properties":{"u":0.5,"y":77}},{"type":"Feature","id":1412,"geometry":{"type":"Point","coordinates":[-106.35187,57.31591]},"properties":{"u":0.2,"y":77}},{"type":"Feature","id":1413,"geometry":{"type":"Point","coordinates":[-106.35698,57.28733]},"properties":{"u":0.3,"y":77}},{"type":"Feature","id":1414,"geometry":{"type":"Point","coordinates":[-106.36178,57.27955]},"properties":{"u":0.7000000000000001,"y":77}},{"type":"Feature","id":1415,"geometry":{"type":"Point","coordinates":[-106.39069,57.26881]},"properties":{"u":0.8,"y":77}},{"type":"Feature","id":1416,"geometry":{"type":"Point","coordinates":[-106.39118,57.24221]},"properties":{"u":0.4,"y":77}},{"type":"Feature","id":1417,"geometry":{"type":"Point","coordinates":[-106.38177,57.22098]},"properties":{"u":0.9,"y":77}},{"type":"Feature","id":1418,"geometry":{"type":"Point","coordinates":[-106.36287,57.22227]},"properties":{"u":0.6,"y":77}},{"type":"Feature","id":1419,"geometry":{"type":"Point","coordinates":[-106.36494,57.22498]},"properties":{"u":0.5,"y":77}},{"type":"Feature","id":1420,"geometry":{"type":"Point","coordinates":[-106.37035,57.26684]},"properties":{"u":0.6,"y":77}},{"type":"Feature","id":1421,"geometry":{"type":"Point","coordinates":[-106.3338,57.2617]},"properties":{"u":0.4,"y":77}},{"type":"Feature","id":1422,"geometry":{"type":"Point","coordinates":[-106.32321,57.23639]},"properties":{"u":0.4,"y":77}},{"type":"Feature","id":1423,"geometry":{"type":"Point","coordinates":[-106.33285,57.22403]},"properties":{"u":0.9,"y":77}},{"type":"Feature","id":1424,"geometry":{"type":"Point","coordinates":[-106.26033,57.22994]},"properties":{"u":0.6,"y":77}},{"type":"Feature","id":1425,"geometry":{"type":"Point","coordinates":[-106.26228,57.22462]},"properties":{"u":0.7000000000000001,"y":77}},{"type":"Feature","id":1426,"geometry":{"type":"Point","coordinates":[-106.24873,57.26752]},"properties":{"u":0.9,"y":77}},{"type":"Feature","id":1427,"geometry":{"type":"Point","coordinates":[-106.23349,57.28802]},"properties":{"u":0.7000000000000001,"y":77}},{"type":"Feature","id":1428,"geometry":{"type":"Point","coordinates":[-106.28554,57.27806]},"properties":{"u":0.4,"y":77}},{"type":"Feature","id":1429,"geometry":{"type":"Point","coordinates":[-106.26785,57.30093]},"properties":{"u":0.2,"y":77}},{"type":"Feature","id":1430,"geometry":{"type":"Point","coordinates":[-106.19254,57.33252]},"properties":{"u":1,"y":77}},{"type":"Feature","id":1431,"geometry":{"type":"Point","coordinates":[-106.22959,57.31878]},"properties":{"u":0.8,"y":77}},{"type":"Feature","id":1432,"geometry":{"type":"Point","coordinates":[-106.21869,57.27293]},"properties":{"u":0.6,"y":77}},{"type":"Feature","id":1433,"geometry":{"type":"Point","coordinates":[-106.22074,57.24767]},"properties":{"u":0.5,"y":77}},{"type":"Feature","id":1434,"geometry":{"type":"Point","coordinates":[-106.22098,57.23033]},"properties":{"u":0.8,"y":77}},{"type":"Feature","id":1435,"geometry":{"type":"Point","coordinates":[-106.21765,57.22133]},"properties":{"u":0.9,"y":77}},{"type":"Feature","id":1436,"geometry":{"type":"Point","coordinates":[-106.1486,57.31263]},"properties":{"u":1,"y":77}},{"type":"Feature","id":1437,"geometry":{"type":"Point","coordinates":[-106.16231,57.33829]},"properties":{"u":1,"y":77}},{"type":"Feature","id":1438,"geometry":{"type":"Point","coordinates":[-106.11203,57.29894]},"properties":{"u":0.2,"y":77}},{"type":"Feature","id":1439,"geometry":{"type":"Point","coordinates":[-106.13804,57.28205]},"properties":{"u":0.9,"y":77}},{"type":"Feature","id":1440,"geometry":{"type":"Point","coordinates":[-106.13831,57.25653]},"properties":{"u":0.3,"y":77}},{"type":"Feature","id":1441,"geometry":{"type":"Point","coordinates":[-106.1298,57.22754]},"properties":{"u":1.1,"y":77}},{"type":"Feature","id":1442,"geometry":{"type":"Point","coordinates":[-106.12393,57.23429]},"properties":{"u":0.9,"y":77}},{"type":"Feature","id":1443,"geometry":{"type":"Point","coordinates":[-106.03783,57.19051]},"properties":{"u":5.9,"y":77}},{"type":"Feature","id":1444,"geometry":{"type":"Point","coordinates":[-106.04222,57.18662]},"properties":{"u":0.8,"y":77}},{"type":"Feature","id":1445,"geometry":{"type":"Point","coordinates":[-106.0254,57.28589]},"properties":{"u":0.3,"y":77}},{"type":"Feature","id":1446,"geometry":{"type":"Point","coordinates":[-106.0241,57.27449]},"properties":{"u":0.3,"y":77}},{"type":"Feature","id":1447,"geometry":{"type":"Point","coordinates":[-106.08102,57.25308]},"properties":{"u":0.7000000000000001,"y":77}},{"type":"Feature","id":1448,"geometry":{"type":"Point","coordinates":[-106.08673,57.25209]},"properties":{"u":1,"y":77}},{"type":"Feature","id":1449,"geometry":{"type":"Point","coordinates":[-106.07076,57.22433]},"properties":{"u":0.3,"y":77}},{"type":"Feature","id":1450,"geometry":{"type":"Point","coordinates":[-106.04505,57.23461]},"properties":{"u":0.4,"y":77}},{"type":"Feature","id":1451,"geometry":{"type":"Point","coordinates":[-105.96146,57.27135]},"properties":{"u":1.2,"y":77}},{"type":"Feature","id":1452,"geometry":{"type":"Point","coordinates":[-106.01256,57.23411]},"properties":{"u":1.7,"y":77}},{"type":"Feature","id":1453,"geometry":{"type":"Point","coordinates":[-106.01385,57.20935]},"properties":{"u":1.8,"y":77}},{"type":"Feature","id":1454,"geometry":{"type":"Point","coordinates":[-106.04828,57.26162]},"properties":{"u":1.7,"y":77}},{"type":"Feature","id":1455,"geometry":{"type":"Point","coordinates":[-106.08812,57.24377]},"properties":{"u":0.7000000000000001,"y":77}},{"type":"Feature","id":1456,"geometry":{"type":"Point","coordinates":[-106.04405,57.23978]},"properties":{"u":0.5,"y":77}},{"type":"Feature","id":1457,"geometry":{"type":"Point","coordinates":[-106.8198,57.35688]},"properties":{"u":1,"y":77}},{"type":"Feature","id":1458,"geometry":{"type":"Point","coordinates":[-106.45231,57.25307]},"properties":{"u":1.2,"y":77}},{"type":"Feature","id":1459,"geometry":{"type":"Point","coordinates":[-106.43694,57.274]},"properties":{"u":1.2,"y":77}},{"type":"Feature","id":1460,"geometry":{"type":"Point","coordinates":[-106.42181,57.30323]},"properties":{"u":0.5,"y":77}},{"type":"Feature","id":1461,"geometry":{"type":"Point","coordinates":[-106.371,57.32617]},"properties":{"u":0.6,"y":77}},{"type":"Feature","id":1462,"geometry":{"type":"Point","coordinates":[-106.36115,57.28212]},"properties":{"u":0.7000000000000001,"y":77}},{"type":"Feature","id":1463,"geometry":{"type":"Point","coordinates":[-106.45207,57.22437]},"properties":{"u":1.3,"y":77}},{"type":"Feature","id":1464,"geometry":{"type":"Point","coordinates":[-106.37341,57.22341]},"properties":{"u":0.4,"y":77}},{"type":"Feature","id":1465,"geometry":{"type":"Point","coordinates":[-106.35177,57.2572]},"properties":{"u":0.7000000000000001,"y":77}},{"type":"Feature","id":1466,"geometry":{"type":"Point","coordinates":[-106.26425,57.23417]},"properties":{"u":0.6,"y":77}},{"type":"Feature","id":1467,"geometry":{"type":"Point","coordinates":[-106.23526,57.26999]},"properties":{"u":1.9000000000000001,"y":77}},{"type":"Feature","id":1468,"geometry":{"type":"Point","coordinates":[-106.23785,57.28595]},"properties":{"u":1,"y":77}},{"type":"Feature","id":1469,"geometry":{"type":"Point","coordinates":[-106.27406,57.28088]},"properties":{"u":0.5,"y":77}},{"type":"Feature","id":1470,"geometry":{"type":"Point","coordinates":[-106.19519,57.33784]},"properties":{"u":0.8,"y":77}},{"type":"Feature","id":1471,"geometry":{"type":"Point","coordinates":[-106.18425,57.26383]},"properties":{"u":0.3,"y":77}},{"type":"Feature","id":1472,"geometry":{"type":"Point","coordinates":[-106.15274,57.30334]},"properties":{"u":0.7000000000000001,"y":77}},{"type":"Feature","id":1473,"geometry":{"type":"Point","coordinates":[-106.11893,57.29619]},"properties":{"u":0.8,"y":77}},{"type":"Feature","id":1474,"geometry":{"type":"Point","coordinates":[-106.11631,57.29136]},"properties":{"u":0.6,"y":77}},{"type":"Feature","id":1475,"geometry":{"type":"Point","coordinates":[-106.16974,57.22287]},"properties":{"u":0.3,"y":77}},{"type":"Feature","id":1476,"geometry":{"type":"Point","coordinates":[-106.29902,57.42088]},"properties":{"u":0.7000000000000001,"y":77}},{"type":"Feature","id":1477,"geometry":{"type":"Point","coordinates":[-106.21389,57.4193]},"properties":{"u":0.3,"y":77}},{"type":"Feature","id":1478,"geometry":{"type":"Point","coordinates":[-106.50209,57.31706]},"properties":{"u":1,"y":77}},{"type":"Feature","id":1479,"geometry":{"type":"Point","coordinates":[-106.58536,57.28525]},"properties":{"u":1.2,"y":77}},{"type":"Feature","id":1480,"geometry":{"type":"Point","coordinates":[-106.74288,57.33474]},"properties":{"u":1.3,"y":77}},{"type":"Feature","id":1481,"geometry":{"type":"Point","coordinates":[-106.70222,57.39574]},"properties":{"u":0.8,"y":77}},{"type":"Feature","id":1482,"geometry":{"type":"Point","coordinates":[-106.10378,57.29792]},"properties":{"u":1.4000000000000001,"y":77}},{"type":"Feature","id":1483,"geometry":{"type":"Point","coordinates":[-107.81951,57.48896]},"properties":{"u":1.1,"y":77}},{"type":"Feature","id":1484,"geometry":{"type":"Point","coordinates":[-107.74263,57.45774]},"properties":{"u":8.1,"y":77}},{"type":"Feature","id":1485,"geometry":{"type":"Point","coordinates":[-106.40213,57.31684]},"properties":{"u":0.5,"y":77}},{"type":"Feature","id":1486,"geometry":{"type":"Point","coordinates":[-106.4367,57.22337]},"properties":{"u":0.6,"y":77}},{"type":"Feature","id":1487,"geometry":{"type":"Point","coordinates":[-106.2698,57.24274]},"properties":{"u":0.5,"y":77}},{"type":"Feature","id":1488,"geometry":{"type":"Point","coordinates":[-106.26625,57.27619]},"properties":{"u":0.9,"y":77}},{"type":"Feature","id":1489,"geometry":{"type":"Point","coordinates":[-106.21902,57.32486]},"properties":{"u":0.9,"y":77}},{"type":"Feature","id":1490,"geometry":{"type":"Point","coordinates":[-106.2032,57.23328]},"properties":{"u":0.6,"y":77}},{"type":"Feature","id":1491,"geometry":{"type":"Point","coordinates":[-106.1913,57.2382]},"properties":{"u":0.7000000000000001,"y":77}},{"type":"Feature","id":1492,"geometry":{"type":"Point","coordinates":[-106.97799,57.28648]},"properties":{"u":1.7,"y":77}},{"type":"Feature","id":1493,"geometry":{"type":"Point","coordinates":[-104.27301,58.9526]},"properties":{"u":4,"y":76}},{"type":"Feature","id":1494,"geometry":{"type":"Point","coordinates":[-104.38058,59.01243]},"properties":{"u":21,"y":76}},{"type":"Feature","id":1495,"geometry":{"type":"Point","coordinates":[-104.47268,59.0414]},"properties":{"u":4,"y":76}},{"type":"Feature","id":1496,"geometry":{"type":"Point","coordinates":[-107.06787,57.28055]},"properties":{"u":1.1,"y":77}},{"type":"Feature","id":1497,"geometry":{"type":"Point","coordinates":[-106.29021,57.39159]},"properties":{"u":0.5,"y":77}},{"type":"Feature","id":1498,"geometry":{"type":"Point","coordinates":[-106.56006,57.37034]},"properties":{"u":0.7000000000000001,"y":77}},{"type":"Feature","id":1499,"geometry":{"type":"Point","coordinates":[-106.62413,57.36138]},"properties":{"u":1.2,"y":77}},{"type":"Feature","id":1500,"geometry":{"type":"Point","coordinates":[-106.57695,57.34248]},"properties":{"u":1.4000000000000001,"y":77}},{"type":"Feature","id":1501,"geometry":{"type":"Point","coordinates":[-106.56424,57.34118]},"properties":{"u":1.2,"y":77}},{"type":"Feature","id":1502,"geometry":{"type":"Point","coordinates":[-106.63802,57.34181]},"properties":{"u":0.7000000000000001,"y":77}},{"type":"Feature","id":1503,"geometry":{"type":"Point","coordinates":[-106.67589,57.34072]},"properties":{"u":1.5,"y":77}},{"type":"Feature","id":1504,"geometry":{"type":"Point","coordinates":[-106.67348,57.39235]},"properties":{"u":0.3,"y":77}},{"type":"Feature","id":1505,"geometry":{"type":"Point","coordinates":[-106.21689,57.25256]},"properties":{"u":0.6,"y":77}},{"type":"Feature","id":1506,"geometry":{"type":"Point","coordinates":[-106.21156,57.27747]},"properties":{"u":1.2,"y":77}},{"type":"Feature","id":1507,"geometry":{"type":"Point","coordinates":[-106.17671,57.27749]},"properties":{"u":2.1,"y":77}},{"type":"Feature","id":1508,"geometry":{"type":"Point","coordinates":[-106.04975,57.30561]},"properties":{"u":1,"y":77}},{"type":"Feature","id":1509,"geometry":{"type":"Point","coordinates":[-107.80012,57.52101]},"properties":{"u":7.8,"y":77}},{"type":"Feature","id":1510,"geometry":{"type":"Point","coordinates":[-107.81363,57.51296]},"properties":{"u":7.2,"y":77}},{"type":"Feature","id":1511,"geometry":{"type":"Point","coordinates":[-106.46851,57.2478]},"properties":{"u":0.5,"y":77}},{"type":"Feature","id":1512,"geometry":{"type":"Point","coordinates":[-106.43503,57.28157]},"properties":{"u":1.1,"y":77}},{"type":"Feature","id":1513,"geometry":{"type":"Point","coordinates":[-106.32926,57.30178]},"properties":{"u":0.4,"y":77}},{"type":"Feature","id":1514,"geometry":{"type":"Point","coordinates":[-106.34067,57.29703]},"properties":{"u":0.5,"y":77}},{"type":"Feature","id":1515,"geometry":{"type":"Point","coordinates":[-106.34671,57.29166]},"properties":{"u":0.6,"y":77}},{"type":"Feature","id":1516,"geometry":{"type":"Point","coordinates":[-106.37533,57.28174]},"properties":{"u":0.2,"y":77}},{"type":"Feature","id":1517,"geometry":{"type":"Point","coordinates":[-106.44619,57.22062]},"properties":{"u":0.6,"y":77}},{"type":"Feature","id":1518,"geometry":{"type":"Point","coordinates":[-106.31003,57.27175]},"properties":{"u":0.4,"y":77}},{"type":"Feature","id":1519,"geometry":{"type":"Point","coordinates":[-106.30244,57.25925]},"properties":{"u":0.2,"y":77}},{"type":"Feature","id":1520,"geometry":{"type":"Point","coordinates":[-106.26285,57.26554]},"properties":{"u":0.4,"y":77}},{"type":"Feature","id":1521,"geometry":{"type":"Point","coordinates":[-106.2625,57.33903]},"properties":{"u":1,"y":77}},{"type":"Feature","id":1522,"geometry":{"type":"Point","coordinates":[-106.23147,57.32824]},"properties":{"u":1.9000000000000001,"y":77}},{"type":"Feature","id":1523,"geometry":{"type":"Point","coordinates":[-106.20651,57.22647]},"properties":{"u":0.6,"y":77}},{"type":"Feature","id":1524,"geometry":{"type":"Point","coordinates":[-106.15622,57.23341]},"properties":{"u":0.6,"y":77}},{"type":"Feature","id":1525,"geometry":{"type":"Point","coordinates":[-106.19099,57.21579]},"properties":{"u":0.3,"y":77}},{"type":"Feature","id":1526,"geometry":{"type":"Point","coordinates":[-104.24476,58.93455]},"properties":{"u":5,"y":76}},{"type":"Feature","id":1527,"geometry":{"type":"Point","coordinates":[-104.28747,58.9907]},"properties":{"u":3,"y":76}},{"type":"Feature","id":1528,"geometry":{"type":"Point","coordinates":[-104.25672,58.9436]},"properties":{"u":3,"y":76}},{"type":"Feature","id":1529,"geometry":{"type":"Point","coordinates":[-104.24488,58.9487]},"properties":{"u":5,"y":76}},{"type":"Feature","id":1530,"geometry":{"type":"Point","coordinates":[-104.22298,58.95643]},"properties":{"u":5,"y":76}},{"type":"Feature","id":1531,"geometry":{"type":"Point","coordinates":[-104.20138,58.95091]},"properties":{"u":5,"y":76}},{"type":"Feature","id":1532,"geometry":{"type":"Point","coordinates":[-104.21339,58.97703]},"properties":{"u":5,"y":76}},{"type":"Feature","id":1533,"geometry":{"type":"Point","coordinates":[-104.22129,58.98525]},"properties":{"u":2,"y":76}},{"type":"Feature","id":1534,"geometry":{"type":"Point","coordinates":[-104.16474,59.01063]},"properties":{"u":3,"y":76}},{"type":"Feature","id":1535,"geometry":{"type":"Point","coordinates":[-104.19027,58.99866]},"properties":{"u":3,"y":76}},{"type":"Feature","id":1536,"geometry":{"type":"Point","coordinates":[-103.99688,58.97486]},"properties":{"u":2,"y":76}},{"type":"Feature","id":1537,"geometry":{"type":"Point","coordinates":[-104.06279,59.00431]},"properties":{"u":9,"y":76}},{"type":"Feature","id":1538,"geometry":{"type":"Point","coordinates":[-104.26349,59.0339]},"properties":{"u":7,"y":76}},{"type":"Feature","id":1539,"geometry":{"type":"Point","coordinates":[-104.27913,59.0149]},"properties":{"u":6,"y":76}},{"type":"Feature","id":1540,"geometry":{"type":"Point","coordinates":[-104.24659,59.01]},"properties":{"u":2,"y":76}},{"type":"Feature","id":1541,"geometry":{"type":"Point","coordinates":[-104.24711,59.00597]},"properties":{"u":2,"y":76}},{"type":"Feature","id":1542,"geometry":{"type":"Point","coordinates":[-104.30395,59.03637]},"properties":{"u":1,"y":76}},{"type":"Feature","id":1543,"geometry":{"type":"Point","coordinates":[-104.33951,59.04397]},"properties":{"u":4,"y":76}},{"type":"Feature","id":1544,"geometry":{"type":"Point","coordinates":[-104.33018,59.03067]},"properties":{"u":2,"y":76}},{"type":"Feature","id":1545,"geometry":{"type":"Point","coordinates":[-104.32983,59.0264]},"properties":{"u":2,"y":76}},{"type":"Feature","id":1546,"geometry":{"type":"Point","coordinates":[-104.35068,59.02898]},"properties":{"u":2,"y":76}},{"type":"Feature","id":1547,"geometry":{"type":"Point","coordinates":[-104.36496,59.03399]},"properties":{"u":2,"y":76}},{"type":"Feature","id":1548,"geometry":{"type":"Point","coordinates":[-104.50617,58.99823]},"properties":{"u":1,"y":76}},{"type":"Feature","id":1549,"geometry":{"type":"Point","coordinates":[-104.48785,59.00108]},"properties":{"u":2,"y":76}},{"type":"Feature","id":1550,"geometry":{"type":"Point","coordinates":[-104.44835,58.97312]},"properties":{"u":6,"y":76}},{"type":"Feature","id":1551,"geometry":{"type":"Point","coordinates":[-104.44356,58.96789]},"properties":{"u":5,"y":76}},{"type":"Feature","id":1552,"geometry":{"type":"Point","coordinates":[-104.2954,58.96448]},"properties":{"u":3,"y":76}},{"type":"Feature","id":1553,"geometry":{"type":"Point","coordinates":[-104.29919,58.97056]},"properties":{"u":-0.5,"y":76}},{"type":"Feature","id":1554,"geometry":{"type":"Point","coordinates":[-104.3014,58.9901]},"properties":{"u":4,"y":76}},{"type":"Feature","id":1555,"geometry":{"type":"Point","coordinates":[-104.48515,58.97749]},"properties":{"u":9,"y":76}},{"type":"Feature","id":1556,"geometry":{"type":"Point","coordinates":[-104.63301,59.14045]},"properties":{"u":2,"y":76}},{"type":"Feature","id":1557,"geometry":{"type":"Point","coordinates":[-104.62813,59.14008]},"properties":{"u":1,"y":76}},{"type":"Feature","id":1558,"geometry":{"type":"Point","coordinates":[-104.64689,59.15126]},"properties":{"u":3,"y":76}},{"type":"Feature","id":1559,"geometry":{"type":"Point","coordinates":[-104.61572,59.15531]},"properties":{"u":-0.5,"y":76}},{"type":"Feature","id":1560,"geometry":{"type":"Point","coordinates":[-104.49865,59.15581]},"properties":{"u":7,"y":76}},{"type":"Feature","id":1561,"geometry":{"type":"Point","coordinates":[-104.5009,59.15132]},"properties":{"u":4,"y":76}},{"type":"Feature","id":1562,"geometry":{"type":"Point","coordinates":[-104.49136,59.08731]},"properties":{"u":7,"y":76}},{"type":"Feature","id":1563,"geometry":{"type":"Point","coordinates":[-104.45969,59.09279]},"properties":{"u":55,"y":76}},{"type":"Feature","id":1564,"geometry":{"type":"Point","coordinates":[-104.27666,59.04947]},"properties":{"u":9,"y":76}},{"type":"Feature","id":1565,"geometry":{"type":"Point","coordinates":[-104.25701,59.0516]},"properties":{"u":8,"y":76}},{"type":"Feature","id":1566,"geometry":{"type":"Point","coordinates":[-104.30521,58.99529]},"properties":{"u":7,"y":76}},{"type":"Feature","id":1567,"geometry":{"type":"Point","coordinates":[-104.30871,58.95085]},"properties":{"u":1,"y":76}},{"type":"Feature","id":1568,"geometry":{"type":"Point","coordinates":[-104.28194,58.96368]},"properties":{"u":21,"y":76}},{"type":"Feature","id":1569,"geometry":{"type":"Point","coordinates":[-104.19225,58.98812]},"properties":{"u":1,"y":76}},{"type":"Feature","id":1570,"geometry":{"type":"Point","coordinates":[-104.17496,58.98352]},"properties":{"u":-0.5,"y":76}},{"type":"Feature","id":1571,"geometry":{"type":"Point","coordinates":[-104.15616,58.96971]},"properties":{"u":4,"y":76}},{"type":"Feature","id":1572,"geometry":{"type":"Point","coordinates":[-104.33126,58.97499]},"properties":{"u":3,"y":76}},{"type":"Feature","id":1573,"geometry":{"type":"Point","coordinates":[-104.55594,58.98539]},"properties":{"u":4,"y":76}},{"type":"Feature","id":1574,"geometry":{"type":"Point","coordinates":[-104.59393,59.00976]},"properties":{"u":6,"y":76}},{"type":"Feature","id":1575,"geometry":{"type":"Point","coordinates":[-104.34436,59.01795]},"properties":{"u":20,"y":76}},{"type":"Feature","id":1576,"geometry":{"type":"Point","coordinates":[-104.47619,59.02348]},"properties":{"u":11,"y":76}},{"type":"Feature","id":1577,"geometry":{"type":"Point","coordinates":[-104.38213,59.04799]},"properties":{"u":7,"y":76}},{"type":"Feature","id":1578,"geometry":{"type":"Point","coordinates":[-104.45856,59.03711]},"properties":{"u":3,"y":76}},{"type":"Feature","id":1579,"geometry":{"type":"Point","coordinates":[-104.53112,59.05086]},"properties":{"u":13,"y":76}},{"type":"Feature","id":1580,"geometry":{"type":"Point","coordinates":[-104.5434,59.04507]},"properties":{"u":10,"y":76}},{"type":"Feature","id":1581,"geometry":{"type":"Point","coordinates":[-104.57245,59.09209]},"properties":{"u":9,"y":76}},{"type":"Feature","id":1582,"geometry":{"type":"Point","coordinates":[-104.5192,59.09325]},"properties":{"u":7,"y":76}},{"type":"Feature","id":1583,"geometry":{"type":"Point","coordinates":[-105.24494,59.11613]},"properties":{"u":5,"y":76}},{"type":"Feature","id":1584,"geometry":{"type":"Point","coordinates":[-105.24891,59.12173]},"properties":{"u":1,"y":76}},{"type":"Feature","id":1585,"geometry":{"type":"Point","coordinates":[-105.17368,59.09403]},"properties":{"u":4,"y":76}},{"type":"Feature","id":1586,"geometry":{"type":"Point","coordinates":[-105.19719,59.08613]},"properties":{"u":18,"y":76}},{"type":"Feature","id":1587,"geometry":{"type":"Point","coordinates":[-105.20246,59.09241]},"properties":{"u":6,"y":76}},{"type":"Feature","id":1588,"geometry":{"type":"Point","coordinates":[-105.09731,59.09298]},"properties":{"u":2,"y":76}},{"type":"Feature","id":1589,"geometry":{"type":"Point","coordinates":[-105.10864,59.08691]},"properties":{"u":1,"y":76}},{"type":"Feature","id":1590,"geometry":{"type":"Point","coordinates":[-105.12124,59.07208]},"properties":{"u":-0.5,"y":76}},{"type":"Feature","id":1591,"geometry":{"type":"Point","coordinates":[-105.15348,59.06666]},"properties":{"u":5,"y":76}},{"type":"Feature","id":1592,"geometry":{"type":"Point","coordinates":[-105.16178,59.06912]},"properties":{"u":1,"y":76}},{"type":"Feature","id":1593,"geometry":{"type":"Point","coordinates":[-105.21059,59.06523]},"properties":{"u":2,"y":76}},{"type":"Feature","id":1594,"geometry":{"type":"Point","coordinates":[-105.21625,59.06365]},"properties":{"u":13,"y":76}},{"type":"Feature","id":1595,"geometry":{"type":"Point","coordinates":[-105.25479,59.09097]},"properties":{"u":1,"y":76}},{"type":"Feature","id":1596,"geometry":{"type":"Point","coordinates":[-105.26086,59.08512]},"properties":{"u":3,"y":76}},{"type":"Feature","id":1597,"geometry":{"type":"Point","coordinates":[-105.1974,59.04707]},"properties":{"u":2,"y":76}},{"type":"Feature","id":1598,"geometry":{"type":"Point","coordinates":[-105.21259,59.03717]},"properties":{"u":15,"y":76}},{"type":"Feature","id":1599,"geometry":{"type":"Point","coordinates":[-105.20375,59.01473]},"properties":{"u":2,"y":76}},{"type":"Feature","id":1600,"geometry":{"type":"Point","coordinates":[-105.20841,58.99429]},"properties":{"u":-0.5,"y":76}},{"type":"Feature","id":1601,"geometry":{"type":"Point","coordinates":[-105.21495,58.99608]},"properties":{"u":23,"y":76}},{"type":"Feature","id":1602,"geometry":{"type":"Point","coordinates":[-105.05411,59.08897]},"properties":{"u":5,"y":76}},{"type":"Feature","id":1603,"geometry":{"type":"Point","coordinates":[-105.07723,59.08626]},"properties":{"u":-0.5,"y":76}},{"type":"Feature","id":1604,"geometry":{"type":"Point","coordinates":[-105.07983,59.08087]},"properties":{"u":6,"y":76}},{"type":"Feature","id":1605,"geometry":{"type":"Point","coordinates":[-105.11639,59.05592]},"properties":{"u":7,"y":76}},{"type":"Feature","id":1606,"geometry":{"type":"Point","coordinates":[-105.12639,59.05053]},"properties":{"u":2,"y":76}},{"type":"Feature","id":1607,"geometry":{"type":"Point","coordinates":[-105.0856,59.11813]},"properties":{"u":2,"y":76}},{"type":"Feature","id":1608,"geometry":{"type":"Point","coordinates":[-104.99259,59.13163]},"properties":{"u":-0.5,"y":76}},{"type":"Feature","id":1609,"geometry":{"type":"Point","coordinates":[-104.9878,59.09594]},"properties":{"u":11,"y":76}},{"type":"Feature","id":1610,"geometry":{"type":"Point","coordinates":[-105.01311,59.09706]},"properties":{"u":8,"y":76}},{"type":"Feature","id":1611,"geometry":{"type":"Point","coordinates":[-105.00569,59.09167]},"properties":{"u":21,"y":76}},{"type":"Feature","id":1612,"geometry":{"type":"Point","coordinates":[-105.03012,59.09594]},"properties":{"u":7,"y":76}},{"type":"Feature","id":1613,"geometry":{"type":"Point","coordinates":[-105.02226,59.08808]},"properties":{"u":1,"y":76}},{"type":"Feature","id":1614,"geometry":{"type":"Point","coordinates":[-105.03099,59.08404]},"properties":{"u":3,"y":76}},{"type":"Feature","id":1615,"geometry":{"type":"Point","coordinates":[-105.05132,59.08583]},"properties":{"u":1,"y":76}},{"type":"Feature","id":1616,"geometry":{"type":"Point","coordinates":[-104.95026,59.1058]},"properties":{"u":3,"y":76}},{"type":"Feature","id":1617,"geometry":{"type":"Point","coordinates":[-104.96769,59.13454]},"properties":{"u":21,"y":76}},{"type":"Feature","id":1618,"geometry":{"type":"Point","coordinates":[-104.95683,59.08718]},"properties":{"u":1,"y":76}},{"type":"Feature","id":1619,"geometry":{"type":"Point","coordinates":[-104.93897,59.07078]},"properties":{"u":7,"y":76}},{"type":"Feature","id":1620,"geometry":{"type":"Point","coordinates":[-104.92329,59.06471]},"properties":{"u":8,"y":76}},{"type":"Feature","id":1621,"geometry":{"type":"Point","coordinates":[-104.91502,59.05864]},"properties":{"u":5,"y":76}},{"type":"Feature","id":1622,"geometry":{"type":"Point","coordinates":[-104.9572,59.13633]},"properties":{"u":-0.5,"y":76}},{"type":"Feature","id":1623,"geometry":{"type":"Point","coordinates":[-104.93891,59.10153]},"properties":{"u":-0.5,"y":76}},{"type":"Feature","id":1624,"geometry":{"type":"Point","coordinates":[-104.92581,59.10579]},"properties":{"u":2,"y":76}},{"type":"Feature","id":1625,"geometry":{"type":"Point","coordinates":[-104.53885,58.99431]},"properties":{"u":3,"y":76}},{"type":"Feature","id":1626,"geometry":{"type":"Point","coordinates":[-104.32477,58.99539]},"properties":{"u":1,"y":76}},{"type":"Feature","id":1627,"geometry":{"type":"Point","coordinates":[-104.95781,58.99692]},"properties":{"u":1,"y":76}},{"type":"Feature","id":1628,"geometry":{"type":"Point","coordinates":[-104.97738,59.00927]},"properties":{"u":3,"y":76}},{"type":"Feature","id":1629,"geometry":{"type":"Point","coordinates":[-105.00219,59.01781]},"properties":{"u":2,"y":76}},{"type":"Feature","id":1630,"geometry":{"type":"Point","coordinates":[-105.04917,58.99198]},"properties":{"u":4,"y":76}},{"type":"Feature","id":1631,"geometry":{"type":"Point","coordinates":[-105.05875,58.99759]},"properties":{"u":3,"y":76}},{"type":"Feature","id":1632,"geometry":{"type":"Point","coordinates":[-105.017,59.02903]},"properties":{"u":9,"y":76}},{"type":"Feature","id":1633,"geometry":{"type":"Point","coordinates":[-105.10405,59.0126]},"properties":{"u":-0.5,"y":76}},{"type":"Feature","id":1634,"geometry":{"type":"Point","coordinates":[-105.14534,58.99797]},"properties":{"u":2,"y":76}},{"type":"Feature","id":1635,"geometry":{"type":"Point","coordinates":[-105.17936,59.01297]},"properties":{"u":-0.5,"y":76}},{"type":"Feature","id":1636,"geometry":{"type":"Point","coordinates":[-105.17801,59.00399]},"properties":{"u":5,"y":76}},{"type":"Feature","id":1637,"geometry":{"type":"Point","coordinates":[-104.7196,59.02491]},"properties":{"u":10,"y":76}},{"type":"Feature","id":1638,"geometry":{"type":"Point","coordinates":[-104.69592,58.9941]},"properties":{"u":1,"y":76}},{"type":"Feature","id":1639,"geometry":{"type":"Point","coordinates":[-104.72339,58.98586]},"properties":{"u":-0.5,"y":76}},{"type":"Feature","id":1640,"geometry":{"type":"Point","coordinates":[-104.74805,59.00432]},"properties":{"u":12,"y":76}},{"type":"Feature","id":1641,"geometry":{"type":"Point","coordinates":[-104.76074,58.99446]},"properties":{"u":14,"y":76}},{"type":"Feature","id":1642,"geometry":{"type":"Point","coordinates":[-104.77685,58.98955]},"properties":{"u":-0.5,"y":76}},{"type":"Feature","id":1643,"geometry":{"type":"Point","coordinates":[-104.81466,58.99747]},"properties":{"u":1,"y":76}},{"type":"Feature","id":1644,"geometry":{"type":"Point","coordinates":[-104.83551,59.00491]},"properties":{"u":5,"y":76}},{"type":"Feature","id":1645,"geometry":{"type":"Point","coordinates":[-104.65483,59.05686]},"properties":{"u":9,"y":76}},{"type":"Feature","id":1646,"geometry":{"type":"Point","coordinates":[-104.72554,59.04423]},"properties":{"u":12,"y":76}},{"type":"Feature","id":1647,"geometry":{"type":"Point","coordinates":[-104.76213,59.04498]},"properties":{"u":10,"y":76}},{"type":"Feature","id":1648,"geometry":{"type":"Point","coordinates":[-104.66849,59.04163]},"properties":{"u":3,"y":76}},{"type":"Feature","id":1649,"geometry":{"type":"Point","coordinates":[-104.67764,59.04098]},"properties":{"u":1,"y":76}},{"type":"Feature","id":1650,"geometry":{"type":"Point","coordinates":[-104.76177,59.0351]},"properties":{"u":2,"y":76}},{"type":"Feature","id":1651,"geometry":{"type":"Point","coordinates":[-104.78837,59.02684]},"properties":{"u":1,"y":76}},{"type":"Feature","id":1652,"geometry":{"type":"Point","coordinates":[-104.88946,59.0099]},"properties":{"u":2,"y":76}},{"type":"Feature","id":1653,"geometry":{"type":"Point","coordinates":[-104.89684,59.01575]},"properties":{"u":1,"y":76}},{"type":"Feature","id":1654,"geometry":{"type":"Point","coordinates":[-104.88038,58.99036]},"properties":{"u":5,"y":76}},{"type":"Feature","id":1655,"geometry":{"type":"Point","coordinates":[-104.89777,58.99397]},"properties":{"u":16,"y":76}},{"type":"Feature","id":1656,"geometry":{"type":"Point","coordinates":[-104.74683,58.99331]},"properties":{"u":3,"y":76}},{"type":"Feature","id":1657,"geometry":{"type":"Point","coordinates":[-104.71402,59.06689]},"properties":{"u":2,"y":76}},{"type":"Feature","id":1658,"geometry":{"type":"Point","coordinates":[-104.73018,59.06378]},"properties":{"u":15,"y":76}},{"type":"Feature","id":1659,"geometry":{"type":"Point","coordinates":[-104.74809,59.0582]},"properties":{"u":8,"y":76}},{"type":"Feature","id":1660,"geometry":{"type":"Point","coordinates":[-104.74515,59.10264]},"properties":{"u":5,"y":76}},{"type":"Feature","id":1661,"geometry":{"type":"Point","coordinates":[-104.7106,59.11087]},"properties":{"u":3,"y":76}},{"type":"Feature","id":1662,"geometry":{"type":"Point","coordinates":[-104.72743,59.08061]},"properties":{"u":3,"y":76}},{"type":"Feature","id":1663,"geometry":{"type":"Point","coordinates":[-104.77946,59.05826]},"properties":{"u":19,"y":76}},{"type":"Feature","id":1664,"geometry":{"type":"Point","coordinates":[-104.79718,59.08388]},"properties":{"u":20,"y":76}},{"type":"Feature","id":1665,"geometry":{"type":"Point","coordinates":[-104.82741,59.05698]},"properties":{"u":8,"y":76}},{"type":"Feature","id":1666,"geometry":{"type":"Point","coordinates":[-104.85036,59.07264]},"properties":{"u":4,"y":76}},{"type":"Feature","id":1667,"geometry":{"type":"Point","coordinates":[-104.83662,59.04622]},"properties":{"u":2,"y":76}},{"type":"Feature","id":1668,"geometry":{"type":"Point","coordinates":[-104.83655,59.05991]},"properties":{"u":8,"y":76}},{"type":"Feature","id":1669,"geometry":{"type":"Point","coordinates":[-104.84946,59.09877]},"properties":{"u":3,"y":76}},{"type":"Feature","id":1670,"geometry":{"type":"Point","coordinates":[-104.90171,59.13833]},"properties":{"u":4,"y":76}},{"type":"Feature","id":1671,"geometry":{"type":"Point","coordinates":[-104.90946,59.14974]},"properties":{"u":1,"y":76}},{"type":"Feature","id":1672,"geometry":{"type":"Point","coordinates":[-104.92094,59.13497]},"properties":{"u":1,"y":76}},{"type":"Feature","id":1673,"geometry":{"type":"Point","coordinates":[-104.8387,59.15982]},"properties":{"u":3,"y":76}},{"type":"Feature","id":1674,"geometry":{"type":"Point","coordinates":[-104.64394,59.14034]},"properties":{"u":2,"y":76}},{"type":"Feature","id":1675,"geometry":{"type":"Point","coordinates":[-104.65356,59.1397]},"properties":{"u":1,"y":76}},{"type":"Feature","id":1676,"geometry":{"type":"Point","coordinates":[-104.65467,59.15991]},"properties":{"u":2,"y":76}},{"type":"Feature","id":1677,"geometry":{"type":"Point","coordinates":[-104.68136,59.1575]},"properties":{"u":-0.5,"y":76}},{"type":"Feature","id":1678,"geometry":{"type":"Point","coordinates":[-104.67912,59.16244]},"properties":{"u":10,"y":76}},{"type":"Feature","id":1679,"geometry":{"type":"Point","coordinates":[-104.72374,59.16007]},"properties":{"u":1,"y":76}},{"type":"Feature","id":1680,"geometry":{"type":"Point","coordinates":[-104.72584,59.16995]},"properties":{"u":10,"y":76}},{"type":"Feature","id":1681,"geometry":{"type":"Point","coordinates":[-104.73713,59.12328]},"properties":{"u":2,"y":76}},{"type":"Feature","id":1682,"geometry":{"type":"Point","coordinates":[-104.785,59.14874]},"properties":{"u":-0.5,"y":76}},{"type":"Feature","id":1683,"geometry":{"type":"Point","coordinates":[-104.47627,59.12716]},"properties":{"u":2,"y":76}},{"type":"Feature","id":1684,"geometry":{"type":"Point","coordinates":[-105.38284,57.40919]},"properties":{"u":0,"y":75}},{"type":"Feature","id":1685,"geometry":{"type":"Point","coordinates":[-105.41999,57.38302]},"properties":{"u":0,"y":75}},{"type":"Feature","id":1686,"geometry":{"type":"Point","coordinates":[-105.4281,57.36502]},"properties":{"u":0,"y":75}},{"type":"Feature","id":1687,"geometry":{"type":"Point","coordinates":[-105.51837,57.34133]},"properties":{"u":0,"y":75}},{"type":"Feature","id":1688,"geometry":{"type":"Point","coordinates":[-105.65167,57.31601]},"properties":{"u":0,"y":75}},{"type":"Feature","id":1689,"geometry":{"type":"Point","coordinates":[-105.28158,57.44404]},"properties":{"u":0,"y":75}},{"type":"Feature","id":1690,"geometry":{"type":"Point","coordinates":[-105.19596,57.47789]},"properties":{"u":0,"y":75}},{"type":"Feature","id":1691,"geometry":{"type":"Point","coordinates":[-105.38268,57.23402]},"properties":{"u":0,"y":75}},{"type":"Feature","id":1692,"geometry":{"type":"Point","coordinates":[-105.26474,57.41937]},"properties":{"u":0,"y":75}},{"type":"Feature","id":1693,"geometry":{"type":"Point","coordinates":[-105.20403,57.43116]},"properties":{"u":0,"y":75}},{"type":"Feature","id":1694,"geometry":{"type":"Point","coordinates":[-105.37555,57.34723]},"properties":{"u":0,"y":75}},{"type":"Feature","id":1695,"geometry":{"type":"Point","coordinates":[-105.34959,57.41377]},"properties":{"u":0,"y":75}},{"type":"Feature","id":1696,"geometry":{"type":"Point","coordinates":[-105.35039,57.32304]},"properties":{"u":0,"y":75}},{"type":"Feature","id":1697,"geometry":{"type":"Point","coordinates":[-105.34456,57.32037]},"properties":{"u":0,"y":75}},{"type":"Feature","id":1698,"geometry":{"type":"Point","coordinates":[-105.33709,57.41201]},"properties":{"u":0,"y":75}},{"type":"Feature","id":1699,"geometry":{"type":"Point","coordinates":[-105.36274,57.0589]},"properties":{"u":0,"y":75}},{"type":"Feature","id":1700,"geometry":{"type":"Point","coordinates":[-105.63677,57.07802]},"properties":{"u":0,"y":75}},{"type":"Feature","id":1701,"geometry":{"type":"Point","coordinates":[-105.42025,57.04165]},"properties":{"u":0,"y":75}},{"type":"Feature","id":1702,"geometry":{"type":"Point","coordinates":[-105.40392,57.05518]},"properties":{"u":0,"y":75}},{"type":"Feature","id":1703,"geometry":{"type":"Point","coordinates":[-105.45757,57.06129]},"properties":{"u":0,"y":75}},{"type":"Feature","id":1704,"geometry":{"type":"Point","coordinates":[-105.44125,57.07482]},"properties":{"u":0,"y":75}},{"type":"Feature","id":1705,"geometry":{"type":"Point","coordinates":[-105.482,57.10117]},"properties":{"u":0,"y":75}},{"type":"Feature","id":1706,"geometry":{"type":"Point","coordinates":[-105.4332,57.09236]},"properties":{"u":0,"y":75}},{"type":"Feature","id":1707,"geometry":{"type":"Point","coordinates":[-105.76755,57.29963]},"properties":{"u":0,"y":75}},{"type":"Feature","id":1708,"geometry":{"type":"Point","coordinates":[-105.78272,57.27169]},"properties":{"u":0,"y":75}},{"type":"Feature","id":1709,"geometry":{"type":"Point","coordinates":[-105.77786,57.27711]},"properties":{"u":0,"y":75}},{"type":"Feature","id":1710,"geometry":{"type":"Point","coordinates":[-105.65187,57.09277]},"properties":{"u":0,"y":75}},{"type":"Feature","id":1711,"geometry":{"type":"Point","coordinates":[-105.58761,57.09937]},"properties":{"u":0,"y":75}},{"type":"Feature","id":1712,"geometry":{"type":"Point","coordinates":[-105.60555,57.08581]},"properties":{"u":0,"y":75}},{"type":"Feature","id":1713,"geometry":{"type":"Point","coordinates":[-105.54426,57.06947]},"properties":{"u":0,"y":75}},{"type":"Feature","id":1714,"geometry":{"type":"Point","coordinates":[-105.74241,57.16413]},"properties":{"u":0,"y":75}},{"type":"Feature","id":1715,"geometry":{"type":"Point","coordinates":[-105.7423,57.15829]},"properties":{"u":0,"y":75}},{"type":"Feature","id":1716,"geometry":{"type":"Point","coordinates":[-105.77499,57.14058]},"properties":{"u":0,"y":75}},{"type":"Feature","id":1717,"geometry":{"type":"Point","coordinates":[-105.7817,57.14503]},"properties":{"u":0,"y":75}},{"type":"Feature","id":1718,"geometry":{"type":"Point","coordinates":[-105.32475,57.42821]},"properties":{"u":0,"y":75}},{"type":"Feature","id":1719,"geometry":{"type":"Point","coordinates":[-105.36235,57.44159]},"properties":{"u":0,"y":75}},{"type":"Feature","id":1720,"geometry":{"type":"Point","coordinates":[-105.36482,57.43843]},"properties":{"u":0,"y":75}},{"type":"Feature","id":1721,"geometry":{"type":"Point","coordinates":[-105.37058,57.43168]},"properties":{"u":0,"y":75}},{"type":"Feature","id":1722,"geometry":{"type":"Point","coordinates":[-105.3788,57.42043]},"properties":{"u":0,"y":75}},{"type":"Feature","id":1723,"geometry":{"type":"Point","coordinates":[-105.12844,57.48381]},"properties":{"u":0,"y":75}},{"type":"Feature","id":1724,"geometry":{"type":"Point","coordinates":[-105.38284,57.40919]},"properties":{"u":0,"y":75}},{"type":"Feature","id":1725,"geometry":{"type":"Point","coordinates":[-105.06668,57.45691]},"properties":{"u":0,"y":75}},{"type":"Feature","id":1726,"geometry":{"type":"Point","coordinates":[-105.09581,57.44387]},"properties":{"u":0,"y":75}},{"type":"Feature","id":1727,"geometry":{"type":"Point","coordinates":[-105.05834,57.45018]},"properties":{"u":0,"y":75}},{"type":"Feature","id":1728,"geometry":{"type":"Point","coordinates":[-104.96245,57.51576]},"properties":{"u":0,"y":75}},{"type":"Feature","id":1729,"geometry":{"type":"Point","coordinates":[-104.93322,57.52653]},"properties":{"u":0,"y":75}},{"type":"Feature","id":1730,"geometry":{"type":"Point","coordinates":[-104.86632,57.55567]},"properties":{"u":0,"y":75}},{"type":"Feature","id":1731,"geometry":{"type":"Point","coordinates":[-104.73246,57.57926]},"properties":{"u":0,"y":75}},{"type":"Feature","id":1732,"geometry":{"type":"Point","coordinates":[-104.73692,57.53974]},"properties":{"u":0,"y":75}},{"type":"Feature","id":1733,"geometry":{"type":"Point","coordinates":[-105.12438,57.27047]},"properties":{"u":0,"y":75}},{"type":"Feature","id":1734,"geometry":{"type":"Point","coordinates":[-105.15342,57.27583]},"properties":{"u":0,"y":75}},{"type":"Feature","id":1735,"geometry":{"type":"Point","coordinates":[-105.16255,57.27761]},"properties":{"u":0,"y":75}},{"type":"Feature","id":1736,"geometry":{"type":"Point","coordinates":[-105.16582,57.26818]},"properties":{"u":0,"y":75}},{"type":"Feature","id":1737,"geometry":{"type":"Point","coordinates":[-105.16993,57.26009]},"properties":{"u":0,"y":75}},{"type":"Feature","id":1738,"geometry":{"type":"Point","coordinates":[-105.17816,57.24795]},"properties":{"u":0,"y":75}},{"type":"Feature","id":1739,"geometry":{"type":"Point","coordinates":[-104.75279,57.66329]},"properties":{"u":0,"y":75}},{"type":"Feature","id":1740,"geometry":{"type":"Point","coordinates":[-104.76863,57.67679]},"properties":{"u":0,"y":75}},{"type":"Feature","id":1741,"geometry":{"type":"Point","coordinates":[-104.76942,57.68353]},"properties":{"u":0,"y":75}},{"type":"Feature","id":1742,"geometry":{"type":"Point","coordinates":[-104.65247,57.63745]},"properties":{"u":0,"y":75}},{"type":"Feature","id":1743,"geometry":{"type":"Point","coordinates":[-104.6585,57.6204]},"properties":{"u":0,"y":75}},{"type":"Feature","id":1744,"geometry":{"type":"Point","coordinates":[-105.62076,57.20612]},"properties":{"u":0,"y":75}},{"type":"Feature","id":1745,"geometry":{"type":"Point","coordinates":[-105.58333,57.19462]},"properties":{"u":0,"y":75}},{"type":"Feature","id":1746,"geometry":{"type":"Point","coordinates":[-104.69012,57.64204]},"properties":{"u":0,"y":75}},{"type":"Feature","id":1747,"geometry":{"type":"Point","coordinates":[-104.70201,57.62141]},"properties":{"u":0,"y":75}},{"type":"Feature","id":1748,"geometry":{"type":"Point","coordinates":[-104.6945,57.6187]},"properties":{"u":0,"y":75}},{"type":"Feature","id":1749,"geometry":{"type":"Point","coordinates":[-104.55046,57.69282]},"properties":{"u":0,"y":75}},{"type":"Feature","id":1750,"geometry":{"type":"Point","coordinates":[-104.53868,57.69548]},"properties":{"u":0,"y":75}},{"type":"Feature","id":1751,"geometry":{"type":"Point","coordinates":[-104.4864,57.71504]},"properties":{"u":0,"y":75}},{"type":"Feature","id":1752,"geometry":{"type":"Point","coordinates":[-104.48396,57.70964]},"properties":{"u":0,"y":75}},{"type":"Feature","id":1753,"geometry":{"type":"Point","coordinates":[-104.55988,57.67624]},"properties":{"u":0,"y":75}},{"type":"Feature","id":1754,"geometry":{"type":"Point","coordinates":[-104.60876,57.6526]},"properties":{"u":0,"y":75}},{"type":"Feature","id":1755,"geometry":{"type":"Point","coordinates":[-104.63176,57.61584]},"properties":{"u":0,"y":75}},{"type":"Feature","id":1756,"geometry":{"type":"Point","coordinates":[-104.68635,57.59353]},"properties":{"u":0,"y":75}},{"type":"Feature","id":1757,"geometry":{"type":"Point","coordinates":[-104.67364,57.61146]},"properties":{"u":0,"y":75}},{"type":"Feature","id":1758,"geometry":{"type":"Point","coordinates":[-104.64479,57.56647]},"properties":{"u":0,"y":75}},{"type":"Feature","id":1759,"geometry":{"type":"Point","coordinates":[-104.62233,57.55652]},"properties":{"u":0,"y":75}},{"type":"Feature","id":1760,"geometry":{"type":"Point","coordinates":[-104.56546,57.56083]},"properties":{"u":0,"y":75}},{"type":"Feature","id":1761,"geometry":{"type":"Point","coordinates":[-104.5614,57.55049]},"properties":{"u":0,"y":75}},{"type":"Feature","id":1762,"geometry":{"type":"Point","coordinates":[-104.58601,57.59099]},"properties":{"u":0,"y":75}},{"type":"Feature","id":1763,"geometry":{"type":"Point","coordinates":[-104.36843,57.83846]},"properties":{"u":0,"y":75}},{"type":"Feature","id":1764,"geometry":{"type":"Point","coordinates":[-104.34291,57.85271]},"properties":{"u":0,"y":75}},{"type":"Feature","id":1765,"geometry":{"type":"Point","coordinates":[-104.29496,57.89197]},"properties":{"u":0,"y":75}},{"type":"Feature","id":1766,"geometry":{"type":"Point","coordinates":[-104.43662,57.678]},"properties":{"u":0,"y":75}},{"type":"Feature","id":1767,"geometry":{"type":"Point","coordinates":[-104.40403,57.72276]},"properties":{"u":0,"y":75}},{"type":"Feature","id":1768,"geometry":{"type":"Point","coordinates":[-105.51079,57.27399]},"properties":{"u":0,"y":75}},{"type":"Feature","id":1769,"geometry":{"type":"Point","coordinates":[-105.93015,57.16647]},"properties":{"u":0,"y":75}},{"type":"Feature","id":1770,"geometry":{"type":"Point","coordinates":[-105.56249,57.18393]},"properties":{"u":0,"y":75}},{"type":"Feature","id":1771,"geometry":{"type":"Point","coordinates":[-105.96624,57.12398]},"properties":{"u":0,"y":75}},{"type":"Feature","id":1772,"geometry":{"type":"Point","coordinates":[-105.76754,57.09975]},"properties":{"u":0,"y":75}},{"type":"Feature","id":1773,"geometry":{"type":"Point","coordinates":[-105.73475,57.11117]},"properties":{"u":0,"y":75}},{"type":"Feature","id":1774,"geometry":{"type":"Point","coordinates":[-105.61561,57.1455]},"properties":{"u":0,"y":75}},{"type":"Feature","id":1775,"geometry":{"type":"Point","coordinates":[-105.36934,57.30817]},"properties":{"u":0,"y":75}},{"type":"Feature","id":1776,"geometry":{"type":"Point","coordinates":[-105.47559,57.24493]},"properties":{"u":0,"y":75}},{"type":"Feature","id":1777,"geometry":{"type":"Point","coordinates":[-105.52536,57.19083]},"properties":{"u":0,"y":75}},{"type":"Feature","id":1778,"geometry":{"type":"Point","coordinates":[-105.65418,57.22391]},"properties":{"u":0,"y":75}},{"type":"Feature","id":1779,"geometry":{"type":"Point","coordinates":[-105.68283,57.20579]},"properties":{"u":0,"y":75}},{"type":"Feature","id":1780,"geometry":{"type":"Point","coordinates":[-105.75276,57.18518]},"properties":{"u":0,"y":75}},{"type":"Feature","id":1781,"geometry":{"type":"Point","coordinates":[-105.66836,57.18341]},"properties":{"u":0,"y":75}},{"type":"Feature","id":1782,"geometry":{"type":"Point","coordinates":[-105.65788,57.19919]},"properties":{"u":0,"y":75}},{"type":"Feature","id":1783,"geometry":{"type":"Point","coordinates":[-105.64973,57.20597]},"properties":{"u":0,"y":75}},{"type":"Feature","id":1784,"geometry":{"type":"Point","coordinates":[-105.43151,57.15975]},"properties":{"u":0,"y":75}},{"type":"Feature","id":1785,"geometry":{"type":"Point","coordinates":[-105.31415,57.16234]},"properties":{"u":0,"y":75}},{"type":"Feature","id":1786,"geometry":{"type":"Point","coordinates":[-105.2727,57.14672]},"properties":{"u":0,"y":75}},{"type":"Feature","id":1787,"geometry":{"type":"Point","coordinates":[-106.8192,57.20346]},"properties":{"u":0,"y":75}},{"type":"Feature","id":1788,"geometry":{"type":"Point","coordinates":[-105.24051,57.27928]},"properties":{"u":0,"y":75}},{"type":"Feature","id":1789,"geometry":{"type":"Point","coordinates":[-105.01246,57.31096]},"properties":{"u":0,"y":75}},{"type":"Feature","id":1790,"geometry":{"type":"Point","coordinates":[-105.12893,57.38725]},"properties":{"u":0,"y":75}},{"type":"Feature","id":1791,"geometry":{"type":"Point","coordinates":[-105.05013,57.54001]},"properties":{"u":0,"y":75}},{"type":"Feature","id":1792,"geometry":{"type":"Point","coordinates":[-104.89132,57.5795]},"properties":{"u":0,"y":75}},{"type":"Feature","id":1793,"geometry":{"type":"Point","coordinates":[-104.89988,57.50854]},"properties":{"u":0,"y":75}},{"type":"Feature","id":1794,"geometry":{"type":"Point","coordinates":[-104.95423,57.4165]},"properties":{"u":0,"y":75}},{"type":"Feature","id":1795,"geometry":{"type":"Point","coordinates":[-103.78326,58.09673]},"properties":{"u":0,"y":76}},{"type":"Feature","id":1796,"geometry":{"type":"Point","coordinates":[-103.77617,58.10564]},"properties":{"u":0,"y":76}},{"type":"Feature","id":1797,"geometry":{"type":"Point","coordinates":[-103.74242,58.10015]},"properties":{"u":0,"y":76}},{"type":"Feature","id":1798,"geometry":{"type":"Point","coordinates":[-103.69675,58.11945]},"properties":{"u":0,"y":76}},{"type":"Feature","id":1799,"geometry":{"type":"Point","coordinates":[-103.67846,58.13207]},"properties":{"u":0,"y":76}},{"type":"Feature","id":1800,"geometry":{"type":"Point","coordinates":[-103.63362,58.12778]},"properties":{"u":0,"y":76}},{"type":"Feature","id":1801,"geometry":{"type":"Point","coordinates":[-103.63586,58.14711]},"properties":{"u":0,"y":76}},{"type":"Feature","id":1802,"geometry":{"type":"Point","coordinates":[-103.59716,58.21294]},"properties":{"u":0,"y":76}},{"type":"Feature","id":1803,"geometry":{"type":"Point","coordinates":[-103.62156,58.20917]},"properties":{"u":0,"y":76}},{"type":"Feature","id":1804,"geometry":{"type":"Point","coordinates":[-103.63957,58.21677]},"properties":{"u":0,"y":76}},{"type":"Feature","id":1805,"geometry":{"type":"Point","coordinates":[-103.68722,58.24018]},"properties":{"u":0,"y":76}},{"type":"Feature","id":1806,"geometry":{"type":"Point","coordinates":[-103.67117,58.25932]},"properties":{"u":0,"y":76}},{"type":"Feature","id":1807,"geometry":{"type":"Point","coordinates":[-103.66318,58.29045]},"properties":{"u":0,"y":76}},{"type":"Feature","id":1808,"geometry":{"type":"Point","coordinates":[-103.62112,58.31943]},"properties":{"u":0,"y":76}},{"type":"Feature","id":1809,"geometry":{"type":"Point","coordinates":[-103.57268,58.3564]},"properties":{"u":0,"y":76}},{"type":"Feature","id":1810,"geometry":{"type":"Point","coordinates":[-103.57208,58.39232]},"properties":{"u":0,"y":76}},{"type":"Feature","id":1811,"geometry":{"type":"Point","coordinates":[-103.59106,58.38827]},"properties":{"u":0,"y":76}},{"type":"Feature","id":1812,"geometry":{"type":"Point","coordinates":[-103.5795,58.40992]},"properties":{"u":0,"y":76}},{"type":"Feature","id":1813,"geometry":{"type":"Point","coordinates":[-103.62502,58.3947]},"properties":{"u":0,"y":76}},{"type":"Feature","id":1814,"geometry":{"type":"Point","coordinates":[-103.63336,58.38917]},"properties":{"u":0,"y":76}},{"type":"Feature","id":1815,"geometry":{"type":"Point","coordinates":[-103.61076,58.42014]},"properties":{"u":0,"y":76}},{"type":"Feature","id":1816,"geometry":{"type":"Point","coordinates":[-103.56717,58.43965]},"properties":{"u":0,"y":76}},{"type":"Feature","id":1817,"geometry":{"type":"Point","coordinates":[-103.60142,58.50448]},"properties":{"u":0,"y":76}},{"type":"Feature","id":1818,"geometry":{"type":"Point","coordinates":[-103.61287,58.48619]},"properties":{"u":0,"y":76}},{"type":"Feature","id":1819,"geometry":{"type":"Point","coordinates":[-103.61969,58.52017]},"properties":{"u":0,"y":76}},{"type":"Feature","id":1820,"geometry":{"type":"Point","coordinates":[-103.855,58.0682]},"properties":{"u":0,"y":76}},{"type":"Feature","id":1821,"geometry":{"type":"Point","coordinates":[-103.9001,58.04861]},"properties":{"u":0,"y":76}},{"type":"Feature","id":1822,"geometry":{"type":"Point","coordinates":[-103.90599,58.03631]},"properties":{"u":0,"y":76}},{"type":"Feature","id":1823,"geometry":{"type":"Point","coordinates":[-103.61057,58.29438]},"properties":{"u":0,"y":76}},{"type":"Feature","id":1824,"geometry":{"type":"Point","coordinates":[-103.59158,58.3108]},"properties":{"u":0,"y":76}},{"type":"Feature","id":1825,"geometry":{"type":"Point","coordinates":[-103.57596,58.29603]},"properties":{"u":0,"y":76}},{"type":"Feature","id":1826,"geometry":{"type":"Point","coordinates":[-103.53291,58.28498]},"properties":{"u":0,"y":76}},{"type":"Feature","id":1827,"geometry":{"type":"Point","coordinates":[-103.61612,58.25065]},"properties":{"u":0,"y":76}},{"type":"Feature","id":1828,"geometry":{"type":"Point","coordinates":[-103.63609,58.24076]},"properties":{"u":0,"y":76}},{"type":"Feature","id":1829,"geometry":{"type":"Point","coordinates":[-103.60057,58.24532]},"properties":{"u":0,"y":76}},{"type":"Feature","id":1830,"geometry":{"type":"Point","coordinates":[-103.77594,58.06275]},"properties":{"u":0,"y":76}},{"type":"Feature","id":1831,"geometry":{"type":"Point","coordinates":[-103.75179,58.06274]},"properties":{"u":0,"y":76}},{"type":"Feature","id":1832,"geometry":{"type":"Point","coordinates":[-103.70169,58.08874]},"properties":{"u":0,"y":76}},{"type":"Feature","id":1833,"geometry":{"type":"Point","coordinates":[-104.2185,58.63389]},"properties":{"u":0,"y":76}},{"type":"Feature","id":1834,"geometry":{"type":"Point","coordinates":[-104.1773,58.6644]},"properties":{"u":0,"y":76}},{"type":"Feature","id":1835,"geometry":{"type":"Point","coordinates":[-104.13701,58.67311]},"properties":{"u":0,"y":76}},{"type":"Feature","id":1836,"geometry":{"type":"Point","coordinates":[-104.11654,58.81735]},"properties":{"u":0,"y":76}},{"type":"Feature","id":1837,"geometry":{"type":"Point","coordinates":[-104.17596,58.81281]},"properties":{"u":0,"y":76}},{"type":"Feature","id":1838,"geometry":{"type":"Point","coordinates":[-104.1675,58.82241]},"properties":{"u":0,"y":76}},{"type":"Feature","id":1839,"geometry":{"type":"Point","coordinates":[-104.27213,58.8291]},"properties":{"u":0,"y":76}},{"type":"Feature","id":1840,"geometry":{"type":"Point","coordinates":[-104.22271,58.83173]},"properties":{"u":0,"y":76}},{"type":"Feature","id":1841,"geometry":{"type":"Point","coordinates":[-104.14481,58.86492]},"properties":{"u":0,"y":76}},{"type":"Feature","id":1842,"geometry":{"type":"Point","coordinates":[-104.10917,58.8685]},"properties":{"u":0,"y":76}},{"type":"Feature","id":1843,"geometry":{"type":"Point","coordinates":[-104.10648,58.83839]},"properties":{"u":0,"y":76}},{"type":"Feature","id":1844,"geometry":{"type":"Point","coordinates":[-103.96936,58.81738]},"properties":{"u":0,"y":76}},{"type":"Feature","id":1845,"geometry":{"type":"Point","coordinates":[-104.02711,58.8111]},"properties":{"u":0,"y":76}},{"type":"Feature","id":1846,"geometry":{"type":"Point","coordinates":[-104.08061,58.76838]},"properties":{"u":0,"y":76}},{"type":"Feature","id":1847,"geometry":{"type":"Point","coordinates":[-104.09896,58.76087]},"properties":{"u":0,"y":76}},{"type":"Feature","id":1848,"geometry":{"type":"Point","coordinates":[-104.06274,58.30748]},"properties":{"u":0,"y":76}},{"type":"Feature","id":1849,"geometry":{"type":"Point","coordinates":[-104.04696,58.32308]},"properties":{"u":0,"y":76}},{"type":"Feature","id":1850,"geometry":{"type":"Point","coordinates":[-104.06399,58.32478]},"properties":{"u":0,"y":76}},{"type":"Feature","id":1851,"geometry":{"type":"Point","coordinates":[-104.0707,58.3127]},"properties":{"u":0,"y":76}},{"type":"Feature","id":1852,"geometry":{"type":"Point","coordinates":[-104.09071,58.29803]},"properties":{"u":0,"y":76}},{"type":"Feature","id":1853,"geometry":{"type":"Point","coordinates":[-104.17198,58.34304]},"properties":{"u":0,"y":76}},{"type":"Feature","id":1854,"geometry":{"type":"Point","coordinates":[-104.1366,58.34034]},"properties":{"u":0,"y":76}},{"type":"Feature","id":1855,"geometry":{"type":"Point","coordinates":[-104.1975,58.32838]},"properties":{"u":0,"y":76}},{"type":"Feature","id":1856,"geometry":{"type":"Point","coordinates":[-104.2097,58.33677]},"properties":{"u":0,"y":76}},{"type":"Feature","id":1857,"geometry":{"type":"Point","coordinates":[-103.94138,58.85488]},"properties":{"u":0,"y":76}},{"type":"Feature","id":1858,"geometry":{"type":"Point","coordinates":[-104.01215,58.80447]},"properties":{"u":0,"y":76}},{"type":"Feature","id":1859,"geometry":{"type":"Point","coordinates":[-104.03175,58.78464]},"properties":{"u":0,"y":76}},{"type":"Feature","id":1860,"geometry":{"type":"Point","coordinates":[-103.98803,58.77105]},"properties":{"u":0,"y":76}},{"type":"Feature","id":1861,"geometry":{"type":"Point","coordinates":[-103.97048,58.75048]},"properties":{"u":0,"y":76}},{"type":"Feature","id":1862,"geometry":{"type":"Point","coordinates":[-103.97307,58.73591]},"properties":{"u":0,"y":76}},{"type":"Feature","id":1863,"geometry":{"type":"Point","coordinates":[-103.96217,58.71044]},"properties":{"u":0,"y":76}},{"type":"Feature","id":1864,"geometry":{"type":"Point","coordinates":[-103.95419,58.73194]},"properties":{"u":0,"y":76}},{"type":"Feature","id":1865,"geometry":{"type":"Point","coordinates":[-104.23507,58.93891]},"properties":{"u":0,"y":76}},{"type":"Feature","id":1866,"geometry":{"type":"Point","coordinates":[-104.26544,58.87936]},"properties":{"u":0,"y":76}},{"type":"Feature","id":1867,"geometry":{"type":"Point","coordinates":[-104.26507,58.77405]},"properties":{"u":0,"y":76}},{"type":"Feature","id":1868,"geometry":{"type":"Point","coordinates":[-104.25234,58.74277]},"properties":{"u":0,"y":76}},{"type":"Feature","id":1869,"geometry":{"type":"Point","coordinates":[-104.28304,58.72004]},"properties":{"u":0,"y":76}},{"type":"Feature","id":1870,"geometry":{"type":"Point","coordinates":[-104.29413,58.70528]},"properties":{"u":0,"y":76}},{"type":"Feature","id":1871,"geometry":{"type":"Point","coordinates":[-104.1994,58.71595]},"properties":{"u":0,"y":76}},{"type":"Feature","id":1872,"geometry":{"type":"Point","coordinates":[-104.31953,58.61965]},"properties":{"u":0,"y":76}},{"type":"Feature","id":1873,"geometry":{"type":"Point","coordinates":[-103.6688,58.56066]},"properties":{"u":0,"y":76}},{"type":"Feature","id":1874,"geometry":{"type":"Point","coordinates":[-104.22028,58.92041]},"properties":{"u":0,"y":76}},{"type":"Feature","id":1875,"geometry":{"type":"Point","coordinates":[-103.71147,58.56896]},"properties":{"u":0,"y":76}},{"type":"Feature","id":1876,"geometry":{"type":"Point","coordinates":[-103.75624,58.57928]},"properties":{"u":0,"y":76}},{"type":"Feature","id":1877,"geometry":{"type":"Point","coordinates":[-103.81488,58.56164]},"properties":{"u":0,"y":76}},{"type":"Feature","id":1878,"geometry":{"type":"Point","coordinates":[-103.842,58.59917]},"properties":{"u":0,"y":76}},{"type":"Feature","id":1879,"geometry":{"type":"Point","coordinates":[-104.18806,58.57218]},"properties":{"u":0,"y":76}},{"type":"Feature","id":1880,"geometry":{"type":"Point","coordinates":[-104.26937,58.54864]},"properties":{"u":0,"y":76}},{"type":"Feature","id":1881,"geometry":{"type":"Point","coordinates":[-104.31856,58.53701]},"properties":{"u":0,"y":76}},{"type":"Feature","id":1882,"geometry":{"type":"Point","coordinates":[-104.16475,58.54059]},"properties":{"u":0,"y":76}},{"type":"Feature","id":1883,"geometry":{"type":"Point","coordinates":[-104.19463,58.52978]},"properties":{"u":0,"y":76}},{"type":"Feature","id":1884,"geometry":{"type":"Point","coordinates":[-104.25862,58.48795]},"properties":{"u":0,"y":76}},{"type":"Feature","id":1885,"geometry":{"type":"Point","coordinates":[-104.19882,58.47771]},"properties":{"u":0,"y":76}},{"type":"Feature","id":1886,"geometry":{"type":"Point","coordinates":[-104.1798,58.37408]},"properties":{"u":0,"y":76}},{"type":"Feature","id":1887,"geometry":{"type":"Point","coordinates":[-104.2135,58.45378]},"properties":{"u":0,"y":76}},{"type":"Feature","id":1888,"geometry":{"type":"Point","coordinates":[-104.08411,58.43787]},"properties":{"u":0,"y":76}},{"type":"Feature","id":1889,"geometry":{"type":"Point","coordinates":[-103.77203,58.49657]},"properties":{"u":0,"y":76}},{"type":"Feature","id":1890,"geometry":{"type":"Point","coordinates":[-104.36513,58.54982]},"properties":{"u":0,"y":76}},{"type":"Feature","id":1891,"geometry":{"type":"Point","coordinates":[-104.33957,58.56159]},"properties":{"u":0,"y":76}},{"type":"Feature","id":1892,"geometry":{"type":"Point","coordinates":[-104.31143,58.57222]},"properties":{"u":0,"y":76}},{"type":"Feature","id":1893,"geometry":{"type":"Point","coordinates":[-104.30353,58.58027]},"properties":{"u":0,"y":76}},{"type":"Feature","id":1894,"geometry":{"type":"Point","coordinates":[-104.28496,58.60554]},"properties":{"u":0,"y":76}},{"type":"Feature","id":1895,"geometry":{"type":"Point","coordinates":[-104.272,58.58728]},"properties":{"u":0,"y":76}},{"type":"Feature","id":1896,"geometry":{"type":"Point","coordinates":[-103.87561,58.40972]},"properties":{"u":0,"y":76}},{"type":"Feature","id":1897,"geometry":{"type":"Point","coordinates":[-103.88892,58.40826]},"properties":{"u":0,"y":76}},{"type":"Feature","id":1898,"geometry":{"type":"Point","coordinates":[-103.86574,58.424]},"properties":{"u":0,"y":76}},{"type":"Feature","id":1899,"geometry":{"type":"Point","coordinates":[-103.86294,58.43094]},"properties":{"u":0,"y":76}},{"type":"Feature","id":1900,"geometry":{"type":"Point","coordinates":[-103.63576,58.44893]},"properties":{"u":0,"y":76}},{"type":"Feature","id":1901,"geometry":{"type":"Point","coordinates":[-103.72365,58.39954]},"properties":{"u":0,"y":76}},{"type":"Feature","id":1902,"geometry":{"type":"Point","coordinates":[-103.84196,58.3919]},"properties":{"u":0,"y":76}},{"type":"Feature","id":1903,"geometry":{"type":"Point","coordinates":[-103.65644,58.33328]},"properties":{"u":0,"y":76}},{"type":"Feature","id":1904,"geometry":{"type":"Point","coordinates":[-103.70477,58.35443]},"properties":{"u":0,"y":76}},{"type":"Feature","id":1905,"geometry":{"type":"Point","coordinates":[-103.83269,58.36195]},"properties":{"u":0,"y":76}},{"type":"Feature","id":1906,"geometry":{"type":"Point","coordinates":[-103.93578,58.34399]},"properties":{"u":0,"y":76}},{"type":"Feature","id":1907,"geometry":{"type":"Point","coordinates":[-103.86027,58.32807]},"properties":{"u":0,"y":76}},{"type":"Feature","id":1908,"geometry":{"type":"Point","coordinates":[-103.97817,58.26619]},"properties":{"u":0,"y":76}},{"type":"Feature","id":1909,"geometry":{"type":"Point","coordinates":[-104.04062,58.28913]},"properties":{"u":0,"y":76}},{"type":"Feature","id":1910,"geometry":{"type":"Point","coordinates":[-104.10513,58.28443]},"properties":{"u":0,"y":76}},{"type":"Feature","id":1911,"geometry":{"type":"Point","coordinates":[-104.10781,58.29635]},"properties":{"u":0,"y":76}},{"type":"Feature","id":1912,"geometry":{"type":"Point","coordinates":[-104.19361,58.19924]},"properties":{"u":0,"y":76}},{"type":"Feature","id":1913,"geometry":{"type":"Point","coordinates":[-104.08953,58.22751]},"properties":{"u":0,"y":76}},{"type":"Feature","id":1914,"geometry":{"type":"Point","coordinates":[-103.9279,58.3785]},"properties":{"u":0,"y":76}},{"type":"Feature","id":1915,"geometry":{"type":"Point","coordinates":[-103.99458,58.15336]},"properties":{"u":0,"y":76}},{"type":"Feature","id":1916,"geometry":{"type":"Point","coordinates":[-104.01763,58.14905]},"properties":{"u":0,"y":76}},{"type":"Feature","id":1917,"geometry":{"type":"Point","coordinates":[-104.04565,58.11805]},"properties":{"u":0,"y":76}},{"type":"Feature","id":1918,"geometry":{"type":"Point","coordinates":[-104.02812,58.10714]},"properties":{"u":0,"y":76}},{"type":"Feature","id":1919,"geometry":{"type":"Point","coordinates":[-104.45473,58.0349]},"properties":{"u":0,"y":76}},{"type":"Feature","id":1920,"geometry":{"type":"Point","coordinates":[-104.46659,58.06235]},"properties":{"u":0,"y":76}},{"type":"Feature","id":1921,"geometry":{"type":"Point","coordinates":[-104.51244,58.08678]},"properties":{"u":0,"y":76}},{"type":"Feature","id":1922,"geometry":{"type":"Point","coordinates":[-104.40432,58.11282]},"properties":{"u":0,"y":76}},{"type":"Feature","id":1923,"geometry":{"type":"Point","coordinates":[-104.35778,58.10518]},"properties":{"u":0,"y":76}},{"type":"Feature","id":1924,"geometry":{"type":"Point","coordinates":[-103.88296,58.2719]},"properties":{"u":0,"y":76}},{"type":"Feature","id":1925,"geometry":{"type":"Point","coordinates":[-103.79321,58.29175]},"properties":{"u":0,"y":76}},{"type":"Feature","id":1926,"geometry":{"type":"Point","coordinates":[-103.83387,58.26113]},"properties":{"u":0,"y":76}},{"type":"Feature","id":1927,"geometry":{"type":"Point","coordinates":[-103.76966,58.26974]},"properties":{"u":0,"y":76}},{"type":"Feature","id":1928,"geometry":{"type":"Point","coordinates":[-103.8801,58.15982]},"properties":{"u":0,"y":76}},{"type":"Feature","id":1929,"geometry":{"type":"Point","coordinates":[-103.99012,58.13087]},"properties":{"u":0,"y":76}},{"type":"Feature","id":1930,"geometry":{"type":"Point","coordinates":[-103.96709,58.06107]},"properties":{"u":0,"y":76}},{"type":"Feature","id":1931,"geometry":{"type":"Point","coordinates":[-104.04639,58.02644]},"properties":{"u":0,"y":76}},{"type":"Feature","id":1932,"geometry":{"type":"Point","coordinates":[-104.07764,58.04575]},"properties":{"u":0,"y":76}},{"type":"Feature","id":1933,"geometry":{"type":"Point","coordinates":[-104.08412,58.1235]},"properties":{"u":0,"y":76}},{"type":"Feature","id":1934,"geometry":{"type":"Point","coordinates":[-105.38228,57.35529]},"properties":{"u":0,"y":75}},{"type":"Feature","id":1935,"geometry":{"type":"Point","coordinates":[-105.15348,57.48827]},"properties":{"u":0,"y":75}},{"type":"Feature","id":1936,"geometry":{"type":"Point","coordinates":[-105.41648,57.21954]},"properties":{"u":0,"y":75}},{"type":"Feature","id":1937,"geometry":{"type":"Point","coordinates":[-105.44022,57.05775]},"properties":{"u":0,"y":75}},{"type":"Feature","id":1938,"geometry":{"type":"Point","coordinates":[-105.50002,57.09077]},"properties":{"u":0,"y":75}},{"type":"Feature","id":1939,"geometry":{"type":"Point","coordinates":[-105.41599,57.10275]},"properties":{"u":0,"y":75}},{"type":"Feature","id":1940,"geometry":{"type":"Point","coordinates":[-105.78771,57.27256]},"properties":{"u":0,"y":75}},{"type":"Feature","id":1941,"geometry":{"type":"Point","coordinates":[-105.57595,57.09224]},"properties":{"u":0,"y":75}},{"type":"Feature","id":1942,"geometry":{"type":"Point","coordinates":[-105.7886,57.11983]},"properties":{"u":0,"y":75}},{"type":"Feature","id":1943,"geometry":{"type":"Point","coordinates":[-105.32314,57.43451]},"properties":{"u":0,"y":75}},{"type":"Feature","id":1944,"geometry":{"type":"Point","coordinates":[-105.37876,57.41728]},"properties":{"u":0,"y":75}},{"type":"Feature","id":1945,"geometry":{"type":"Point","coordinates":[-105.04999,57.43671]},"properties":{"u":0,"y":75}},{"type":"Feature","id":1946,"geometry":{"type":"Point","coordinates":[-104.7278,57.53074]},"properties":{"u":0,"y":75}},{"type":"Feature","id":1947,"geometry":{"type":"Point","coordinates":[-104.72412,57.57655]},"properties":{"u":0,"y":75}},{"type":"Feature","id":1948,"geometry":{"type":"Point","coordinates":[-105.12867,57.31089]},"properties":{"u":0,"y":75}},{"type":"Feature","id":1949,"geometry":{"type":"Point","coordinates":[-104.71845,57.66097]},"properties":{"u":0,"y":75}},{"type":"Feature","id":1950,"geometry":{"type":"Point","coordinates":[-105.98835,57.14761]},"properties":{"u":0,"y":75}},{"type":"Feature","id":1951,"geometry":{"type":"Point","coordinates":[-104.64652,57.64642]},"properties":{"u":0,"y":75}},{"type":"Feature","id":1952,"geometry":{"type":"Point","coordinates":[-104.61004,57.61128]},"properties":{"u":0,"y":75}},{"type":"Feature","id":1953,"geometry":{"type":"Point","coordinates":[-104.62141,57.645]},"properties":{"u":0,"y":75}},{"type":"Feature","id":1954,"geometry":{"type":"Point","coordinates":[-104.50867,57.55793]},"properties":{"u":0,"y":75}},{"type":"Feature","id":1955,"geometry":{"type":"Point","coordinates":[-104.55511,57.58684]},"properties":{"u":0,"y":75}},{"type":"Feature","id":1956,"geometry":{"type":"Point","coordinates":[-104.36317,57.85056]},"properties":{"u":0,"y":75}},{"type":"Feature","id":1957,"geometry":{"type":"Point","coordinates":[-104.52664,57.65366]},"properties":{"u":0,"y":75}},{"type":"Feature","id":1958,"geometry":{"type":"Point","coordinates":[-105.53487,57.27658]},"properties":{"u":0,"y":75}},{"type":"Feature","id":1959,"geometry":{"type":"Point","coordinates":[-105.83874,57.14646]},"properties":{"u":0,"y":75}},{"type":"Feature","id":1960,"geometry":{"type":"Point","coordinates":[-105.51746,57.21781]},"properties":{"u":0,"y":75}},{"type":"Feature","id":1961,"geometry":{"type":"Point","coordinates":[-105.73993,57.20547]},"properties":{"u":0,"y":75}},{"type":"Feature","id":1962,"geometry":{"type":"Point","coordinates":[-105.70318,57.18771]},"properties":{"u":0,"y":75}},{"type":"Feature","id":1963,"geometry":{"type":"Point","coordinates":[-105.21412,57.30449]},"properties":{"u":0,"y":75}},{"type":"Feature","id":1964,"geometry":{"type":"Point","coordinates":[-105.24527,57.3718]},"properties":{"u":0,"y":75}},{"type":"Feature","id":1965,"geometry":{"type":"Point","coordinates":[-105.05348,57.54899]},"properties":{"u":0,"y":75}},{"type":"Feature","id":1966,"geometry":{"type":"Point","coordinates":[-105.89914,57.2516]},"properties":{"u":0,"y":75}},{"type":"Feature","id":1967,"geometry":{"type":"Point","coordinates":[-103.68167,58.12559]},"properties":{"u":0,"y":76}},{"type":"Feature","id":1968,"geometry":{"type":"Point","coordinates":[-103.595,58.1707]},"properties":{"u":0,"y":76}},{"type":"Feature","id":1969,"geometry":{"type":"Point","coordinates":[-103.61253,58.20076]},"properties":{"u":0,"y":76}},{"type":"Feature","id":1970,"geometry":{"type":"Point","coordinates":[-103.67915,58.2511]},"properties":{"u":0,"y":76}},{"type":"Feature","id":1971,"geometry":{"type":"Point","coordinates":[-103.65693,58.28657]},"properties":{"u":0,"y":76}},{"type":"Feature","id":1972,"geometry":{"type":"Point","coordinates":[-103.56303,58.37291]},"properties":{"u":0,"y":76}},{"type":"Feature","id":1973,"geometry":{"type":"Point","coordinates":[-103.58175,58.42836]},"properties":{"u":0,"y":76}},{"type":"Feature","id":1974,"geometry":{"type":"Point","coordinates":[-103.89102,58.0409]},"properties":{"u":0,"y":76}},{"type":"Feature","id":1975,"geometry":{"type":"Point","coordinates":[-103.94812,58.00006]},"properties":{"u":0,"y":76}},{"type":"Feature","id":1976,"geometry":{"type":"Point","coordinates":[-103.57557,58.30568]},"properties":{"u":0,"y":76}},{"type":"Feature","id":1977,"geometry":{"type":"Point","coordinates":[-103.56276,58.2851]},"properties":{"u":0,"y":76}},{"type":"Feature","id":1978,"geometry":{"type":"Point","coordinates":[-103.60932,58.27191]},"properties":{"u":0,"y":76}},{"type":"Feature","id":1979,"geometry":{"type":"Point","coordinates":[-104.20686,58.65335]},"properties":{"u":0,"y":76}},{"type":"Feature","id":1980,"geometry":{"type":"Point","coordinates":[-104.11552,58.68756]},"properties":{"u":0,"y":76}},{"type":"Feature","id":1981,"geometry":{"type":"Point","coordinates":[-104.19246,58.79158]},"properties":{"u":0,"y":76}},{"type":"Feature","id":1982,"geometry":{"type":"Point","coordinates":[-104.31404,58.81182]},"properties":{"u":0,"y":76}},{"type":"Feature","id":1983,"geometry":{"type":"Point","coordinates":[-104.06365,58.32141]},"properties":{"u":0,"y":76}},{"type":"Feature","id":1984,"geometry":{"type":"Point","coordinates":[-104.08693,58.29575]},"properties":{"u":0,"y":76}},{"type":"Feature","id":1985,"geometry":{"type":"Point","coordinates":[-104.18805,58.31238]},"properties":{"u":0,"y":76}},{"type":"Feature","id":1986,"geometry":{"type":"Point","coordinates":[-103.9515,58.83543]},"properties":{"u":0,"y":76}},{"type":"Feature","id":1987,"geometry":{"type":"Point","coordinates":[-104.00132,58.77475]},"properties":{"u":0,"y":76}},{"type":"Feature","id":1988,"geometry":{"type":"Point","coordinates":[-103.95843,58.72007]},"properties":{"u":0,"y":76}},{"type":"Feature","id":1989,"geometry":{"type":"Point","coordinates":[-104.2978,58.75896]},"properties":{"u":0,"y":76}},{"type":"Feature","id":1990,"geometry":{"type":"Point","coordinates":[-104.24929,58.72389]},"properties":{"u":0,"y":76}},{"type":"Feature","id":1991,"geometry":{"type":"Point","coordinates":[-104.21761,58.6734]},"properties":{"u":0,"y":76}},{"type":"Feature","id":1992,"geometry":{"type":"Point","coordinates":[-103.82448,58.59564]},"properties":{"u":0,"y":76}},{"type":"Feature","id":1993,"geometry":{"type":"Point","coordinates":[-103.78948,58.61283]},"properties":{"u":0,"y":76}},{"type":"Feature","id":1994,"geometry":{"type":"Point","coordinates":[-104.24554,58.57814]},"properties":{"u":0,"y":76}},{"type":"Feature","id":1995,"geometry":{"type":"Point","coordinates":[-104.11427,58.54969]},"properties":{"u":0,"y":76}},{"type":"Feature","id":1996,"geometry":{"type":"Point","coordinates":[-104.20398,58.51502]},"properties":{"u":0,"y":76}},{"type":"Feature","id":1997,"geometry":{"type":"Point","coordinates":[-104.34741,58.5558]},"properties":{"u":0,"y":76}},{"type":"Feature","id":1998,"geometry":{"type":"Point","coordinates":[-104.27159,58.60703]},"properties":{"u":0,"y":76}},{"type":"Feature","id":1999,"geometry":{"type":"Point","coordinates":[-104.2546,58.59683]},"properties":{"u":0,"y":76}},{"type":"Feature","id":2000,"geometry":{"type":"Point","coordinates":[-103.8694,58.4164]},"properties":{"u":0,"y":76}},{"type":"Feature","id":2001,"geometry":{"type":"Point","coordinates":[-103.7853,58.41047]},"properties":{"u":0,"y":76}},{"type":"Feature","id":2002,"geometry":{"type":"Point","coordinates":[-103.71845,58.30696]},"properties":{"u":0,"y":76}},{"type":"Feature","id":2003,"geometry":{"type":"Point","coordinates":[-103.87037,58.29268]},"properties":{"u":0,"y":76}},{"type":"Feature","id":2004,"geometry":{"type":"Point","coordinates":[-104.09001,58.25872]},"properties":{"u":0,"y":76}},{"type":"Feature","id":2005,"geometry":{"type":"Point","coordinates":[-104.17431,58.27951]},"properties":{"u":0,"y":76}},{"type":"Feature","id":2006,"geometry":{"type":"Point","coordinates":[-104.48368,58.02312]},"properties":{"u":0,"y":76}},{"type":"Feature","id":2007,"geometry":{"type":"Point","coordinates":[-104.49998,58.09886]},"properties":{"u":0,"y":76}},{"type":"Feature","id":2008,"geometry":{"type":"Point","coordinates":[-104.26346,58.17429]},"properties":{"u":0,"y":76}},{"type":"Feature","id":2009,"geometry":{"type":"Point","coordinates":[-104.00297,58.47544]},"properties":{"u":0,"y":76}},{"type":"Feature","id":2010,"geometry":{"type":"Point","coordinates":[-104.10572,58.07447]},"properties":{"u":0,"y":76}},{"type":"Feature","id":2011,"geometry":{"type":"Point","coordinates":[-104.0367,58.18221]},"properties":{"u":0,"y":76}},{"type":"Feature","id":2012,"geometry":{"type":"Point","coordinates":[-105.38284,57.40919]},"properties":{"u":0,"y":75}},{"type":"Feature","id":2013,"geometry":{"type":"Point","coordinates":[-105.37816,57.3589]},"properties":{"u":0,"y":75}},{"type":"Feature","id":2014,"geometry":{"type":"Point","coordinates":[-105.26654,57.43868]},"properties":{"u":0,"y":75}},{"type":"Feature","id":2015,"geometry":{"type":"Point","coordinates":[-105.37712,57.25739]},"properties":{"u":0,"y":75}},{"type":"Feature","id":2016,"geometry":{"type":"Point","coordinates":[-105.3491,57.36123]},"properties":{"u":0,"y":75}},{"type":"Feature","id":2017,"geometry":{"type":"Point","coordinates":[-105.36378,57.33289]},"properties":{"u":0,"y":75}},{"type":"Feature","id":2018,"geometry":{"type":"Point","coordinates":[-105.63677,57.07802]},"properties":{"u":0,"y":75}},{"type":"Feature","id":2019,"geometry":{"type":"Point","coordinates":[-105.69674,57.10914]},"properties":{"u":0,"y":75}},{"type":"Feature","id":2020,"geometry":{"type":"Point","coordinates":[-105.62553,57.09649]},"properties":{"u":0,"y":75}},{"type":"Feature","id":2021,"geometry":{"type":"Point","coordinates":[-105.4154,57.04975]},"properties":{"u":0,"y":75}},{"type":"Feature","id":2022,"geometry":{"type":"Point","coordinates":[-105.45799,57.09542]},"properties":{"u":0,"y":75}},{"type":"Feature","id":2023,"geometry":{"type":"Point","coordinates":[-105.77322,57.29331]},"properties":{"u":0,"y":75}},{"type":"Feature","id":2024,"geometry":{"type":"Point","coordinates":[-105.78381,57.28426]},"properties":{"u":0,"y":75}},{"type":"Feature","id":2025,"geometry":{"type":"Point","coordinates":[-105.79747,57.26351]},"properties":{"u":0,"y":75}},{"type":"Feature","id":2026,"geometry":{"type":"Point","coordinates":[-105.66426,57.0936]},"properties":{"u":0,"y":75}},{"type":"Feature","id":2027,"geometry":{"type":"Point","coordinates":[-105.56275,57.0923]},"properties":{"u":0,"y":75}},{"type":"Feature","id":2028,"geometry":{"type":"Point","coordinates":[-105.56917,57.08059]},"properties":{"u":0,"y":75}},{"type":"Feature","id":2029,"geometry":{"type":"Point","coordinates":[-105.58058,57.07156]},"properties":{"u":0,"y":75}},{"type":"Feature","id":2030,"geometry":{"type":"Point","coordinates":[-105.73578,57.16327]},"properties":{"u":0,"y":75}},{"type":"Feature","id":2031,"geometry":{"type":"Point","coordinates":[-105.32478,57.43181]},"properties":{"u":0,"y":75}},{"type":"Feature","id":2032,"geometry":{"type":"Point","coordinates":[-105.3207,57.4408]},"properties":{"u":0,"y":75}},{"type":"Feature","id":2033,"geometry":{"type":"Point","coordinates":[-105.36629,57.41822]},"properties":{"u":0,"y":75}},{"type":"Feature","id":2034,"geometry":{"type":"Point","coordinates":[-105.06248,57.43895]},"properties":{"u":0,"y":75}},{"type":"Feature","id":2035,"geometry":{"type":"Point","coordinates":[-105.04414,57.42593]},"properties":{"u":0,"y":75}},{"type":"Feature","id":2036,"geometry":{"type":"Point","coordinates":[-104.73671,57.56939]},"properties":{"u":0,"y":75}},{"type":"Feature","id":2037,"geometry":{"type":"Point","coordinates":[-104.73703,57.52537]},"properties":{"u":0,"y":75}},{"type":"Feature","id":2038,"geometry":{"type":"Point","coordinates":[-105.11195,57.27273]},"properties":{"u":0,"y":75}},{"type":"Feature","id":2039,"geometry":{"type":"Point","coordinates":[-105.08711,57.28847]},"properties":{"u":0,"y":75}},{"type":"Feature","id":2040,"geometry":{"type":"Point","coordinates":[-105.1725,57.27715]},"properties":{"u":0,"y":75}},{"type":"Feature","id":2041,"geometry":{"type":"Point","coordinates":[-104.65987,57.65274]},"properties":{"u":0,"y":75}},{"type":"Feature","id":2042,"geometry":{"type":"Point","coordinates":[-104.77785,57.67726]},"properties":{"u":0,"y":75}},{"type":"Feature","id":2043,"geometry":{"type":"Point","coordinates":[-104.77376,57.66018]},"properties":{"u":0,"y":75}},{"type":"Feature","id":2044,"geometry":{"type":"Point","coordinates":[-105.62734,57.20339]},"properties":{"u":0,"y":75}},{"type":"Feature","id":2045,"geometry":{"type":"Point","coordinates":[-105.58593,57.20179]},"properties":{"u":0,"y":75}},{"type":"Feature","id":2046,"geometry":{"type":"Point","coordinates":[-104.6917,59.41452]},"properties":{"u":0,"y":75}},{"type":"Feature","id":2047,"geometry":{"type":"Point","coordinates":[-104.67673,57.64111]},"properties":{"u":0,"y":75}},{"type":"Feature","id":2048,"geometry":{"type":"Point","coordinates":[-104.62632,57.65624]},"properties":{"u":0,"y":75}},{"type":"Feature","id":2049,"geometry":{"type":"Point","coordinates":[-104.52439,57.69812]},"properties":{"u":0,"y":75}},{"type":"Feature","id":2050,"geometry":{"type":"Point","coordinates":[-104.47802,57.7141]},"properties":{"u":0,"y":75}},{"type":"Feature","id":2051,"geometry":{"type":"Point","coordinates":[-104.6754,57.60248]},"properties":{"u":0,"y":75}},{"type":"Feature","id":2052,"geometry":{"type":"Point","coordinates":[-104.61499,57.61803]},"properties":{"u":0,"y":75}},{"type":"Feature","id":2053,"geometry":{"type":"Point","coordinates":[-104.82534,57.38988]},"properties":{"u":0,"y":75}},{"type":"Feature","id":2054,"geometry":{"type":"Point","coordinates":[-104.63228,57.56419]},"properties":{"u":0,"y":75}},{"type":"Feature","id":2055,"geometry":{"type":"Point","coordinates":[-104.34704,57.85722]},"properties":{"u":0,"y":75}},{"type":"Feature","id":2056,"geometry":{"type":"Point","coordinates":[-104.36003,57.83707]},"properties":{"u":0,"y":75}},{"type":"Feature","id":2057,"geometry":{"type":"Point","coordinates":[-104.40653,57.82607]},"properties":{"u":0,"y":75}},{"type":"Feature","id":2058,"geometry":{"type":"Point","coordinates":[-104.46384,57.65117]},"properties":{"u":0,"y":75}},{"type":"Feature","id":2059,"geometry":{"type":"Point","coordinates":[-104.51284,57.74568]},"properties":{"u":0,"y":75}},{"type":"Feature","id":2060,"geometry":{"type":"Point","coordinates":[-105.58905,57.29386]},"properties":{"u":0,"y":75}},{"type":"Feature","id":2061,"geometry":{"type":"Point","coordinates":[-105.88762,57.11692]},"properties":{"u":0,"y":75}},{"type":"Feature","id":2062,"geometry":{"type":"Point","coordinates":[-105.70601,57.11942]},"properties":{"u":0,"y":75}},{"type":"Feature","id":2063,"geometry":{"type":"Point","coordinates":[-105.40676,57.31479]},"properties":{"u":0,"y":75}},{"type":"Feature","id":2064,"geometry":{"type":"Point","coordinates":[-105.43282,57.27203]},"properties":{"u":0,"y":75}},{"type":"Feature","id":2065,"geometry":{"type":"Point","coordinates":[-105.66218,57.20815]},"properties":{"u":0,"y":75}},{"type":"Feature","id":2066,"geometry":{"type":"Point","coordinates":[-105.67021,57.19463]},"properties":{"u":0,"y":75}},{"type":"Feature","id":2067,"geometry":{"type":"Point","coordinates":[-105.28149,57.21542]},"properties":{"u":0,"y":75}},{"type":"Feature","id":2068,"geometry":{"type":"Point","coordinates":[-105.29372,57.19159]},"properties":{"u":0,"y":75}},{"type":"Feature","id":2069,"geometry":{"type":"Point","coordinates":[-105.23196,57.23888]},"properties":{"u":0,"y":75}},{"type":"Feature","id":2070,"geometry":{"type":"Point","coordinates":[-105.18697,57.35034]},"properties":{"u":0,"y":75}},{"type":"Feature","id":2071,"geometry":{"type":"Point","coordinates":[-104.94153,57.55123]},"properties":{"u":0,"y":75}},{"type":"Feature","id":2072,"geometry":{"type":"Point","coordinates":[-105.87046,57.26527]},"properties":{"u":0,"y":75}},{"type":"Feature","id":2073,"geometry":{"type":"Point","coordinates":[-105.99388,57.23067]},"properties":{"u":0,"y":75}},{"type":"Feature","id":2074,"geometry":{"type":"Point","coordinates":[-103.76731,58.10421]},"properties":{"u":0,"y":76}},{"type":"Feature","id":2075,"geometry":{"type":"Point","coordinates":[-103.71956,58.1107]},"properties":{"u":0,"y":76}},{"type":"Feature","id":2076,"geometry":{"type":"Point","coordinates":[-103.66571,58.12115]},"properties":{"u":0,"y":76}},{"type":"Feature","id":2077,"geometry":{"type":"Point","coordinates":[-103.62238,58.15505]},"properties":{"u":0,"y":76}},{"type":"Feature","id":2078,"geometry":{"type":"Point","coordinates":[-103.64502,58.27477]},"properties":{"u":0,"y":76}},{"type":"Feature","id":2079,"geometry":{"type":"Point","coordinates":[-103.64435,58.30328]},"properties":{"u":0,"y":76}},{"type":"Feature","id":2080,"geometry":{"type":"Point","coordinates":[-103.59734,58.33781]},"properties":{"u":0,"y":76}},{"type":"Feature","id":2081,"geometry":{"type":"Point","coordinates":[-103.59904,58.38117]},"properties":{"u":0,"y":76}},{"type":"Feature","id":2082,"geometry":{"type":"Point","coordinates":[-103.62826,58.38845]},"properties":{"u":0,"y":76}},{"type":"Feature","id":2083,"geometry":{"type":"Point","coordinates":[-103.61908,58.40452]},"properties":{"u":0,"y":76}},{"type":"Feature","id":2084,"geometry":{"type":"Point","coordinates":[-103.62648,58.48903]},"properties":{"u":0,"y":76}},{"type":"Feature","id":2085,"geometry":{"type":"Point","coordinates":[-103.60201,58.53301]},"properties":{"u":0,"y":76}},{"type":"Feature","id":2086,"geometry":{"type":"Point","coordinates":[-103.90317,58.05919]},"properties":{"u":0,"y":76}},{"type":"Feature","id":2087,"geometry":{"type":"Point","coordinates":[-103.70921,58.19751]},"properties":{"u":0,"y":76}},{"type":"Feature","id":2088,"geometry":{"type":"Point","coordinates":[-103.60463,58.30465]},"properties":{"u":0,"y":76}},{"type":"Feature","id":2089,"geometry":{"type":"Point","coordinates":[-103.54225,58.30665]},"properties":{"u":0,"y":76}},{"type":"Feature","id":2090,"geometry":{"type":"Point","coordinates":[-103.64679,58.2283]},"properties":{"u":0,"y":76}},{"type":"Feature","id":2091,"geometry":{"type":"Point","coordinates":[-103.71218,58.19776]},"properties":{"u":0,"y":76}},{"type":"Feature","id":2092,"geometry":{"type":"Point","coordinates":[-103.75236,58.09486]},"properties":{"u":0,"y":76}},{"type":"Feature","id":2093,"geometry":{"type":"Point","coordinates":[-103.78806,58.05523]},"properties":{"u":0,"y":76}},{"type":"Feature","id":2094,"geometry":{"type":"Point","coordinates":[-104.20229,58.64614]},"properties":{"u":0,"y":76}},{"type":"Feature","id":2095,"geometry":{"type":"Point","coordinates":[-104.12281,58.67189]},"properties":{"u":0,"y":76}},{"type":"Feature","id":2096,"geometry":{"type":"Point","coordinates":[-104.15468,58.79785]},"properties":{"u":0,"y":76}},{"type":"Feature","id":2097,"geometry":{"type":"Point","coordinates":[-104.21502,58.76949]},"properties":{"u":0,"y":76}},{"type":"Feature","id":2098,"geometry":{"type":"Point","coordinates":[-104.23062,58.80686]},"properties":{"u":0,"y":76}},{"type":"Feature","id":2099,"geometry":{"type":"Point","coordinates":[-104.23522,58.85359]},"properties":{"u":0,"y":76}},{"type":"Feature","id":2100,"geometry":{"type":"Point","coordinates":[-103.99748,58.81805]},"properties":{"u":0,"y":76}},{"type":"Feature","id":2101,"geometry":{"type":"Point","coordinates":[-104.07464,58.79775]},"properties":{"u":0,"y":76}},{"type":"Feature","id":2102,"geometry":{"type":"Point","coordinates":[-104.05359,58.31437]},"properties":{"u":0,"y":76}},{"type":"Feature","id":2103,"geometry":{"type":"Point","coordinates":[-104.05463,58.32359]},"properties":{"u":0,"y":76}},{"type":"Feature","id":2104,"geometry":{"type":"Point","coordinates":[-104.08119,58.30335]},"properties":{"u":0,"y":76}},{"type":"Feature","id":2105,"geometry":{"type":"Point","coordinates":[-104.15129,58.35076]},"properties":{"u":0,"y":76}},{"type":"Feature","id":2106,"geometry":{"type":"Point","coordinates":[-103.94763,58.84887]},"properties":{"u":0,"y":76}},{"type":"Feature","id":2107,"geometry":{"type":"Point","coordinates":[-103.96028,58.74478]},"properties":{"u":0,"y":76}},{"type":"Feature","id":2108,"geometry":{"type":"Point","coordinates":[-103.96195,58.70326]},"properties":{"u":0,"y":76}},{"type":"Feature","id":2109,"geometry":{"type":"Point","coordinates":[-103.94635,58.74826]},"properties":{"u":0,"y":76}},{"type":"Feature","id":2110,"geometry":{"type":"Point","coordinates":[-104.27273,58.90387]},"properties":{"u":0,"y":76}},{"type":"Feature","id":2111,"geometry":{"type":"Point","coordinates":[-104.2864,58.74565]},"properties":{"u":0,"y":76}},{"type":"Feature","id":2112,"geometry":{"type":"Point","coordinates":[-104.15124,58.70824]},"properties":{"u":0,"y":76}},{"type":"Feature","id":2113,"geometry":{"type":"Point","coordinates":[-104.19867,58.61603]},"properties":{"u":0,"y":76}},{"type":"Feature","id":2114,"geometry":{"type":"Point","coordinates":[-103.6964,58.54657]},"properties":{"u":0,"y":76}},{"type":"Feature","id":2115,"geometry":{"type":"Point","coordinates":[-103.73942,58.56856]},"properties":{"u":0,"y":76}},{"type":"Feature","id":2116,"geometry":{"type":"Point","coordinates":[-103.82457,58.55455]},"properties":{"u":0,"y":76}},{"type":"Feature","id":2117,"geometry":{"type":"Point","coordinates":[-103.83966,58.60498]},"properties":{"u":0,"y":76}},{"type":"Feature","id":2118,"geometry":{"type":"Point","coordinates":[-104.21392,58.56942]},"properties":{"u":0,"y":76}},{"type":"Feature","id":2119,"geometry":{"type":"Point","coordinates":[-104.24591,58.52066]},"properties":{"u":0,"y":76}},{"type":"Feature","id":2120,"geometry":{"type":"Point","coordinates":[-104.12426,58.49362]},"properties":{"u":0,"y":76}},{"type":"Feature","id":2121,"geometry":{"type":"Point","coordinates":[-104.09823,58.52173]},"properties":{"u":0,"y":76}},{"type":"Feature","id":2122,"geometry":{"type":"Point","coordinates":[-104.17208,58.42972]},"properties":{"u":0,"y":76}},{"type":"Feature","id":2123,"geometry":{"type":"Point","coordinates":[-104.32708,58.56288]},"properties":{"u":0,"y":76}},{"type":"Feature","id":2124,"geometry":{"type":"Point","coordinates":[-104.28436,58.59251]},"properties":{"u":0,"y":76}},{"type":"Feature","id":2125,"geometry":{"type":"Point","coordinates":[-104.25987,58.61191]},"properties":{"u":0,"y":76}},{"type":"Feature","id":2126,"geometry":{"type":"Point","coordinates":[-103.89221,58.39886]},"properties":{"u":0,"y":76}},{"type":"Feature","id":2127,"geometry":{"type":"Point","coordinates":[-103.88861,58.41792]},"properties":{"u":0,"y":76}},{"type":"Feature","id":2128,"geometry":{"type":"Point","coordinates":[-103.65816,58.43435]},"properties":{"u":0,"y":76}},{"type":"Feature","id":2129,"geometry":{"type":"Point","coordinates":[-103.80528,58.32577]},"properties":{"u":0,"y":76}},{"type":"Feature","id":2130,"geometry":{"type":"Point","coordinates":[-103.68055,58.36227]},"properties":{"u":0,"y":76}},{"type":"Feature","id":2131,"geometry":{"type":"Point","coordinates":[-103.614,58.39211]},"properties":{"u":0,"y":76}},{"type":"Feature","id":2132,"geometry":{"type":"Point","coordinates":[-103.89255,58.31959]},"properties":{"u":0,"y":76}},{"type":"Feature","id":2133,"geometry":{"type":"Point","coordinates":[-104.10824,58.29635]},"properties":{"u":0,"y":76}},{"type":"Feature","id":2134,"geometry":{"type":"Point","coordinates":[-104.12164,58.25445]},"properties":{"u":0,"y":76}},{"type":"Feature","id":2135,"geometry":{"type":"Point","coordinates":[-104.21561,58.22408]},"properties":{"u":0,"y":76}},{"type":"Feature","id":2136,"geometry":{"type":"Point","coordinates":[-104.02685,58.15361]},"properties":{"u":0,"y":76}},{"type":"Feature","id":2137,"geometry":{"type":"Point","coordinates":[-104.02552,58.12464]},"properties":{"u":0,"y":76}},{"type":"Feature","id":2138,"geometry":{"type":"Point","coordinates":[-104.45573,58.05242]},"properties":{"u":0,"y":76}},{"type":"Feature","id":2139,"geometry":{"type":"Point","coordinates":[-104.50197,58.07799]},"properties":{"u":0,"y":76}},{"type":"Feature","id":2140,"geometry":{"type":"Point","coordinates":[-104.30348,58.14914]},"properties":{"u":0,"y":76}},{"type":"Feature","id":2141,"geometry":{"type":"Point","coordinates":[-103.9533,58.83342]},"properties":{"u":0,"y":76}},{"type":"Feature","id":2142,"geometry":{"type":"Point","coordinates":[-103.86627,58.26075]},"properties":{"u":0,"y":76}},{"type":"Feature","id":2143,"geometry":{"type":"Point","coordinates":[-103.94692,58.09841]},"properties":{"u":0,"y":76}},{"type":"Feature","id":2144,"geometry":{"type":"Point","coordinates":[-104.1048,58.02686]},"properties":{"u":0,"y":76}},{"type":"Feature","id":2145,"geometry":{"type":"Point","coordinates":[-104.1396,58.16386]},"properties":{"u":0,"y":76}},{"type":"Feature","id":2146,"geometry":{"type":"Point","coordinates":[-105.36054,57.25654]},"properties":{"u":0,"y":75}},{"type":"Feature","id":2147,"geometry":{"type":"Point","coordinates":[-105.37218,57.34274]},"properties":{"u":0,"y":75}},{"type":"Feature","id":2148,"geometry":{"type":"Point","coordinates":[-105.37915,57.05077]},"properties":{"u":0,"y":75}},{"type":"Feature","id":2149,"geometry":{"type":"Point","coordinates":[-105.79163,57.26175]},"properties":{"u":0,"y":75}},{"type":"Feature","id":2150,"geometry":{"type":"Point","coordinates":[-105.54941,57.08293]},"properties":{"u":0,"y":75}},{"type":"Feature","id":2151,"geometry":{"type":"Point","coordinates":[-105.77261,57.14508]},"properties":{"u":0,"y":75}},{"type":"Feature","id":2152,"geometry":{"type":"Point","coordinates":[-105.35825,57.44744]},"properties":{"u":0,"y":75}},{"type":"Feature","id":2153,"geometry":{"type":"Point","coordinates":[-105.00418,57.49151]},"properties":{"u":0,"y":75}},{"type":"Feature","id":2154,"geometry":{"type":"Point","coordinates":[-105.07913,57.4322]},"properties":{"u":0,"y":75}},{"type":"Feature","id":2155,"geometry":{"type":"Point","coordinates":[-105.58593,57.20179]},"properties":{"u":0,"y":75}},{"type":"Feature","id":2156,"geometry":{"type":"Point","coordinates":[-104.6817,57.64741]},"properties":{"u":0,"y":75}},{"type":"Feature","id":2157,"geometry":{"type":"Point","coordinates":[-104.57255,57.66865]},"properties":{"u":0,"y":75}},{"type":"Feature","id":2158,"geometry":{"type":"Point","coordinates":[-104.54893,57.68069]},"properties":{"u":0,"y":75}},{"type":"Feature","id":2159,"geometry":{"type":"Point","coordinates":[-104.67793,57.60024]},"properties":{"u":0,"y":75}},{"type":"Feature","id":2160,"geometry":{"type":"Point","coordinates":[-104.75346,57.44097]},"properties":{"u":0,"y":75}},{"type":"Feature","id":2161,"geometry":{"type":"Point","coordinates":[-104.34764,57.68431]},"properties":{"u":0,"y":75}},{"type":"Feature","id":2162,"geometry":{"type":"Point","coordinates":[-105.66178,57.18569]},"properties":{"u":0,"y":75}},{"type":"Feature","id":2163,"geometry":{"type":"Point","coordinates":[-105.72773,57.1741]},"properties":{"u":0,"y":75}},{"type":"Feature","id":2164,"geometry":{"type":"Point","coordinates":[-105.35566,57.1802]},"properties":{"u":0,"y":75}},{"type":"Feature","id":2165,"geometry":{"type":"Point","coordinates":[-103.78395,58.10123]},"properties":{"u":0,"y":76}},{"type":"Feature","id":2166,"geometry":{"type":"Point","coordinates":[-103.62877,58.14367]},"properties":{"u":0,"y":76}},{"type":"Feature","id":2167,"geometry":{"type":"Point","coordinates":[-103.6188,58.31311]},"properties":{"u":0,"y":76}},{"type":"Feature","id":2168,"geometry":{"type":"Point","coordinates":[-103.60777,58.39833]},"properties":{"u":0,"y":76}},{"type":"Feature","id":2169,"geometry":{"type":"Point","coordinates":[-103.6291,58.2454]},"properties":{"u":0,"y":76}},{"type":"Feature","id":2170,"geometry":{"type":"Point","coordinates":[-103.77308,58.07215]},"properties":{"u":0,"y":76}},{"type":"Feature","id":2171,"geometry":{"type":"Point","coordinates":[-104.17248,58.64977]},"properties":{"u":0,"y":76}},{"type":"Feature","id":2172,"geometry":{"type":"Point","coordinates":[-104.18359,58.74572]},"properties":{"u":0,"y":76}},{"type":"Feature","id":2173,"geometry":{"type":"Point","coordinates":[-104.03693,58.80039]},"properties":{"u":0,"y":76}},{"type":"Feature","id":2174,"geometry":{"type":"Point","coordinates":[-104.03481,58.3304]},"properties":{"u":0,"y":76}},{"type":"Feature","id":2175,"geometry":{"type":"Point","coordinates":[-104.12083,58.33888]},"properties":{"u":0,"y":76}},{"type":"Feature","id":2176,"geometry":{"type":"Point","coordinates":[-103.99483,58.73024]},"properties":{"u":0,"y":76}},{"type":"Feature","id":2177,"geometry":{"type":"Point","coordinates":[-104.24198,58.901]},"properties":{"u":0,"y":76}},{"type":"Feature","id":2178,"geometry":{"type":"Point","coordinates":[-103.66055,58.55159]},"properties":{"u":0,"y":76}},{"type":"Feature","id":2179,"geometry":{"type":"Point","coordinates":[-103.82263,58.57407]},"properties":{"u":0,"y":76}},{"type":"Feature","id":2180,"geometry":{"type":"Point","coordinates":[-104.19744,58.55697]},"properties":{"u":0,"y":76}},{"type":"Feature","id":2181,"geometry":{"type":"Point","coordinates":[-104.27886,58.50446]},"properties":{"u":0,"y":76}},{"type":"Feature","id":2182,"geometry":{"type":"Point","coordinates":[-104.12743,58.40045]},"properties":{"u":0,"y":76}},{"type":"Feature","id":2183,"geometry":{"type":"Point","coordinates":[-103.68646,58.50223]},"properties":{"u":0,"y":76}},{"type":"Feature","id":2184,"geometry":{"type":"Point","coordinates":[-103.66024,58.35712]},"properties":{"u":0,"y":76}},{"type":"Feature","id":2185,"geometry":{"type":"Point","coordinates":[-104.02978,58.31128]},"properties":{"u":0,"y":76}},{"type":"Feature","id":2186,"geometry":{"type":"Point","coordinates":[-104.12999,58.22689]},"properties":{"u":0,"y":76}},{"type":"Feature","id":2187,"geometry":{"type":"Point","coordinates":[-104.00782,58.10496]},"properties":{"u":0,"y":76}},{"type":"Feature","id":2188,"geometry":{"type":"Point","coordinates":[-104.37887,58.088]},"properties":{"u":0,"y":76}},{"type":"Feature","id":2189,"geometry":{"type":"Point","coordinates":[-103.98013,58.03468]},"properties":{"u":0,"y":76}},{"type":"Feature","id":2190,"geometry":{"type":"Point","coordinates":[-105.15843,57.47794]},"properties":{"u":0,"y":75}},{"type":"Feature","id":2191,"geometry":{"type":"Point","coordinates":[-105.43203,57.20466]},"properties":{"u":0,"y":75}},{"type":"Feature","id":2192,"geometry":{"type":"Point","coordinates":[-105.21652,57.42979]},"properties":{"u":0,"y":75}},{"type":"Feature","id":2193,"geometry":{"type":"Point","coordinates":[-105.61269,57.11857]},"properties":{"u":0,"y":75}},{"type":"Feature","id":2194,"geometry":{"type":"Point","coordinates":[-105.673,57.1205]},"properties":{"u":0,"y":75}},{"type":"Feature","id":2195,"geometry":{"type":"Point","coordinates":[-105.67136,57.07559]},"properties":{"u":0,"y":75}},{"type":"Feature","id":2196,"geometry":{"type":"Point","coordinates":[-105.55673,57.07616]},"properties":{"u":0,"y":75}},{"type":"Feature","id":2197,"geometry":{"type":"Point","coordinates":[-105.7521,57.15239]},"properties":{"u":0,"y":75}},{"type":"Feature","id":2198,"geometry":{"type":"Point","coordinates":[-105.34573,57.44523]},"properties":{"u":0,"y":75}},{"type":"Feature","id":2199,"geometry":{"type":"Point","coordinates":[-105.05336,57.46635]},"properties":{"u":0,"y":75}},{"type":"Feature","id":2200,"geometry":{"type":"Point","coordinates":[-105.03166,57.43761]},"properties":{"u":0,"y":75}},{"type":"Feature","id":2201,"geometry":{"type":"Point","coordinates":[-105.0458,57.41964]},"properties":{"u":0,"y":75}},{"type":"Feature","id":2202,"geometry":{"type":"Point","coordinates":[-105.02087,57.496]},"properties":{"u":0,"y":75}},{"type":"Feature","id":2203,"geometry":{"type":"Point","coordinates":[-105.02003,57.47938]},"properties":{"u":0,"y":75}},{"type":"Feature","id":2204,"geometry":{"type":"Point","coordinates":[-104.72922,57.56488]},"properties":{"u":0,"y":75}},{"type":"Feature","id":2205,"geometry":{"type":"Point","coordinates":[-105.10782,57.27722]},"properties":{"u":0,"y":75}},{"type":"Feature","id":2206,"geometry":{"type":"Point","coordinates":[-105.14107,57.29875]},"properties":{"u":0,"y":75}},{"type":"Feature","id":2207,"geometry":{"type":"Point","coordinates":[-104.66324,57.65096]},"properties":{"u":0,"y":75}},{"type":"Feature","id":2208,"geometry":{"type":"Point","coordinates":[-104.79056,57.65437]},"properties":{"u":0,"y":75}},{"type":"Feature","id":2209,"geometry":{"type":"Point","coordinates":[-104.65506,57.62938]},"properties":{"u":0,"y":75}},{"type":"Feature","id":2210,"geometry":{"type":"Point","coordinates":[-104.61217,57.64722]},"properties":{"u":0,"y":75}},{"type":"Feature","id":2211,"geometry":{"type":"Point","coordinates":[-104.64856,57.60915]},"properties":{"u":0,"y":75}},{"type":"Feature","id":2212,"geometry":{"type":"Point","coordinates":[-104.66519,57.62042]},"properties":{"u":0,"y":75}},{"type":"Feature","id":2213,"geometry":{"type":"Point","coordinates":[-104.66015,57.53327]},"properties":{"u":0,"y":75}},{"type":"Feature","id":2214,"geometry":{"type":"Point","coordinates":[-104.66422,57.54406]},"properties":{"u":0,"y":75}},{"type":"Feature","id":2215,"geometry":{"type":"Point","coordinates":[-104.57787,57.57165]},"properties":{"u":0,"y":75}},{"type":"Feature","id":2216,"geometry":{"type":"Point","coordinates":[-104.42419,57.7745]},"properties":{"u":0,"y":75}},{"type":"Feature","id":2217,"geometry":{"type":"Point","coordinates":[-105.91241,57.15133]},"properties":{"u":0,"y":75}},{"type":"Feature","id":2218,"geometry":{"type":"Point","coordinates":[-105.69077,57.18778]},"properties":{"u":0,"y":75}},{"type":"Feature","id":2219,"geometry":{"type":"Point","coordinates":[-105.31457,57.21175]},"properties":{"u":0,"y":75}},{"type":"Feature","id":2220,"geometry":{"type":"Point","coordinates":[-105.07898,57.36393]},"properties":{"u":0,"y":75}},{"type":"Feature","id":2221,"geometry":{"type":"Point","coordinates":[-104.83713,57.54441]},"properties":{"u":0,"y":75}},{"type":"Feature","id":2222,"geometry":{"type":"Point","coordinates":[-103.76209,58.10798]},"properties":{"u":0,"y":76}},{"type":"Feature","id":2223,"geometry":{"type":"Point","coordinates":[-103.60164,58.18559]},"properties":{"u":0,"y":76}},{"type":"Feature","id":2224,"geometry":{"type":"Point","coordinates":[-103.65638,58.27871]},"properties":{"u":0,"y":76}},{"type":"Feature","id":2225,"geometry":{"type":"Point","coordinates":[-103.53246,58.46059]},"properties":{"u":0,"y":76}},{"type":"Feature","id":2226,"geometry":{"type":"Point","coordinates":[-103.89791,58.02366]},"properties":{"u":0,"y":76}},{"type":"Feature","id":2227,"geometry":{"type":"Point","coordinates":[-103.58842,58.27236]},"properties":{"u":0,"y":76}},{"type":"Feature","id":2228,"geometry":{"type":"Point","coordinates":[-103.76212,58.0826]},"properties":{"u":0,"y":76}},{"type":"Feature","id":2229,"geometry":{"type":"Point","coordinates":[-104.18012,58.65476]},"properties":{"u":0,"y":76}},{"type":"Feature","id":2230,"geometry":{"type":"Point","coordinates":[-104.22894,58.78529]},"properties":{"u":0,"y":76}},{"type":"Feature","id":2231,"geometry":{"type":"Point","coordinates":[-104.13126,58.31403]},"properties":{"u":0,"y":76}},{"type":"Feature","id":2232,"geometry":{"type":"Point","coordinates":[-103.9347,58.84674]},"properties":{"u":0,"y":76}},{"type":"Feature","id":2233,"geometry":{"type":"Point","coordinates":[-103.98734,58.7203]},"properties":{"u":0,"y":76}},{"type":"Feature","id":2234,"geometry":{"type":"Point","coordinates":[-104.31378,58.7815]},"properties":{"u":0,"y":76}},{"type":"Feature","id":2235,"geometry":{"type":"Point","coordinates":[-104.26208,58.6703]},"properties":{"u":0,"y":76}},{"type":"Feature","id":2236,"geometry":{"type":"Point","coordinates":[-104.19047,58.54255]},"properties":{"u":0,"y":76}},{"type":"Feature","id":2237,"geometry":{"type":"Point","coordinates":[-104.23579,58.49253]},"properties":{"u":0,"y":76}},{"type":"Feature","id":2238,"geometry":{"type":"Point","coordinates":[-104.00595,58.38497]},"properties":{"u":0,"y":76}},{"type":"Feature","id":2239,"geometry":{"type":"Point","coordinates":[-104.30241,58.59351]},"properties":{"u":0,"y":76}},{"type":"Feature","id":2240,"geometry":{"type":"Point","coordinates":[-103.8564,58.42145]},"properties":{"u":0,"y":76}},{"type":"Feature","id":2241,"geometry":{"type":"Point","coordinates":[-103.71268,58.32487]},"properties":{"u":0,"y":76}},{"type":"Feature","id":2242,"geometry":{"type":"Point","coordinates":[-103.99232,58.29325]},"properties":{"u":0,"y":76}},{"type":"Feature","id":2243,"geometry":{"type":"Point","coordinates":[-104.38613,58.06041]},"properties":{"u":0,"y":76}},{"type":"Feature","id":2244,"geometry":{"type":"Point","coordinates":[-104.27785,58.15618]},"properties":{"u":0,"y":76}},{"type":"Feature","id":2245,"geometry":{"type":"Point","coordinates":[-103.88604,58.20097]},"properties":{"u":0,"y":76}},{"type":"Feature","id":2246,"geometry":{"type":"Point","coordinates":[-104.06645,58.18243]},"properties":{"u":0,"y":76}},{"type":"Feature","id":2247,"geometry":{"type":"Point","coordinates":[-105.22506,57.46571]},"properties":{"u":0,"y":75}},{"type":"Feature","id":2248,"geometry":{"type":"Point","coordinates":[-105.3719,57.2327]},"properties":{"u":0,"y":75}},{"type":"Feature","id":2249,"geometry":{"type":"Point","coordinates":[-105.41636,57.02505]},"properties":{"u":0,"y":75}},{"type":"Feature","id":2250,"geometry":{"type":"Point","coordinates":[-105.78487,57.13872]},"properties":{"u":0,"y":75}},{"type":"Feature","id":2251,"geometry":{"type":"Point","coordinates":[-105.36811,57.43393]},"properties":{"u":0,"y":75}},{"type":"Feature","id":2252,"geometry":{"type":"Point","coordinates":[-104.85373,57.57137]},"properties":{"u":0,"y":75}},{"type":"Feature","id":2253,"geometry":{"type":"Point","coordinates":[-105.13598,57.26821]},"properties":{"u":0,"y":75}},{"type":"Feature","id":2254,"geometry":{"type":"Point","coordinates":[-104.65678,57.62489]},"properties":{"u":0,"y":75}},{"type":"Feature","id":2255,"geometry":{"type":"Point","coordinates":[-104.5826,57.66958]},"properties":{"u":0,"y":75}},{"type":"Feature","id":2256,"geometry":{"type":"Point","coordinates":[-104.60895,57.55738]},"properties":{"u":0,"y":75}},{"type":"Feature","id":2257,"geometry":{"type":"Point","coordinates":[-104.25747,57.91062]},"properties":{"u":0,"y":75}},{"type":"Feature","id":2258,"geometry":{"type":"Point","coordinates":[-105.94991,57.13129]},"properties":{"u":0,"y":75}},{"type":"Feature","id":2259,"geometry":{"type":"Point","coordinates":[-105.30252,57.25669]},"properties":{"u":0,"y":75}},{"type":"Feature","id":2260,"geometry":{"type":"Point","coordinates":[-103.74385,58.1078]},"properties":{"u":0,"y":76}},{"type":"Feature","id":2261,"geometry":{"type":"Point","coordinates":[-103.84164,58.07504]},"properties":{"u":0,"y":76}},{"type":"Feature","id":2262,"geometry":{"type":"Point","coordinates":[-103.76667,58.06131]},"properties":{"u":0,"y":76}},{"type":"Feature","id":2263,"geometry":{"type":"Point","coordinates":[-103.95083,58.82891]},"properties":{"u":0,"y":76}},{"type":"Feature","id":2264,"geometry":{"type":"Point","coordinates":[-104.01721,58.79396]},"properties":{"u":0,"y":76}},{"type":"Feature","id":2265,"geometry":{"type":"Point","coordinates":[-104.3083,58.64384]},"properties":{"u":0,"y":76}},{"type":"Feature","id":2266,"geometry":{"type":"Point","coordinates":[-103.85005,58.4324]},"properties":{"u":0,"y":76}},{"type":"Feature","id":2267,"geometry":{"type":"Point","coordinates":[-103.98796,58.16207]},"properties":{"u":0,"y":76}},{"type":"Feature","id":2268,"geometry":{"type":"Point","coordinates":[-103.92376,58.13527]},"properties":{"u":0,"y":76}},{"type":"Feature","id":2269,"geometry":{"type":"Point","coordinates":[-105.39087,57.22501]},"properties":{"u":0,"y":75}},{"type":"Feature","id":2270,"geometry":{"type":"Point","coordinates":[-105.45671,57.192]},"properties":{"u":0,"y":75}},{"type":"Feature","id":2271,"geometry":{"type":"Point","coordinates":[-105.6303,57.1342]},"properties":{"u":0,"y":75}},{"type":"Feature","id":2272,"geometry":{"type":"Point","coordinates":[-105.44861,57.06985]},"properties":{"u":0,"y":75}},{"type":"Feature","id":2273,"geometry":{"type":"Point","coordinates":[-105.47016,57.07876]},"properties":{"u":0,"y":75}},{"type":"Feature","id":2274,"geometry":{"type":"Point","coordinates":[-105.78058,57.13111]},"properties":{"u":0,"y":75}},{"type":"Feature","id":2275,"geometry":{"type":"Point","coordinates":[-104.73264,57.55411]},"properties":{"u":0,"y":75}},{"type":"Feature","id":2276,"geometry":{"type":"Point","coordinates":[-105.15751,57.2637]},"properties":{"u":0,"y":75}},{"type":"Feature","id":2277,"geometry":{"type":"Point","coordinates":[-105.14933,57.29066]},"properties":{"u":0,"y":75}},{"type":"Feature","id":2278,"geometry":{"type":"Point","coordinates":[-104.65503,57.63297]},"properties":{"u":0,"y":75}},{"type":"Feature","id":2279,"geometry":{"type":"Point","coordinates":[-104.59773,57.66514]},"properties":{"u":0,"y":75}},{"type":"Feature","id":2280,"geometry":{"type":"Point","coordinates":[-104.67791,57.60159]},"properties":{"u":0,"y":75}},{"type":"Feature","id":2281,"geometry":{"type":"Point","coordinates":[-104.5334,57.58407]},"properties":{"u":0,"y":75}},{"type":"Feature","id":2282,"geometry":{"type":"Point","coordinates":[-104.56677,57.59093]},"properties":{"u":0,"y":75}},{"type":"Feature","id":2283,"geometry":{"type":"Point","coordinates":[-104.60276,57.5888]},"properties":{"u":0,"y":75}},{"type":"Feature","id":2284,"geometry":{"type":"Point","coordinates":[-104.27434,57.91072]},"properties":{"u":0,"y":75}},{"type":"Feature","id":2285,"geometry":{"type":"Point","coordinates":[-105.93342,57.13231]},"properties":{"u":0,"y":75}},{"type":"Feature","id":2286,"geometry":{"type":"Point","coordinates":[-104.98505,57.36126]},"properties":{"u":0,"y":75}},{"type":"Feature","id":2287,"geometry":{"type":"Point","coordinates":[-104.8874,57.49595]},"properties":{"u":0,"y":75}},{"type":"Feature","id":2288,"geometry":{"type":"Point","coordinates":[-103.56179,58.21435]},"properties":{"u":0,"y":76}},{"type":"Feature","id":2289,"geometry":{"type":"Point","coordinates":[-103.5691,58.40262]},"properties":{"u":0,"y":76}},{"type":"Feature","id":2290,"geometry":{"type":"Point","coordinates":[-103.6029,58.26196]},"properties":{"u":0,"y":76}},{"type":"Feature","id":2291,"geometry":{"type":"Point","coordinates":[-104.19595,58.65935]},"properties":{"u":0,"y":76}},{"type":"Feature","id":2292,"geometry":{"type":"Point","coordinates":[-104.1164,58.32807]},"properties":{"u":0,"y":76}},{"type":"Feature","id":2293,"geometry":{"type":"Point","coordinates":[-103.99686,58.70466]},"properties":{"u":0,"y":76}},{"type":"Feature","id":2294,"geometry":{"type":"Point","coordinates":[-104.28647,58.65809]},"properties":{"u":0,"y":76}},{"type":"Feature","id":2295,"geometry":{"type":"Point","coordinates":[-104.17904,58.59053]},"properties":{"u":0,"y":76}},{"type":"Feature","id":2296,"geometry":{"type":"Point","coordinates":[-103.84266,58.42267]},"properties":{"u":0,"y":76}},{"type":"Feature","id":2297,"geometry":{"type":"Point","coordinates":[-103.97814,58.31177]},"properties":{"u":0,"y":76}},{"type":"Feature","id":2298,"geometry":{"type":"Point","coordinates":[-103.85987,58.1812]},"properties":{"u":0,"y":76}},{"type":"Feature","id":2299,"geometry":{"type":"Point","coordinates":[-105.45698,57.3483]},"properties":{"u":0,"y":75}},{"type":"Feature","id":2300,"geometry":{"type":"Point","coordinates":[-105.6525,57.1287]},"properties":{"u":0,"y":75}},{"type":"Feature","id":2301,"geometry":{"type":"Point","coordinates":[-105.04587,57.47713]},"properties":{"u":0,"y":75}},{"type":"Feature","id":2302,"geometry":{"type":"Point","coordinates":[-104.73595,57.55861]},"properties":{"u":0,"y":75}},{"type":"Feature","id":2303,"geometry":{"type":"Point","coordinates":[-105.09953,57.27948]},"properties":{"u":0,"y":75}},{"type":"Feature","id":2304,"geometry":{"type":"Point","coordinates":[-104.59621,57.65166]},"properties":{"u":0,"y":75}},{"type":"Feature","id":2305,"geometry":{"type":"Point","coordinates":[-105.86517,57.21635]},"properties":{"u":0,"y":75}},{"type":"Feature","id":2306,"geometry":{"type":"Point","coordinates":[-104.82427,57.61176]},"properties":{"u":0,"y":75}},{"type":"Feature","id":2307,"geometry":{"type":"Point","coordinates":[-103.61474,58.51495]},"properties":{"u":0,"y":76}},{"type":"Feature","id":2308,"geometry":{"type":"Point","coordinates":[-104.11803,58.87821]},"properties":{"u":0,"y":76}},{"type":"Feature","id":2309,"geometry":{"type":"Point","coordinates":[-104.31184,58.72648]},"properties":{"u":0,"y":76}},{"type":"Feature","id":2310,"geometry":{"type":"Point","coordinates":[-103.81105,58.21736]},"properties":{"u":0,"y":76}},{"type":"Feature","id":2311,"geometry":{"type":"Point","coordinates":[-105.76218,57.16042]},"properties":{"u":0,"y":75}},{"type":"Feature","id":2312,"geometry":{"type":"Point","coordinates":[-105.75614,57.14788]},"properties":{"u":0,"y":75}},{"type":"Feature","id":2313,"geometry":{"type":"Point","coordinates":[-105.77987,57.13695]},"properties":{"u":0,"y":75}},{"type":"Feature","id":2314,"geometry":{"type":"Point","coordinates":[-103.8633,58.06064]},"properties":{"u":0,"y":76}},{"type":"Feature","id":2315,"geometry":{"type":"Point","coordinates":[-103.88123,58.05608]},"properties":{"u":0,"y":76}},{"type":"Feature","id":2316,"geometry":{"type":"Point","coordinates":[-103.90502,58.05404]},"properties":{"u":0,"y":76}},{"type":"Feature","id":2317,"geometry":{"type":"Point","coordinates":[-103.92266,58.01691]},"properties":{"u":0,"y":76}},{"type":"Feature","id":2318,"geometry":{"type":"Point","coordinates":[-103.92548,58.00751]},"properties":{"u":0,"y":76}},{"type":"Feature","id":2319,"geometry":{"type":"Point","coordinates":[-105.37427,57.38451]},"properties":{"u":0,"y":75}},{"type":"Feature","id":2320,"geometry":{"type":"Point","coordinates":[-105.3864,57.35168]},"properties":{"u":0,"y":75}},{"type":"Feature","id":2321,"geometry":{"type":"Point","coordinates":[-105.42845,57.39557]},"properties":{"u":0,"y":75}},{"type":"Feature","id":2322,"geometry":{"type":"Point","coordinates":[-105.17515,57.486]},"properties":{"u":0,"y":75}},{"type":"Feature","id":2323,"geometry":{"type":"Point","coordinates":[-105.38792,57.26005]},"properties":{"u":0,"y":75}},{"type":"Feature","id":2324,"geometry":{"type":"Point","coordinates":[-105.29141,57.4238]},"properties":{"u":0,"y":75}},{"type":"Feature","id":2325,"geometry":{"type":"Point","coordinates":[-105.26396,57.42746]},"properties":{"u":0,"y":75}},{"type":"Feature","id":2326,"geometry":{"type":"Point","coordinates":[-105.24975,57.4185]},"properties":{"u":0,"y":75}},{"type":"Feature","id":2327,"geometry":{"type":"Point","coordinates":[-105.35901,57.35536]},"properties":{"u":0,"y":75}},{"type":"Feature","id":2328,"geometry":{"type":"Point","coordinates":[-105.44823,57.03841]},"properties":{"u":0,"y":75}},{"type":"Feature","id":2329,"geometry":{"type":"Point","coordinates":[-105.51734,57.0907]},"properties":{"u":0,"y":75}},{"type":"Feature","id":2330,"geometry":{"type":"Point","coordinates":[-105.76764,57.30412]},"properties":{"u":0,"y":75}},{"type":"Feature","id":2331,"geometry":{"type":"Point","coordinates":[-105.75865,57.31091]},"properties":{"u":0,"y":75}},{"type":"Feature","id":2332,"geometry":{"type":"Point","coordinates":[-105.80217,57.2509]},"properties":{"u":0,"y":75}},{"type":"Feature","id":2333,"geometry":{"type":"Point","coordinates":[-105.68431,57.06205]},"properties":{"u":0,"y":75}},{"type":"Feature","id":2334,"geometry":{"type":"Point","coordinates":[-105.74721,57.15602]},"properties":{"u":0,"y":75}},{"type":"Feature","id":2335,"geometry":{"type":"Point","coordinates":[-105.78466,57.12884]},"properties":{"u":0,"y":75}},{"type":"Feature","id":2336,"geometry":{"type":"Point","coordinates":[-105.76851,57.14691]},"properties":{"u":0,"y":75}},{"type":"Feature","id":2337,"geometry":{"type":"Point","coordinates":[-105.33738,57.443]},"properties":{"u":0,"y":75}},{"type":"Feature","id":2338,"geometry":{"type":"Point","coordinates":[-105.3747,57.42718]},"properties":{"u":0,"y":75}},{"type":"Feature","id":2339,"geometry":{"type":"Point","coordinates":[-104.74118,57.52897]},"properties":{"u":0,"y":75}},{"type":"Feature","id":2340,"geometry":{"type":"Point","coordinates":[-105.0954,57.28397]},"properties":{"u":0,"y":75}},{"type":"Feature","id":2341,"geometry":{"type":"Point","coordinates":[-105.17819,57.25469]},"properties":{"u":0,"y":75}},{"type":"Feature","id":2342,"geometry":{"type":"Point","coordinates":[-105.12038,57.31629]},"properties":{"u":0,"y":75}},{"type":"Feature","id":2343,"geometry":{"type":"Point","coordinates":[-104.65154,57.64733]},"properties":{"u":0,"y":75}},{"type":"Feature","id":2344,"geometry":{"type":"Point","coordinates":[-104.65142,57.66036]},"properties":{"u":0,"y":75}},{"type":"Feature","id":2345,"geometry":{"type":"Point","coordinates":[-104.70666,57.66768]},"properties":{"u":0,"y":75}},{"type":"Feature","id":2346,"geometry":{"type":"Point","coordinates":[-104.78209,57.66828]},"properties":{"u":0,"y":75}},{"type":"Feature","id":2347,"geometry":{"type":"Point","coordinates":[-104.76105,57.68262]},"properties":{"u":0,"y":75}},{"type":"Feature","id":2348,"geometry":{"type":"Point","coordinates":[-104.67604,57.62404]},"properties":{"u":0,"y":75}},{"type":"Feature","id":2349,"geometry":{"type":"Point","coordinates":[-104.69019,57.63396]},"properties":{"u":0,"y":75}},{"type":"Feature","id":2350,"geometry":{"type":"Point","coordinates":[-104.63465,57.66076]},"properties":{"u":0,"y":75}},{"type":"Feature","id":2351,"geometry":{"type":"Point","coordinates":[-104.57668,57.67405]},"properties":{"u":0,"y":75}},{"type":"Feature","id":2352,"geometry":{"type":"Point","coordinates":[-104.57744,57.68079]},"properties":{"u":0,"y":75}},{"type":"Feature","id":2353,"geometry":{"type":"Point","coordinates":[-104.569,57.68525]},"properties":{"u":0,"y":75}},{"type":"Feature","id":2354,"geometry":{"type":"Point","coordinates":[-104.50326,57.70971]},"properties":{"u":0,"y":75}},{"type":"Feature","id":2355,"geometry":{"type":"Point","coordinates":[-104.62742,57.63019]},"properties":{"u":0,"y":75}},{"type":"Feature","id":2356,"geometry":{"type":"Point","coordinates":[-104.61046,57.6508]},"properties":{"u":0,"y":75}},{"type":"Feature","id":2357,"geometry":{"type":"Point","coordinates":[-104.81291,57.38088]},"properties":{"u":0,"y":75}},{"type":"Feature","id":2358,"geometry":{"type":"Point","coordinates":[-104.75849,57.43649]},"properties":{"u":0,"y":75}},{"type":"Feature","id":2359,"geometry":{"type":"Point","coordinates":[-104.67018,57.53195]},"properties":{"u":0,"y":75}},{"type":"Feature","id":2360,"geometry":{"type":"Point","coordinates":[-104.59068,57.54744]},"properties":{"u":0,"y":75}},{"type":"Feature","id":2361,"geometry":{"type":"Point","coordinates":[-104.58527,57.58201]},"properties":{"u":0,"y":75}},{"type":"Feature","id":2362,"geometry":{"type":"Point","coordinates":[-104.57779,57.57794]},"properties":{"u":0,"y":75}},{"type":"Feature","id":2363,"geometry":{"type":"Point","coordinates":[-104.31717,57.87727]},"properties":{"u":0,"y":75}},{"type":"Feature","id":2364,"geometry":{"type":"Point","coordinates":[-104.29254,57.84345]},"properties":{"u":0,"y":75}},{"type":"Feature","id":2365,"geometry":{"type":"Point","coordinates":[-104.49298,57.66476]},"properties":{"u":0,"y":75}},{"type":"Feature","id":2366,"geometry":{"type":"Point","coordinates":[-105.4689,57.30559]},"properties":{"u":0,"y":75}},{"type":"Feature","id":2367,"geometry":{"type":"Point","coordinates":[-105.73306,57.23471]},"properties":{"u":0,"y":75}},{"type":"Feature","id":2368,"geometry":{"type":"Point","coordinates":[-105.63288,57.18899]},"properties":{"u":0,"y":75}},{"type":"Feature","id":2369,"geometry":{"type":"Point","coordinates":[-105.39412,57.29686]},"properties":{"u":0,"y":75}},{"type":"Feature","id":2370,"geometry":{"type":"Point","coordinates":[-105.4314,57.29225]},"properties":{"u":0,"y":75}},{"type":"Feature","id":2371,"geometry":{"type":"Point","coordinates":[-105.7195,57.17639]},"properties":{"u":0,"y":75}},{"type":"Feature","id":2372,"geometry":{"type":"Point","coordinates":[-105.68254,57.19007]},"properties":{"u":0,"y":75}},{"type":"Feature","id":2373,"geometry":{"type":"Point","coordinates":[-105.68237,57.18109]},"properties":{"u":0,"y":75}},{"type":"Feature","id":2374,"geometry":{"type":"Point","coordinates":[-105.4916,57.14021]},"properties":{"u":0,"y":75}},{"type":"Feature","id":2375,"geometry":{"type":"Point","coordinates":[-105.4462,57.14397]},"properties":{"u":0,"y":75}},{"type":"Feature","id":2376,"geometry":{"type":"Point","coordinates":[-105.19028,57.18729]},"properties":{"u":0,"y":75}},{"type":"Feature","id":2377,"geometry":{"type":"Point","coordinates":[-105.07073,57.39852]},"properties":{"u":0,"y":75}},{"type":"Feature","id":2378,"geometry":{"type":"Point","coordinates":[-105.23667,57.3269]},"properties":{"u":0,"y":75}},{"type":"Feature","id":2379,"geometry":{"type":"Point","coordinates":[-105.00419,57.55798]},"properties":{"u":0,"y":75}},{"type":"Feature","id":2380,"geometry":{"type":"Point","coordinates":[-104.9616,57.53193]},"properties":{"u":0,"y":75}},{"type":"Feature","id":2381,"geometry":{"type":"Point","coordinates":[-104.84009,57.44111]},"properties":{"u":0,"y":75}},{"type":"Feature","id":2382,"geometry":{"type":"Point","coordinates":[-104.94168,57.45916]},"properties":{"u":0,"y":75}},{"type":"Feature","id":2383,"geometry":{"type":"Point","coordinates":[-105.97803,57.25774]},"properties":{"u":0,"y":75}},{"type":"Feature","id":2384,"geometry":{"type":"Point","coordinates":[-103.60439,58.1589]},"properties":{"u":0,"y":76}},{"type":"Feature","id":2385,"geometry":{"type":"Point","coordinates":[-103.63166,58.21219]},"properties":{"u":0,"y":76}},{"type":"Feature","id":2386,"geometry":{"type":"Point","coordinates":[-103.59439,58.22931]},"properties":{"u":0,"y":76}},{"type":"Feature","id":2387,"geometry":{"type":"Point","coordinates":[-103.64129,58.29427]},"properties":{"u":0,"y":76}},{"type":"Feature","id":2388,"geometry":{"type":"Point","coordinates":[-103.599,58.39307]},"properties":{"u":0,"y":76}},{"type":"Feature","id":2389,"geometry":{"type":"Point","coordinates":[-103.64091,58.38207]},"properties":{"u":0,"y":76}},{"type":"Feature","id":2390,"geometry":{"type":"Point","coordinates":[-103.63262,58.39725]},"properties":{"u":0,"y":76}},{"type":"Feature","id":2391,"geometry":{"type":"Point","coordinates":[-103.5484,58.4482]},"properties":{"u":0,"y":76}},{"type":"Feature","id":2392,"geometry":{"type":"Point","coordinates":[-103.61121,58.53917]},"properties":{"u":0,"y":76}},{"type":"Feature","id":2393,"geometry":{"type":"Point","coordinates":[-103.92914,57.99811]},"properties":{"u":0,"y":76}},{"type":"Feature","id":2394,"geometry":{"type":"Point","coordinates":[-103.90999,58.00199]},"properties":{"u":0,"y":76}},{"type":"Feature","id":2395,"geometry":{"type":"Point","coordinates":[-103.62871,58.26651]},"properties":{"u":0,"y":76}},{"type":"Feature","id":2396,"geometry":{"type":"Point","coordinates":[-103.72869,58.0807]},"properties":{"u":0,"y":76}},{"type":"Feature","id":2397,"geometry":{"type":"Point","coordinates":[-104.2262,58.63596]},"properties":{"u":0,"y":76}},{"type":"Feature","id":2398,"geometry":{"type":"Point","coordinates":[-104.18941,58.64426]},"properties":{"u":0,"y":76}},{"type":"Feature","id":2399,"geometry":{"type":"Point","coordinates":[-104.14987,58.65838]},"properties":{"u":0,"y":76}},{"type":"Feature","id":2400,"geometry":{"type":"Point","coordinates":[-104.28258,58.80558]},"properties":{"u":0,"y":76}},{"type":"Feature","id":2401,"geometry":{"type":"Point","coordinates":[-104.202,58.8471]},"properties":{"u":0,"y":76}},{"type":"Feature","id":2402,"geometry":{"type":"Point","coordinates":[-104.20502,58.86665]},"properties":{"u":0,"y":76}},{"type":"Feature","id":2403,"geometry":{"type":"Point","coordinates":[-104.17676,58.88825]},"properties":{"u":0,"y":76}},{"type":"Feature","id":2404,"geometry":{"type":"Point","coordinates":[-104.19177,58.91439]},"properties":{"u":0,"y":76}},{"type":"Feature","id":2405,"geometry":{"type":"Point","coordinates":[-104.14352,58.93474]},"properties":{"u":0,"y":76}},{"type":"Feature","id":2406,"geometry":{"type":"Point","coordinates":[-104.09876,58.75189]},"properties":{"u":0,"y":76}},{"type":"Feature","id":2407,"geometry":{"type":"Point","coordinates":[-104.04752,58.33386]},"properties":{"u":0,"y":76}},{"type":"Feature","id":2408,"geometry":{"type":"Point","coordinates":[-104.18092,58.32581]},"properties":{"u":0,"y":76}},{"type":"Feature","id":2409,"geometry":{"type":"Point","coordinates":[-104.20982,58.35024]},"properties":{"u":0,"y":76}},{"type":"Feature","id":2410,"geometry":{"type":"Point","coordinates":[-103.9451,58.83223]},"properties":{"u":0,"y":76}},{"type":"Feature","id":2411,"geometry":{"type":"Point","coordinates":[-103.93195,58.85166]},"properties":{"u":0,"y":76}},{"type":"Feature","id":2412,"geometry":{"type":"Point","coordinates":[-103.98084,58.70655]},"properties":{"u":0,"y":76}},{"type":"Feature","id":2413,"geometry":{"type":"Point","coordinates":[-104.16616,58.68004]},"properties":{"u":0,"y":76}},{"type":"Feature","id":2414,"geometry":{"type":"Point","coordinates":[-104.28152,58.68927]},"properties":{"u":0,"y":76}},{"type":"Feature","id":2415,"geometry":{"type":"Point","coordinates":[-103.64473,58.54963]},"properties":{"u":0,"y":76}},{"type":"Feature","id":2416,"geometry":{"type":"Point","coordinates":[-103.63407,58.55873]},"properties":{"u":0,"y":76}},{"type":"Feature","id":2417,"geometry":{"type":"Point","coordinates":[-103.70913,58.53907]},"properties":{"u":0,"y":76}},{"type":"Feature","id":2418,"geometry":{"type":"Point","coordinates":[-103.842,58.59917]},"properties":{"u":0,"y":76}},{"type":"Feature","id":2419,"geometry":{"type":"Point","coordinates":[-104.23098,58.55583]},"properties":{"u":0,"y":76}},{"type":"Feature","id":2420,"geometry":{"type":"Point","coordinates":[-104.26923,58.53449]},"properties":{"u":0,"y":76}},{"type":"Feature","id":2421,"geometry":{"type":"Point","coordinates":[-104.08134,58.51128]},"properties":{"u":0,"y":76}},{"type":"Feature","id":2422,"geometry":{"type":"Point","coordinates":[-104.15498,58.51807]},"properties":{"u":0,"y":76}},{"type":"Feature","id":2423,"geometry":{"type":"Point","coordinates":[-103.93732,58.42057]},"properties":{"u":0,"y":76}},{"type":"Feature","id":2424,"geometry":{"type":"Point","coordinates":[-103.88067,58.43895]},"properties":{"u":0,"y":76}},{"type":"Feature","id":2425,"geometry":{"type":"Point","coordinates":[-103.72985,58.46495]},"properties":{"u":0,"y":76}},{"type":"Feature","id":2426,"geometry":{"type":"Point","coordinates":[-103.79892,58.52557]},"properties":{"u":0,"y":76}},{"type":"Feature","id":2427,"geometry":{"type":"Point","coordinates":[-104.32595,58.57724]},"properties":{"u":0,"y":76}},{"type":"Feature","id":2428,"geometry":{"type":"Point","coordinates":[-104.2418,58.59204]},"properties":{"u":0,"y":76}},{"type":"Feature","id":2429,"geometry":{"type":"Point","coordinates":[-103.88322,58.42595]},"properties":{"u":0,"y":76}},{"type":"Feature","id":2430,"geometry":{"type":"Point","coordinates":[-103.90012,58.41959]},"properties":{"u":0,"y":76}},{"type":"Feature","id":2431,"geometry":{"type":"Point","coordinates":[-103.70468,58.55497]},"properties":{"u":0,"y":76}},{"type":"Feature","id":2432,"geometry":{"type":"Point","coordinates":[-103.67369,58.38578]},"properties":{"u":0,"y":76}},{"type":"Feature","id":2433,"geometry":{"type":"Point","coordinates":[-103.8669,58.34789]},"properties":{"u":0,"y":76}},{"type":"Feature","id":2434,"geometry":{"type":"Point","coordinates":[-104.21246,58.25078]},"properties":{"u":0,"y":76}},{"type":"Feature","id":2435,"geometry":{"type":"Point","coordinates":[-104.1615,58.19027]},"properties":{"u":0,"y":76}},{"type":"Feature","id":2436,"geometry":{"type":"Point","coordinates":[-104.03702,58.21747]},"properties":{"u":0,"y":76}},{"type":"Feature","id":2437,"geometry":{"type":"Point","coordinates":[-104.02806,58.1406]},"properties":{"u":0,"y":76}},{"type":"Feature","id":2438,"geometry":{"type":"Point","coordinates":[-104.4044,58.05691]},"properties":{"u":0,"y":76}},{"type":"Feature","id":2439,"geometry":{"type":"Point","coordinates":[-104.44261,58.0243]},"properties":{"u":0,"y":76}},{"type":"Feature","id":2440,"geometry":{"type":"Point","coordinates":[-104.24503,58.20135]},"properties":{"u":0,"y":76}},{"type":"Feature","id":2441,"geometry":{"type":"Point","coordinates":[-103.7873,58.21511]},"properties":{"u":0,"y":76}},{"type":"Feature","id":2442,"geometry":{"type":"Point","coordinates":[-104.2833,58.20202]},"properties":{"u":0,"y":76}},{"type":"Feature","id":2443,"geometry":{"type":"Point","coordinates":[-103.84883,58.23342]},"properties":{"u":0,"y":76}},{"type":"Feature","id":2444,"geometry":{"type":"Point","coordinates":[-109.31718,58.3634]},"properties":{"u":5.4,"y":78}},{"type":"Feature","id":2445,"geometry":{"type":"Point","coordinates":[-109.54304,58.35808]},"properties":{"u":4.5,"y":78}},{"type":"Feature","id":2446,"geometry":{"type":"Point","coordinates":[-109.52604,58.46861]},"properties":{"u":1.5,"y":78}},{"type":"Feature","id":2447,"geometry":{"type":"Point","coordinates":[-109.56064,58.46092]},"properties":{"u":4.9,"y":78}},{"type":"Feature","id":2448,"geometry":{"type":"Point","coordinates":[-109.10316,58.38534]},"properties":{"u":0.9,"y":78}},{"type":"Feature","id":2449,"geometry":{"type":"Point","coordinates":[-109.53057,58.60632]},"properties":{"u":3.5,"y":78}},{"type":"Feature","id":2450,"geometry":{"type":"Point","coordinates":[-109.69576,58.53826]},"properties":{"u":1.6,"y":78}},{"type":"Feature","id":2451,"geometry":{"type":"Point","coordinates":[-109.7332,58.48833]},"properties":{"u":1.7,"y":78}},{"type":"Feature","id":2452,"geometry":{"type":"Point","coordinates":[-109.7637,58.46281]},"properties":{"u":3.2,"y":78}},{"type":"Feature","id":2453,"geometry":{"type":"Point","coordinates":[-109.60446,58.51237]},"properties":{"u":2.1,"y":78}},{"type":"Feature","id":2454,"geometry":{"type":"Point","coordinates":[-109.67696,58.28476]},"properties":{"u":14.1,"y":78}},{"type":"Feature","id":2455,"geometry":{"type":"Point","coordinates":[-109.72959,58.41038]},"properties":{"u":0.5,"y":78}},{"type":"Feature","id":2456,"geometry":{"type":"Point","coordinates":[-109.74192,58.5084]},"properties":{"u":15.3,"y":78}},{"type":"Feature","id":2457,"geometry":{"type":"Point","coordinates":[-109.68904,58.33856]},"properties":{"u":2.3000000000000003,"y":78}},{"type":"Feature","id":2458,"geometry":{"type":"Point","coordinates":[-109.73341,58.33968]},"properties":{"u":4.2,"y":78}},{"type":"Feature","id":2459,"geometry":{"type":"Point","coordinates":[-109.61132,58.45788]},"properties":{"u":15.8,"y":78}},{"type":"Feature","id":2460,"geometry":{"type":"Point","coordinates":[-109.72802,58.38274]},"properties":{"u":1.5,"y":78}},{"type":"Feature","id":2461,"geometry":{"type":"Point","coordinates":[-109.39929,58.55984]},"properties":{"u":3.4,"y":78}},{"type":"Feature","id":2462,"geometry":{"type":"Point","coordinates":[-109.67165,58.51713]},"properties":{"u":10.9,"y":78}},{"type":"Feature","id":2463,"geometry":{"type":"Point","coordinates":[-109.53189,58.35886]},"properties":{"u":69,"y":78}},{"type":"Feature","id":2464,"geometry":{"type":"Point","coordinates":[-109.6829,58.36589]},"properties":{"u":4.3,"y":78}},{"type":"Feature","id":2465,"geometry":{"type":"Point","coordinates":[-109.76506,58.36267]},"properties":{"u":2.3000000000000003,"y":78}},{"type":"Feature","id":2466,"geometry":{"type":"Point","coordinates":[-109.66242,58.33065]},"properties":{"u":6.9,"y":78}},{"type":"Feature","id":2467,"geometry":{"type":"Point","coordinates":[-109.54571,58.38641]},"properties":{"u":6.4,"y":78}},{"type":"Feature","id":2468,"geometry":{"type":"Point","coordinates":[-109.69324,58.31727]},"properties":{"u":1.4000000000000001,"y":78}},{"type":"Feature","id":2469,"geometry":{"type":"Point","coordinates":[-109.60885,58.31413]},"properties":{"u":5.4,"y":78}},{"type":"Feature","id":2470,"geometry":{"type":"Point","coordinates":[-109.6305,58.43855]},"properties":{"u":5.5,"y":78}},{"type":"Feature","id":2471,"geometry":{"type":"Point","coordinates":[-109.53345,58.36247]},"properties":{"u":174,"y":78}},{"type":"Feature","id":2472,"geometry":{"type":"Point","coordinates":[-109.2318,58.56617]},"properties":{"u":1,"y":78}},{"type":"Feature","id":2473,"geometry":{"type":"Point","coordinates":[-109.27524,58.45201]},"properties":{"u":2.8000000000000003,"y":78}},{"type":"Feature","id":2474,"geometry":{"type":"Point","coordinates":[-109.2086,58.43133]},"properties":{"u":2.9,"y":78}},{"type":"Feature","id":2475,"geometry":{"type":"Point","coordinates":[-109.39372,58.36236]},"properties":{"u":1.1,"y":78}},{"type":"Feature","id":2476,"geometry":{"type":"Point","coordinates":[-109.37157,58.40722]},"properties":{"u":1.8,"y":78}},{"type":"Feature","id":2477,"geometry":{"type":"Point","coordinates":[-109.38991,58.42722]},"properties":{"u":1.5,"y":78}},{"type":"Feature","id":2478,"geometry":{"type":"Point","coordinates":[-109.58465,58.3644]},"properties":{"u":1.7,"y":78}},{"type":"Feature","id":2479,"geometry":{"type":"Point","coordinates":[-109.57698,58.38497]},"properties":{"u":3.5,"y":78}},{"type":"Feature","id":2480,"geometry":{"type":"Point","coordinates":[-109.54274,58.39648]},"properties":{"u":0.6,"y":78}},{"type":"Feature","id":2481,"geometry":{"type":"Point","coordinates":[-109.50807,58.40709]},"properties":{"u":2.6,"y":78}},{"type":"Feature","id":2482,"geometry":{"type":"Point","coordinates":[-109.64963,58.29683]},"properties":{"u":27.7,"y":78}},{"type":"Feature","id":2483,"geometry":{"type":"Point","coordinates":[-109.60387,58.32171]},"properties":{"u":8.6,"y":78}},{"type":"Feature","id":2484,"geometry":{"type":"Point","coordinates":[-109.57988,58.33425]},"properties":{"u":1.1,"y":78}},{"type":"Feature","id":2485,"geometry":{"type":"Point","coordinates":[-109.44111,58.38294]},"properties":{"u":2.3000000000000003,"y":78}},{"type":"Feature","id":2486,"geometry":{"type":"Point","coordinates":[-109.43786,58.35932]},"properties":{"u":0.4,"y":78}},{"type":"Feature","id":2487,"geometry":{"type":"Point","coordinates":[-109.4667,58.35472]},"properties":{"u":0.8,"y":78}},{"type":"Feature","id":2488,"geometry":{"type":"Point","coordinates":[-109.32974,58.52235]},"properties":{"u":1.5,"y":78}},{"type":"Feature","id":2489,"geometry":{"type":"Point","coordinates":[-109.24018,58.53642]},"properties":{"u":1.5,"y":78}},{"type":"Feature","id":2490,"geometry":{"type":"Point","coordinates":[-109.44795,58.44096]},"properties":{"u":1.2,"y":78}},{"type":"Feature","id":2491,"geometry":{"type":"Point","coordinates":[-109.5136,58.50956]},"properties":{"u":2.1,"y":78}},{"type":"Feature","id":2492,"geometry":{"type":"Point","coordinates":[-109.54985,58.51492]},"properties":{"u":1,"y":78}},{"type":"Feature","id":2493,"geometry":{"type":"Point","coordinates":[-109.55844,58.48312]},"properties":{"u":7.3,"y":78}},{"type":"Feature","id":2494,"geometry":{"type":"Point","coordinates":[-109.51603,58.56371]},"properties":{"u":1.4000000000000001,"y":78}},{"type":"Feature","id":2495,"geometry":{"type":"Point","coordinates":[-109.36391,58.33212]},"properties":{"u":5.1000000000000005,"y":78}},{"type":"Feature","id":2496,"geometry":{"type":"Point","coordinates":[-109.27187,58.41602]},"properties":{"u":3.7,"y":78}},{"type":"Feature","id":2497,"geometry":{"type":"Point","coordinates":[-109.22415,58.454]},"properties":{"u":1.8,"y":78}},{"type":"Feature","id":2498,"geometry":{"type":"Point","coordinates":[-109.36897,58.38945]},"properties":{"u":0.7000000000000001,"y":78}},{"type":"Feature","id":2499,"geometry":{"type":"Point","coordinates":[-109.6215,58.30709]},"properties":{"u":6.6000000000000005,"y":78}},{"type":"Feature","id":2500,"geometry":{"type":"Point","coordinates":[-109.5852,58.31904]},"properties":{"u":5.1000000000000005,"y":78}},{"type":"Feature","id":2501,"geometry":{"type":"Point","coordinates":[-109.12911,58.48477]},"properties":{"u":2.8000000000000003,"y":78}},{"type":"Feature","id":2502,"geometry":{"type":"Point","coordinates":[-109.2923,58.5506]},"properties":{"u":2.5,"y":78}},{"type":"Feature","id":2503,"geometry":{"type":"Point","coordinates":[-109.29444,58.49807]},"properties":{"u":2.4,"y":78}},{"type":"Feature","id":2504,"geometry":{"type":"Point","coordinates":[-109.35352,58.48223]},"properties":{"u":2.2,"y":78}},{"type":"Feature","id":2505,"geometry":{"type":"Point","coordinates":[-109.41617,58.46214]},"properties":{"u":4.2,"y":78}},{"type":"Feature","id":2506,"geometry":{"type":"Point","coordinates":[-109.40338,58.50779]},"properties":{"u":2.9,"y":78}},{"type":"Feature","id":2507,"geometry":{"type":"Point","coordinates":[-109.68477,58.40746]},"properties":{"u":7.3,"y":78}},{"type":"Feature","id":2508,"geometry":{"type":"Point","coordinates":[-109.65146,58.34962]},"properties":{"u":2.1,"y":78}},{"type":"Feature","id":2509,"geometry":{"type":"Point","coordinates":[-109.09025,58.41075]},"properties":{"u":1.3,"y":78}},{"type":"Feature","id":2510,"geometry":{"type":"Point","coordinates":[-109.47798,58.52913]},"properties":{"u":2.7,"y":78}},{"type":"Feature","id":2511,"geometry":{"type":"Point","coordinates":[-109.59012,58.55938]},"properties":{"u":0.4,"y":78}},{"type":"Feature","id":2512,"geometry":{"type":"Point","coordinates":[-109.65474,58.47653]},"properties":{"u":9.5,"y":78}},{"type":"Feature","id":2513,"geometry":{"type":"Point","coordinates":[-109.68853,58.456]},"properties":{"u":2,"y":78}},{"type":"Feature","id":2514,"geometry":{"type":"Point","coordinates":[-109.71672,58.43473]},"properties":{"u":1.2,"y":78}},{"type":"Feature","id":2515,"geometry":{"type":"Point","coordinates":[-109.58385,58.41671]},"properties":{"u":10.5,"y":78}},{"type":"Feature","id":2516,"geometry":{"type":"Point","coordinates":[-103.57805,58.29838]},"properties":{"u":4.9,"y":76}},{"type":"Feature","id":2517,"geometry":{"type":"Point","coordinates":[-103.60955,58.27385]},"properties":{"u":13.1,"y":76}},{"type":"Feature","id":2518,"geometry":{"type":"Point","coordinates":[-103.63358,58.26548]},"properties":{"u":9.6,"y":76}},{"type":"Feature","id":2519,"geometry":{"type":"Point","coordinates":[-103.71505,58.19977]},"properties":{"u":1025,"y":76}},{"type":"Feature","id":2520,"geometry":{"type":"Point","coordinates":[-103.71165,58.19973]},"properties":{"u":1110,"y":76}},{"type":"Feature","id":2521,"geometry":{"type":"Point","coordinates":[-103.80487,58.32675]},"properties":{"u":1.5,"y":76}},{"type":"Feature","id":2522,"geometry":{"type":"Point","coordinates":[-103.71846,58.30804]},"properties":{"u":1.2,"y":76}},{"type":"Feature","id":2523,"geometry":{"type":"Point","coordinates":[-103.71215,58.32675]},"properties":{"u":1.6,"y":76}},{"type":"Feature","id":2524,"geometry":{"type":"Point","coordinates":[-103.65892,58.33456]},"properties":{"u":0.7000000000000001,"y":76}},{"type":"Feature","id":2525,"geometry":{"type":"Point","coordinates":[-103.70475,58.3565]},"properties":{"u":2.1,"y":76}},{"type":"Feature","id":2526,"geometry":{"type":"Point","coordinates":[-103.68223,58.36444]},"properties":{"u":2.4,"y":76}},{"type":"Feature","id":2527,"geometry":{"type":"Point","coordinates":[-103.66241,58.35966]},"properties":{"u":19.6,"y":76}},{"type":"Feature","id":2528,"geometry":{"type":"Point","coordinates":[-103.83385,58.36457]},"properties":{"u":1.5,"y":76}},{"type":"Feature","id":2529,"geometry":{"type":"Point","coordinates":[-103.86612,58.34977]},"properties":{"u":2.1,"y":76}},{"type":"Feature","id":2530,"geometry":{"type":"Point","coordinates":[-103.93715,58.34499]},"properties":{"u":2.4,"y":76}},{"type":"Feature","id":2531,"geometry":{"type":"Point","coordinates":[-103.89035,58.32303]},"properties":{"u":2.2,"y":76}},{"type":"Feature","id":2532,"geometry":{"type":"Point","coordinates":[-103.85492,58.33134]},"properties":{"u":2.8000000000000003,"y":76}},{"type":"Feature","id":2533,"geometry":{"type":"Point","coordinates":[-103.86653,58.29435]},"properties":{"u":2.6,"y":76}},{"type":"Feature","id":2534,"geometry":{"type":"Point","coordinates":[-103.97942,58.31282]},"properties":{"u":2.9,"y":76}},{"type":"Feature","id":2535,"geometry":{"type":"Point","coordinates":[-103.9936,58.29451]},"properties":{"u":5.2,"y":76}},{"type":"Feature","id":2536,"geometry":{"type":"Point","coordinates":[-103.97732,58.26735]},"properties":{"u":2.7,"y":76}},{"type":"Feature","id":2537,"geometry":{"type":"Point","coordinates":[-103.98992,58.16595]},"properties":{"u":1.7,"y":76}},{"type":"Feature","id":2538,"geometry":{"type":"Point","coordinates":[-103.99292,58.15591]},"properties":{"u":1.5,"y":76}},{"type":"Feature","id":2539,"geometry":{"type":"Point","coordinates":[-103.88166,58.27355]},"properties":{"u":1.5,"y":76}},{"type":"Feature","id":2540,"geometry":{"type":"Point","coordinates":[-103.86671,58.26174]},"properties":{"u":1.6,"y":76}},{"type":"Feature","id":2541,"geometry":{"type":"Point","coordinates":[-103.83384,58.26127]},"properties":{"u":2,"y":76}},{"type":"Feature","id":2542,"geometry":{"type":"Point","coordinates":[-103.79492,58.29298]},"properties":{"u":2.6,"y":76}},{"type":"Feature","id":2543,"geometry":{"type":"Point","coordinates":[-103.76876,58.27027]},"properties":{"u":1.5,"y":76}},{"type":"Feature","id":2544,"geometry":{"type":"Point","coordinates":[-103.78679,58.21655]},"properties":{"u":0.8,"y":76}},{"type":"Feature","id":2545,"geometry":{"type":"Point","coordinates":[-103.84883,58.23509]},"properties":{"u":1.4000000000000001,"y":76}},{"type":"Feature","id":2546,"geometry":{"type":"Point","coordinates":[-103.88409,58.20198]},"properties":{"u":1.7,"y":76}},{"type":"Feature","id":2547,"geometry":{"type":"Point","coordinates":[-103.86365,58.18177]},"properties":{"u":1.8,"y":76}},{"type":"Feature","id":2548,"geometry":{"type":"Point","coordinates":[-103.88348,58.16147]},"properties":{"u":10.1,"y":76}},{"type":"Feature","id":2549,"geometry":{"type":"Point","coordinates":[-103.92668,58.13794]},"properties":{"u":7.6000000000000005,"y":76}},{"type":"Feature","id":2550,"geometry":{"type":"Point","coordinates":[-103.99085,58.13299]},"properties":{"u":1.5,"y":76}},{"type":"Feature","id":2551,"geometry":{"type":"Point","coordinates":[-103.75189,58.11997]},"properties":{"u":20.2,"y":77}},{"type":"Feature","id":2552,"geometry":{"type":"Point","coordinates":[-103.83221,58.13976]},"properties":{"u":12,"y":77}},{"type":"Feature","id":2553,"geometry":{"type":"Point","coordinates":[-103.89348,58.12922]},"properties":{"u":6.3,"y":77}},{"type":"Feature","id":2554,"geometry":{"type":"Point","coordinates":[-103.92515,58.13752]},"properties":{"u":8.8,"y":77}},{"type":"Feature","id":2555,"geometry":{"type":"Point","coordinates":[-103.97681,58.13903]},"properties":{"u":1.5,"y":77}},{"type":"Feature","id":2556,"geometry":{"type":"Point","coordinates":[-103.97681,58.13903]},"properties":{"u":1.4000000000000001,"y":77}},{"type":"Feature","id":2557,"geometry":{"type":"Point","coordinates":[-103.76667,58.13488]},"properties":{"u":33,"y":77}},{"type":"Feature","id":2558,"geometry":{"type":"Point","coordinates":[-103.96486,58.17553]},"properties":{"u":2.4,"y":77}},{"type":"Feature","id":2559,"geometry":{"type":"Point","coordinates":[-103.91995,58.19151]},"properties":{"u":1.4000000000000001,"y":77}},{"type":"Feature","id":2560,"geometry":{"type":"Point","coordinates":[-103.87205,58.19237]},"properties":{"u":0.9,"y":77}},{"type":"Feature","id":2561,"geometry":{"type":"Point","coordinates":[-103.82579,58.19531]},"properties":{"u":1.6,"y":77}},{"type":"Feature","id":2562,"geometry":{"type":"Point","coordinates":[-103.78752,58.19666]},"properties":{"u":3,"y":77}},{"type":"Feature","id":2563,"geometry":{"type":"Point","coordinates":[-103.75572,58.19803]},"properties":{"u":3.3000000000000003,"y":77}},{"type":"Feature","id":2564,"geometry":{"type":"Point","coordinates":[-103.68808,58.21641]},"properties":{"u":42.800000000000004,"y":77}},{"type":"Feature","id":2565,"geometry":{"type":"Point","coordinates":[-103.64474,58.25525]},"properties":{"u":0.5,"y":77}},{"type":"Feature","id":2566,"geometry":{"type":"Point","coordinates":[-103.75412,58.2584]},"properties":{"u":0.9,"y":77}},{"type":"Feature","id":2567,"geometry":{"type":"Point","coordinates":[-103.77205,58.26873]},"properties":{"u":1.6,"y":77}},{"type":"Feature","id":2568,"geometry":{"type":"Point","coordinates":[-103.83017,58.25571]},"properties":{"u":1.7,"y":77}},{"type":"Feature","id":2569,"geometry":{"type":"Point","coordinates":[-103.83613,58.26243]},"properties":{"u":2.5,"y":77}},{"type":"Feature","id":2570,"geometry":{"type":"Point","coordinates":[-103.86907,58.26177]},"properties":{"u":2,"y":77}},{"type":"Feature","id":2571,"geometry":{"type":"Point","coordinates":[-103.88486,58.27341]},"properties":{"u":1.6,"y":77}},{"type":"Feature","id":2572,"geometry":{"type":"Point","coordinates":[-103.88486,58.27341]},"properties":{"u":1.6,"y":77}},{"type":"Feature","id":2573,"geometry":{"type":"Point","coordinates":[-103.908,58.26987]},"properties":{"u":1.1,"y":77}},{"type":"Feature","id":2574,"geometry":{"type":"Point","coordinates":[-103.82565,58.29297]},"properties":{"u":4.6000000000000005,"y":77}},{"type":"Feature","id":2575,"geometry":{"type":"Point","coordinates":[-103.9018,58.28784]},"properties":{"u":2,"y":77}},{"type":"Feature","id":2576,"geometry":{"type":"Point","coordinates":[-103.87166,58.29448]},"properties":{"u":2.8000000000000003,"y":77}},{"type":"Feature","id":2577,"geometry":{"type":"Point","coordinates":[-103.85793,58.31031]},"properties":{"u":1.4000000000000001,"y":77}},{"type":"Feature","id":2578,"geometry":{"type":"Point","coordinates":[-103.834,58.32171]},"properties":{"u":1.3,"y":77}},{"type":"Feature","id":2579,"geometry":{"type":"Point","coordinates":[-103.82776,58.33362]},"properties":{"u":2.1,"y":77}},{"type":"Feature","id":2580,"geometry":{"type":"Point","coordinates":[-103.78282,58.31861]},"properties":{"u":1.3,"y":77}},{"type":"Feature","id":2581,"geometry":{"type":"Point","coordinates":[-103.77311,58.32389]},"properties":{"u":1.4000000000000001,"y":77}},{"type":"Feature","id":2582,"geometry":{"type":"Point","coordinates":[-103.75623,58.32801]},"properties":{"u":1.6,"y":77}},{"type":"Feature","id":2583,"geometry":{"type":"Point","coordinates":[-103.78137,58.35579]},"properties":{"u":1.5,"y":77}},{"type":"Feature","id":2584,"geometry":{"type":"Point","coordinates":[-103.78039,58.37167]},"properties":{"u":1.2,"y":77}},{"type":"Feature","id":2585,"geometry":{"type":"Point","coordinates":[-103.81426,58.3544]},"properties":{"u":0.9,"y":77}},{"type":"Feature","id":2586,"geometry":{"type":"Point","coordinates":[-103.86817,58.34901]},"properties":{"u":3.8000000000000003,"y":77}},{"type":"Feature","id":2587,"geometry":{"type":"Point","coordinates":[-103.88037,58.33874]},"properties":{"u":1.5,"y":77}},{"type":"Feature","id":2588,"geometry":{"type":"Point","coordinates":[-103.86154,58.329]},"properties":{"u":2.5,"y":77}},{"type":"Feature","id":2589,"geometry":{"type":"Point","coordinates":[-103.86154,58.329]},"properties":{"u":2.4,"y":77}},{"type":"Feature","id":2590,"geometry":{"type":"Point","coordinates":[-103.89646,58.32176]},"properties":{"u":2.2,"y":77}},{"type":"Feature","id":2591,"geometry":{"type":"Point","coordinates":[-103.94454,58.29769]},"properties":{"u":2.4,"y":77}},{"type":"Feature","id":2592,"geometry":{"type":"Point","coordinates":[-103.98243,58.26636]},"properties":{"u":1.4000000000000001,"y":77}},{"type":"Feature","id":2593,"geometry":{"type":"Point","coordinates":[-103.96756,58.25993]},"properties":{"u":1.9000000000000001,"y":77}},{"type":"Feature","id":2594,"geometry":{"type":"Point","coordinates":[-103.9011,58.25222]},"properties":{"u":2.7,"y":77}},{"type":"Feature","id":2595,"geometry":{"type":"Point","coordinates":[-103.99262,58.25505]},"properties":{"u":1.1,"y":77}},{"type":"Feature","id":2596,"geometry":{"type":"Point","coordinates":[-103.95373,58.24538]},"properties":{"u":1.3,"y":77}},{"type":"Feature","id":2597,"geometry":{"type":"Point","coordinates":[-103.84732,58.23654]},"properties":{"u":3.5,"y":77}},{"type":"Feature","id":2598,"geometry":{"type":"Point","coordinates":[-103.77287,58.23399]},"properties":{"u":2.3000000000000003,"y":77}},{"type":"Feature","id":2599,"geometry":{"type":"Point","coordinates":[-103.75219,58.24287]},"properties":{"u":2,"y":77}},{"type":"Feature","id":2600,"geometry":{"type":"Point","coordinates":[-103.72049,58.23716]},"properties":{"u":1.1,"y":77}},{"type":"Feature","id":2601,"geometry":{"type":"Point","coordinates":[-103.65691,58.24668]},"properties":{"u":0.5,"y":77}},{"type":"Feature","id":2602,"geometry":{"type":"Point","coordinates":[-103.67355,58.23229]},"properties":{"u":3.9,"y":77}},{"type":"Feature","id":2603,"geometry":{"type":"Point","coordinates":[-103.73973,58.21813]},"properties":{"u":1.7,"y":77}},{"type":"Feature","id":2604,"geometry":{"type":"Point","coordinates":[-103.79821,58.21116]},"properties":{"u":1.1,"y":77}},{"type":"Feature","id":2605,"geometry":{"type":"Point","coordinates":[-103.83778,58.21613]},"properties":{"u":1.7,"y":77}},{"type":"Feature","id":2606,"geometry":{"type":"Point","coordinates":[-103.8672,58.21394]},"properties":{"u":1.1,"y":77}},{"type":"Feature","id":2607,"geometry":{"type":"Point","coordinates":[-103.96514,58.21967]},"properties":{"u":2,"y":77}},{"type":"Feature","id":2608,"geometry":{"type":"Point","coordinates":[-103.97944,58.22553]},"properties":{"u":-0.2,"y":77}},{"type":"Feature","id":2609,"geometry":{"type":"Point","coordinates":[-103.99882,58.22485]},"properties":{"u":1.1,"y":77}},{"type":"Feature","id":2610,"geometry":{"type":"Point","coordinates":[-103.98632,58.20105]},"properties":{"u":1.7,"y":77}},{"type":"Feature","id":2611,"geometry":{"type":"Point","coordinates":[-103.99882,58.22485]},"properties":{"u":1.3,"y":77}},{"type":"Feature","id":2612,"geometry":{"type":"Point","coordinates":[-103.99543,58.18141]},"properties":{"u":1.2,"y":77}},{"type":"Feature","id":2613,"geometry":{"type":"Point","coordinates":[-103.99122,58.14408]},"properties":{"u":2,"y":77}},{"type":"Feature","id":2614,"geometry":{"type":"Point","coordinates":[-103.99207,58.13265]},"properties":{"u":1.3,"y":77}},{"type":"Feature","id":2615,"geometry":{"type":"Point","coordinates":[-103.7325,58.3522]},"properties":{"u":0.9,"y":77}},{"type":"Feature","id":2616,"geometry":{"type":"Point","coordinates":[-103.7009,58.34529]},"properties":{"u":1.7,"y":77}},{"type":"Feature","id":2617,"geometry":{"type":"Point","coordinates":[-103.70733,58.32842]},"properties":{"u":1.4000000000000001,"y":77}},{"type":"Feature","id":2618,"geometry":{"type":"Point","coordinates":[-103.70931,58.31328]},"properties":{"u":1.3,"y":77}},{"type":"Feature","id":2619,"geometry":{"type":"Point","coordinates":[-103.72943,58.30789]},"properties":{"u":1.3,"y":77}},{"type":"Feature","id":2620,"geometry":{"type":"Point","coordinates":[-103.75619,58.30488]},"properties":{"u":1.4000000000000001,"y":77}},{"type":"Feature","id":2621,"geometry":{"type":"Point","coordinates":[-103.75619,58.30488]},"properties":{"u":1.7,"y":77}},{"type":"Feature","id":2622,"geometry":{"type":"Point","coordinates":[-103.77938,58.29411]},"properties":{"u":2.4,"y":77}},{"type":"Feature","id":2623,"geometry":{"type":"Point","coordinates":[-103.73389,58.29234]},"properties":{"u":1.2,"y":77}},{"type":"Feature","id":2624,"geometry":{"type":"Point","coordinates":[-103.7081,58.295]},"properties":{"u":0.8,"y":77}},{"type":"Feature","id":2625,"geometry":{"type":"Point","coordinates":[-103.86777,58.15814]},"properties":{"u":56.300000000000004,"y":77}},{"type":"Feature","id":2626,"geometry":{"type":"Point","coordinates":[-103.67484,58.28928]},"properties":{"u":0.6,"y":77}},{"type":"Feature","id":2627,"geometry":{"type":"Point","coordinates":[-103.68971,58.27107]},"properties":{"u":1.5,"y":77}},{"type":"Feature","id":2628,"geometry":{"type":"Point","coordinates":[-103.72639,58.19773]},"properties":{"u":226,"y":77}},{"type":"Feature","id":2629,"geometry":{"type":"Point","coordinates":[-103.73169,58.1812]},"properties":{"u":39.7,"y":77}},{"type":"Feature","id":2630,"geometry":{"type":"Point","coordinates":[-103.77106,58.18242]},"properties":{"u":108,"y":77}},{"type":"Feature","id":2631,"geometry":{"type":"Point","coordinates":[-103.81558,58.17996]},"properties":{"u":19.3,"y":77}},{"type":"Feature","id":2632,"geometry":{"type":"Point","coordinates":[-103.89913,58.17204]},"properties":{"u":0.6,"y":77}},{"type":"Feature","id":2633,"geometry":{"type":"Point","coordinates":[-103.91921,58.17034]},"properties":{"u":1.5,"y":77}},{"type":"Feature","id":2634,"geometry":{"type":"Point","coordinates":[-103.9169,58.15629]},"properties":{"u":0.9,"y":77}},{"type":"Feature","id":2635,"geometry":{"type":"Point","coordinates":[-103.82757,58.15792]},"properties":{"u":4.2,"y":77}},{"type":"Feature","id":2636,"geometry":{"type":"Point","coordinates":[-103.80031,58.16346]},"properties":{"u":6.1000000000000005,"y":77}},{"type":"Feature","id":2637,"geometry":{"type":"Point","coordinates":[-103.75099,58.14538]},"properties":{"u":228,"y":77}},{"type":"Feature","id":2638,"geometry":{"type":"Point","coordinates":[-103.72504,58.14416]},"properties":{"u":11.3,"y":77}},{"type":"Feature","id":2639,"geometry":{"type":"Point","coordinates":[-103.71342,58.13078]},"properties":{"u":1.7,"y":77}},{"type":"Feature","id":2640,"geometry":{"type":"Point","coordinates":[-103.59965,58.36843]},"properties":{"u":8,"y":77}},{"type":"Feature","id":2641,"geometry":{"type":"Point","coordinates":[-103.67206,58.36857]},"properties":{"u":5.3,"y":77}},{"type":"Feature","id":2642,"geometry":{"type":"Point","coordinates":[-103.6626,58.35872]},"properties":{"u":14.700000000000001,"y":77}},{"type":"Feature","id":2643,"geometry":{"type":"Point","coordinates":[-103.63124,58.35298]},"properties":{"u":2.1,"y":77}},{"type":"Feature","id":2644,"geometry":{"type":"Point","coordinates":[-103.62814,58.32706]},"properties":{"u":0.7000000000000001,"y":77}},{"type":"Feature","id":2645,"geometry":{"type":"Point","coordinates":[-103.65324,58.32853]},"properties":{"u":1.6,"y":77}},{"type":"Feature","id":2646,"geometry":{"type":"Point","coordinates":[-103.66301,58.31685]},"properties":{"u":2.8000000000000003,"y":77}},{"type":"Feature","id":2647,"geometry":{"type":"Point","coordinates":[-103.63694,58.31642]},"properties":{"u":-0.2,"y":77}},{"type":"Feature","id":2648,"geometry":{"type":"Point","coordinates":[-103.57858,58.29658]},"properties":{"u":4.3,"y":77}},{"type":"Feature","id":2649,"geometry":{"type":"Point","coordinates":[-103.57852,58.28841]},"properties":{"u":28,"y":77}},{"type":"Feature","id":2650,"geometry":{"type":"Point","coordinates":[-103.60962,58.27474]},"properties":{"u":10.9,"y":77}},{"type":"Feature","id":2651,"geometry":{"type":"Point","coordinates":[-103.61541,58.27895]},"properties":{"u":7,"y":77}},{"type":"Feature","id":2652,"geometry":{"type":"Point","coordinates":[-103.61541,58.27895]},"properties":{"u":7.7,"y":77}},{"type":"Feature","id":2653,"geometry":{"type":"Point","coordinates":[-103.63102,58.26822]},"properties":{"u":7.5,"y":77}},{"type":"Feature","id":2654,"geometry":{"type":"Point","coordinates":[-103.65435,58.19048]},"properties":{"u":8.3,"y":77}},{"type":"Feature","id":2655,"geometry":{"type":"Point","coordinates":[-103.64274,58.17607]},"properties":{"u":4.1,"y":77}},{"type":"Feature","id":2656,"geometry":{"type":"Point","coordinates":[-103.67952,58.15899]},"properties":{"u":5.9,"y":77}},{"type":"Feature","id":2657,"geometry":{"type":"Point","coordinates":[-103.6522,58.1408]},"properties":{"u":5.7,"y":77}},{"type":"Feature","id":2658,"geometry":{"type":"Point","coordinates":[-103.96461,58.34063]},"properties":{"u":2.2,"y":79}},{"type":"Feature","id":2659,"geometry":{"type":"Point","coordinates":[-103.94256,58.34692]},"properties":{"u":2,"y":79}},{"type":"Feature","id":2660,"geometry":{"type":"Point","coordinates":[-103.95422,58.35124]},"properties":{"u":2,"y":79}},{"type":"Feature","id":2661,"geometry":{"type":"Point","coordinates":[-103.96129,58.34914]},"properties":{"u":3,"y":79}},{"type":"Feature","id":2662,"geometry":{"type":"Point","coordinates":[-103.9736,58.34879]},"properties":{"u":1.7,"y":79}},{"type":"Feature","id":2663,"geometry":{"type":"Point","coordinates":[-103.95826,58.35908]},"properties":{"u":1.3,"y":79}},{"type":"Feature","id":2664,"geometry":{"type":"Point","coordinates":[-103.92747,58.36009]},"properties":{"u":1.5,"y":79}},{"type":"Feature","id":2665,"geometry":{"type":"Point","coordinates":[-103.93527,58.36761]},"properties":{"u":1.9000000000000001,"y":79}},{"type":"Feature","id":2666,"geometry":{"type":"Point","coordinates":[-103.92392,58.36985]},"properties":{"u":3,"y":79}},{"type":"Feature","id":2667,"geometry":{"type":"Point","coordinates":[-103.88404,58.3607]},"properties":{"u":3.2,"y":79}},{"type":"Feature","id":2668,"geometry":{"type":"Point","coordinates":[-103.86599,58.35911]},"properties":{"u":2.1,"y":79}},{"type":"Feature","id":2669,"geometry":{"type":"Point","coordinates":[-103.862,58.36635]},"properties":{"u":0.8,"y":79}},{"type":"Feature","id":2670,"geometry":{"type":"Point","coordinates":[-103.84945,58.36309]},"properties":{"u":0.9,"y":79}},{"type":"Feature","id":2671,"geometry":{"type":"Point","coordinates":[-103.83578,58.36297]},"properties":{"u":1.2,"y":79}},{"type":"Feature","id":2672,"geometry":{"type":"Point","coordinates":[-103.83861,58.37063]},"properties":{"u":2.8000000000000003,"y":79}},{"type":"Feature","id":2673,"geometry":{"type":"Point","coordinates":[-103.78027,58.37179]},"properties":{"u":0.9,"y":79}},{"type":"Feature","id":2674,"geometry":{"type":"Point","coordinates":[-103.76579,58.37013]},"properties":{"u":1.5,"y":79}},{"type":"Feature","id":2675,"geometry":{"type":"Point","coordinates":[-103.71831,58.36876]},"properties":{"u":2.6,"y":79}},{"type":"Feature","id":2676,"geometry":{"type":"Point","coordinates":[-103.69582,58.35767]},"properties":{"u":0.6,"y":79}},{"type":"Feature","id":2677,"geometry":{"type":"Point","coordinates":[-103.68906,58.35553]},"properties":{"u":1.2,"y":79}},{"type":"Feature","id":2678,"geometry":{"type":"Point","coordinates":[-103.68274,58.36454]},"properties":{"u":2.6,"y":79}},{"type":"Feature","id":2679,"geometry":{"type":"Point","coordinates":[-103.67109,58.36972]},"properties":{"u":6.2,"y":79}},{"type":"Feature","id":2680,"geometry":{"type":"Point","coordinates":[-103.6131,58.36201]},"properties":{"u":8.4,"y":79}},{"type":"Feature","id":2681,"geometry":{"type":"Point","coordinates":[-103.63343,58.35333]},"properties":{"u":2.4,"y":79}},{"type":"Feature","id":2682,"geometry":{"type":"Point","coordinates":[-103.67217,58.35015]},"properties":{"u":1.6,"y":79}},{"type":"Feature","id":2683,"geometry":{"type":"Point","coordinates":[-103.68626,58.34814]},"properties":{"u":1.3,"y":79}},{"type":"Feature","id":2684,"geometry":{"type":"Point","coordinates":[-103.71095,58.34111]},"properties":{"u":1,"y":79}},{"type":"Feature","id":2685,"geometry":{"type":"Point","coordinates":[-103.72494,58.34628]},"properties":{"u":1.2,"y":79}},{"type":"Feature","id":2686,"geometry":{"type":"Point","coordinates":[-103.73327,58.35229]},"properties":{"u":1.1,"y":79}},{"type":"Feature","id":2687,"geometry":{"type":"Point","coordinates":[-103.74885,58.34643]},"properties":{"u":1.1,"y":79}},{"type":"Feature","id":2688,"geometry":{"type":"Point","coordinates":[-103.80672,58.35309]},"properties":{"u":1.1,"y":79}},{"type":"Feature","id":2689,"geometry":{"type":"Point","coordinates":[-103.81552,58.35542]},"properties":{"u":0.9,"y":79}},{"type":"Feature","id":2690,"geometry":{"type":"Point","coordinates":[-103.83225,58.35611]},"properties":{"u":1,"y":79}},{"type":"Feature","id":2691,"geometry":{"type":"Point","coordinates":[-103.85199,58.3482]},"properties":{"u":1.2,"y":79}},{"type":"Feature","id":2692,"geometry":{"type":"Point","coordinates":[-103.85864,58.34323]},"properties":{"u":1.7,"y":79}},{"type":"Feature","id":2693,"geometry":{"type":"Point","coordinates":[-103.88543,58.34904]},"properties":{"u":1.3,"y":79}},{"type":"Feature","id":2694,"geometry":{"type":"Point","coordinates":[-103.89213,58.34236]},"properties":{"u":0.8,"y":79}},{"type":"Feature","id":2695,"geometry":{"type":"Point","coordinates":[-103.95787,58.33761]},"properties":{"u":0.7000000000000001,"y":79}},{"type":"Feature","id":2696,"geometry":{"type":"Point","coordinates":[-103.96659,58.33149]},"properties":{"u":1.8,"y":79}},{"type":"Feature","id":2697,"geometry":{"type":"Point","coordinates":[-103.96019,58.32272]},"properties":{"u":2.4,"y":79}},{"type":"Feature","id":2698,"geometry":{"type":"Point","coordinates":[-103.94795,58.32666]},"properties":{"u":4.2,"y":79}},{"type":"Feature","id":2699,"geometry":{"type":"Point","coordinates":[-103.93848,58.33476]},"properties":{"u":3.4,"y":79}},{"type":"Feature","id":2700,"geometry":{"type":"Point","coordinates":[-103.93072,58.33173]},"properties":{"u":1,"y":79}},{"type":"Feature","id":2701,"geometry":{"type":"Point","coordinates":[-103.92451,58.33383]},"properties":{"u":1.6,"y":79}},{"type":"Feature","id":2702,"geometry":{"type":"Point","coordinates":[-103.9162,58.33736]},"properties":{"u":2.2,"y":79}},{"type":"Feature","id":2703,"geometry":{"type":"Point","coordinates":[-103.91152,58.33417]},"properties":{"u":2,"y":79}},{"type":"Feature","id":2704,"geometry":{"type":"Point","coordinates":[-103.89679,58.33539]},"properties":{"u":0.8,"y":79}},{"type":"Feature","id":2705,"geometry":{"type":"Point","coordinates":[-103.80448,58.33843]},"properties":{"u":1.3,"y":79}},{"type":"Feature","id":2706,"geometry":{"type":"Point","coordinates":[-103.74981,58.33853]},"properties":{"u":1.3,"y":79}},{"type":"Feature","id":2707,"geometry":{"type":"Point","coordinates":[-103.73826,58.33689]},"properties":{"u":2.3000000000000003,"y":79}},{"type":"Feature","id":2708,"geometry":{"type":"Point","coordinates":[-103.72764,58.33293]},"properties":{"u":1.3,"y":79}},{"type":"Feature","id":2709,"geometry":{"type":"Point","coordinates":[-103.69895,58.33282]},"properties":{"u":2.5,"y":79}},{"type":"Feature","id":2710,"geometry":{"type":"Point","coordinates":[-103.68282,58.34415]},"properties":{"u":2.6,"y":79}},{"type":"Feature","id":2711,"geometry":{"type":"Point","coordinates":[-103.67708,58.34688]},"properties":{"u":4.1,"y":79}},{"type":"Feature","id":2712,"geometry":{"type":"Point","coordinates":[-103.63755,58.34844]},"properties":{"u":2.9,"y":79}},{"type":"Feature","id":2713,"geometry":{"type":"Point","coordinates":[-103.62108,58.33694]},"properties":{"u":6.1000000000000005,"y":79}},{"type":"Feature","id":2714,"geometry":{"type":"Point","coordinates":[-103.62901,58.33963]},"properties":{"u":8.1,"y":79}},{"type":"Feature","id":2715,"geometry":{"type":"Point","coordinates":[-103.64124,58.3368]},"properties":{"u":5.4,"y":79}},{"type":"Feature","id":2716,"geometry":{"type":"Point","coordinates":[-103.62653,58.32874]},"properties":{"u":0.5,"y":79}},{"type":"Feature","id":2717,"geometry":{"type":"Point","coordinates":[-103.63562,58.32317]},"properties":{"u":1.5,"y":79}},{"type":"Feature","id":2718,"geometry":{"type":"Point","coordinates":[-103.66471,58.30327]},"properties":{"u":0.2,"y":79}},{"type":"Feature","id":2719,"geometry":{"type":"Point","coordinates":[-103.67676,58.30061]},"properties":{"u":0.7000000000000001,"y":79}},{"type":"Feature","id":2720,"geometry":{"type":"Point","coordinates":[-103.67871,58.31231]},"properties":{"u":0.7000000000000001,"y":79}},{"type":"Feature","id":2721,"geometry":{"type":"Point","coordinates":[-103.68715,58.31473]},"properties":{"u":1.6,"y":79}},{"type":"Feature","id":2722,"geometry":{"type":"Point","coordinates":[-103.69547,58.31149]},"properties":{"u":2.6,"y":79}},{"type":"Feature","id":2723,"geometry":{"type":"Point","coordinates":[-103.72064,58.30923]},"properties":{"u":0.8,"y":79}},{"type":"Feature","id":2724,"geometry":{"type":"Point","coordinates":[-103.73196,58.32201]},"properties":{"u":1.7,"y":79}},{"type":"Feature","id":2725,"geometry":{"type":"Point","coordinates":[-103.7499,58.32147]},"properties":{"u":1,"y":79}},{"type":"Feature","id":2726,"geometry":{"type":"Point","coordinates":[-103.75013,58.31509]},"properties":{"u":0.9,"y":79}},{"type":"Feature","id":2727,"geometry":{"type":"Point","coordinates":[-103.75833,58.31014]},"properties":{"u":1.4000000000000001,"y":79}},{"type":"Feature","id":2728,"geometry":{"type":"Point","coordinates":[-103.764,58.31397]},"properties":{"u":2.1,"y":79}},{"type":"Feature","id":2729,"geometry":{"type":"Point","coordinates":[-103.77119,58.3082]},"properties":{"u":2,"y":79}},{"type":"Feature","id":2730,"geometry":{"type":"Point","coordinates":[-103.77978,58.30181]},"properties":{"u":3.3000000000000003,"y":79}},{"type":"Feature","id":2731,"geometry":{"type":"Point","coordinates":[-103.83109,58.29807]},"properties":{"u":1.2,"y":79}},{"type":"Feature","id":2732,"geometry":{"type":"Point","coordinates":[-103.91658,58.30835]},"properties":{"u":0.6,"y":79}},{"type":"Feature","id":2733,"geometry":{"type":"Point","coordinates":[-103.99411,58.27027]},"properties":{"u":2.1,"y":79}},{"type":"Feature","id":2734,"geometry":{"type":"Point","coordinates":[-103.98559,58.27622]},"properties":{"u":4.2,"y":79}},{"type":"Feature","id":2735,"geometry":{"type":"Point","coordinates":[-103.96349,58.28574]},"properties":{"u":4.4,"y":79}},{"type":"Feature","id":2736,"geometry":{"type":"Point","coordinates":[-103.9591,58.29568]},"properties":{"u":5.3,"y":79}},{"type":"Feature","id":2737,"geometry":{"type":"Point","coordinates":[-103.95379,58.30794]},"properties":{"u":3.1,"y":79}},{"type":"Feature","id":2738,"geometry":{"type":"Point","coordinates":[-103.93178,58.30794]},"properties":{"u":1.2,"y":79}},{"type":"Feature","id":2739,"geometry":{"type":"Point","coordinates":[-103.9122,58.29537]},"properties":{"u":1,"y":79}},{"type":"Feature","id":2740,"geometry":{"type":"Point","coordinates":[-103.90824,58.29094]},"properties":{"u":1.9000000000000001,"y":79}},{"type":"Feature","id":2741,"geometry":{"type":"Point","coordinates":[-103.86361,58.27366]},"properties":{"u":1,"y":79}},{"type":"Feature","id":2742,"geometry":{"type":"Point","coordinates":[-103.84799,58.28197]},"properties":{"u":1.2,"y":79}},{"type":"Feature","id":2743,"geometry":{"type":"Point","coordinates":[-103.82316,58.26962]},"properties":{"u":1.4000000000000001,"y":79}},{"type":"Feature","id":2744,"geometry":{"type":"Point","coordinates":[-103.81443,58.2707]},"properties":{"u":0.8,"y":79}},{"type":"Feature","id":2745,"geometry":{"type":"Point","coordinates":[-103.80973,58.28386]},"properties":{"u":2.6,"y":79}},{"type":"Feature","id":2746,"geometry":{"type":"Point","coordinates":[-103.81438,58.28768]},"properties":{"u":2.7,"y":79}},{"type":"Feature","id":2747,"geometry":{"type":"Point","coordinates":[-103.79492,58.29307]},"properties":{"u":3.6,"y":79}},{"type":"Feature","id":2748,"geometry":{"type":"Point","coordinates":[-103.77637,58.27699]},"properties":{"u":1.9000000000000001,"y":79}},{"type":"Feature","id":2749,"geometry":{"type":"Point","coordinates":[-103.74425,58.29312]},"properties":{"u":1.5,"y":79}},{"type":"Feature","id":2750,"geometry":{"type":"Point","coordinates":[-103.73765,58.28694]},"properties":{"u":1,"y":79}},{"type":"Feature","id":2751,"geometry":{"type":"Point","coordinates":[-103.71658,58.28467]},"properties":{"u":1.3,"y":79}},{"type":"Feature","id":2752,"geometry":{"type":"Point","coordinates":[-103.69372,58.28013]},"properties":{"u":1.8,"y":79}},{"type":"Feature","id":2753,"geometry":{"type":"Point","coordinates":[-103.67913,58.27351]},"properties":{"u":9,"y":79}},{"type":"Feature","id":2754,"geometry":{"type":"Point","coordinates":[-103.65881,58.24734]},"properties":{"u":0.5,"y":79}},{"type":"Feature","id":2755,"geometry":{"type":"Point","coordinates":[-103.7194,58.24445]},"properties":{"u":1.6,"y":79}},{"type":"Feature","id":2756,"geometry":{"type":"Point","coordinates":[-103.75859,58.24897]},"properties":{"u":1.4000000000000001,"y":79}},{"type":"Feature","id":2757,"geometry":{"type":"Point","coordinates":[-103.76853,58.25221]},"properties":{"u":0.8,"y":79}},{"type":"Feature","id":2758,"geometry":{"type":"Point","coordinates":[-103.77527,58.25937]},"properties":{"u":1.4000000000000001,"y":79}},{"type":"Feature","id":2759,"geometry":{"type":"Point","coordinates":[-103.79627,58.25338]},"properties":{"u":2.3000000000000003,"y":79}},{"type":"Feature","id":2760,"geometry":{"type":"Point","coordinates":[-103.80321,58.24949]},"properties":{"u":1.5,"y":79}},{"type":"Feature","id":2761,"geometry":{"type":"Point","coordinates":[-103.82908,58.25566]},"properties":{"u":2,"y":79}},{"type":"Feature","id":2762,"geometry":{"type":"Point","coordinates":[-103.83378,58.26289]},"properties":{"u":2.1,"y":79}},{"type":"Feature","id":2763,"geometry":{"type":"Point","coordinates":[-103.89119,58.24139]},"properties":{"u":0.7000000000000001,"y":79}},{"type":"Feature","id":2764,"geometry":{"type":"Point","coordinates":[-103.90101,58.2545]},"properties":{"u":2.2,"y":79}},{"type":"Feature","id":2765,"geometry":{"type":"Point","coordinates":[-103.90659,58.26155]},"properties":{"u":1.8,"y":79}},{"type":"Feature","id":2766,"geometry":{"type":"Point","coordinates":[-103.92156,58.25665]},"properties":{"u":0.8,"y":79}},{"type":"Feature","id":2767,"geometry":{"type":"Point","coordinates":[-103.96455,58.23778]},"properties":{"u":0.9,"y":79}},{"type":"Feature","id":2768,"geometry":{"type":"Point","coordinates":[-103.9647,58.25009]},"properties":{"u":0.6,"y":79}},{"type":"Feature","id":2769,"geometry":{"type":"Point","coordinates":[-103.98537,58.26014]},"properties":{"u":1,"y":79}},{"type":"Feature","id":2770,"geometry":{"type":"Point","coordinates":[-103.97732,58.26753]},"properties":{"u":2.6,"y":79}},{"type":"Feature","id":2771,"geometry":{"type":"Point","coordinates":[-103.98015,58.21617]},"properties":{"u":2,"y":79}},{"type":"Feature","id":2772,"geometry":{"type":"Point","coordinates":[-103.99068,58.13326]},"properties":{"u":1.1,"y":79}},{"type":"Feature","id":2773,"geometry":{"type":"Point","coordinates":[-103.96313,58.13438]},"properties":{"u":1,"y":79}},{"type":"Feature","id":2774,"geometry":{"type":"Point","coordinates":[-103.94956,58.13382]},"properties":{"u":10,"y":79}},{"type":"Feature","id":2775,"geometry":{"type":"Point","coordinates":[-103.93533,58.14413]},"properties":{"u":2.6,"y":79}},{"type":"Feature","id":2776,"geometry":{"type":"Point","coordinates":[-103.93724,58.15402]},"properties":{"u":1.8,"y":79}},{"type":"Feature","id":2777,"geometry":{"type":"Point","coordinates":[-103.89346,58.14125]},"properties":{"u":0.9,"y":79}},{"type":"Feature","id":2778,"geometry":{"type":"Point","coordinates":[-103.87905,58.14032]},"properties":{"u":21,"y":79}},{"type":"Feature","id":2779,"geometry":{"type":"Point","coordinates":[-103.87751,58.1298]},"properties":{"u":1,"y":79}},{"type":"Feature","id":2780,"geometry":{"type":"Point","coordinates":[-103.75413,58.14284]},"properties":{"u":41.1,"y":79}},{"type":"Feature","id":2781,"geometry":{"type":"Point","coordinates":[-103.65546,58.20535]},"properties":{"u":62.7,"y":79}},{"type":"Feature","id":2782,"geometry":{"type":"Point","coordinates":[-103.69256,58.20529]},"properties":{"u":605,"y":79}},{"type":"Feature","id":2783,"geometry":{"type":"Point","coordinates":[-103.70106,58.21939]},"properties":{"u":7.8,"y":79}},{"type":"Feature","id":2784,"geometry":{"type":"Point","coordinates":[-103.72377,58.20812]},"properties":{"u":2.7,"y":79}},{"type":"Feature","id":2785,"geometry":{"type":"Point","coordinates":[-103.745,58.20456]},"properties":{"u":1.5,"y":79}},{"type":"Feature","id":2786,"geometry":{"type":"Point","coordinates":[-103.75876,58.20011]},"properties":{"u":1.7,"y":79}},{"type":"Feature","id":2787,"geometry":{"type":"Point","coordinates":[-103.76015,58.18961]},"properties":{"u":91.2,"y":79}},{"type":"Feature","id":2788,"geometry":{"type":"Point","coordinates":[-103.75166,58.17938]},"properties":{"u":15.200000000000001,"y":79}},{"type":"Feature","id":2789,"geometry":{"type":"Point","coordinates":[-103.78427,58.17062]},"properties":{"u":18.8,"y":79}},{"type":"Feature","id":2790,"geometry":{"type":"Point","coordinates":[-103.80791,58.16546]},"properties":{"u":16.7,"y":79}},{"type":"Feature","id":2791,"geometry":{"type":"Point","coordinates":[-103.81957,58.16745]},"properties":{"u":29.5,"y":79}},{"type":"Feature","id":2792,"geometry":{"type":"Point","coordinates":[-103.83555,58.16751]},"properties":{"u":42.7,"y":79}},{"type":"Feature","id":2793,"geometry":{"type":"Point","coordinates":[-103.83169,58.17106]},"properties":{"u":22.1,"y":79}},{"type":"Feature","id":2794,"geometry":{"type":"Point","coordinates":[-103.82537,58.18215]},"properties":{"u":5.5,"y":79}},{"type":"Feature","id":2795,"geometry":{"type":"Point","coordinates":[-103.80436,58.17494]},"properties":{"u":85.8,"y":79}},{"type":"Feature","id":2796,"geometry":{"type":"Point","coordinates":[-103.78991,58.17481]},"properties":{"u":174,"y":79}},{"type":"Feature","id":2797,"geometry":{"type":"Point","coordinates":[-103.79112,58.17931]},"properties":{"u":2,"y":79}},{"type":"Feature","id":2798,"geometry":{"type":"Point","coordinates":[-103.78967,58.18702]},"properties":{"u":33.9,"y":79}},{"type":"Feature","id":2799,"geometry":{"type":"Point","coordinates":[-103.85665,58.20372]},"properties":{"u":1.1,"y":79}},{"type":"Feature","id":2800,"geometry":{"type":"Point","coordinates":[-103.83311,58.21069]},"properties":{"u":1.5,"y":79}},{"type":"Feature","id":2801,"geometry":{"type":"Point","coordinates":[-103.82917,58.20634]},"properties":{"u":0.4,"y":79}},{"type":"Feature","id":2802,"geometry":{"type":"Point","coordinates":[-103.80729,58.19895]},"properties":{"u":1.4000000000000001,"y":79}},{"type":"Feature","id":2803,"geometry":{"type":"Point","coordinates":[-103.81219,58.21041]},"properties":{"u":2.1,"y":79}},{"type":"Feature","id":2804,"geometry":{"type":"Point","coordinates":[-103.79683,58.2117]},"properties":{"u":1.3,"y":79}},{"type":"Feature","id":2805,"geometry":{"type":"Point","coordinates":[-103.78778,58.20748]},"properties":{"u":1.9000000000000001,"y":79}},{"type":"Feature","id":2806,"geometry":{"type":"Point","coordinates":[-103.76741,58.21573]},"properties":{"u":2,"y":79}},{"type":"Feature","id":2807,"geometry":{"type":"Point","coordinates":[-103.79894,58.2349]},"properties":{"u":1.9000000000000001,"y":79}},{"type":"Feature","id":2808,"geometry":{"type":"Point","coordinates":[-103.78291,58.23052]},"properties":{"u":1.2,"y":79}},{"type":"Feature","id":2809,"geometry":{"type":"Point","coordinates":[-103.79592,58.23837]},"properties":{"u":0.3,"y":79}},{"type":"Feature","id":2810,"geometry":{"type":"Point","coordinates":[-103.80513,58.23298]},"properties":{"u":1.4000000000000001,"y":79}},{"type":"Feature","id":2811,"geometry":{"type":"Point","coordinates":[-103.81206,58.23457]},"properties":{"u":1.6,"y":79}},{"type":"Feature","id":2812,"geometry":{"type":"Point","coordinates":[-103.82348,58.22929]},"properties":{"u":2.1,"y":79}},{"type":"Feature","id":2813,"geometry":{"type":"Point","coordinates":[-103.84686,58.22761]},"properties":{"u":1,"y":79}},{"type":"Feature","id":2814,"geometry":{"type":"Point","coordinates":[-104.06137,58.31183]},"properties":{"u":2.1,"y":76}},{"type":"Feature","id":2815,"geometry":{"type":"Point","coordinates":[-104.05305,58.31662]},"properties":{"u":2.2,"y":76}},{"type":"Feature","id":2816,"geometry":{"type":"Point","coordinates":[-104.04392,58.32625]},"properties":{"u":2.2,"y":76}},{"type":"Feature","id":2817,"geometry":{"type":"Point","coordinates":[-104.03439,58.33121]},"properties":{"u":2.6,"y":76}},{"type":"Feature","id":2818,"geometry":{"type":"Point","coordinates":[-104.0488,58.33527]},"properties":{"u":2.2,"y":76}},{"type":"Feature","id":2819,"geometry":{"type":"Point","coordinates":[-104.05421,58.32435]},"properties":{"u":2.4,"y":76}},{"type":"Feature","id":2820,"geometry":{"type":"Point","coordinates":[-104.06337,58.32666]},"properties":{"u":2.5,"y":76}},{"type":"Feature","id":2821,"geometry":{"type":"Point","coordinates":[-104.0645,58.32263]},"properties":{"u":4.9,"y":76}},{"type":"Feature","id":2822,"geometry":{"type":"Point","coordinates":[-104.07071,58.31369]},"properties":{"u":20,"y":76}},{"type":"Feature","id":2823,"geometry":{"type":"Point","coordinates":[-104.08154,58.30443]},"properties":{"u":5.5,"y":76}},{"type":"Feature","id":2824,"geometry":{"type":"Point","coordinates":[-104.09072,58.29901]},"properties":{"u":5.2,"y":76}},{"type":"Feature","id":2825,"geometry":{"type":"Point","coordinates":[-104.08596,58.29808]},"properties":{"u":7.6000000000000005,"y":76}},{"type":"Feature","id":2826,"geometry":{"type":"Point","coordinates":[-104.13127,58.31501]},"properties":{"u":1.4000000000000001,"y":76}},{"type":"Feature","id":2827,"geometry":{"type":"Point","coordinates":[-104.11214,58.32943]},"properties":{"u":1.2,"y":76}},{"type":"Feature","id":2828,"geometry":{"type":"Point","coordinates":[-104.12045,58.33838]},"properties":{"u":1.4000000000000001,"y":76}},{"type":"Feature","id":2829,"geometry":{"type":"Point","coordinates":[-104.13576,58.34109]},"properties":{"u":1.4000000000000001,"y":76}},{"type":"Feature","id":2830,"geometry":{"type":"Point","coordinates":[-104.14914,58.35286]},"properties":{"u":1.1,"y":76}},{"type":"Feature","id":2831,"geometry":{"type":"Point","coordinates":[-104.17326,58.34439]},"properties":{"u":1.1,"y":76}},{"type":"Feature","id":2832,"geometry":{"type":"Point","coordinates":[-104.17483,58.32833]},"properties":{"u":1.1,"y":76}},{"type":"Feature","id":2833,"geometry":{"type":"Point","coordinates":[-104.18659,58.31448]},"properties":{"u":1.4000000000000001,"y":76}},{"type":"Feature","id":2834,"geometry":{"type":"Point","coordinates":[-104.20006,58.3301]},"properties":{"u":1.9000000000000001,"y":76}},{"type":"Feature","id":2835,"geometry":{"type":"Point","coordinates":[-104.21444,58.33621]},"properties":{"u":1.8,"y":76}},{"type":"Feature","id":2836,"geometry":{"type":"Point","coordinates":[-104.21122,58.35056]},"properties":{"u":0.9,"y":76}},{"type":"Feature","id":2837,"geometry":{"type":"Point","coordinates":[-104.17943,58.37282]},"properties":{"u":1.9000000000000001,"y":76}},{"type":"Feature","id":2838,"geometry":{"type":"Point","coordinates":[-104.02715,58.31516]},"properties":{"u":1.7,"y":76}},{"type":"Feature","id":2839,"geometry":{"type":"Point","coordinates":[-104.0418,58.29102]},"properties":{"u":1.3,"y":76}},{"type":"Feature","id":2840,"geometry":{"type":"Point","coordinates":[-104.1073,58.29778]},"properties":{"u":3.1,"y":76}},{"type":"Feature","id":2841,"geometry":{"type":"Point","coordinates":[-104.10298,58.28626]},"properties":{"u":2.2,"y":76}},{"type":"Feature","id":2842,"geometry":{"type":"Point","coordinates":[-104.0814,58.26374]},"properties":{"u":0.7000000000000001,"y":76}},{"type":"Feature","id":2843,"geometry":{"type":"Point","coordinates":[-104.11909,58.25583]},"properties":{"u":1.7,"y":76}},{"type":"Feature","id":2844,"geometry":{"type":"Point","coordinates":[-104.16994,58.28195]},"properties":{"u":1.2,"y":76}},{"type":"Feature","id":2845,"geometry":{"type":"Point","coordinates":[-104.21117,58.25311]},"properties":{"u":1.1,"y":76}},{"type":"Feature","id":2846,"geometry":{"type":"Point","coordinates":[-104.15928,58.19215]},"properties":{"u":2.4,"y":76}},{"type":"Feature","id":2847,"geometry":{"type":"Point","coordinates":[-104.12742,58.22876]},"properties":{"u":2.5,"y":76}},{"type":"Feature","id":2848,"geometry":{"type":"Point","coordinates":[-104.08569,58.22937]},"properties":{"u":3.9,"y":76}},{"type":"Feature","id":2849,"geometry":{"type":"Point","coordinates":[-104.03608,58.21885]},"properties":{"u":0.8,"y":76}},{"type":"Feature","id":2850,"geometry":{"type":"Point","coordinates":[-104.02556,58.15563]},"properties":{"u":1.6,"y":76}},{"type":"Feature","id":2851,"geometry":{"type":"Point","coordinates":[-104.01685,58.15107]},"properties":{"u":1.8,"y":76}},{"type":"Feature","id":2852,"geometry":{"type":"Point","coordinates":[-104.02674,58.14342]},"properties":{"u":1.4000000000000001,"y":76}},{"type":"Feature","id":2853,"geometry":{"type":"Point","coordinates":[-104.02461,58.12831]},"properties":{"u":1.7,"y":76}},{"type":"Feature","id":2854,"geometry":{"type":"Point","coordinates":[-104.24683,58.17832]},"properties":{"u":1.6,"y":76}},{"type":"Feature","id":2855,"geometry":{"type":"Point","coordinates":[-104.24461,58.20301]},"properties":{"u":1.6,"y":76}},{"type":"Feature","id":2856,"geometry":{"type":"Point","coordinates":[-104.08501,58.12337]},"properties":{"u":3.2,"y":76}},{"type":"Feature","id":2857,"geometry":{"type":"Point","coordinates":[-104.13866,58.16533]},"properties":{"u":0.9,"y":76}},{"type":"Feature","id":2858,"geometry":{"type":"Point","coordinates":[-104.06648,58.18288]},"properties":{"u":1.6,"y":76}},{"type":"Feature","id":2859,"geometry":{"type":"Point","coordinates":[-104.03534,58.18355]},"properties":{"u":2.3000000000000003,"y":76}},{"type":"Feature","id":2860,"geometry":{"type":"Point","coordinates":[-104.09072,58.29901]},"properties":{"u":6.3,"y":79}},{"type":"Feature","id":2861,"geometry":{"type":"Point","coordinates":[-104.07054,58.31387]},"properties":{"u":8.6,"y":79}},{"type":"Feature","id":2862,"geometry":{"type":"Point","coordinates":[-104.05468,58.32597]},"properties":{"u":2.8000000000000003,"y":79}},{"type":"Feature","id":2863,"geometry":{"type":"Point","coordinates":[-104.0459,58.33507]},"properties":{"u":1.8,"y":79}},{"type":"Feature","id":2864,"geometry":{"type":"Point","coordinates":[-104.05306,58.31626]},"properties":{"u":2,"y":79}},{"type":"Feature","id":2865,"geometry":{"type":"Point","coordinates":[-104.06145,58.30913]},"properties":{"u":2.2,"y":79}},{"type":"Feature","id":2866,"geometry":{"type":"Point","coordinates":[-104.05191,58.30188]},"properties":{"u":1.1,"y":79}},{"type":"Feature","id":2867,"geometry":{"type":"Point","coordinates":[-104.02722,58.30016]},"properties":{"u":2,"y":79}},{"type":"Feature","id":2868,"geometry":{"type":"Point","coordinates":[-104.0112,58.30561]},"properties":{"u":0.7000000000000001,"y":79}},{"type":"Feature","id":2869,"geometry":{"type":"Point","coordinates":[-104.0202,58.3258]},"properties":{"u":2,"y":79}},{"type":"Feature","id":2870,"geometry":{"type":"Point","coordinates":[-104.0161,58.33798]},"properties":{"u":1.3,"y":79}},{"type":"Feature","id":2871,"geometry":{"type":"Point","coordinates":[-104.01654,58.35308]},"properties":{"u":4,"y":79}},{"type":"Feature","id":2872,"geometry":{"type":"Point","coordinates":[-104.00376,58.36385]},"properties":{"u":1.3,"y":79}},{"type":"Feature","id":2873,"geometry":{"type":"Point","coordinates":[-104.00971,58.37108]},"properties":{"u":1.6,"y":79}},{"type":"Feature","id":2874,"geometry":{"type":"Point","coordinates":[-104.01617,58.36637]},"properties":{"u":1.6,"y":79}},{"type":"Feature","id":2875,"geometry":{"type":"Point","coordinates":[-104.02432,58.36221]},"properties":{"u":1.8,"y":79}},{"type":"Feature","id":2876,"geometry":{"type":"Point","coordinates":[-104.03479,58.35402]},"properties":{"u":1.4000000000000001,"y":79}},{"type":"Feature","id":2877,"geometry":{"type":"Point","coordinates":[-104.07256,58.32772]},"properties":{"u":1.8,"y":79}},{"type":"Feature","id":2878,"geometry":{"type":"Point","coordinates":[-104.09749,58.31433]},"properties":{"u":0.7000000000000001,"y":79}},{"type":"Feature","id":2879,"geometry":{"type":"Point","coordinates":[-104.10109,58.34058]},"properties":{"u":1.6,"y":79}},{"type":"Feature","id":2880,"geometry":{"type":"Point","coordinates":[-104.0956,58.35519]},"properties":{"u":0.7000000000000001,"y":79}},{"type":"Feature","id":2881,"geometry":{"type":"Point","coordinates":[-104.08953,58.35209]},"properties":{"u":1.4000000000000001,"y":79}},{"type":"Feature","id":2882,"geometry":{"type":"Point","coordinates":[-104.05354,58.34967]},"properties":{"u":2.2,"y":79}},{"type":"Feature","id":2883,"geometry":{"type":"Point","coordinates":[-104.03535,58.3649]},"properties":{"u":2.3000000000000003,"y":79}},{"type":"Feature","id":2884,"geometry":{"type":"Point","coordinates":[-104.05485,58.36432]},"properties":{"u":2,"y":79}},{"type":"Feature","id":2885,"geometry":{"type":"Point","coordinates":[-104.06402,58.37319]},"properties":{"u":0.8,"y":79}},{"type":"Feature","id":2886,"geometry":{"type":"Point","coordinates":[-104.07491,58.3686]},"properties":{"u":3,"y":79}},{"type":"Feature","id":2887,"geometry":{"type":"Point","coordinates":[-104.11007,58.37101]},"properties":{"u":1.6,"y":79}},{"type":"Feature","id":2888,"geometry":{"type":"Point","coordinates":[-104.13967,58.36995]},"properties":{"u":1.8,"y":79}},{"type":"Feature","id":2889,"geometry":{"type":"Point","coordinates":[-104.15963,58.35724]},"properties":{"u":0.7000000000000001,"y":79}},{"type":"Feature","id":2890,"geometry":{"type":"Point","coordinates":[-104.18913,58.35986]},"properties":{"u":1.3,"y":79}},{"type":"Feature","id":2891,"geometry":{"type":"Point","coordinates":[-104.17849,58.37649]},"properties":{"u":1.9000000000000001,"y":79}},{"type":"Feature","id":2892,"geometry":{"type":"Point","coordinates":[-104.19401,58.37102]},"properties":{"u":1.9000000000000001,"y":79}},{"type":"Feature","id":2893,"geometry":{"type":"Point","coordinates":[-104.23078,58.37008]},"properties":{"u":0.8,"y":79}},{"type":"Feature","id":2894,"geometry":{"type":"Point","coordinates":[-104.24426,58.36334]},"properties":{"u":0.8,"y":79}},{"type":"Feature","id":2895,"geometry":{"type":"Point","coordinates":[-104.24415,58.34447]},"properties":{"u":0.4,"y":79}},{"type":"Feature","id":2896,"geometry":{"type":"Point","coordinates":[-104.23048,58.34475]},"properties":{"u":0.9,"y":79}},{"type":"Feature","id":2897,"geometry":{"type":"Point","coordinates":[-104.22385,58.31193]},"properties":{"u":2.5,"y":79}},{"type":"Feature","id":2898,"geometry":{"type":"Point","coordinates":[-104.23912,58.30016]},"properties":{"u":1.6,"y":79}},{"type":"Feature","id":2899,"geometry":{"type":"Point","coordinates":[-104.20837,58.30222]},"properties":{"u":1.7,"y":79}},{"type":"Feature","id":2900,"geometry":{"type":"Point","coordinates":[-104.18984,58.29151]},"properties":{"u":1.5,"y":79}},{"type":"Feature","id":2901,"geometry":{"type":"Point","coordinates":[-104.18583,58.30271]},"properties":{"u":2.7,"y":79}},{"type":"Feature","id":2902,"geometry":{"type":"Point","coordinates":[-104.11298,58.28884]},"properties":{"u":3.7,"y":79}},{"type":"Feature","id":2903,"geometry":{"type":"Point","coordinates":[-104.12464,58.28623]},"properties":{"u":2.4,"y":79}},{"type":"Feature","id":2904,"geometry":{"type":"Point","coordinates":[-104.13973,58.31112]},"properties":{"u":0.7000000000000001,"y":79}},{"type":"Feature","id":2905,"geometry":{"type":"Point","coordinates":[-104.14889,58.30624]},"properties":{"u":1.3,"y":79}},{"type":"Feature","id":2906,"geometry":{"type":"Point","coordinates":[-104.15401,58.31337]},"properties":{"u":1.4000000000000001,"y":79}},{"type":"Feature","id":2907,"geometry":{"type":"Point","coordinates":[-104.16658,58.31606]},"properties":{"u":1.4000000000000001,"y":79}},{"type":"Feature","id":2908,"geometry":{"type":"Point","coordinates":[-104.17011,58.28204]},"properties":{"u":1.5,"y":79}},{"type":"Feature","id":2909,"geometry":{"type":"Point","coordinates":[-104.20365,58.2845]},"properties":{"u":1.4000000000000001,"y":79}},{"type":"Feature","id":2910,"geometry":{"type":"Point","coordinates":[-104.22615,58.26937]},"properties":{"u":2.4,"y":79}},{"type":"Feature","id":2911,"geometry":{"type":"Point","coordinates":[-104.21411,58.26642]},"properties":{"u":2,"y":79}},{"type":"Feature","id":2912,"geometry":{"type":"Point","coordinates":[-104.20494,58.26466]},"properties":{"u":0.7000000000000001,"y":79}},{"type":"Feature","id":2913,"geometry":{"type":"Point","coordinates":[-104.219,58.26106]},"properties":{"u":1.8,"y":79}},{"type":"Feature","id":2914,"geometry":{"type":"Point","coordinates":[-104.23957,58.24762]},"properties":{"u":1.5,"y":79}},{"type":"Feature","id":2915,"geometry":{"type":"Point","coordinates":[-104.24213,58.23919]},"properties":{"u":1.7,"y":79}},{"type":"Feature","id":2916,"geometry":{"type":"Point","coordinates":[-104.22468,58.24304]},"properties":{"u":1.9000000000000001,"y":79}},{"type":"Feature","id":2917,"geometry":{"type":"Point","coordinates":[-104.22982,58.22583]},"properties":{"u":1.7,"y":79}},{"type":"Feature","id":2918,"geometry":{"type":"Point","coordinates":[-104.24483,58.21648]},"properties":{"u":1.2,"y":79}},{"type":"Feature","id":2919,"geometry":{"type":"Point","coordinates":[-104.19814,58.22626]},"properties":{"u":1.4000000000000001,"y":79}},{"type":"Feature","id":2920,"geometry":{"type":"Point","coordinates":[-104.19204,58.23996]},"properties":{"u":3.4,"y":79}},{"type":"Feature","id":2921,"geometry":{"type":"Point","coordinates":[-104.15341,58.21717]},"properties":{"u":0.8,"y":79}},{"type":"Feature","id":2922,"geometry":{"type":"Point","coordinates":[-104.15361,58.23019]},"properties":{"u":1.3,"y":79}},{"type":"Feature","id":2923,"geometry":{"type":"Point","coordinates":[-104.16575,58.2353]},"properties":{"u":1.3,"y":79}},{"type":"Feature","id":2924,"geometry":{"type":"Point","coordinates":[-104.16364,58.24535]},"properties":{"u":1.9000000000000001,"y":79}},{"type":"Feature","id":2925,"geometry":{"type":"Point","coordinates":[-104.15668,58.25168]},"properties":{"u":2.2,"y":79}},{"type":"Feature","id":2926,"geometry":{"type":"Point","coordinates":[-104.14968,58.25217]},"properties":{"u":2.6,"y":79}},{"type":"Feature","id":2927,"geometry":{"type":"Point","coordinates":[-104.16702,58.26127]},"properties":{"u":1.3,"y":79}},{"type":"Feature","id":2928,"geometry":{"type":"Point","coordinates":[-104.16663,58.27052]},"properties":{"u":1.5,"y":79}},{"type":"Feature","id":2929,"geometry":{"type":"Point","coordinates":[-104.14977,58.26969]},"properties":{"u":1.3,"y":79}},{"type":"Feature","id":2930,"geometry":{"type":"Point","coordinates":[-104.13849,58.27105]},"properties":{"u":3.5,"y":79}},{"type":"Feature","id":2931,"geometry":{"type":"Point","coordinates":[-104.14505,58.27442]},"properties":{"u":0.6,"y":79}},{"type":"Feature","id":2932,"geometry":{"type":"Point","coordinates":[-104.14071,58.27789]},"properties":{"u":2.6,"y":79}},{"type":"Feature","id":2933,"geometry":{"type":"Point","coordinates":[-104.12909,58.25805]},"properties":{"u":0.6,"y":79}},{"type":"Feature","id":2934,"geometry":{"type":"Point","coordinates":[-104.1222,58.25414]},"properties":{"u":1.6,"y":79}},{"type":"Feature","id":2935,"geometry":{"type":"Point","coordinates":[-104.09147,58.26983]},"properties":{"u":1.6,"y":79}},{"type":"Feature","id":2936,"geometry":{"type":"Point","coordinates":[-104.05967,58.28595]},"properties":{"u":0.5,"y":79}},{"type":"Feature","id":2937,"geometry":{"type":"Point","coordinates":[-104.04449,58.27972]},"properties":{"u":1.4000000000000001,"y":79}},{"type":"Feature","id":2938,"geometry":{"type":"Point","coordinates":[-104.04998,58.27222]},"properties":{"u":1,"y":79}},{"type":"Feature","id":2939,"geometry":{"type":"Point","coordinates":[-104.04595,58.25081]},"properties":{"u":0.6,"y":79}},{"type":"Feature","id":2940,"geometry":{"type":"Point","coordinates":[-104.04516,58.24865]},"properties":{"u":3.1,"y":79}},{"type":"Feature","id":2941,"geometry":{"type":"Point","coordinates":[-104.07036,58.24264]},"properties":{"u":0.9,"y":79}},{"type":"Feature","id":2942,"geometry":{"type":"Point","coordinates":[-104.00638,58.25213]},"properties":{"u":1.8,"y":79}},{"type":"Feature","id":2943,"geometry":{"type":"Point","coordinates":[-104.01671,58.24835]},"properties":{"u":0.7000000000000001,"y":79}},{"type":"Feature","id":2944,"geometry":{"type":"Point","coordinates":[-104.00622,58.24566]},"properties":{"u":1.2,"y":79}},{"type":"Feature","id":2945,"geometry":{"type":"Point","coordinates":[-104.0156,58.23935]},"properties":{"u":0.9,"y":79}},{"type":"Feature","id":2946,"geometry":{"type":"Point","coordinates":[-104.02391,58.2343]},"properties":{"u":1,"y":79}},{"type":"Feature","id":2947,"geometry":{"type":"Point","coordinates":[-104.00762,58.2322]},"properties":{"u":1,"y":79}},{"type":"Feature","id":2948,"geometry":{"type":"Point","coordinates":[-104.01841,58.22384]},"properties":{"u":1.5,"y":79}},{"type":"Feature","id":2949,"geometry":{"type":"Point","coordinates":[-104.0257,58.21868]},"properties":{"u":0.6,"y":79}},{"type":"Feature","id":2950,"geometry":{"type":"Point","coordinates":[-104.03439,58.21237]},"properties":{"u":1.4000000000000001,"y":79}},{"type":"Feature","id":2951,"geometry":{"type":"Point","coordinates":[-104.00798,58.20723]},"properties":{"u":1.8,"y":79}},{"type":"Feature","id":2952,"geometry":{"type":"Point","coordinates":[-104.03188,58.19807]},"properties":{"u":0.8,"y":79}},{"type":"Feature","id":2953,"geometry":{"type":"Point","coordinates":[-104.03984,58.19939]},"properties":{"u":1.7,"y":79}},{"type":"Feature","id":2954,"geometry":{"type":"Point","coordinates":[-104.03015,58.2056]},"properties":{"u":1.3,"y":79}},{"type":"Feature","id":2955,"geometry":{"type":"Point","coordinates":[-104.04098,58.20757]},"properties":{"u":1.3,"y":79}},{"type":"Feature","id":2956,"geometry":{"type":"Point","coordinates":[-104.0367,58.22101]},"properties":{"u":1.1,"y":79}},{"type":"Feature","id":2957,"geometry":{"type":"Point","coordinates":[-104.05993,58.21822]},"properties":{"u":1.8,"y":79}},{"type":"Feature","id":2958,"geometry":{"type":"Point","coordinates":[-104.06954,58.22179]},"properties":{"u":1.9000000000000001,"y":79}},{"type":"Feature","id":2959,"geometry":{"type":"Point","coordinates":[-104.0751,58.21734]},"properties":{"u":3.4,"y":79}},{"type":"Feature","id":2960,"geometry":{"type":"Point","coordinates":[-104.10263,58.21251]},"properties":{"u":1.9000000000000001,"y":79}},{"type":"Feature","id":2961,"geometry":{"type":"Point","coordinates":[-104.11822,58.20849]},"properties":{"u":1.7,"y":79}},{"type":"Feature","id":2962,"geometry":{"type":"Point","coordinates":[-104.11913,58.2199]},"properties":{"u":2.7,"y":79}},{"type":"Feature","id":2963,"geometry":{"type":"Point","coordinates":[-104.13081,58.21567]},"properties":{"u":2.3000000000000003,"y":79}},{"type":"Feature","id":2964,"geometry":{"type":"Point","coordinates":[-104.14081,58.21044]},"properties":{"u":1.1,"y":79}},{"type":"Feature","id":2965,"geometry":{"type":"Point","coordinates":[-104.1544,58.20424]},"properties":{"u":1.7,"y":79}},{"type":"Feature","id":2966,"geometry":{"type":"Point","coordinates":[-104.16989,58.21099]},"properties":{"u":1.5,"y":79}},{"type":"Feature","id":2967,"geometry":{"type":"Point","coordinates":[-104.21102,58.21385]},"properties":{"u":2.8000000000000003,"y":79}},{"type":"Feature","id":2968,"geometry":{"type":"Point","coordinates":[-104.22053,58.199]},"properties":{"u":1.1,"y":79}},{"type":"Feature","id":2969,"geometry":{"type":"Point","coordinates":[-104.20445,58.1804]},"properties":{"u":1.6,"y":79}},{"type":"Feature","id":2970,"geometry":{"type":"Point","coordinates":[-104.19418,58.17584]},"properties":{"u":1.2,"y":79}},{"type":"Feature","id":2971,"geometry":{"type":"Point","coordinates":[-104.16213,58.17231]},"properties":{"u":0.9,"y":79}},{"type":"Feature","id":2972,"geometry":{"type":"Point","coordinates":[-104.14367,58.17632]},"properties":{"u":0.9,"y":79}},{"type":"Feature","id":2973,"geometry":{"type":"Point","coordinates":[-104.11822,58.19465]},"properties":{"u":0.8,"y":79}},{"type":"Feature","id":2974,"geometry":{"type":"Point","coordinates":[-104.22733,58.16024]},"properties":{"u":1.9000000000000001,"y":79}},{"type":"Feature","id":2975,"geometry":{"type":"Point","coordinates":[-104.25122,58.15562]},"properties":{"u":1.9000000000000001,"y":79}},{"type":"Feature","id":2976,"geometry":{"type":"Point","coordinates":[-104.23265,58.15012]},"properties":{"u":1.9000000000000001,"y":79}},{"type":"Feature","id":2977,"geometry":{"type":"Point","coordinates":[-104.2023,58.12452]},"properties":{"u":2.6,"y":79}},{"type":"Feature","id":2978,"geometry":{"type":"Point","coordinates":[-104.17712,58.1266]},"properties":{"u":1.6,"y":79}},{"type":"Feature","id":2979,"geometry":{"type":"Point","coordinates":[-104.16306,58.14699]},"properties":{"u":1.5,"y":79}},{"type":"Feature","id":2980,"geometry":{"type":"Point","coordinates":[-104.18377,58.14048]},"properties":{"u":1.3,"y":79}},{"type":"Feature","id":2981,"geometry":{"type":"Point","coordinates":[-104.20859,58.13929]},"properties":{"u":1.8,"y":79}},{"type":"Feature","id":2982,"geometry":{"type":"Point","coordinates":[-104.19059,58.15399]},"properties":{"u":1.7,"y":79}},{"type":"Feature","id":2983,"geometry":{"type":"Point","coordinates":[-104.18563,58.16295]},"properties":{"u":1.5,"y":79}},{"type":"Feature","id":2984,"geometry":{"type":"Point","coordinates":[-104.14174,58.16481]},"properties":{"u":1,"y":79}},{"type":"Feature","id":2985,"geometry":{"type":"Point","coordinates":[-104.12388,58.15822]},"properties":{"u":1,"y":79}},{"type":"Feature","id":2986,"geometry":{"type":"Point","coordinates":[-104.09106,58.13904]},"properties":{"u":3.4,"y":79}},{"type":"Feature","id":2987,"geometry":{"type":"Point","coordinates":[-104.05614,58.12999]},"properties":{"u":1,"y":79}},{"type":"Feature","id":2988,"geometry":{"type":"Point","coordinates":[-104.01472,58.148]},"properties":{"u":0.7000000000000001,"y":79}},{"type":"Feature","id":2989,"geometry":{"type":"Point","coordinates":[-104.04829,58.15723]},"properties":{"u":2,"y":79}},{"type":"Feature","id":2990,"geometry":{"type":"Point","coordinates":[-104.0278,58.17298]},"properties":{"u":1.2,"y":79}},{"type":"Feature","id":2991,"geometry":{"type":"Point","coordinates":[-104.07429,58.17]},"properties":{"u":1.5,"y":79}},{"type":"Feature","id":2992,"geometry":{"type":"Point","coordinates":[-104.06804,58.18163]},"properties":{"u":1.8,"y":79}},{"type":"Feature","id":2993,"geometry":{"type":"Point","coordinates":[-104.07245,58.18867]},"properties":{"u":0.6,"y":79}},{"type":"Feature","id":2994,"geometry":{"type":"Point","coordinates":[-104.11194,58.17377]},"properties":{"u":0.6,"y":79}},{"type":"Feature","id":2995,"geometry":{"type":"Point","coordinates":[-104.10996,58.1849]},"properties":{"u":0.6,"y":79}},{"type":"Feature","id":2996,"geometry":{"type":"Point","coordinates":[-104.09928,58.18365]},"properties":{"u":0.6,"y":79}},{"type":"Feature","id":2997,"geometry":{"type":"Point","coordinates":[-104.09437,58.19592]},"properties":{"u":0.8,"y":79}},{"type":"Feature","id":2998,"geometry":{"type":"Point","coordinates":[-104.08486,58.20205]},"properties":{"u":1.3,"y":79}},{"type":"Feature","id":2999,"geometry":{"type":"Point","coordinates":[-104.09141,58.20551]},"properties":{"u":2.3000000000000003,"y":79}},{"type":"Feature","id":3000,"geometry":{"type":"Point","coordinates":[-104.07692,58.2064]},"properties":{"u":2.4,"y":79}}]}