{"type":"FeatureCollection","features":[{"type":"Feature","id":1,"properties":{"code":"063M","s":"250k","role":"sheet"},"geometry":{"type":"Polygon","coordinates":[[[-104.000013,55.000008],[-102.000012,55.000008],[-102.000012,56.000008],[-104.000013,56.000008],[-104.000013,55.000008]]]}},{"type":"Feature","id":2,"properties":{"code":"063M","s":"250k","role":"label"},"geometry":{"type":"Point","coordinates":[-103.000012,55.500008]}},{"type":"Feature","id":3,"properties":{"code":"063N","s":"250k","role":"sheet"},"geometry":{"type":"Polygon","coordinates":[[[-102.000013,55.000008],[-100.000012,55.000008],[-100.000012,56.000009],[-102.000013,56.000009],[-102.000013,55.000008]]]}},{"type":"Feature","id":4,"properties":{"code":"063N","s":"250k","role":"label"},"geometry":{"type":"Point","coordinates":[-101.000012,55.500008]}},{"type":"Feature","id":5,"properties":{"code":"064C","s":"250k","role":"sheet"},"geometry":{"type":"Polygon","coordinates":[[[-102.000013,56.000008],[-100.000012,56.000008],[-100.000012,57.000009],[-102.000013,57.000009],[-102.000013,56.000008]]]}},{"type":"Feature","id":6,"properties":{"code":"064C","s":"250k","role":"label"},"geometry":{"type":"Point","coordinates":[-101.000012,56.500008]}},{"type":"Feature","id":7,"properties":{"code":"064D","s":"250k","role":"sheet"},"geometry":{"type":"Polygon","coordinates":[[[-104.000014,56.000008],[-102.000013,56.000008],[-102.000013,57.000009],[-104.000014,57.000009],[-104.000014,56.000008]]]}},{"type":"Feature","id":8,"properties":{"code":"064D","s":"250k","role":"label"},"geometry":{"type":"Point","coordinates":[-103.000013,56.500008]}},{"type":"Feature","id":9,"properties":{"code":"064E","s":"250k","role":"sheet"},"geometry":{"type":"Polygon","coordinates":[[[-104.000014,57.000008],[-102.000013,57.000008],[-102.000013,58.000009],[-104.000014,58.000009],[-104.000014,57.000008]]]}},{"type":"Feature","id":10,"properties":{"code":"064E","s":"250k","role":"label"},"geometry":{"type":"Point","coordinates":[-103.000013,57.500008]}},{"type":"Feature","id":11,"properties":{"code":"064F","s":"250k","role":"sheet"},"geometry":{"type":"Polygon","coordinates":[[[-102.000013,57.000009],[-100.000012,57.000009],[-100.000012,58.000009],[-102.000013,58.000009],[-102.000013,57.000009]]]}},{"type":"Feature","id":12,"properties":{"code":"064F","s":"250k","role":"label"},"geometry":{"type":"Point","coordinates":[-101.000012,57.500009]}},{"type":"Feature","id":13,"properties":{"code":"064K","s":"250k","role":"sheet"},"geometry":{"type":"Polygon","coordinates":[[[-102.000014,58.000009],[-100.000013,58.000009],[-100.000013,59.000009],[-102.000014,59.000009],[-102.000014,58.000009]]]}},{"type":"Feature","id":14,"properties":{"code":"064K","s":"250k","role":"label"},"geometry":{"type":"Point","coordinates":[-101.000013,58.500009]}},{"type":"Feature","id":15,"properties":{"code":"064L","s":"250k","role":"sheet"},"geometry":{"type":"Polygon","coordinates":[[[-104.000015,58.000008],[-102.000013,58.000008],[-102.000013,59.000009],[-104.000015,59.000009],[-104.000015,58.000008]]]}},{"type":"Feature","id":16,"properties":{"code":"064L","s":"250k","role":"label"},"geometry":{"type":"Point","coordinates":[-103.000014,58.500008]}},{"type":"Feature","id":17,"properties":{"code":"064M","s":"250k","role":"sheet"},"geometry":{"type":"Polygon","coordinates":[[[-104.000015,59.000008],[-102.000014,59.000008],[-102.000014,60.000009],[-104.000015,60.000009],[-104.000015,59.000008]]]}},{"type":"Feature","id":18,"properties":{"code":"064M","s":"250k","role":"label"},"geometry":{"type":"Point","coordinates":[-103.000014,59.500008]}},{"type":"Feature","id":19,"properties":{"code":"064N","s":"250k","role":"sheet"},"geometry":{"type":"Polygon","coordinates":[[[-102.000014,59.000009],[-100.000013,59.000009],[-100.000013,60.000009],[-102.000014,60.000009],[-102.000014,59.000009]]]}},{"type":"Feature","id":20,"properties":{"code":"064N","s":"250k","role":"label"},"geometry":{"type":"Point","coordinates":[-101.000013,59.500009]}},{"type":"Feature","id":21,"properties":{"code":"065C","s":"250k","role":"sheet"},"geometry":{"type":"Polygon","coordinates":[[[-102.000015,60.000009],[-100.000014,60.000009],[-100.000014,61.000009],[-102.000015,61.000009],[-102.000015,60.000009]]]}},{"type":"Feature","id":22,"properties":{"code":"065C","s":"250k","role":"label"},"geometry":{"type":"Point","coordinates":[-101.000014,60.500009]}},{"type":"Feature","id":23,"properties":{"code":"065D","s":"250k","role":"sheet"},"geometry":{"type":"Polygon","coordinates":[[[-104.000015,60.000008],[-102.000014,60.000008],[-102.000014,61.000009],[-104.000015,61.000009],[-104.000015,60.000008]]]}},{"type":"Feature","id":24,"properties":{"code":"065D","s":"250k","role":"label"},"geometry":{"type":"Point","coordinates":[-103.000014,60.500008]}},{"type":"Feature","id":25,"properties":{"code":"073J","s":"250k","role":"sheet"},"geometry":{"type":"Polygon","coordinates":[[[-108.000014,54.000008],[-106.000013,54.000008],[-106.000013,55.000008],[-108.000014,55.000008],[-108.000014,54.000008]]]}},{"type":"Feature","id":26,"properties":{"code":"073J","s":"250k","role":"label"},"geometry":{"type":"Point","coordinates":[-107.000013,54.500008]}},{"type":"Feature","id":27,"properties":{"code":"073K","s":"250k","role":"sheet"},"geometry":{"type":"Polygon","coordinates":[[[-110.000015,54.000007],[-108.000014,54.000007],[-108.000014,55.000008],[-110.000015,55.000008],[-110.000015,54.000007]]]}},{"type":"Feature","id":28,"properties":{"code":"073K","s":"250k","role":"label"},"geometry":{"type":"Point","coordinates":[-109.000014,54.500007]}},{"type":"Feature","id":29,"properties":{"code":"073L","s":"250k","role":"sheet"},"geometry":{"type":"Polygon","coordinates":[[[-112.000015,54.000007],[-110.000014,54.000007],[-110.000014,55.000007],[-112.000015,55.000007],[-112.000015,54.000007]]]}},{"type":"Feature","id":30,"properties":{"code":"073L","s":"250k","role":"label"},"geometry":{"type":"Point","coordinates":[-111.000014,54.500007]}},{"type":"Feature","id":31,"properties":{"code":"073M","s":"250k","role":"sheet"},"geometry":{"type":"Polygon","coordinates":[[[-112.000015,55.000007],[-110.000015,55.000007],[-110.000015,56.000008],[-112.000015,56.000008],[-112.000015,55.000007]]]}},{"type":"Feature","id":32,"properties":{"code":"073M","s":"250k","role":"label"},"geometry":{"type":"Point","coordinates":[-111.000015,55.500007]}},{"type":"Feature","id":33,"properties":{"code":"073N","s":"250k","role":"sheet"},"geometry":{"type":"Polygon","coordinates":[[[-110.000015,55.000007],[-108.000014,55.000007],[-108.000014,56.000008],[-110.000015,56.000008],[-110.000015,55.000007]]]}},{"type":"Feature","id":34,"properties":{"code":"073N","s":"250k","role":"label"},"geometry":{"type":"Point","coordinates":[-109.000014,55.500007]}},{"type":"Feature","id":35,"properties":{"code":"073O","s":"250k","role":"sheet"},"geometry":{"type":"Polygon","coordinates":[[[-108.000014,55.000008],[-106.000014,55.000008],[-106.000014,56.000008],[-108.000014,56.000008],[-108.000014,55.000008]]]}},{"type":"Feature","id":36,"properties":{"code":"073O","s":"250k","role":"label"},"geometry":{"type":"Point","coordinates":[-107.000014,55.500008]}},{"type":"Feature","id":37,"properties":{"code":"073P","s":"250k","role":"sheet"},"geometry":{"type":"Polygon","coordinates":[[[-106.000014,55.000008],[-104.000013,55.000008],[-104.000013,56.000008],[-106.000014,56.000008],[-106.000014,55.000008]]]}},{"type":"Feature","id":38,"properties":{"code":"073P","s":"250k","role":"label"},"geometry":{"type":"Point","coordinates":[-105.000013,55.500008]}},{"type":"Feature","id":39,"properties":{"code":"074A","s":"250k","role":"sheet"},"geometry":{"type":"Polygon","coordinates":[[[-106.000014,56.000008],[-104.000013,56.000008],[-104.000013,57.000008],[-106.000014,57.000008],[-106.000014,56.000008]]]}},{"type":"Feature","id":40,"properties":{"code":"074A","s":"250k","role":"label"},"geometry":{"type":"Point","coordinates":[-105.000013,56.500008]}},{"type":"Feature","id":41,"properties":{"code":"074B","s":"250k","role":"sheet"},"geometry":{"type":"Polygon","coordinates":[[[-108.000015,56.000008],[-106.000014,56.000008],[-106.000014,57.000008],[-108.000015,57.000008],[-108.000015,56.000008]]]}},{"type":"Feature","id":42,"properties":{"code":"074B","s":"250k","role":"label"},"geometry":{"type":"Point","coordinates":[-107.000014,56.500008]}},{"type":"Feature","id":43,"properties":{"code":"074C","s":"250k","role":"sheet"},"geometry":{"type":"Polygon","coordinates":[[[-110.000015,56.000008],[-108.000014,56.000008],[-108.000014,57.000008],[-110.000015,57.000008],[-110.000015,56.000008]]]}},{"type":"Feature","id":44,"properties":{"code":"074C","s":"250k","role":"label"},"geometry":{"type":"Point","coordinates":[-109.000014,56.500008]}},{"type":"Feature","id":45,"properties":{"code":"074D","s":"250k","role":"sheet"},"geometry":{"type":"Polygon","coordinates":[[[-112.000016,56.000007],[-110.000015,56.000007],[-110.000015,57.000008],[-112.000016,57.000008],[-112.000016,56.000007]]]}},{"type":"Feature","id":46,"properties":{"code":"074D","s":"250k","role":"label"},"geometry":{"type":"Point","coordinates":[-111.000016,56.500007]}},{"type":"Feature","id":47,"properties":{"code":"074E","s":"250k","role":"sheet"},"geometry":{"type":"Polygon","coordinates":[[[-112.000016,57.000007],[-110.000015,57.000007],[-110.000015,58.000008],[-112.000016,58.000008],[-112.000016,57.000007]]]}},{"type":"Feature","id":48,"properties":{"code":"074E","s":"250k","role":"label"},"geometry":{"type":"Point","coordinates":[-111.000016,57.500007]}},{"type":"Feature","id":49,"properties":{"code":"074F","s":"250k","role":"sheet"},"geometry":{"type":"Polygon","coordinates":[[[-110.000016,57.000008],[-108.000015,57.000008],[-108.000015,58.000008],[-110.000016,58.000008],[-110.000016,57.000008]]]}},{"type":"Feature","id":50,"properties":{"code":"074F","s":"250k","role":"label"},"geometry":{"type":"Point","coordinates":[-109.000016,57.500008]}},{"type":"Feature","id":51,"properties":{"code":"074G","s":"250k","role":"sheet"},"geometry":{"type":"Polygon","coordinates":[[[-108.000015,57.000008],[-106.000014,57.000008],[-106.000014,58.000008],[-108.000015,58.000008],[-108.000015,57.000008]]]}},{"type":"Feature","id":52,"properties":{"code":"074G","s":"250k","role":"label"},"geometry":{"type":"Point","coordinates":[-107.000014,57.500008]}},{"type":"Feature","id":53,"properties":{"code":"074H","s":"250k","role":"sheet"},"geometry":{"type":"Polygon","coordinates":[[[-106.000015,57.000008],[-104.000014,57.000008],[-104.000014,58.000008],[-106.000015,58.000008],[-106.000015,57.000008]]]}},{"type":"Feature","id":54,"properties":{"code":"074H","s":"250k","role":"label"},"geometry":{"type":"Point","coordinates":[-105.000014,57.500008]}},{"type":"Feature","id":55,"properties":{"code":"074I","s":"250k","role":"sheet"},"geometry":{"type":"Polygon","coordinates":[[[-106.000015,58.000008],[-104.000014,58.000008],[-104.000014,59.000008],[-106.000015,59.000008],[-106.000015,58.000008]]]}},{"type":"Feature","id":56,"properties":{"code":"074I","s":"250k","role":"label"},"geometry":{"type":"Point","coordinates":[-105.000014,58.500008]}},{"type":"Feature","id":57,"properties":{"code":"074J","s":"250k","role":"sheet"},"geometry":{"type":"Polygon","coordinates":[[[-108.000016,58.000008],[-106.000015,58.000008],[-106.000015,59.000008],[-108.000016,59.000008],[-108.000016,58.000008]]]}},{"type":"Feature","id":58,"properties":{"code":"074J","s":"250k","role":"label"},"geometry":{"type":"Point","coordinates":[-107.000016,58.500008]}},{"type":"Feature","id":59,"properties":{"code":"074K","s":"250k","role":"sheet"},"geometry":{"type":"Polygon","coordinates":[[[-110.000016,58.000008],[-108.000015,58.000008],[-108.000015,59.000008],[-110.000016,59.000008],[-110.000016,58.000008]]]}},{"type":"Feature","id":60,"properties":{"code":"074K","s":"250k","role":"label"},"geometry":{"type":"Point","coordinates":[-109.000016,58.500008]}},{"type":"Feature","id":61,"properties":{"code":"074L","s":"250k","role":"sheet"},"geometry":{"type":"Polygon","coordinates":[[[-112.000017,58.000007],[-110.000016,58.000007],[-110.000016,59.000008],[-112.000017,59.000008],[-112.000017,58.000007]]]}},{"type":"Feature","id":62,"properties":{"code":"074L","s":"250k","role":"label"},"geometry":{"type":"Point","coordinates":[-111.000017,58.500007]}},{"type":"Feature","id":63,"properties":{"code":"074M","s":"250k","role":"sheet"},"geometry":{"type":"Polygon","coordinates":[[[-112.000017,59.000007],[-110.000016,59.000007],[-110.000016,60.000008],[-112.000017,60.000008],[-112.000017,59.000007]]]}},{"type":"Feature","id":64,"properties":{"code":"074M","s":"250k","role":"label"},"geometry":{"type":"Point","coordinates":[-111.000017,59.500007]}},{"type":"Feature","id":65,"properties":{"code":"074N","s":"250k","role":"sheet"},"geometry":{"type":"Polygon","coordinates":[[[-110.000017,59.000008],[-108.000016,59.000008],[-108.000016,60.000008],[-110.000017,60.000008],[-110.000017,59.000008]]]}},{"type":"Feature","id":66,"properties":{"code":"074N","s":"250k","role":"label"},"geometry":{"type":"Point","coordinates":[-109.000017,59.500008]}},{"type":"Feature","id":67,"properties":{"code":"074O","s":"250k","role":"sheet"},"geometry":{"type":"Polygon","coordinates":[[[-108.000016,59.000008],[-106.000015,59.000008],[-106.000015,60.000008],[-108.000016,60.000008],[-108.000016,59.000008]]]}},{"type":"Feature","id":68,"properties":{"code":"074O","s":"250k","role":"label"},"geometry":{"type":"Point","coordinates":[-107.000016,59.500008]}},{"type":"Feature","id":69,"properties":{"code":"074P","s":"250k","role":"sheet"},"geometry":{"type":"Polygon","coordinates":[[[-106.000016,59.000008],[-104.000015,59.000008],[-104.000015,60.000008],[-106.000016,60.000008],[-106.000016,59.000008]]]}},{"type":"Feature","id":70,"properties":{"code":"074P","s":"250k","role":"label"},"geometry":{"type":"Point","coordinates":[-105.000016,59.500008]}},{"type":"Feature","id":71,"properties":{"code":"075A","s":"250k","role":"sheet"},"geometry":{"type":"Polygon","coordinates":[[[-106.000016,60.000008],[-104.000015,60.000008],[-104.000015,61.000009],[-106.000016,61.000009],[-106.000016,60.000008]]]}},{"type":"Feature","id":72,"properties":{"code":"075A","s":"250k","role":"label"},"geometry":{"type":"Point","coordinates":[-105.000016,60.500008]}},{"type":"Feature","id":73,"properties":{"code":"075B","s":"250k","role":"sheet"},"geometry":{"type":"Polygon","coordinates":[[[-108.000017,60.000008],[-106.000016,60.000008],[-106.000016,61.000008],[-108.000017,61.000008],[-108.000017,60.000008]]]}},{"type":"Feature","id":74,"properties":{"code":"075B","s":"250k","role":"label"},"geometry":{"type":"Point","coordinates":[-107.000017,60.500008]}},{"type":"Feature","id":75,"properties":{"code":"075C","s":"250k","role":"sheet"},"geometry":{"type":"Polygon","coordinates":[[[-110.000017,60.000008],[-108.000016,60.000008],[-108.000016,61.000008],[-110.000017,61.000008],[-110.000017,60.000008]]]}},{"type":"Feature","id":76,"properties":{"code":"075C","s":"250k","role":"label"},"geometry":{"type":"Point","coordinates":[-109.000017,60.500008]}},{"type":"Feature","id":77,"properties":{"code":"075D","s":"250k","role":"sheet"},"geometry":{"type":"Polygon","coordinates":[[[-112.000018,60.000007],[-110.000017,60.000007],[-110.000017,61.000008],[-112.000018,61.000008],[-112.000018,60.000007]]]}},{"type":"Feature","id":78,"properties":{"code":"075D","s":"250k","role":"label"},"geometry":{"type":"Point","coordinates":[-111.000017,60.500007]}},{"type":"Feature","id":79,"properties":{"code":"083P","s":"250k","role":"sheet"},"geometry":{"type":"Polygon","coordinates":[[[-114.000016,55.000007],[-112.000015,55.000007],[-112.000015,56.000007],[-114.000016,56.000007],[-114.000016,55.000007]]]}},{"type":"Feature","id":80,"properties":{"code":"083P","s":"250k","role":"label"},"geometry":{"type":"Point","coordinates":[-113.000016,55.500007]}},{"type":"Feature","id":81,"properties":{"code":"084A","s":"250k","role":"sheet"},"geometry":{"type":"Polygon","coordinates":[[[-114.000016,56.000007],[-112.000015,56.000007],[-112.000015,57.000007],[-114.000016,57.000007],[-114.000016,56.000007]]]}},{"type":"Feature","id":82,"properties":{"code":"084A","s":"250k","role":"label"},"geometry":{"type":"Point","coordinates":[-113.000016,56.500007]}},{"type":"Feature","id":83,"properties":{"code":"084H","s":"250k","role":"sheet"},"geometry":{"type":"Polygon","coordinates":[[[-114.000017,57.000007],[-112.000016,57.000007],[-112.000016,58.000007],[-114.000017,58.000007],[-114.000017,57.000007]]]}},{"type":"Feature","id":84,"properties":{"code":"084H","s":"250k","role":"label"},"geometry":{"type":"Point","coordinates":[-113.000017,57.500007]}},{"type":"Feature","id":85,"properties":{"code":"084I","s":"250k","role":"sheet"},"geometry":{"type":"Polygon","coordinates":[[[-114.000017,58.000007],[-112.000016,58.000007],[-112.000016,59.000007],[-114.000017,59.000007],[-114.000017,58.000007]]]}},{"type":"Feature","id":86,"properties":{"code":"084I","s":"250k","role":"label"},"geometry":{"type":"Point","coordinates":[-113.000017,58.500007]}},{"type":"Feature","id":87,"properties":{"code":"084O","s":"250k","role":"sheet"},"geometry":{"type":"Polygon","coordinates":[[[-116.000018,59.000007],[-114.000017,59.000007],[-114.000017,60.000007],[-116.000018,60.000007],[-116.000018,59.000007]]]}},{"type":"Feature","id":88,"properties":{"code":"084O","s":"250k","role":"label"},"geometry":{"type":"Point","coordinates":[-115.000017,59.500007]}},{"type":"Feature","id":89,"properties":{"code":"084P","s":"250k","role":"sheet"},"geometry":{"type":"Polygon","coordinates":[[[-114.000018,59.000007],[-112.000017,59.000007],[-112.000017,60.000007],[-114.000018,60.000007],[-114.000018,59.000007]]]}},{"type":"Feature","id":90,"properties":{"code":"084P","s":"250k","role":"label"},"geometry":{"type":"Point","coordinates":[-113.000017,59.500007]}},{"type":"Feature","id":91,"properties":{"code":"063M05","s":"50k","role":"sheet"},"geometry":{"type":"Polygon","coordinates":[[[-104.000013,55.250008],[-103.500013,55.250008],[-103.500013,55.500008],[-104.000013,55.500008],[-104.000013,55.250008]]]}},{"type":"Feature","id":92,"properties":{"code":"063M05","s":"50k","role":"label"},"geometry":{"type":"Point","coordinates":[-103.750013,55.375008]}},{"type":"Feature","id":93,"properties":{"code":"063M06","s":"50k","role":"sheet"},"geometry":{"type":"Polygon","coordinates":[[[-103.500013,55.250008],[-103.000013,55.250008],[-103.000013,55.500008],[-103.500013,55.500008],[-103.500013,55.250008]]]}},{"type":"Feature","id":94,"properties":{"code":"063M06","s":"50k","role":"label"},"geometry":{"type":"Point","coordinates":[-103.250013,55.375008]}},{"type":"Feature","id":95,"properties":{"code":"063M07","s":"50k","role":"sheet"},"geometry":{"type":"Polygon","coordinates":[[[-103.000013,55.250008],[-102.500013,55.250008],[-102.500013,55.500008],[-103.000013,55.500008],[-103.000013,55.250008]]]}},{"type":"Feature","id":96,"properties":{"code":"063M07","s":"50k","role":"label"},"geometry":{"type":"Point","coordinates":[-102.750013,55.375008]}},{"type":"Feature","id":97,"properties":{"code":"063M08","s":"50k","role":"sheet"},"geometry":{"type":"Polygon","coordinates":[[[-102.500013,55.250008],[-102.000012,55.250008],[-102.000012,55.500008],[-102.500013,55.500008],[-102.500013,55.250008]]]}},{"type":"Feature","id":98,"properties":{"code":"063M08","s":"50k","role":"label"},"geometry":{"type":"Point","coordinates":[-102.250012,55.375008]}},{"type":"Feature","id":99,"properties":{"code":"063M09","s":"50k","role":"sheet"},"geometry":{"type":"Polygon","coordinates":[[[-102.500013,55.500008],[-102.000013,55.500008],[-102.000013,55.750008],[-102.500013,55.750008],[-102.500013,55.500008]]]}},{"type":"Feature","id":100,"properties":{"code":"063M09","s":"50k","role":"label"},"geometry":{"type":"Point","coordinates":[-102.250013,55.625008]}},{"type":"Feature","id":101,"properties":{"code":"063M10","s":"50k","role":"sheet"},"geometry":{"type":"Polygon","coordinates":[[[-103.000013,55.500008],[-102.500013,55.500008],[-102.500013,55.750008],[-103.000013,55.750008],[-103.000013,55.500008]]]}},{"type":"Feature","id":102,"properties":{"code":"063M10","s":"50k","role":"label"},"geometry":{"type":"Point","coordinates":[-102.750013,55.625008]}},{"type":"Feature","id":103,"properties":{"code":"063M11","s":"50k","role":"sheet"},"geometry":{"type":"Polygon","coordinates":[[[-103.500013,55.500008],[-103.000013,55.500008],[-103.000013,55.750008],[-103.500013,55.750008],[-103.500013,55.500008]]]}},{"type":"Feature","id":104,"properties":{"code":"063M11","s":"50k","role":"label"},"geometry":{"type":"Point","coordinates":[-103.250013,55.625008]}},{"type":"Feature","id":105,"properties":{"code":"063M12","s":"50k","role":"sheet"},"geometry":{"type":"Polygon","coordinates":[[[-104.000013,55.500008],[-103.500013,55.500008],[-103.500013,55.750008],[-104.000013,55.750008],[-104.000013,55.500008]]]}},{"type":"Feature","id":106,"properties":{"code":"063M12","s":"50k","role":"label"},"geometry":{"type":"Point","coordinates":[-103.750013,55.625008]}},{"type":"Feature","id":107,"properties":{"code":"063M13","s":"50k","role":"sheet"},"geometry":{"type":"Polygon","coordinates":[[[-104.000013,55.750008],[-103.500013,55.750008],[-103.500013,56.000008],[-104.000013,56.000008],[-104.000013,55.750008]]]}},{"type":"Feature","id":108,"properties":{"code":"063M13","s":"50k","role":"label"},"geometry":{"type":"Point","coordinates":[-103.750013,55.875008]}},{"type":"Feature","id":109,"properties":{"code":"063M14","s":"50k","role":"sheet"},"geometry":{"type":"Polygon","coordinates":[[[-103.500013,55.750008],[-103.000013,55.750008],[-103.000013,56.000008],[-103.500013,56.000008],[-103.500013,55.750008]]]}},{"type":"Feature","id":110,"properties":{"code":"063M14","s":"50k","role":"label"},"geometry":{"type":"Point","coordinates":[-103.250013,55.875008]}},{"type":"Feature","id":111,"properties":{"code":"063M15","s":"50k","role":"sheet"},"geometry":{"type":"Polygon","coordinates":[[[-103.000013,55.750008],[-102.500013,55.750008],[-102.500013,56.000008],[-103.000013,56.000008],[-103.000013,55.750008]]]}},{"type":"Feature","id":112,"properties":{"code":"063M15","s":"50k","role":"label"},"geometry":{"type":"Point","coordinates":[-102.750013,55.875008]}},{"type":"Feature","id":113,"properties":{"code":"063M16","s":"50k","role":"sheet"},"geometry":{"type":"Polygon","coordinates":[[[-102.500013,55.750008],[-102.000013,55.750008],[-102.000013,56.000008],[-102.500013,56.000008],[-102.500013,55.750008]]]}},{"type":"Feature","id":114,"properties":{"code":"063M16","s":"50k","role":"label"},"geometry":{"type":"Point","coordinates":[-102.250013,55.875008]}},{"type":"Feature","id":115,"properties":{"code":"063N05","s":"50k","role":"sheet"},"geometry":{"type":"Polygon","coordinates":[[[-102.000013,55.250008],[-101.500012,55.250008],[-101.500012,55.500008],[-102.000013,55.500008],[-102.000013,55.250008]]]}},{"type":"Feature","id":116,"properties":{"code":"063N05","s":"50k","role":"label"},"geometry":{"type":"Point","coordinates":[-101.750012,55.375008]}},{"type":"Feature","id":117,"properties":{"code":"063N06","s":"50k","role":"sheet"},"geometry":{"type":"Polygon","coordinates":[[[-101.500012,55.250008],[-101.000012,55.250008],[-101.000012,55.500009],[-101.500012,55.500009],[-101.500012,55.250008]]]}},{"type":"Feature","id":118,"properties":{"code":"063N06","s":"50k","role":"label"},"geometry":{"type":"Point","coordinates":[-101.250012,55.375008]}},{"type":"Feature","id":119,"properties":{"code":"063N10","s":"50k","role":"sheet"},"geometry":{"type":"Polygon","coordinates":[[[-101.000012,55.500009],[-100.500012,55.500009],[-100.500012,55.750009],[-101.000012,55.750009],[-101.000012,55.500009]]]}},{"type":"Feature","id":120,"properties":{"code":"063N10","s":"50k","role":"label"},"geometry":{"type":"Point","coordinates":[-100.750012,55.625009]}},{"type":"Feature","id":121,"properties":{"code":"063N11","s":"50k","role":"sheet"},"geometry":{"type":"Polygon","coordinates":[[[-101.500013,55.500008],[-101.000012,55.500008],[-101.000012,55.750009],[-101.500013,55.750009],[-101.500013,55.500008]]]}},{"type":"Feature","id":122,"properties":{"code":"063N11","s":"50k","role":"label"},"geometry":{"type":"Point","coordinates":[-101.250012,55.625008]}},{"type":"Feature","id":123,"properties":{"code":"063N12","s":"50k","role":"sheet"},"geometry":{"type":"Polygon","coordinates":[[[-102.000013,55.500008],[-101.500012,55.500008],[-101.500012,55.750008],[-102.000013,55.750008],[-102.000013,55.500008]]]}},{"type":"Feature","id":124,"properties":{"code":"063N12","s":"50k","role":"label"},"geometry":{"type":"Point","coordinates":[-101.750012,55.625008]}},{"type":"Feature","id":125,"properties":{"code":"063N13","s":"50k","role":"sheet"},"geometry":{"type":"Polygon","coordinates":[[[-102.000013,55.750008],[-101.500013,55.750008],[-101.500013,56.000008],[-102.000013,56.000008],[-102.000013,55.750008]]]}},{"type":"Feature","id":126,"properties":{"code":"063N13","s":"50k","role":"label"},"geometry":{"type":"Point","coordinates":[-101.750013,55.875008]}},{"type":"Feature","id":127,"properties":{"code":"063N14","s":"50k","role":"sheet"},"geometry":{"type":"Polygon","coordinates":[[[-101.500013,55.750008],[-101.000012,55.750008],[-101.000012,56.000009],[-101.500013,56.000009],[-101.500013,55.750008]]]}},{"type":"Feature","id":128,"properties":{"code":"063N14","s":"50k","role":"label"},"geometry":{"type":"Point","coordinates":[-101.250012,55.875008]}},{"type":"Feature","id":129,"properties":{"code":"063N15","s":"50k","role":"sheet"},"geometry":{"type":"Polygon","coordinates":[[[-101.000012,55.750009],[-100.500012,55.750009],[-100.500012,56.000009],[-101.000012,56.000009],[-101.000012,55.750009]]]}},{"type":"Feature","id":130,"properties":{"code":"063N15","s":"50k","role":"label"},"geometry":{"type":"Point","coordinates":[-100.750012,55.875009]}},{"type":"Feature","id":131,"properties":{"code":"064C02","s":"50k","role":"sheet"},"geometry":{"type":"Polygon","coordinates":[[[-101.000013,56.000009],[-100.500012,56.000009],[-100.500012,56.250009],[-101.000013,56.250009],[-101.000013,56.000009]]]}},{"type":"Feature","id":132,"properties":{"code":"064C02","s":"50k","role":"label"},"geometry":{"type":"Point","coordinates":[-100.750012,56.125009]}},{"type":"Feature","id":133,"properties":{"code":"064C03","s":"50k","role":"sheet"},"geometry":{"type":"Polygon","coordinates":[[[-101.500013,56.000008],[-101.000012,56.000008],[-101.000012,56.250009],[-101.500013,56.250009],[-101.500013,56.000008]]]}},{"type":"Feature","id":134,"properties":{"code":"064C03","s":"50k","role":"label"},"geometry":{"type":"Point","coordinates":[-101.250012,56.125008]}},{"type":"Feature","id":135,"properties":{"code":"064C04","s":"50k","role":"sheet"},"geometry":{"type":"Polygon","coordinates":[[[-102.000013,56.000008],[-101.500013,56.000008],[-101.500013,56.250009],[-102.000013,56.250009],[-102.000013,56.000008]]]}},{"type":"Feature","id":136,"properties":{"code":"064C04","s":"50k","role":"label"},"geometry":{"type":"Point","coordinates":[-101.750013,56.125008]}},{"type":"Feature","id":137,"properties":{"code":"064C05","s":"50k","role":"sheet"},"geometry":{"type":"Polygon","coordinates":[[[-102.000013,56.250008],[-101.500013,56.250008],[-101.500013,56.500009],[-102.000013,56.500009],[-102.000013,56.250008]]]}},{"type":"Feature","id":138,"properties":{"code":"064C05","s":"50k","role":"label"},"geometry":{"type":"Point","coordinates":[-101.750013,56.375008]}},{"type":"Feature","id":139,"properties":{"code":"064C06","s":"50k","role":"sheet"},"geometry":{"type":"Polygon","coordinates":[[[-101.500013,56.250009],[-101.000013,56.250009],[-101.000013,56.500009],[-101.500013,56.500009],[-101.500013,56.250009]]]}},{"type":"Feature","id":140,"properties":{"code":"064C06","s":"50k","role":"label"},"geometry":{"type":"Point","coordinates":[-101.250013,56.375009]}},{"type":"Feature","id":141,"properties":{"code":"064C07","s":"50k","role":"sheet"},"geometry":{"type":"Polygon","coordinates":[[[-101.000013,56.250009],[-100.500012,56.250009],[-100.500012,56.500009],[-101.000013,56.500009],[-101.000013,56.250009]]]}},{"type":"Feature","id":142,"properties":{"code":"064C07","s":"50k","role":"label"},"geometry":{"type":"Point","coordinates":[-100.750012,56.375009]}},{"type":"Feature","id":143,"properties":{"code":"064C10","s":"50k","role":"sheet"},"geometry":{"type":"Polygon","coordinates":[[[-101.000013,56.500009],[-100.500012,56.500009],[-100.500012,56.750009],[-101.000013,56.750009],[-101.000013,56.500009]]]}},{"type":"Feature","id":144,"properties":{"code":"064C10","s":"50k","role":"label"},"geometry":{"type":"Point","coordinates":[-100.750012,56.625009]}},{"type":"Feature","id":145,"properties":{"code":"064C11","s":"50k","role":"sheet"},"geometry":{"type":"Polygon","coordinates":[[[-101.500013,56.500009],[-101.000013,56.500009],[-101.000013,56.750009],[-101.500013,56.750009],[-101.500013,56.500009]]]}},{"type":"Feature","id":146,"properties":{"code":"064C11","s":"50k","role":"label"},"geometry":{"type":"Point","coordinates":[-101.250013,56.625009]}},{"type":"Feature","id":147,"properties":{"code":"064C12","s":"50k","role":"sheet"},"geometry":{"type":"Polygon","coordinates":[[[-102.000013,56.500008],[-101.500013,56.500008],[-101.500013,56.750009],[-102.000013,56.750009],[-102.000013,56.500008]]]}},{"type":"Feature","id":148,"properties":{"code":"064C12","s":"50k","role":"label"},"geometry":{"type":"Point","coordinates":[-101.750013,56.625008]}},{"type":"Feature","id":149,"properties":{"code":"064C13","s":"50k","role":"sheet"},"geometry":{"type":"Polygon","coordinates":[[[-102.000013,56.750008],[-101.500013,56.750008],[-101.500013,57.000009],[-102.000013,57.000009],[-102.000013,56.750008]]]}},{"type":"Feature","id":150,"properties":{"code":"064C13","s":"50k","role":"label"},"geometry":{"type":"Point","coordinates":[-101.750013,56.875008]}},{"type":"Feature","id":151,"properties":{"code":"064C14","s":"50k","role":"sheet"},"geometry":{"type":"Polygon","coordinates":[[[-101.500013,56.750009],[-101.000013,56.750009],[-101.000013,57.000009],[-101.500013,57.000009],[-101.500013,56.750009]]]}},{"type":"Feature","id":152,"properties":{"code":"064C14","s":"50k","role":"label"},"geometry":{"type":"Point","coordinates":[-101.250013,56.875009]}},{"type":"Feature","id":153,"properties":{"code":"064C15","s":"50k","role":"sheet"},"geometry":{"type":"Polygon","coordinates":[[[-101.000013,56.750009],[-100.500013,56.750009],[-100.500013,57.000009],[-101.000013,57.000009],[-101.000013,56.750009]]]}},{"type":"Feature","id":154,"properties":{"code":"064C15","s":"50k","role":"label"},"geometry":{"type":"Point","coordinates":[-100.750013,56.875009]}},{"type":"Feature","id":155,"properties":{"code":"064D01","s":"50k","role":"sheet"},"geometry":{"type":"Polygon","coordinates":[[[-102.500013,56.000008],[-102.000013,56.000008],[-102.000013,56.250008],[-102.500013,56.250008],[-102.500013,56.000008]]]}},{"type":"Feature","id":156,"properties":{"code":"064D01","s":"50k","role":"label"},"geometry":{"type":"Point","coordinates":[-102.250013,56.125008]}},{"type":"Feature","id":157,"properties":{"code":"064D02","s":"50k","role":"sheet"},"geometry":{"type":"Polygon","coordinates":[[[-103.000013,56.000008],[-102.500013,56.000008],[-102.500013,56.250008],[-103.000013,56.250008],[-103.000013,56.000008]]]}},{"type":"Feature","id":158,"properties":{"code":"064D02","s":"50k","role":"label"},"geometry":{"type":"Point","coordinates":[-102.750013,56.125008]}},{"type":"Feature","id":159,"properties":{"code":"064D03","s":"50k","role":"sheet"},"geometry":{"type":"Polygon","coordinates":[[[-103.500013,56.000008],[-103.000013,56.000008],[-103.000013,56.250008],[-103.500013,56.250008],[-103.500013,56.000008]]]}},{"type":"Feature","id":160,"properties":{"code":"064D03","s":"50k","role":"label"},"geometry":{"type":"Point","coordinates":[-103.250013,56.125008]}},{"type":"Feature","id":161,"properties":{"code":"064D04","s":"50k","role":"sheet"},"geometry":{"type":"Polygon","coordinates":[[[-104.000013,56.000008],[-103.500013,56.000008],[-103.500013,56.250008],[-104.000013,56.250008],[-104.000013,56.000008]]]}},{"type":"Feature","id":162,"properties":{"code":"064D04","s":"50k","role":"label"},"geometry":{"type":"Point","coordinates":[-103.750013,56.125008]}},{"type":"Feature","id":163,"properties":{"code":"064D05","s":"50k","role":"sheet"},"geometry":{"type":"Polygon","coordinates":[[[-104.000014,56.250008],[-103.500013,56.250008],[-103.500013,56.500008],[-104.000014,56.500008],[-104.000014,56.250008]]]}},{"type":"Feature","id":164,"properties":{"code":"064D05","s":"50k","role":"label"},"geometry":{"type":"Point","coordinates":[-103.750013,56.375008]}},{"type":"Feature","id":165,"properties":{"code":"064D06","s":"50k","role":"sheet"},"geometry":{"type":"Polygon","coordinates":[[[-103.500013,56.250008],[-103.000013,56.250008],[-103.000013,56.500008],[-103.500013,56.500008],[-103.500013,56.250008]]]}},{"type":"Feature","id":166,"properties":{"code":"064D06","s":"50k","role":"label"},"geometry":{"type":"Point","coordinates":[-103.250013,56.375008]}},{"type":"Feature","id":167,"properties":{"code":"064D07","s":"50k","role":"sheet"},"geometry":{"type":"Polygon","coordinates":[[[-103.000013,56.250008],[-102.500013,56.250008],[-102.500013,56.500008],[-103.000013,56.500008],[-103.000013,56.250008]]]}},{"type":"Feature","id":168,"properties":{"code":"064D07","s":"50k","role":"label"},"geometry":{"type":"Point","coordinates":[-102.750013,56.375008]}},{"type":"Feature","id":169,"properties":{"code":"064D08","s":"50k","role":"sheet"},"geometry":{"type":"Polygon","coordinates":[[[-102.500013,56.250008],[-102.000013,56.250008],[-102.000013,56.500008],[-102.500013,56.500008],[-102.500013,56.250008]]]}},{"type":"Feature","id":170,"properties":{"code":"064D08","s":"50k","role":"label"},"geometry":{"type":"Point","coordinates":[-102.250013,56.375008]}},{"type":"Feature","id":171,"properties":{"code":"064D09","s":"50k","role":"sheet"},"geometry":{"type":"Polygon","coordinates":[[[-102.500013,56.500008],[-102.000013,56.500008],[-102.000013,56.750008],[-102.500013,56.750008],[-102.500013,56.500008]]]}},{"type":"Feature","id":172,"properties":{"code":"064D09","s":"50k","role":"label"},"geometry":{"type":"Point","coordinates":[-102.250013,56.625008]}},{"type":"Feature","id":173,"properties":{"code":"064D10","s":"50k","role":"sheet"},"geometry":{"type":"Polygon","coordinates":[[[-103.000013,56.500008],[-102.500013,56.500008],[-102.500013,56.750008],[-103.000013,56.750008],[-103.000013,56.500008]]]}},{"type":"Feature","id":174,"properties":{"code":"064D10","s":"50k","role":"label"},"geometry":{"type":"Point","coordinates":[-102.750013,56.625008]}},{"type":"Feature","id":175,"properties":{"code":"064D11","s":"50k","role":"sheet"},"geometry":{"type":"Polygon","coordinates":[[[-103.500013,56.500008],[-103.000013,56.500008],[-103.000013,56.750008],[-103.500013,56.750008],[-103.500013,56.500008]]]}},{"type":"Feature","id":176,"properties":{"code":"064D11","s":"50k","role":"label"},"geometry":{"type":"Point","coordinates":[-103.250013,56.625008]}},{"type":"Feature","id":177,"properties":{"code":"064D12","s":"50k","role":"sheet"},"geometry":{"type":"Polygon","coordinates":[[[-104.000014,56.500008],[-103.500013,56.500008],[-103.500013,56.750008],[-104.000014,56.750008],[-104.000014,56.500008]]]}},{"type":"Feature","id":178,"properties":{"code":"064D12","s":"50k","role":"label"},"geometry":{"type":"Point","coordinates":[-103.750013,56.625008]}},{"type":"Feature","id":179,"properties":{"code":"064D13","s":"50k","role":"sheet"},"geometry":{"type":"Polygon","coordinates":[[[-104.000014,56.750008],[-103.500013,56.750008],[-103.500013,57.000008],[-104.000014,57.000008],[-104.000014,56.750008]]]}},{"type":"Feature","id":180,"properties":{"code":"064D13","s":"50k","role":"label"},"geometry":{"type":"Point","coordinates":[-103.750013,56.875008]}},{"type":"Feature","id":181,"properties":{"code":"064D14","s":"50k","role":"sheet"},"geometry":{"type":"Polygon","coordinates":[[[-103.500014,56.750008],[-103.000013,56.750008],[-103.000013,57.000008],[-103.500014,57.000008],[-103.500014,56.750008]]]}},{"type":"Feature","id":182,"properties":{"code":"064D14","s":"50k","role":"label"},"geometry":{"type":"Point","coordinates":[-103.250013,56.875008]}},{"type":"Feature","id":183,"properties":{"code":"064D15","s":"50k","role":"sheet"},"geometry":{"type":"Polygon","coordinates":[[[-103.000013,56.750008],[-102.500013,56.750008],[-102.500013,57.000008],[-103.000013,57.000008],[-103.000013,56.750008]]]}},{"type":"Feature","id":184,"properties":{"code":"064D15","s":"50k","role":"label"},"geometry":{"type":"Point","coordinates":[-102.750013,56.875008]}},{"type":"Feature","id":185,"properties":{"code":"064D16","s":"50k","role":"sheet"},"geometry":{"type":"Polygon","coordinates":[[[-102.500013,56.750008],[-102.000013,56.750008],[-102.000013,57.000009],[-102.500013,57.000009],[-102.500013,56.750008]]]}},{"type":"Feature","id":186,"properties":{"code":"064D16","s":"50k","role":"label"},"geometry":{"type":"Point","coordinates":[-102.250013,56.875008]}},{"type":"Feature","id":187,"properties":{"code":"064E01","s":"50k","role":"sheet"},"geometry":{"type":"Polygon","coordinates":[[[-102.500013,57.000008],[-102.000013,57.000008],[-102.000013,57.250009],[-102.500013,57.250009],[-102.500013,57.000008]]]}},{"type":"Feature","id":188,"properties":{"code":"064E01","s":"50k","role":"label"},"geometry":{"type":"Point","coordinates":[-102.250013,57.125008]}},{"type":"Feature","id":189,"properties":{"code":"064E02","s":"50k","role":"sheet"},"geometry":{"type":"Polygon","coordinates":[[[-103.000013,57.000008],[-102.500013,57.000008],[-102.500013,57.250008],[-103.000013,57.250008],[-103.000013,57.000008]]]}},{"type":"Feature","id":190,"properties":{"code":"064E02","s":"50k","role":"label"},"geometry":{"type":"Point","coordinates":[-102.750013,57.125008]}},{"type":"Feature","id":191,"properties":{"code":"064E03","s":"50k","role":"sheet"},"geometry":{"type":"Polygon","coordinates":[[[-103.500014,57.000008],[-103.000013,57.000008],[-103.000013,57.250008],[-103.500014,57.250008],[-103.500014,57.000008]]]}},{"type":"Feature","id":192,"properties":{"code":"064E03","s":"50k","role":"label"},"geometry":{"type":"Point","coordinates":[-103.250013,57.125008]}},{"type":"Feature","id":193,"properties":{"code":"064E04","s":"50k","role":"sheet"},"geometry":{"type":"Polygon","coordinates":[[[-104.000014,57.000008],[-103.500014,57.000008],[-103.500014,57.250008],[-104.000014,57.250008],[-104.000014,57.000008]]]}},{"type":"Feature","id":194,"properties":{"code":"064E04","s":"50k","role":"label"},"geometry":{"type":"Point","coordinates":[-103.750014,57.125008]}},{"type":"Feature","id":195,"properties":{"code":"064E05","s":"50k","role":"sheet"},"geometry":{"type":"Polygon","coordinates":[[[-104.000014,57.250008],[-103.500014,57.250008],[-103.500014,57.500008],[-104.000014,57.500008],[-104.000014,57.250008]]]}},{"type":"Feature","id":196,"properties":{"code":"064E05","s":"50k","role":"label"},"geometry":{"type":"Point","coordinates":[-103.750014,57.375008]}},{"type":"Feature","id":197,"properties":{"code":"064E06","s":"50k","role":"sheet"},"geometry":{"type":"Polygon","coordinates":[[[-103.500014,57.250008],[-103.000013,57.250008],[-103.000013,57.500008],[-103.500014,57.500008],[-103.500014,57.250008]]]}},{"type":"Feature","id":198,"properties":{"code":"064E06","s":"50k","role":"label"},"geometry":{"type":"Point","coordinates":[-103.250013,57.375008]}},{"type":"Feature","id":199,"properties":{"code":"064E07","s":"50k","role":"sheet"},"geometry":{"type":"Polygon","coordinates":[[[-103.000014,57.250008],[-102.500013,57.250008],[-102.500013,57.500008],[-103.000014,57.500008],[-103.000014,57.250008]]]}},{"type":"Feature","id":200,"properties":{"code":"064E07","s":"50k","role":"label"},"geometry":{"type":"Point","coordinates":[-102.750013,57.375008]}},{"type":"Feature","id":201,"properties":{"code":"064E08","s":"50k","role":"sheet"},"geometry":{"type":"Polygon","coordinates":[[[-102.500013,57.250008],[-102.000013,57.250008],[-102.000013,57.500009],[-102.500013,57.500009],[-102.500013,57.250008]]]}},{"type":"Feature","id":202,"properties":{"code":"064E08","s":"50k","role":"label"},"geometry":{"type":"Point","coordinates":[-102.250013,57.375008]}},{"type":"Feature","id":203,"properties":{"code":"064E09","s":"50k","role":"sheet"},"geometry":{"type":"Polygon","coordinates":[[[-102.500014,57.500008],[-102.000013,57.500008],[-102.000013,57.750009],[-102.500014,57.750009],[-102.500014,57.500008]]]}},{"type":"Feature","id":204,"properties":{"code":"064E09","s":"50k","role":"label"},"geometry":{"type":"Point","coordinates":[-102.250013,57.625008]}},{"type":"Feature","id":205,"properties":{"code":"064E10","s":"50k","role":"sheet"},"geometry":{"type":"Polygon","coordinates":[[[-103.000014,57.500008],[-102.500013,57.500008],[-102.500013,57.750009],[-103.000014,57.750009],[-103.000014,57.500008]]]}},{"type":"Feature","id":206,"properties":{"code":"064E10","s":"50k","role":"label"},"geometry":{"type":"Point","coordinates":[-102.750013,57.625008]}},{"type":"Feature","id":207,"properties":{"code":"064E11","s":"50k","role":"sheet"},"geometry":{"type":"Polygon","coordinates":[[[-103.500014,57.500008],[-103.000014,57.500008],[-103.000014,57.750008],[-103.500014,57.750008],[-103.500014,57.500008]]]}},{"type":"Feature","id":208,"properties":{"code":"064E11","s":"50k","role":"label"},"geometry":{"type":"Point","coordinates":[-103.250014,57.625008]}},{"type":"Feature","id":209,"properties":{"code":"064E12","s":"50k","role":"sheet"},"geometry":{"type":"Polygon","coordinates":[[[-104.000014,57.500008],[-103.500014,57.500008],[-103.500014,57.750008],[-104.000014,57.750008],[-104.000014,57.500008]]]}},{"type":"Feature","id":210,"properties":{"code":"064E12","s":"50k","role":"label"},"geometry":{"type":"Point","coordinates":[-103.750014,57.625008]}},{"type":"Feature","id":211,"properties":{"code":"064E13","s":"50k","role":"sheet"},"geometry":{"type":"Polygon","coordinates":[[[-104.000014,57.750008],[-103.500014,57.750008],[-103.500014,58.000008],[-104.000014,58.000008],[-104.000014,57.750008]]]}},{"type":"Feature","id":212,"properties":{"code":"064E13","s":"50k","role":"label"},"geometry":{"type":"Point","coordinates":[-103.750014,57.875008]}},{"type":"Feature","id":213,"properties":{"code":"064E14","s":"50k","role":"sheet"},"geometry":{"type":"Polygon","coordinates":[[[-103.500014,57.750008],[-103.000014,57.750008],[-103.000014,58.000008],[-103.500014,58.000008],[-103.500014,57.750008]]]}},{"type":"Feature","id":214,"properties":{"code":"064E14","s":"50k","role":"label"},"geometry":{"type":"Point","coordinates":[-103.250014,57.875008]}},{"type":"Feature","id":215,"properties":{"code":"064E15","s":"50k","role":"sheet"},"geometry":{"type":"Polygon","coordinates":[[[-103.000014,57.750008],[-102.500014,57.750008],[-102.500014,58.000009],[-103.000014,58.000009],[-103.000014,57.750008]]]}},{"type":"Feature","id":216,"properties":{"code":"064E15","s":"50k","role":"label"},"geometry":{"type":"Point","coordinates":[-102.750014,57.875008]}},{"type":"Feature","id":217,"properties":{"code":"064E16","s":"50k","role":"sheet"},"geometry":{"type":"Polygon","coordinates":[[[-102.500014,57.750009],[-102.000013,57.750009],[-102.000013,58.000009],[-102.500014,58.000009],[-102.500014,57.750009]]]}},{"type":"Feature","id":218,"properties":{"code":"064E16","s":"50k","role":"label"},"geometry":{"type":"Point","coordinates":[-102.250013,57.875009]}},{"type":"Feature","id":219,"properties":{"code":"064F02","s":"50k","role":"sheet"},"geometry":{"type":"Polygon","coordinates":[[[-101.000013,57.000009],[-100.500013,57.000009],[-100.500013,57.250009],[-101.000013,57.250009],[-101.000013,57.000009]]]}},{"type":"Feature","id":220,"properties":{"code":"064F02","s":"50k","role":"label"},"geometry":{"type":"Point","coordinates":[-100.750013,57.125009]}},{"type":"Feature","id":221,"properties":{"code":"064F03","s":"50k","role":"sheet"},"geometry":{"type":"Polygon","coordinates":[[[-101.500013,57.000009],[-101.000013,57.000009],[-101.000013,57.250009],[-101.500013,57.250009],[-101.500013,57.000009]]]}},{"type":"Feature","id":222,"properties":{"code":"064F03","s":"50k","role":"label"},"geometry":{"type":"Point","coordinates":[-101.250013,57.125009]}},{"type":"Feature","id":223,"properties":{"code":"064F04","s":"50k","role":"sheet"},"geometry":{"type":"Polygon","coordinates":[[[-102.000013,57.000009],[-101.500013,57.000009],[-101.500013,57.250009],[-102.000013,57.250009],[-102.000013,57.000009]]]}},{"type":"Feature","id":224,"properties":{"code":"064F04","s":"50k","role":"label"},"geometry":{"type":"Point","coordinates":[-101.750013,57.125009]}},{"type":"Feature","id":225,"properties":{"code":"064F05","s":"50k","role":"sheet"},"geometry":{"type":"Polygon","coordinates":[[[-102.000013,57.250009],[-101.500013,57.250009],[-101.500013,57.500009],[-102.000013,57.500009],[-102.000013,57.250009]]]}},{"type":"Feature","id":226,"properties":{"code":"064F05","s":"50k","role":"label"},"geometry":{"type":"Point","coordinates":[-101.750013,57.375009]}},{"type":"Feature","id":227,"properties":{"code":"064F06","s":"50k","role":"sheet"},"geometry":{"type":"Polygon","coordinates":[[[-101.500013,57.250009],[-101.000013,57.250009],[-101.000013,57.500009],[-101.500013,57.500009],[-101.500013,57.250009]]]}},{"type":"Feature","id":228,"properties":{"code":"064F06","s":"50k","role":"label"},"geometry":{"type":"Point","coordinates":[-101.250013,57.375009]}},{"type":"Feature","id":229,"properties":{"code":"064F07","s":"50k","role":"sheet"},"geometry":{"type":"Polygon","coordinates":[[[-101.000013,57.250009],[-100.500013,57.250009],[-100.500013,57.500009],[-101.000013,57.500009],[-101.000013,57.250009]]]}},{"type":"Feature","id":230,"properties":{"code":"064F07","s":"50k","role":"label"},"geometry":{"type":"Point","coordinates":[-100.750013,57.375009]}},{"type":"Feature","id":231,"properties":{"code":"064F11","s":"50k","role":"sheet"},"geometry":{"type":"Polygon","coordinates":[[[-101.500013,57.500009],[-101.000013,57.500009],[-101.000013,57.750009],[-101.500013,57.750009],[-101.500013,57.500009]]]}},{"type":"Feature","id":232,"properties":{"code":"064F11","s":"50k","role":"label"},"geometry":{"type":"Point","coordinates":[-101.250013,57.625009]}},{"type":"Feature","id":233,"properties":{"code":"064F12","s":"50k","role":"sheet"},"geometry":{"type":"Polygon","coordinates":[[[-102.000013,57.500009],[-101.500013,57.500009],[-101.500013,57.750009],[-102.000013,57.750009],[-102.000013,57.500009]]]}},{"type":"Feature","id":234,"properties":{"code":"064F12","s":"50k","role":"label"},"geometry":{"type":"Point","coordinates":[-101.750013,57.625009]}},{"type":"Feature","id":235,"properties":{"code":"064F13","s":"50k","role":"sheet"},"geometry":{"type":"Polygon","coordinates":[[[-102.000013,57.750009],[-101.500013,57.750009],[-101.500013,58.000009],[-102.000013,58.000009],[-102.000013,57.750009]]]}},{"type":"Feature","id":236,"properties":{"code":"064F13","s":"50k","role":"label"},"geometry":{"type":"Point","coordinates":[-101.750013,57.875009]}},{"type":"Feature","id":237,"properties":{"code":"064F14","s":"50k","role":"sheet"},"geometry":{"type":"Polygon","coordinates":[[[-101.500013,57.750009],[-101.000013,57.750009],[-101.000013,58.000009],[-101.500013,58.000009],[-101.500013,57.750009]]]}},{"type":"Feature","id":238,"properties":{"code":"064F14","s":"50k","role":"label"},"geometry":{"type":"Point","coordinates":[-101.250013,57.875009]}},{"type":"Feature","id":239,"properties":{"code":"064K03","s":"50k","role":"sheet"},"geometry":{"type":"Polygon","coordinates":[[[-101.500013,58.000009],[-101.000013,58.000009],[-101.000013,58.250009],[-101.500013,58.250009],[-101.500013,58.000009]]]}},{"type":"Feature","id":240,"properties":{"code":"064K03","s":"50k","role":"label"},"geometry":{"type":"Point","coordinates":[-101.250013,58.125009]}},{"type":"Feature","id":241,"properties":{"code":"064K04","s":"50k","role":"sheet"},"geometry":{"type":"Polygon","coordinates":[[[-102.000014,58.000009],[-101.500013,58.000009],[-101.500013,58.250009],[-102.000014,58.250009],[-102.000014,58.000009]]]}},{"type":"Feature","id":242,"properties":{"code":"064K04","s":"50k","role":"label"},"geometry":{"type":"Point","coordinates":[-101.750013,58.125009]}},{"type":"Feature","id":243,"properties":{"code":"064K05","s":"50k","role":"sheet"},"geometry":{"type":"Polygon","coordinates":[[[-102.000014,58.250009],[-101.500013,58.250009],[-101.500013,58.500009],[-102.000014,58.500009],[-102.000014,58.250009]]]}},{"type":"Feature","id":244,"properties":{"code":"064K05","s":"50k","role":"label"},"geometry":{"type":"Point","coordinates":[-101.750013,58.375009]}},{"type":"Feature","id":245,"properties":{"code":"064K06","s":"50k","role":"sheet"},"geometry":{"type":"Polygon","coordinates":[[[-101.500014,58.250009],[-101.000013,58.250009],[-101.000013,58.500009],[-101.500014,58.500009],[-101.500014,58.250009]]]}},{"type":"Feature","id":246,"properties":{"code":"064K06","s":"50k","role":"label"},"geometry":{"type":"Point","coordinates":[-101.250013,58.375009]}},{"type":"Feature","id":247,"properties":{"code":"064K11","s":"50k","role":"sheet"},"geometry":{"type":"Polygon","coordinates":[[[-101.500014,58.500009],[-101.000013,58.500009],[-101.000013,58.750009],[-101.500014,58.750009],[-101.500014,58.500009]]]}},{"type":"Feature","id":248,"properties":{"code":"064K11","s":"50k","role":"label"},"geometry":{"type":"Point","coordinates":[-101.250013,58.625009]}},{"type":"Feature","id":249,"properties":{"code":"064K12","s":"50k","role":"sheet"},"geometry":{"type":"Polygon","coordinates":[[[-102.000014,58.500009],[-101.500014,58.500009],[-101.500014,58.750009],[-102.000014,58.750009],[-102.000014,58.500009]]]}},{"type":"Feature","id":250,"properties":{"code":"064K12","s":"50k","role":"label"},"geometry":{"type":"Point","coordinates":[-101.750014,58.625009]}},{"type":"Feature","id":251,"properties":{"code":"064K13","s":"50k","role":"sheet"},"geometry":{"type":"Polygon","coordinates":[[[-102.000014,58.750009],[-101.500014,58.750009],[-101.500014,59.000009],[-102.000014,59.000009],[-102.000014,58.750009]]]}},{"type":"Feature","id":252,"properties":{"code":"064K13","s":"50k","role":"label"},"geometry":{"type":"Point","coordinates":[-101.750014,58.875009]}},{"type":"Feature","id":253,"properties":{"code":"064K14","s":"50k","role":"sheet"},"geometry":{"type":"Polygon","coordinates":[[[-101.500014,58.750009],[-101.000013,58.750009],[-101.000013,59.000009],[-101.500014,59.000009],[-101.500014,58.750009]]]}},{"type":"Feature","id":254,"properties":{"code":"064K14","s":"50k","role":"label"},"geometry":{"type":"Point","coordinates":[-101.250013,58.875009]}},{"type":"Feature","id":255,"properties":{"code":"064L01","s":"50k","role":"sheet"},"geometry":{"type":"Polygon","coordinates":[[[-102.500014,58.000009],[-102.000013,58.000009],[-102.000013,58.250009],[-102.500014,58.250009],[-102.500014,58.000009]]]}},{"type":"Feature","id":256,"properties":{"code":"064L01","s":"50k","role":"label"},"geometry":{"type":"Point","coordinates":[-102.250013,58.125009]}},{"type":"Feature","id":257,"properties":{"code":"064L02","s":"50k","role":"sheet"},"geometry":{"type":"Polygon","coordinates":[[[-103.000014,58.000008],[-102.500014,58.000008],[-102.500014,58.250009],[-103.000014,58.250009],[-103.000014,58.000008]]]}},{"type":"Feature","id":258,"properties":{"code":"064L02","s":"50k","role":"label"},"geometry":{"type":"Point","coordinates":[-102.750014,58.125008]}},{"type":"Feature","id":259,"properties":{"code":"064L03","s":"50k","role":"sheet"},"geometry":{"type":"Polygon","coordinates":[[[-103.500014,58.000008],[-103.000014,58.000008],[-103.000014,58.250008],[-103.500014,58.250008],[-103.500014,58.000008]]]}},{"type":"Feature","id":260,"properties":{"code":"064L03","s":"50k","role":"label"},"geometry":{"type":"Point","coordinates":[-103.250014,58.125008]}},{"type":"Feature","id":261,"properties":{"code":"064L04","s":"50k","role":"sheet"},"geometry":{"type":"Polygon","coordinates":[[[-104.000014,58.000008],[-103.500014,58.000008],[-103.500014,58.250008],[-104.000014,58.250008],[-104.000014,58.000008]]]}},{"type":"Feature","id":262,"properties":{"code":"064L04","s":"50k","role":"label"},"geometry":{"type":"Point","coordinates":[-103.750014,58.125008]}},{"type":"Feature","id":263,"properties":{"code":"064L05","s":"50k","role":"sheet"},"geometry":{"type":"Polygon","coordinates":[[[-104.000014,58.250008],[-103.500014,58.250008],[-103.500014,58.500008],[-104.000014,58.500008],[-104.000014,58.250008]]]}},{"type":"Feature","id":264,"properties":{"code":"064L05","s":"50k","role":"label"},"geometry":{"type":"Point","coordinates":[-103.750014,58.375008]}},{"type":"Feature","id":265,"properties":{"code":"064L06","s":"50k","role":"sheet"},"geometry":{"type":"Polygon","coordinates":[[[-103.500014,58.250008],[-103.000014,58.250008],[-103.000014,58.500009],[-103.500014,58.500009],[-103.500014,58.250008]]]}},{"type":"Feature","id":266,"properties":{"code":"064L06","s":"50k","role":"label"},"geometry":{"type":"Point","coordinates":[-103.250014,58.375008]}},{"type":"Feature","id":267,"properties":{"code":"064L07","s":"50k","role":"sheet"},"geometry":{"type":"Polygon","coordinates":[[[-103.000014,58.250008],[-102.500014,58.250008],[-102.500014,58.500009],[-103.000014,58.500009],[-103.000014,58.250008]]]}},{"type":"Feature","id":268,"properties":{"code":"064L07","s":"50k","role":"label"},"geometry":{"type":"Point","coordinates":[-102.750014,58.375008]}},{"type":"Feature","id":269,"properties":{"code":"064L08","s":"50k","role":"sheet"},"geometry":{"type":"Polygon","coordinates":[[[-102.500014,58.250009],[-102.000014,58.250009],[-102.000014,58.500009],[-102.500014,58.500009],[-102.500014,58.250009]]]}},{"type":"Feature","id":270,"properties":{"code":"064L08","s":"50k","role":"label"},"geometry":{"type":"Point","coordinates":[-102.250014,58.375009]}},{"type":"Feature","id":271,"properties":{"code":"064L09","s":"50k","role":"sheet"},"geometry":{"type":"Polygon","coordinates":[[[-102.500014,58.500009],[-102.000014,58.500009],[-102.000014,58.750009],[-102.500014,58.750009],[-102.500014,58.500009]]]}},{"type":"Feature","id":272,"properties":{"code":"064L09","s":"50k","role":"label"},"geometry":{"type":"Point","coordinates":[-102.250014,58.625009]}},{"type":"Feature","id":273,"properties":{"code":"064L10","s":"50k","role":"sheet"},"geometry":{"type":"Polygon","coordinates":[[[-103.000014,58.500009],[-102.500014,58.500009],[-102.500014,58.750009],[-103.000014,58.750009],[-103.000014,58.500009]]]}},{"type":"Feature","id":274,"properties":{"code":"064L10","s":"50k","role":"label"},"geometry":{"type":"Point","coordinates":[-102.750014,58.625009]}},{"type":"Feature","id":275,"properties":{"code":"064L11","s":"50k","role":"sheet"},"geometry":{"type":"Polygon","coordinates":[[[-103.500014,58.500008],[-103.000014,58.500008],[-103.000014,58.750009],[-103.500014,58.750009],[-103.500014,58.500008]]]}},{"type":"Feature","id":276,"properties":{"code":"064L11","s":"50k","role":"label"},"geometry":{"type":"Point","coordinates":[-103.250014,58.625008]}},{"type":"Feature","id":277,"properties":{"code":"064L12","s":"50k","role":"sheet"},"geometry":{"type":"Polygon","coordinates":[[[-104.000014,58.500008],[-103.500014,58.500008],[-103.500014,58.750008],[-104.000014,58.750008],[-104.000014,58.500008]]]}},{"type":"Feature","id":278,"properties":{"code":"064L12","s":"50k","role":"label"},"geometry":{"type":"Point","coordinates":[-103.750014,58.625008]}},{"type":"Feature","id":279,"properties":{"code":"064L13","s":"50k","role":"sheet"},"geometry":{"type":"Polygon","coordinates":[[[-104.000015,58.750008],[-103.500014,58.750008],[-103.500014,59.000008],[-104.000015,59.000008],[-104.000015,58.750008]]]}},{"type":"Feature","id":280,"properties":{"code":"064L13","s":"50k","role":"label"},"geometry":{"type":"Point","coordinates":[-103.750014,58.875008]}},{"type":"Feature","id":281,"properties":{"code":"064L14","s":"50k","role":"sheet"},"geometry":{"type":"Polygon","coordinates":[[[-103.500014,58.750008],[-103.000014,58.750008],[-103.000014,59.000009],[-103.500014,59.000009],[-103.500014,58.750008]]]}},{"type":"Feature","id":282,"properties":{"code":"064L14","s":"50k","role":"label"},"geometry":{"type":"Point","coordinates":[-103.250014,58.875008]}},{"type":"Feature","id":283,"properties":{"code":"064L15","s":"50k","role":"sheet"},"geometry":{"type":"Polygon","coordinates":[[[-103.000014,58.750009],[-102.500014,58.750009],[-102.500014,59.000009],[-103.000014,59.000009],[-103.000014,58.750009]]]}},{"type":"Feature","id":284,"properties":{"code":"064L15","s":"50k","role":"label"},"geometry":{"type":"Point","coordinates":[-102.750014,58.875009]}},{"type":"Feature","id":285,"properties":{"code":"064L16","s":"50k","role":"sheet"},"geometry":{"type":"Polygon","coordinates":[[[-102.500014,58.750009],[-102.000014,58.750009],[-102.000014,59.000009],[-102.500014,59.000009],[-102.500014,58.750009]]]}},{"type":"Feature","id":286,"properties":{"code":"064L16","s":"50k","role":"label"},"geometry":{"type":"Point","coordinates":[-102.250014,58.875009]}},{"type":"Feature","id":287,"properties":{"code":"064M01","s":"50k","role":"sheet"},"geometry":{"type":"Polygon","coordinates":[[[-102.500014,59.000009],[-102.000014,59.000009],[-102.000014,59.250009],[-102.500014,59.250009],[-102.500014,59.000009]]]}},{"type":"Feature","id":288,"properties":{"code":"064M01","s":"50k","role":"label"},"geometry":{"type":"Point","coordinates":[-102.250014,59.125009]}},{"type":"Feature","id":289,"properties":{"code":"064M02","s":"50k","role":"sheet"},"geometry":{"type":"Polygon","coordinates":[[[-103.000014,59.000009],[-102.500014,59.000009],[-102.500014,59.250009],[-103.000014,59.250009],[-103.000014,59.000009]]]}},{"type":"Feature","id":290,"properties":{"code":"064M02","s":"50k","role":"label"},"geometry":{"type":"Point","coordinates":[-102.750014,59.125009]}},{"type":"Feature","id":291,"properties":{"code":"064M03","s":"50k","role":"sheet"},"geometry":{"type":"Polygon","coordinates":[[[-103.500014,59.000008],[-103.000014,59.000008],[-103.000014,59.250009],[-103.500014,59.250009],[-103.500014,59.000008]]]}},{"type":"Feature","id":292,"properties":{"code":"064M03","s":"50k","role":"label"},"geometry":{"type":"Point","coordinates":[-103.250014,59.125008]}},{"type":"Feature","id":293,"properties":{"code":"064M04","s":"50k","role":"sheet"},"geometry":{"type":"Polygon","coordinates":[[[-104.000015,59.000008],[-103.500014,59.000008],[-103.500014,59.250008],[-104.000015,59.250008],[-104.000015,59.000008]]]}},{"type":"Feature","id":294,"properties":{"code":"064M04","s":"50k","role":"label"},"geometry":{"type":"Point","coordinates":[-103.750014,59.125008]}},{"type":"Feature","id":295,"properties":{"code":"064M05","s":"50k","role":"sheet"},"geometry":{"type":"Polygon","coordinates":[[[-104.000015,59.250008],[-103.500014,59.250008],[-103.500014,59.500009],[-104.000015,59.500009],[-104.000015,59.250008]]]}},{"type":"Feature","id":296,"properties":{"code":"064M05","s":"50k","role":"label"},"geometry":{"type":"Point","coordinates":[-103.750014,59.375008]}},{"type":"Feature","id":297,"properties":{"code":"064M06","s":"50k","role":"sheet"},"geometry":{"type":"Polygon","coordinates":[[[-103.500015,59.250008],[-103.000014,59.250008],[-103.000014,59.500009],[-103.500015,59.500009],[-103.500015,59.250008]]]}},{"type":"Feature","id":298,"properties":{"code":"064M06","s":"50k","role":"label"},"geometry":{"type":"Point","coordinates":[-103.250014,59.375008]}},{"type":"Feature","id":299,"properties":{"code":"064M07","s":"50k","role":"sheet"},"geometry":{"type":"Polygon","coordinates":[[[-103.000014,59.250009],[-102.500014,59.250009],[-102.500014,59.500009],[-103.000014,59.500009],[-103.000014,59.250009]]]}},{"type":"Feature","id":300,"properties":{"code":"064M07","s":"50k","role":"label"},"geometry":{"type":"Point","coordinates":[-102.750014,59.375009]}},{"type":"Feature","id":301,"properties":{"code":"064M08","s":"50k","role":"sheet"},"geometry":{"type":"Polygon","coordinates":[[[-102.500014,59.250009],[-102.000014,59.250009],[-102.000014,59.500009],[-102.500014,59.500009],[-102.500014,59.250009]]]}},{"type":"Feature","id":302,"properties":{"code":"064M08","s":"50k","role":"label"},"geometry":{"type":"Point","coordinates":[-102.250014,59.375009]}},{"type":"Feature","id":303,"properties":{"code":"064M09","s":"50k","role":"sheet"},"geometry":{"type":"Polygon","coordinates":[[[-102.500014,59.500009],[-102.000014,59.500009],[-102.000014,59.750009],[-102.500014,59.750009],[-102.500014,59.500009]]]}},{"type":"Feature","id":304,"properties":{"code":"064M09","s":"50k","role":"label"},"geometry":{"type":"Point","coordinates":[-102.250014,59.625009]}},{"type":"Feature","id":305,"properties":{"code":"064M10","s":"50k","role":"sheet"},"geometry":{"type":"Polygon","coordinates":[[[-103.000015,59.500009],[-102.500014,59.500009],[-102.500014,59.750009],[-103.000015,59.750009],[-103.000015,59.500009]]]}},{"type":"Feature","id":306,"properties":{"code":"064M10","s":"50k","role":"label"},"geometry":{"type":"Point","coordinates":[-102.750014,59.625009]}},{"type":"Feature","id":307,"properties":{"code":"064M11","s":"50k","role":"sheet"},"geometry":{"type":"Polygon","coordinates":[[[-103.500015,59.500009],[-103.000014,59.500009],[-103.000014,59.750009],[-103.500015,59.750009],[-103.500015,59.500009]]]}},{"type":"Feature","id":308,"properties":{"code":"064M11","s":"50k","role":"label"},"geometry":{"type":"Point","coordinates":[-103.250014,59.625009]}},{"type":"Feature","id":309,"properties":{"code":"064M12","s":"50k","role":"sheet"},"geometry":{"type":"Polygon","coordinates":[[[-104.000015,59.500008],[-103.500015,59.500008],[-103.500015,59.750009],[-104.000015,59.750009],[-104.000015,59.500008]]]}},{"type":"Feature","id":310,"properties":{"code":"064M12","s":"50k","role":"label"},"geometry":{"type":"Point","coordinates":[-103.750015,59.625008]}},{"type":"Feature","id":311,"properties":{"code":"064M13","s":"50k","role":"sheet"},"geometry":{"type":"Polygon","coordinates":[[[-104.000015,59.750008],[-103.500015,59.750008],[-103.500015,60.000009],[-104.000015,60.000009],[-104.000015,59.750008]]]}},{"type":"Feature","id":312,"properties":{"code":"064M13","s":"50k","role":"label"},"geometry":{"type":"Point","coordinates":[-103.750015,59.875008]}},{"type":"Feature","id":313,"properties":{"code":"064M14","s":"50k","role":"sheet"},"geometry":{"type":"Polygon","coordinates":[[[-103.500015,59.750009],[-103.000015,59.750009],[-103.000015,60.000009],[-103.500015,60.000009],[-103.500015,59.750009]]]}},{"type":"Feature","id":314,"properties":{"code":"064M14","s":"50k","role":"label"},"geometry":{"type":"Point","coordinates":[-103.250015,59.875009]}},{"type":"Feature","id":315,"properties":{"code":"064M15","s":"50k","role":"sheet"},"geometry":{"type":"Polygon","coordinates":[[[-103.000015,59.750009],[-102.500014,59.750009],[-102.500014,60.000009],[-103.000015,60.000009],[-103.000015,59.750009]]]}},{"type":"Feature","id":316,"properties":{"code":"064M15","s":"50k","role":"label"},"geometry":{"type":"Point","coordinates":[-102.750014,59.875009]}},{"type":"Feature","id":317,"properties":{"code":"064M16","s":"50k","role":"sheet"},"geometry":{"type":"Polygon","coordinates":[[[-102.500014,59.750009],[-102.000014,59.750009],[-102.000014,60.000009],[-102.500014,60.000009],[-102.500014,59.750009]]]}},{"type":"Feature","id":318,"properties":{"code":"064M16","s":"50k","role":"label"},"geometry":{"type":"Point","coordinates":[-102.250014,59.875009]}},{"type":"Feature","id":319,"properties":{"code":"064N03","s":"50k","role":"sheet"},"geometry":{"type":"Polygon","coordinates":[[[-101.500014,59.000009],[-101.000014,59.000009],[-101.000014,59.250009],[-101.500014,59.250009],[-101.500014,59.000009]]]}},{"type":"Feature","id":320,"properties":{"code":"064N03","s":"50k","role":"label"},"geometry":{"type":"Point","coordinates":[-101.250014,59.125009]}},{"type":"Feature","id":321,"properties":{"code":"064N04","s":"50k","role":"sheet"},"geometry":{"type":"Polygon","coordinates":[[[-102.000014,59.000009],[-101.500014,59.000009],[-101.500014,59.250009],[-102.000014,59.250009],[-102.000014,59.000009]]]}},{"type":"Feature","id":322,"properties":{"code":"064N04","s":"50k","role":"label"},"geometry":{"type":"Point","coordinates":[-101.750014,59.125009]}},{"type":"Feature","id":323,"properties":{"code":"064N05","s":"50k","role":"sheet"},"geometry":{"type":"Polygon","coordinates":[[[-102.000014,59.250009],[-101.500014,59.250009],[-101.500014,59.500009],[-102.000014,59.500009],[-102.000014,59.250009]]]}},{"type":"Feature","id":324,"properties":{"code":"064N05","s":"50k","role":"label"},"geometry":{"type":"Point","coordinates":[-101.750014,59.375009]}},{"type":"Feature","id":325,"properties":{"code":"064N06","s":"50k","role":"sheet"},"geometry":{"type":"Polygon","coordinates":[[[-101.500014,59.250009],[-101.000014,59.250009],[-101.000014,59.500009],[-101.500014,59.500009],[-101.500014,59.250009]]]}},{"type":"Feature","id":326,"properties":{"code":"064N06","s":"50k","role":"label"},"geometry":{"type":"Point","coordinates":[-101.250014,59.375009]}},{"type":"Feature","id":327,"properties":{"code":"064N11","s":"50k","role":"sheet"},"geometry":{"type":"Polygon","coordinates":[[[-101.500014,59.500009],[-101.000014,59.500009],[-101.000014,59.750009],[-101.500014,59.750009],[-101.500014,59.500009]]]}},{"type":"Feature","id":328,"properties":{"code":"064N11","s":"50k","role":"label"},"geometry":{"type":"Point","coordinates":[-101.250014,59.625009]}},{"type":"Feature","id":329,"properties":{"code":"064N12","s":"50k","role":"sheet"},"geometry":{"type":"Polygon","coordinates":[[[-102.000014,59.500009],[-101.500014,59.500009],[-101.500014,59.750009],[-102.000014,59.750009],[-102.000014,59.500009]]]}},{"type":"Feature","id":330,"properties":{"code":"064N12","s":"50k","role":"label"},"geometry":{"type":"Point","coordinates":[-101.750014,59.625009]}},{"type":"Feature","id":331,"properties":{"code":"064N13","s":"50k","role":"sheet"},"geometry":{"type":"Polygon","coordinates":[[[-102.000014,59.750009],[-101.500014,59.750009],[-101.500014,60.000009],[-102.000014,60.000009],[-102.000014,59.750009]]]}},{"type":"Feature","id":332,"properties":{"code":"064N13","s":"50k","role":"label"},"geometry":{"type":"Point","coordinates":[-101.750014,59.875009]}},{"type":"Feature","id":333,"properties":{"code":"064N14","s":"50k","role":"sheet"},"geometry":{"type":"Polygon","coordinates":[[[-101.500014,59.750009],[-101.000014,59.750009],[-101.000014,60.000009],[-101.500014,60.000009],[-101.500014,59.750009]]]}},{"type":"Feature","id":334,"properties":{"code":"064N14","s":"50k","role":"label"},"geometry":{"type":"Point","coordinates":[-101.250014,59.875009]}},{"type":"Feature","id":335,"properties":{"code":"065C03","s":"50k","role":"sheet"},"geometry":{"type":"Polygon","coordinates":[[[-101.500014,60.000009],[-101.000014,60.000009],[-101.000014,60.250009],[-101.500014,60.250009],[-101.500014,60.000009]]]}},{"type":"Feature","id":336,"properties":{"code":"065C03","s":"50k","role":"label"},"geometry":{"type":"Point","coordinates":[-101.250014,60.125009]}},{"type":"Feature","id":337,"properties":{"code":"065C04","s":"50k","role":"sheet"},"geometry":{"type":"Polygon","coordinates":[[[-102.000014,60.000009],[-101.500014,60.000009],[-101.500014,60.250009],[-102.000014,60.250009],[-102.000014,60.000009]]]}},{"type":"Feature","id":338,"properties":{"code":"065C04","s":"50k","role":"label"},"geometry":{"type":"Point","coordinates":[-101.750014,60.125009]}},{"type":"Feature","id":339,"properties":{"code":"065C05","s":"50k","role":"sheet"},"geometry":{"type":"Polygon","coordinates":[[[-102.000015,60.250009],[-101.500014,60.250009],[-101.500014,60.500009],[-102.000015,60.500009],[-102.000015,60.250009]]]}},{"type":"Feature","id":340,"properties":{"code":"065C05","s":"50k","role":"label"},"geometry":{"type":"Point","coordinates":[-101.750014,60.375009]}},{"type":"Feature","id":341,"properties":{"code":"065C12","s":"50k","role":"sheet"},"geometry":{"type":"Polygon","coordinates":[[[-102.000015,60.500009],[-101.500014,60.500009],[-101.500014,60.750009],[-102.000015,60.750009],[-102.000015,60.500009]]]}},{"type":"Feature","id":342,"properties":{"code":"065C12","s":"50k","role":"label"},"geometry":{"type":"Point","coordinates":[-101.750014,60.625009]}},{"type":"Feature","id":343,"properties":{"code":"065C13","s":"50k","role":"sheet"},"geometry":{"type":"Polygon","coordinates":[[[-102.000015,60.750009],[-101.500015,60.750009],[-101.500015,61.000009],[-102.000015,61.000009],[-102.000015,60.750009]]]}},{"type":"Feature","id":344,"properties":{"code":"065C13","s":"50k","role":"label"},"geometry":{"type":"Point","coordinates":[-101.750015,60.875009]}},{"type":"Feature","id":345,"properties":{"code":"065D01","s":"50k","role":"sheet"},"geometry":{"type":"Polygon","coordinates":[[[-102.500015,60.000009],[-102.000014,60.000009],[-102.000014,60.250009],[-102.500015,60.250009],[-102.500015,60.000009]]]}},{"type":"Feature","id":346,"properties":{"code":"065D01","s":"50k","role":"label"},"geometry":{"type":"Point","coordinates":[-102.250014,60.125009]}},{"type":"Feature","id":347,"properties":{"code":"065D02","s":"50k","role":"sheet"},"geometry":{"type":"Polygon","coordinates":[[[-103.000015,60.000009],[-102.500014,60.000009],[-102.500014,60.250009],[-103.000015,60.250009],[-103.000015,60.000009]]]}},{"type":"Feature","id":348,"properties":{"code":"065D02","s":"50k","role":"label"},"geometry":{"type":"Point","coordinates":[-102.750014,60.125009]}},{"type":"Feature","id":349,"properties":{"code":"065D03","s":"50k","role":"sheet"},"geometry":{"type":"Polygon","coordinates":[[[-103.500015,60.000009],[-103.000015,60.000009],[-103.000015,60.250009],[-103.500015,60.250009],[-103.500015,60.000009]]]}},{"type":"Feature","id":350,"properties":{"code":"065D03","s":"50k","role":"label"},"geometry":{"type":"Point","coordinates":[-103.250015,60.125009]}},{"type":"Feature","id":351,"properties":{"code":"065D04","s":"50k","role":"sheet"},"geometry":{"type":"Polygon","coordinates":[[[-104.000015,60.000008],[-103.500015,60.000008],[-103.500015,60.250009],[-104.000015,60.250009],[-104.000015,60.000008]]]}},{"type":"Feature","id":352,"properties":{"code":"065D04","s":"50k","role":"label"},"geometry":{"type":"Point","coordinates":[-103.750015,60.125008]}},{"type":"Feature","id":353,"properties":{"code":"065D05","s":"50k","role":"sheet"},"geometry":{"type":"Polygon","coordinates":[[[-104.000015,60.250008],[-103.500015,60.250008],[-103.500015,60.500009],[-104.000015,60.500009],[-104.000015,60.250008]]]}},{"type":"Feature","id":354,"properties":{"code":"065D05","s":"50k","role":"label"},"geometry":{"type":"Point","coordinates":[-103.750015,60.375008]}},{"type":"Feature","id":355,"properties":{"code":"065D06","s":"50k","role":"sheet"},"geometry":{"type":"Polygon","coordinates":[[[-103.500015,60.250009],[-103.000015,60.250009],[-103.000015,60.500009],[-103.500015,60.500009],[-103.500015,60.250009]]]}},{"type":"Feature","id":356,"properties":{"code":"065D06","s":"50k","role":"label"},"geometry":{"type":"Point","coordinates":[-103.250015,60.375009]}},{"type":"Feature","id":357,"properties":{"code":"065D07","s":"50k","role":"sheet"},"geometry":{"type":"Polygon","coordinates":[[[-103.000015,60.250009],[-102.500015,60.250009],[-102.500015,60.500009],[-103.000015,60.500009],[-103.000015,60.250009]]]}},{"type":"Feature","id":358,"properties":{"code":"065D07","s":"50k","role":"label"},"geometry":{"type":"Point","coordinates":[-102.750015,60.375009]}},{"type":"Feature","id":359,"properties":{"code":"065D08","s":"50k","role":"sheet"},"geometry":{"type":"Polygon","coordinates":[[[-102.500015,60.250009],[-102.000014,60.250009],[-102.000014,60.500009],[-102.500015,60.500009],[-102.500015,60.250009]]]}},{"type":"Feature","id":360,"properties":{"code":"065D08","s":"50k","role":"label"},"geometry":{"type":"Point","coordinates":[-102.250014,60.375009]}},{"type":"Feature","id":361,"properties":{"code":"065D09","s":"50k","role":"sheet"},"geometry":{"type":"Polygon","coordinates":[[[-102.500015,60.500009],[-102.000015,60.500009],[-102.000015,60.750009],[-102.500015,60.750009],[-102.500015,60.500009]]]}},{"type":"Feature","id":362,"properties":{"code":"065D09","s":"50k","role":"label"},"geometry":{"type":"Point","coordinates":[-102.250015,60.625009]}},{"type":"Feature","id":363,"properties":{"code":"065D10","s":"50k","role":"sheet"},"geometry":{"type":"Polygon","coordinates":[[[-103.000015,60.500009],[-102.500015,60.500009],[-102.500015,60.750009],[-103.000015,60.750009],[-103.000015,60.500009]]]}},{"type":"Feature","id":364,"properties":{"code":"065D10","s":"50k","role":"label"},"geometry":{"type":"Point","coordinates":[-102.750015,60.625009]}},{"type":"Feature","id":365,"properties":{"code":"065D11","s":"50k","role":"sheet"},"geometry":{"type":"Polygon","coordinates":[[[-103.500015,60.500009],[-103.000015,60.500009],[-103.000015,60.750009],[-103.500015,60.750009],[-103.500015,60.500009]]]}},{"type":"Feature","id":366,"properties":{"code":"065D11","s":"50k","role":"label"},"geometry":{"type":"Point","coordinates":[-103.250015,60.625009]}},{"type":"Feature","id":367,"properties":{"code":"065D12","s":"50k","role":"sheet"},"geometry":{"type":"Polygon","coordinates":[[[-104.000015,60.500009],[-103.500015,60.500009],[-103.500015,60.750009],[-104.000015,60.750009],[-104.000015,60.500009]]]}},{"type":"Feature","id":368,"properties":{"code":"065D12","s":"50k","role":"label"},"geometry":{"type":"Point","coordinates":[-103.750015,60.625009]}},{"type":"Feature","id":369,"properties":{"code":"065D13","s":"50k","role":"sheet"},"geometry":{"type":"Polygon","coordinates":[[[-104.000015,60.750009],[-103.500015,60.750009],[-103.500015,61.000009],[-104.000015,61.000009],[-104.000015,60.750009]]]}},{"type":"Feature","id":370,"properties":{"code":"065D13","s":"50k","role":"label"},"geometry":{"type":"Point","coordinates":[-103.750015,60.875009]}},{"type":"Feature","id":371,"properties":{"code":"065D14","s":"50k","role":"sheet"},"geometry":{"type":"Polygon","coordinates":[[[-103.500015,60.750009],[-103.000015,60.750009],[-103.000015,61.000009],[-103.500015,61.000009],[-103.500015,60.750009]]]}},{"type":"Feature","id":372,"properties":{"code":"065D14","s":"50k","role":"label"},"geometry":{"type":"Point","coordinates":[-103.250015,60.875009]}},{"type":"Feature","id":373,"properties":{"code":"065D15","s":"50k","role":"sheet"},"geometry":{"type":"Polygon","coordinates":[[[-103.000015,60.750009],[-102.500015,60.750009],[-102.500015,61.000009],[-103.000015,61.000009],[-103.000015,60.750009]]]}},{"type":"Feature","id":374,"properties":{"code":"065D15","s":"50k","role":"label"},"geometry":{"type":"Point","coordinates":[-102.750015,60.875009]}},{"type":"Feature","id":375,"properties":{"code":"065D16","s":"50k","role":"sheet"},"geometry":{"type":"Polygon","coordinates":[[[-102.500015,60.750009],[-102.000015,60.750009],[-102.000015,61.000009],[-102.500015,61.000009],[-102.500015,60.750009]]]}},{"type":"Feature","id":376,"properties":{"code":"065D16","s":"50k","role":"label"},"geometry":{"type":"Point","coordinates":[-102.250015,60.875009]}},{"type":"Feature","id":377,"properties":{"code":"073J13","s":"50k","role":"sheet"},"geometry":{"type":"Polygon","coordinates":[[[-108.000014,54.750008],[-107.500014,54.750008],[-107.500014,55.000008],[-108.000014,55.000008],[-108.000014,54.750008]]]}},{"type":"Feature","id":378,"properties":{"code":"073J13","s":"50k","role":"label"},"geometry":{"type":"Point","coordinates":[-107.750014,54.875008]}},{"type":"Feature","id":379,"properties":{"code":"073J14","s":"50k","role":"sheet"},"geometry":{"type":"Polygon","coordinates":[[[-107.500014,54.750008],[-107.000014,54.750008],[-107.000014,55.000008],[-107.500014,55.000008],[-107.500014,54.750008]]]}},{"type":"Feature","id":380,"properties":{"code":"073J14","s":"50k","role":"label"},"geometry":{"type":"Point","coordinates":[-107.250014,54.875008]}},{"type":"Feature","id":381,"properties":{"code":"073K11","s":"50k","role":"sheet"},"geometry":{"type":"Polygon","coordinates":[[[-109.500014,54.500007],[-109.000014,54.500007],[-109.000014,54.750008],[-109.500014,54.750008],[-109.500014,54.500007]]]}},{"type":"Feature","id":382,"properties":{"code":"073K11","s":"50k","role":"label"},"geometry":{"type":"Point","coordinates":[-109.250014,54.625007]}},{"type":"Feature","id":383,"properties":{"code":"073K12","s":"50k","role":"sheet"},"geometry":{"type":"Polygon","coordinates":[[[-110.000014,54.500007],[-109.500014,54.500007],[-109.500014,54.750008],[-110.000014,54.750008],[-110.000014,54.500007]]]}},{"type":"Feature","id":384,"properties":{"code":"073K12","s":"50k","role":"label"},"geometry":{"type":"Point","coordinates":[-109.750014,54.625007]}},{"type":"Feature","id":385,"properties":{"code":"073K13","s":"50k","role":"sheet"},"geometry":{"type":"Polygon","coordinates":[[[-110.000015,54.750007],[-109.500014,54.750007],[-109.500014,55.000008],[-110.000015,55.000008],[-110.000015,54.750007]]]}},{"type":"Feature","id":386,"properties":{"code":"073K13","s":"50k","role":"label"},"geometry":{"type":"Point","coordinates":[-109.750014,54.875007]}},{"type":"Feature","id":387,"properties":{"code":"073K14","s":"50k","role":"sheet"},"geometry":{"type":"Polygon","coordinates":[[[-109.500014,54.750008],[-109.000014,54.750008],[-109.000014,55.000008],[-109.500014,55.000008],[-109.500014,54.750008]]]}},{"type":"Feature","id":388,"properties":{"code":"073K14","s":"50k","role":"label"},"geometry":{"type":"Point","coordinates":[-109.250014,54.875008]}},{"type":"Feature","id":389,"properties":{"code":"073K15","s":"50k","role":"sheet"},"geometry":{"type":"Polygon","coordinates":[[[-109.000014,54.750008],[-108.500014,54.750008],[-108.500014,55.000008],[-109.000014,55.000008],[-109.000014,54.750008]]]}},{"type":"Feature","id":390,"properties":{"code":"073K15","s":"50k","role":"label"},"geometry":{"type":"Point","coordinates":[-108.750014,54.875008]}},{"type":"Feature","id":391,"properties":{"code":"073K16","s":"50k","role":"sheet"},"geometry":{"type":"Polygon","coordinates":[[[-108.500014,54.750008],[-108.000014,54.750008],[-108.000014,55.000008],[-108.500014,55.000008],[-108.500014,54.750008]]]}},{"type":"Feature","id":392,"properties":{"code":"073K16","s":"50k","role":"label"},"geometry":{"type":"Point","coordinates":[-108.250014,54.875008]}},{"type":"Feature","id":393,"properties":{"code":"073L05","s":"50k","role":"sheet"},"geometry":{"type":"Polygon","coordinates":[[[-112.000015,54.250007],[-111.500015,54.250007],[-111.500015,54.500007],[-112.000015,54.500007],[-112.000015,54.250007]]]}},{"type":"Feature","id":394,"properties":{"code":"073L05","s":"50k","role":"label"},"geometry":{"type":"Point","coordinates":[-111.750015,54.375007]}},{"type":"Feature","id":395,"properties":{"code":"073L06","s":"50k","role":"sheet"},"geometry":{"type":"Polygon","coordinates":[[[-111.500015,54.250007],[-111.000015,54.250007],[-111.000015,54.500007],[-111.500015,54.500007],[-111.500015,54.250007]]]}},{"type":"Feature","id":396,"properties":{"code":"073L06","s":"50k","role":"label"},"geometry":{"type":"Point","coordinates":[-111.250015,54.375007]}},{"type":"Feature","id":397,"properties":{"code":"073L09","s":"50k","role":"sheet"},"geometry":{"type":"Polygon","coordinates":[[[-110.500015,54.500007],[-110.000014,54.500007],[-110.000014,54.750007],[-110.500015,54.750007],[-110.500015,54.500007]]]}},{"type":"Feature","id":398,"properties":{"code":"073L09","s":"50k","role":"label"},"geometry":{"type":"Point","coordinates":[-110.250014,54.625007]}},{"type":"Feature","id":399,"properties":{"code":"073L10","s":"50k","role":"sheet"},"geometry":{"type":"Polygon","coordinates":[[[-111.000015,54.500007],[-110.500015,54.500007],[-110.500015,54.750007],[-111.000015,54.750007],[-111.000015,54.500007]]]}},{"type":"Feature","id":400,"properties":{"code":"073L10","s":"50k","role":"label"},"geometry":{"type":"Point","coordinates":[-110.750015,54.625007]}},{"type":"Feature","id":401,"properties":{"code":"073L11","s":"50k","role":"sheet"},"geometry":{"type":"Polygon","coordinates":[[[-111.500015,54.500007],[-111.000015,54.500007],[-111.000015,54.750007],[-111.500015,54.750007],[-111.500015,54.500007]]]}},{"type":"Feature","id":402,"properties":{"code":"073L11","s":"50k","role":"label"},"geometry":{"type":"Point","coordinates":[-111.250015,54.625007]}},{"type":"Feature","id":403,"properties":{"code":"073L12","s":"50k","role":"sheet"},"geometry":{"type":"Polygon","coordinates":[[[-112.000015,54.500007],[-111.500015,54.500007],[-111.500015,54.750007],[-112.000015,54.750007],[-112.000015,54.500007]]]}},{"type":"Feature","id":404,"properties":{"code":"073L12","s":"50k","role":"label"},"geometry":{"type":"Point","coordinates":[-111.750015,54.625007]}},{"type":"Feature","id":405,"properties":{"code":"073L13","s":"50k","role":"sheet"},"geometry":{"type":"Polygon","coordinates":[[[-112.000015,54.750007],[-111.500015,54.750007],[-111.500015,55.000007],[-112.000015,55.000007],[-112.000015,54.750007]]]}},{"type":"Feature","id":406,"properties":{"code":"073L13","s":"50k","role":"label"},"geometry":{"type":"Point","coordinates":[-111.750015,54.875007]}},{"type":"Feature","id":407,"properties":{"code":"073L14","s":"50k","role":"sheet"},"geometry":{"type":"Polygon","coordinates":[[[-111.500015,54.750007],[-111.000015,54.750007],[-111.000015,55.000007],[-111.500015,55.000007],[-111.500015,54.750007]]]}},{"type":"Feature","id":408,"properties":{"code":"073L14","s":"50k","role":"label"},"geometry":{"type":"Point","coordinates":[-111.250015,54.875007]}},{"type":"Feature","id":409,"properties":{"code":"073L15","s":"50k","role":"sheet"},"geometry":{"type":"Polygon","coordinates":[[[-111.000015,54.750007],[-110.500015,54.750007],[-110.500015,55.000007],[-111.000015,55.000007],[-111.000015,54.750007]]]}},{"type":"Feature","id":410,"properties":{"code":"073L15","s":"50k","role":"label"},"geometry":{"type":"Point","coordinates":[-110.750015,54.875007]}},{"type":"Feature","id":411,"properties":{"code":"073L16","s":"50k","role":"sheet"},"geometry":{"type":"Polygon","coordinates":[[[-110.500015,54.750007],[-110.000014,54.750007],[-110.000014,55.000007],[-110.500015,55.000007],[-110.500015,54.750007]]]}},{"type":"Feature","id":412,"properties":{"code":"073L16","s":"50k","role":"label"},"geometry":{"type":"Point","coordinates":[-110.250014,54.875007]}},{"type":"Feature","id":413,"properties":{"code":"073M01","s":"50k","role":"sheet"},"geometry":{"type":"Polygon","coordinates":[[[-110.500015,55.000007],[-110.000015,55.000007],[-110.000015,55.250007],[-110.500015,55.250007],[-110.500015,55.000007]]]}},{"type":"Feature","id":414,"properties":{"code":"073M01","s":"50k","role":"label"},"geometry":{"type":"Point","coordinates":[-110.250015,55.125007]}},{"type":"Feature","id":415,"properties":{"code":"073M02","s":"50k","role":"sheet"},"geometry":{"type":"Polygon","coordinates":[[[-111.000015,55.000007],[-110.500015,55.000007],[-110.500015,55.250007],[-111.000015,55.250007],[-111.000015,55.000007]]]}},{"type":"Feature","id":416,"properties":{"code":"073M02","s":"50k","role":"label"},"geometry":{"type":"Point","coordinates":[-110.750015,55.125007]}},{"type":"Feature","id":417,"properties":{"code":"073M03","s":"50k","role":"sheet"},"geometry":{"type":"Polygon","coordinates":[[[-111.500015,55.000007],[-111.000015,55.000007],[-111.000015,55.250007],[-111.500015,55.250007],[-111.500015,55.000007]]]}},{"type":"Feature","id":418,"properties":{"code":"073M03","s":"50k","role":"label"},"geometry":{"type":"Point","coordinates":[-111.250015,55.125007]}},{"type":"Feature","id":419,"properties":{"code":"073M04","s":"50k","role":"sheet"},"geometry":{"type":"Polygon","coordinates":[[[-112.000015,55.000007],[-111.500015,55.000007],[-111.500015,55.250007],[-112.000015,55.250007],[-112.000015,55.000007]]]}},{"type":"Feature","id":420,"properties":{"code":"073M04","s":"50k","role":"label"},"geometry":{"type":"Point","coordinates":[-111.750015,55.125007]}},{"type":"Feature","id":421,"properties":{"code":"073M05","s":"50k","role":"sheet"},"geometry":{"type":"Polygon","coordinates":[[[-112.000015,55.250007],[-111.500015,55.250007],[-111.500015,55.500007],[-112.000015,55.500007],[-112.000015,55.250007]]]}},{"type":"Feature","id":422,"properties":{"code":"073M05","s":"50k","role":"label"},"geometry":{"type":"Point","coordinates":[-111.750015,55.375007]}},{"type":"Feature","id":423,"properties":{"code":"073M06","s":"50k","role":"sheet"},"geometry":{"type":"Polygon","coordinates":[[[-111.500015,55.250007],[-111.000015,55.250007],[-111.000015,55.500007],[-111.500015,55.500007],[-111.500015,55.250007]]]}},{"type":"Feature","id":424,"properties":{"code":"073M06","s":"50k","role":"label"},"geometry":{"type":"Point","coordinates":[-111.250015,55.375007]}},{"type":"Feature","id":425,"properties":{"code":"073M07","s":"50k","role":"sheet"},"geometry":{"type":"Polygon","coordinates":[[[-111.000015,55.250007],[-110.500015,55.250007],[-110.500015,55.500007],[-111.000015,55.500007],[-111.000015,55.250007]]]}},{"type":"Feature","id":426,"properties":{"code":"073M07","s":"50k","role":"label"},"geometry":{"type":"Point","coordinates":[-110.750015,55.375007]}},{"type":"Feature","id":427,"properties":{"code":"073M08","s":"50k","role":"sheet"},"geometry":{"type":"Polygon","coordinates":[[[-110.500015,55.250007],[-110.000015,55.250007],[-110.000015,55.500008],[-110.500015,55.500008],[-110.500015,55.250007]]]}},{"type":"Feature","id":428,"properties":{"code":"073M08","s":"50k","role":"label"},"geometry":{"type":"Point","coordinates":[-110.250015,55.375007]}},{"type":"Feature","id":429,"properties":{"code":"073M09","s":"50k","role":"sheet"},"geometry":{"type":"Polygon","coordinates":[[[-110.500015,55.500007],[-110.000015,55.500007],[-110.000015,55.750008],[-110.500015,55.750008],[-110.500015,55.500007]]]}},{"type":"Feature","id":430,"properties":{"code":"073M09","s":"50k","role":"label"},"geometry":{"type":"Point","coordinates":[-110.250015,55.625007]}},{"type":"Feature","id":431,"properties":{"code":"073M10","s":"50k","role":"sheet"},"geometry":{"type":"Polygon","coordinates":[[[-111.000015,55.500007],[-110.500015,55.500007],[-110.500015,55.750007],[-111.000015,55.750007],[-111.000015,55.500007]]]}},{"type":"Feature","id":432,"properties":{"code":"073M10","s":"50k","role":"label"},"geometry":{"type":"Point","coordinates":[-110.750015,55.625007]}},{"type":"Feature","id":433,"properties":{"code":"073M11","s":"50k","role":"sheet"},"geometry":{"type":"Polygon","coordinates":[[[-111.500015,55.500007],[-111.000015,55.500007],[-111.000015,55.750007],[-111.500015,55.750007],[-111.500015,55.500007]]]}},{"type":"Feature","id":434,"properties":{"code":"073M11","s":"50k","role":"label"},"geometry":{"type":"Point","coordinates":[-111.250015,55.625007]}},{"type":"Feature","id":435,"properties":{"code":"073M12","s":"50k","role":"sheet"},"geometry":{"type":"Polygon","coordinates":[[[-112.000015,55.500007],[-111.500015,55.500007],[-111.500015,55.750007],[-112.000015,55.750007],[-112.000015,55.500007]]]}},{"type":"Feature","id":436,"properties":{"code":"073M12","s":"50k","role":"label"},"geometry":{"type":"Point","coordinates":[-111.750015,55.625007]}},{"type":"Feature","id":437,"properties":{"code":"073M13","s":"50k","role":"sheet"},"geometry":{"type":"Polygon","coordinates":[[[-112.000015,55.750007],[-111.500015,55.750007],[-111.500015,56.000007],[-112.000015,56.000007],[-112.000015,55.750007]]]}},{"type":"Feature","id":438,"properties":{"code":"073M13","s":"50k","role":"label"},"geometry":{"type":"Point","coordinates":[-111.750015,55.875007]}},{"type":"Feature","id":439,"properties":{"code":"073M14","s":"50k","role":"sheet"},"geometry":{"type":"Polygon","coordinates":[[[-111.500015,55.750007],[-111.000015,55.750007],[-111.000015,56.000007],[-111.500015,56.000007],[-111.500015,55.750007]]]}},{"type":"Feature","id":440,"properties":{"code":"073M14","s":"50k","role":"label"},"geometry":{"type":"Point","coordinates":[-111.250015,55.875007]}},{"type":"Feature","id":441,"properties":{"code":"073M15","s":"50k","role":"sheet"},"geometry":{"type":"Polygon","coordinates":[[[-111.000015,55.750007],[-110.500015,55.750007],[-110.500015,56.000007],[-111.000015,56.000007],[-111.000015,55.750007]]]}},{"type":"Feature","id":442,"properties":{"code":"073M15","s":"50k","role":"label"},"geometry":{"type":"Point","coordinates":[-110.750015,55.875007]}},{"type":"Feature","id":443,"properties":{"code":"073M16","s":"50k","role":"sheet"},"geometry":{"type":"Polygon","coordinates":[[[-110.500015,55.750007],[-110.000015,55.750007],[-110.000015,56.000008],[-110.500015,56.000008],[-110.500015,55.750007]]]}},{"type":"Feature","id":444,"properties":{"code":"073M16","s":"50k","role":"label"},"geometry":{"type":"Point","coordinates":[-110.250015,55.875007]}},{"type":"Feature","id":445,"properties":{"code":"073N01","s":"50k","role":"sheet"},"geometry":{"type":"Polygon","coordinates":[[[-108.500014,55.000008],[-108.000014,55.000008],[-108.000014,55.250008],[-108.500014,55.250008],[-108.500014,55.000008]]]}},{"type":"Feature","id":446,"properties":{"code":"073N01","s":"50k","role":"label"},"geometry":{"type":"Point","coordinates":[-108.250014,55.125008]}},{"type":"Feature","id":447,"properties":{"code":"073N02","s":"50k","role":"sheet"},"geometry":{"type":"Polygon","coordinates":[[[-109.000014,55.000008],[-108.500014,55.000008],[-108.500014,55.250008],[-109.000014,55.250008],[-109.000014,55.000008]]]}},{"type":"Feature","id":448,"properties":{"code":"073N02","s":"50k","role":"label"},"geometry":{"type":"Point","coordinates":[-108.750014,55.125008]}},{"type":"Feature","id":449,"properties":{"code":"073N03","s":"50k","role":"sheet"},"geometry":{"type":"Polygon","coordinates":[[[-109.500015,55.000008],[-109.000014,55.000008],[-109.000014,55.250008],[-109.500015,55.250008],[-109.500015,55.000008]]]}},{"type":"Feature","id":450,"properties":{"code":"073N03","s":"50k","role":"label"},"geometry":{"type":"Point","coordinates":[-109.250014,55.125008]}},{"type":"Feature","id":451,"properties":{"code":"073N04","s":"50k","role":"sheet"},"geometry":{"type":"Polygon","coordinates":[[[-110.000015,55.000007],[-109.500014,55.000007],[-109.500014,55.250008],[-110.000015,55.250008],[-110.000015,55.000007]]]}},{"type":"Feature","id":452,"properties":{"code":"073N04","s":"50k","role":"label"},"geometry":{"type":"Point","coordinates":[-109.750014,55.125007]}},{"type":"Feature","id":453,"properties":{"code":"073N05","s":"50k","role":"sheet"},"geometry":{"type":"Polygon","coordinates":[[[-110.000015,55.250007],[-109.500015,55.250007],[-109.500015,55.500008],[-110.000015,55.500008],[-110.000015,55.250007]]]}},{"type":"Feature","id":454,"properties":{"code":"073N05","s":"50k","role":"label"},"geometry":{"type":"Point","coordinates":[-109.750015,55.375007]}},{"type":"Feature","id":455,"properties":{"code":"073N06","s":"50k","role":"sheet"},"geometry":{"type":"Polygon","coordinates":[[[-109.500015,55.250008],[-109.000014,55.250008],[-109.000014,55.500008],[-109.500015,55.500008],[-109.500015,55.250008]]]}},{"type":"Feature","id":456,"properties":{"code":"073N06","s":"50k","role":"label"},"geometry":{"type":"Point","coordinates":[-109.250014,55.375008]}},{"type":"Feature","id":457,"properties":{"code":"073N07","s":"50k","role":"sheet"},"geometry":{"type":"Polygon","coordinates":[[[-109.000015,55.250008],[-108.500014,55.250008],[-108.500014,55.500008],[-109.000015,55.500008],[-109.000015,55.250008]]]}},{"type":"Feature","id":458,"properties":{"code":"073N07","s":"50k","role":"label"},"geometry":{"type":"Point","coordinates":[-108.750014,55.375008]}},{"type":"Feature","id":459,"properties":{"code":"073N08","s":"50k","role":"sheet"},"geometry":{"type":"Polygon","coordinates":[[[-108.500014,55.250008],[-108.000014,55.250008],[-108.000014,55.500008],[-108.500014,55.500008],[-108.500014,55.250008]]]}},{"type":"Feature","id":460,"properties":{"code":"073N08","s":"50k","role":"label"},"geometry":{"type":"Point","coordinates":[-108.250014,55.375008]}},{"type":"Feature","id":461,"properties":{"code":"073N09","s":"50k","role":"sheet"},"geometry":{"type":"Polygon","coordinates":[[[-108.500014,55.500008],[-108.000014,55.500008],[-108.000014,55.750008],[-108.500014,55.750008],[-108.500014,55.500008]]]}},{"type":"Feature","id":462,"properties":{"code":"073N09","s":"50k","role":"label"},"geometry":{"type":"Point","coordinates":[-108.250014,55.625008]}},{"type":"Feature","id":463,"properties":{"code":"073N10","s":"50k","role":"sheet"},"geometry":{"type":"Polygon","coordinates":[[[-109.000015,55.500008],[-108.500014,55.500008],[-108.500014,55.750008],[-109.000015,55.750008],[-109.000015,55.500008]]]}},{"type":"Feature","id":464,"properties":{"code":"073N10","s":"50k","role":"label"},"geometry":{"type":"Point","coordinates":[-108.750014,55.625008]}},{"type":"Feature","id":465,"properties":{"code":"073N11","s":"50k","role":"sheet"},"geometry":{"type":"Polygon","coordinates":[[[-109.500015,55.500008],[-109.000015,55.500008],[-109.000015,55.750008],[-109.500015,55.750008],[-109.500015,55.500008]]]}},{"type":"Feature","id":466,"properties":{"code":"073N11","s":"50k","role":"label"},"geometry":{"type":"Point","coordinates":[-109.250015,55.625008]}},{"type":"Feature","id":467,"properties":{"code":"073N12","s":"50k","role":"sheet"},"geometry":{"type":"Polygon","coordinates":[[[-110.000015,55.500008],[-109.500015,55.500008],[-109.500015,55.750008],[-110.000015,55.750008],[-110.000015,55.500008]]]}},{"type":"Feature","id":468,"properties":{"code":"073N12","s":"50k","role":"label"},"geometry":{"type":"Point","coordinates":[-109.750015,55.625008]}},{"type":"Feature","id":469,"properties":{"code":"073N13","s":"50k","role":"sheet"},"geometry":{"type":"Polygon","coordinates":[[[-110.000015,55.750008],[-109.500015,55.750008],[-109.500015,56.000008],[-110.000015,56.000008],[-110.000015,55.750008]]]}},{"type":"Feature","id":470,"properties":{"code":"073N13","s":"50k","role":"label"},"geometry":{"type":"Point","coordinates":[-109.750015,55.875008]}},{"type":"Feature","id":471,"properties":{"code":"073N14","s":"50k","role":"sheet"},"geometry":{"type":"Polygon","coordinates":[[[-109.500015,55.750008],[-109.000015,55.750008],[-109.000015,56.000008],[-109.500015,56.000008],[-109.500015,55.750008]]]}},{"type":"Feature","id":472,"properties":{"code":"073N14","s":"50k","role":"label"},"geometry":{"type":"Point","coordinates":[-109.250015,55.875008]}},{"type":"Feature","id":473,"properties":{"code":"073N15","s":"50k","role":"sheet"},"geometry":{"type":"Polygon","coordinates":[[[-109.000015,55.750008],[-108.500014,55.750008],[-108.500014,56.000008],[-109.000015,56.000008],[-109.000015,55.750008]]]}},{"type":"Feature","id":474,"properties":{"code":"073N15","s":"50k","role":"label"},"geometry":{"type":"Point","coordinates":[-108.750014,55.875008]}},{"type":"Feature","id":475,"properties":{"code":"073N16","s":"50k","role":"sheet"},"geometry":{"type":"Polygon","coordinates":[[[-108.500015,55.750008],[-108.000014,55.750008],[-108.000014,56.000008],[-108.500015,56.000008],[-108.500015,55.750008]]]}},{"type":"Feature","id":476,"properties":{"code":"073N16","s":"50k","role":"label"},"geometry":{"type":"Point","coordinates":[-108.250014,55.875008]}},{"type":"Feature","id":477,"properties":{"code":"073O01","s":"50k","role":"sheet"},"geometry":{"type":"Polygon","coordinates":[[[-106.500014,55.000008],[-106.000014,55.000008],[-106.000014,55.250008],[-106.500014,55.250008],[-106.500014,55.000008]]]}},{"type":"Feature","id":478,"properties":{"code":"073O01","s":"50k","role":"label"},"geometry":{"type":"Point","coordinates":[-106.250014,55.125008]}},{"type":"Feature","id":479,"properties":{"code":"073O02","s":"50k","role":"sheet"},"geometry":{"type":"Polygon","coordinates":[[[-107.000014,55.000008],[-106.500014,55.000008],[-106.500014,55.250008],[-107.000014,55.250008],[-107.000014,55.000008]]]}},{"type":"Feature","id":480,"properties":{"code":"073O02","s":"50k","role":"label"},"geometry":{"type":"Point","coordinates":[-106.750014,55.125008]}},{"type":"Feature","id":481,"properties":{"code":"073O03","s":"50k","role":"sheet"},"geometry":{"type":"Polygon","coordinates":[[[-107.500014,55.000008],[-107.000014,55.000008],[-107.000014,55.250008],[-107.500014,55.250008],[-107.500014,55.000008]]]}},{"type":"Feature","id":482,"properties":{"code":"073O03","s":"50k","role":"label"},"geometry":{"type":"Point","coordinates":[-107.250014,55.125008]}},{"type":"Feature","id":483,"properties":{"code":"073O04","s":"50k","role":"sheet"},"geometry":{"type":"Polygon","coordinates":[[[-108.000014,55.000008],[-107.500014,55.000008],[-107.500014,55.250008],[-108.000014,55.250008],[-108.000014,55.000008]]]}},{"type":"Feature","id":484,"properties":{"code":"073O04","s":"50k","role":"label"},"geometry":{"type":"Point","coordinates":[-107.750014,55.125008]}},{"type":"Feature","id":485,"properties":{"code":"073O05","s":"50k","role":"sheet"},"geometry":{"type":"Polygon","coordinates":[[[-108.000014,55.250008],[-107.500014,55.250008],[-107.500014,55.500008],[-108.000014,55.500008],[-108.000014,55.250008]]]}},{"type":"Feature","id":486,"properties":{"code":"073O05","s":"50k","role":"label"},"geometry":{"type":"Point","coordinates":[-107.750014,55.375008]}},{"type":"Feature","id":487,"properties":{"code":"073O06","s":"50k","role":"sheet"},"geometry":{"type":"Polygon","coordinates":[[[-107.500014,55.250008],[-107.000014,55.250008],[-107.000014,55.500008],[-107.500014,55.500008],[-107.500014,55.250008]]]}},{"type":"Feature","id":488,"properties":{"code":"073O06","s":"50k","role":"label"},"geometry":{"type":"Point","coordinates":[-107.250014,55.375008]}},{"type":"Feature","id":489,"properties":{"code":"073O07","s":"50k","role":"sheet"},"geometry":{"type":"Polygon","coordinates":[[[-107.000014,55.250008],[-106.500014,55.250008],[-106.500014,55.500008],[-107.000014,55.500008],[-107.000014,55.250008]]]}},{"type":"Feature","id":490,"properties":{"code":"073O07","s":"50k","role":"label"},"geometry":{"type":"Point","coordinates":[-106.750014,55.375008]}},{"type":"Feature","id":491,"properties":{"code":"073O08","s":"50k","role":"sheet"},"geometry":{"type":"Polygon","coordinates":[[[-106.500014,55.250008],[-106.000014,55.250008],[-106.000014,55.500008],[-106.500014,55.500008],[-106.500014,55.250008]]]}},{"type":"Feature","id":492,"properties":{"code":"073O08","s":"50k","role":"label"},"geometry":{"type":"Point","coordinates":[-106.250014,55.375008]}},{"type":"Feature","id":493,"properties":{"code":"073O09","s":"50k","role":"sheet"},"geometry":{"type":"Polygon","coordinates":[[[-106.500014,55.500008],[-106.000014,55.500008],[-106.000014,55.750008],[-106.500014,55.750008],[-106.500014,55.500008]]]}},{"type":"Feature","id":494,"properties":{"code":"073O09","s":"50k","role":"label"},"geometry":{"type":"Point","coordinates":[-106.250014,55.625008]}},{"type":"Feature","id":495,"properties":{"code":"073O10","s":"50k","role":"sheet"},"geometry":{"type":"Polygon","coordinates":[[[-107.000014,55.500008],[-106.500014,55.500008],[-106.500014,55.750008],[-107.000014,55.750008],[-107.000014,55.500008]]]}},{"type":"Feature","id":496,"properties":{"code":"073O10","s":"50k","role":"label"},"geometry":{"type":"Point","coordinates":[-106.750014,55.625008]}},{"type":"Feature","id":497,"properties":{"code":"073O11","s":"50k","role":"sheet"},"geometry":{"type":"Polygon","coordinates":[[[-107.500014,55.500008],[-107.000014,55.500008],[-107.000014,55.750008],[-107.500014,55.750008],[-107.500014,55.500008]]]}},{"type":"Feature","id":498,"properties":{"code":"073O11","s":"50k","role":"label"},"geometry":{"type":"Point","coordinates":[-107.250014,55.625008]}},{"type":"Feature","id":499,"properties":{"code":"073O12","s":"50k","role":"sheet"},"geometry":{"type":"Polygon","coordinates":[[[-108.000014,55.500008],[-107.500014,55.500008],[-107.500014,55.750008],[-108.000014,55.750008],[-108.000014,55.500008]]]}},{"type":"Feature","id":500,"properties":{"code":"073O12","s":"50k","role":"label"},"geometry":{"type":"Point","coordinates":[-107.750014,55.625008]}},{"type":"Feature","id":501,"properties":{"code":"073O13","s":"50k","role":"sheet"},"geometry":{"type":"Polygon","coordinates":[[[-108.000014,55.750008],[-107.500014,55.750008],[-107.500014,56.000008],[-108.000014,56.000008],[-108.000014,55.750008]]]}},{"type":"Feature","id":502,"properties":{"code":"073O13","s":"50k","role":"label"},"geometry":{"type":"Point","coordinates":[-107.750014,55.875008]}},{"type":"Feature","id":503,"properties":{"code":"073O14","s":"50k","role":"sheet"},"geometry":{"type":"Polygon","coordinates":[[[-107.500014,55.750008],[-107.000014,55.750008],[-107.000014,56.000008],[-107.500014,56.000008],[-107.500014,55.750008]]]}},{"type":"Feature","id":504,"properties":{"code":"073O14","s":"50k","role":"label"},"geometry":{"type":"Point","coordinates":[-107.250014,55.875008]}},{"type":"Feature","id":505,"properties":{"code":"073O15","s":"50k","role":"sheet"},"geometry":{"type":"Polygon","coordinates":[[[-107.000014,55.750008],[-106.500014,55.750008],[-106.500014,56.000008],[-107.000014,56.000008],[-107.000014,55.750008]]]}},{"type":"Feature","id":506,"properties":{"code":"073O15","s":"50k","role":"label"},"geometry":{"type":"Point","coordinates":[-106.750014,55.875008]}},{"type":"Feature","id":507,"properties":{"code":"073O16","s":"50k","role":"sheet"},"geometry":{"type":"Polygon","coordinates":[[[-106.500014,55.750008],[-106.000014,55.750008],[-106.000014,56.000008],[-106.500014,56.000008],[-106.500014,55.750008]]]}},{"type":"Feature","id":508,"properties":{"code":"073O16","s":"50k","role":"label"},"geometry":{"type":"Point","coordinates":[-106.250014,55.875008]}},{"type":"Feature","id":509,"properties":{"code":"073P02","s":"50k","role":"sheet"},"geometry":{"type":"Polygon","coordinates":[[[-105.000013,55.000008],[-104.500013,55.000008],[-104.500013,55.250008],[-105.000013,55.250008],[-105.000013,55.000008]]]}},{"type":"Feature","id":510,"properties":{"code":"073P02","s":"50k","role":"label"},"geometry":{"type":"Point","coordinates":[-104.750013,55.125008]}},{"type":"Feature","id":511,"properties":{"code":"073P03","s":"50k","role":"sheet"},"geometry":{"type":"Polygon","coordinates":[[[-105.500013,55.000008],[-105.000013,55.000008],[-105.000013,55.250008],[-105.500013,55.250008],[-105.500013,55.000008]]]}},{"type":"Feature","id":512,"properties":{"code":"073P03","s":"50k","role":"label"},"geometry":{"type":"Point","coordinates":[-105.250013,55.125008]}},{"type":"Feature","id":513,"properties":{"code":"073P04","s":"50k","role":"sheet"},"geometry":{"type":"Polygon","coordinates":[[[-106.000014,55.000008],[-105.500013,55.000008],[-105.500013,55.250008],[-106.000014,55.250008],[-106.000014,55.000008]]]}},{"type":"Feature","id":514,"properties":{"code":"073P04","s":"50k","role":"label"},"geometry":{"type":"Point","coordinates":[-105.750013,55.125008]}},{"type":"Feature","id":515,"properties":{"code":"073P05","s":"50k","role":"sheet"},"geometry":{"type":"Polygon","coordinates":[[[-106.000014,55.250008],[-105.500013,55.250008],[-105.500013,55.500008],[-106.000014,55.500008],[-106.000014,55.250008]]]}},{"type":"Feature","id":516,"properties":{"code":"073P05","s":"50k","role":"label"},"geometry":{"type":"Point","coordinates":[-105.750013,55.375008]}},{"type":"Feature","id":517,"properties":{"code":"073P06","s":"50k","role":"sheet"},"geometry":{"type":"Polygon","coordinates":[[[-105.500014,55.250008],[-105.000013,55.250008],[-105.000013,55.500008],[-105.500014,55.500008],[-105.500014,55.250008]]]}},{"type":"Feature","id":518,"properties":{"code":"073P06","s":"50k","role":"label"},"geometry":{"type":"Point","coordinates":[-105.250013,55.375008]}},{"type":"Feature","id":519,"properties":{"code":"073P07","s":"50k","role":"sheet"},"geometry":{"type":"Polygon","coordinates":[[[-105.000013,55.250008],[-104.500013,55.250008],[-104.500013,55.500008],[-105.000013,55.500008],[-105.000013,55.250008]]]}},{"type":"Feature","id":520,"properties":{"code":"073P07","s":"50k","role":"label"},"geometry":{"type":"Point","coordinates":[-104.750013,55.375008]}},{"type":"Feature","id":521,"properties":{"code":"073P08","s":"50k","role":"sheet"},"geometry":{"type":"Polygon","coordinates":[[[-104.500013,55.250008],[-104.000013,55.250008],[-104.000013,55.500008],[-104.500013,55.500008],[-104.500013,55.250008]]]}},{"type":"Feature","id":522,"properties":{"code":"073P08","s":"50k","role":"label"},"geometry":{"type":"Point","coordinates":[-104.250013,55.375008]}},{"type":"Feature","id":523,"properties":{"code":"073P09","s":"50k","role":"sheet"},"geometry":{"type":"Polygon","coordinates":[[[-104.500013,55.500008],[-104.000013,55.500008],[-104.000013,55.750008],[-104.500013,55.750008],[-104.500013,55.500008]]]}},{"type":"Feature","id":524,"properties":{"code":"073P09","s":"50k","role":"label"},"geometry":{"type":"Point","coordinates":[-104.250013,55.625008]}},{"type":"Feature","id":525,"properties":{"code":"073P10","s":"50k","role":"sheet"},"geometry":{"type":"Polygon","coordinates":[[[-105.000014,55.500008],[-104.500013,55.500008],[-104.500013,55.750008],[-105.000014,55.750008],[-105.000014,55.500008]]]}},{"type":"Feature","id":526,"properties":{"code":"073P10","s":"50k","role":"label"},"geometry":{"type":"Point","coordinates":[-104.750013,55.625008]}},{"type":"Feature","id":527,"properties":{"code":"073P11","s":"50k","role":"sheet"},"geometry":{"type":"Polygon","coordinates":[[[-105.500014,55.500008],[-105.000013,55.500008],[-105.000013,55.750008],[-105.500014,55.750008],[-105.500014,55.500008]]]}},{"type":"Feature","id":528,"properties":{"code":"073P11","s":"50k","role":"label"},"geometry":{"type":"Point","coordinates":[-105.250013,55.625008]}},{"type":"Feature","id":529,"properties":{"code":"073P12","s":"50k","role":"sheet"},"geometry":{"type":"Polygon","coordinates":[[[-106.000014,55.500008],[-105.500014,55.500008],[-105.500014,55.750008],[-106.000014,55.750008],[-106.000014,55.500008]]]}},{"type":"Feature","id":530,"properties":{"code":"073P12","s":"50k","role":"label"},"geometry":{"type":"Point","coordinates":[-105.750014,55.625008]}},{"type":"Feature","id":531,"properties":{"code":"073P13","s":"50k","role":"sheet"},"geometry":{"type":"Polygon","coordinates":[[[-106.000014,55.750008],[-105.500014,55.750008],[-105.500014,56.000008],[-106.000014,56.000008],[-106.000014,55.750008]]]}},{"type":"Feature","id":532,"properties":{"code":"073P13","s":"50k","role":"label"},"geometry":{"type":"Point","coordinates":[-105.750014,55.875008]}},{"type":"Feature","id":533,"properties":{"code":"073P14","s":"50k","role":"sheet"},"geometry":{"type":"Polygon","coordinates":[[[-105.500014,55.750008],[-105.000014,55.750008],[-105.000014,56.000008],[-105.500014,56.000008],[-105.500014,55.750008]]]}},{"type":"Feature","id":534,"properties":{"code":"073P14","s":"50k","role":"label"},"geometry":{"type":"Point","coordinates":[-105.250014,55.875008]}},{"type":"Feature","id":535,"properties":{"code":"073P15","s":"50k","role":"sheet"},"geometry":{"type":"Polygon","coordinates":[[[-105.000014,55.750008],[-104.500013,55.750008],[-104.500013,56.000008],[-105.000014,56.000008],[-105.000014,55.750008]]]}},{"type":"Feature","id":536,"properties":{"code":"073P15","s":"50k","role":"label"},"geometry":{"type":"Point","coordinates":[-104.750013,55.875008]}},{"type":"Feature","id":537,"properties":{"code":"073P16","s":"50k","role":"sheet"},"geometry":{"type":"Polygon","coordinates":[[[-104.500013,55.750008],[-104.000013,55.750008],[-104.000013,56.000008],[-104.500013,56.000008],[-104.500013,55.750008]]]}},{"type":"Feature","id":538,"properties":{"code":"073P16","s":"50k","role":"label"},"geometry":{"type":"Point","coordinates":[-104.250013,55.875008]}},{"type":"Feature","id":539,"properties":{"code":"074A01","s":"50k","role":"sheet"},"geometry":{"type":"Polygon","coordinates":[[[-104.500014,56.000008],[-104.000013,56.000008],[-104.000013,56.250008],[-104.500014,56.250008],[-104.500014,56.000008]]]}},{"type":"Feature","id":540,"properties":{"code":"074A01","s":"50k","role":"label"},"geometry":{"type":"Point","coordinates":[-104.250013,56.125008]}},{"type":"Feature","id":541,"properties":{"code":"074A02","s":"50k","role":"sheet"},"geometry":{"type":"Polygon","coordinates":[[[-105.000014,56.000008],[-104.500013,56.000008],[-104.500013,56.250008],[-105.000014,56.250008],[-105.000014,56.000008]]]}},{"type":"Feature","id":542,"properties":{"code":"074A02","s":"50k","role":"label"},"geometry":{"type":"Point","coordinates":[-104.750013,56.125008]}},{"type":"Feature","id":543,"properties":{"code":"074A03","s":"50k","role":"sheet"},"geometry":{"type":"Polygon","coordinates":[[[-105.500014,56.000008],[-105.000014,56.000008],[-105.000014,56.250008],[-105.500014,56.250008],[-105.500014,56.000008]]]}},{"type":"Feature","id":544,"properties":{"code":"074A03","s":"50k","role":"label"},"geometry":{"type":"Point","coordinates":[-105.250014,56.125008]}},{"type":"Feature","id":545,"properties":{"code":"074A04","s":"50k","role":"sheet"},"geometry":{"type":"Polygon","coordinates":[[[-106.000014,56.000008],[-105.500014,56.000008],[-105.500014,56.250008],[-106.000014,56.250008],[-106.000014,56.000008]]]}},{"type":"Feature","id":546,"properties":{"code":"074A04","s":"50k","role":"label"},"geometry":{"type":"Point","coordinates":[-105.750014,56.125008]}},{"type":"Feature","id":547,"properties":{"code":"074A05","s":"50k","role":"sheet"},"geometry":{"type":"Polygon","coordinates":[[[-106.000014,56.250008],[-105.500014,56.250008],[-105.500014,56.500008],[-106.000014,56.500008],[-106.000014,56.250008]]]}},{"type":"Feature","id":548,"properties":{"code":"074A05","s":"50k","role":"label"},"geometry":{"type":"Point","coordinates":[-105.750014,56.375008]}},{"type":"Feature","id":549,"properties":{"code":"074A06","s":"50k","role":"sheet"},"geometry":{"type":"Polygon","coordinates":[[[-105.500014,56.250008],[-105.000014,56.250008],[-105.000014,56.500008],[-105.500014,56.500008],[-105.500014,56.250008]]]}},{"type":"Feature","id":550,"properties":{"code":"074A06","s":"50k","role":"label"},"geometry":{"type":"Point","coordinates":[-105.250014,56.375008]}},{"type":"Feature","id":551,"properties":{"code":"074A07","s":"50k","role":"sheet"},"geometry":{"type":"Polygon","coordinates":[[[-105.000014,56.250008],[-104.500014,56.250008],[-104.500014,56.500008],[-105.000014,56.500008],[-105.000014,56.250008]]]}},{"type":"Feature","id":552,"properties":{"code":"074A07","s":"50k","role":"label"},"geometry":{"type":"Point","coordinates":[-104.750014,56.375008]}},{"type":"Feature","id":553,"properties":{"code":"074A08","s":"50k","role":"sheet"},"geometry":{"type":"Polygon","coordinates":[[[-104.500014,56.250008],[-104.000013,56.250008],[-104.000013,56.500008],[-104.500014,56.500008],[-104.500014,56.250008]]]}},{"type":"Feature","id":554,"properties":{"code":"074A08","s":"50k","role":"label"},"geometry":{"type":"Point","coordinates":[-104.250013,56.375008]}},{"type":"Feature","id":555,"properties":{"code":"074A09","s":"50k","role":"sheet"},"geometry":{"type":"Polygon","coordinates":[[[-104.500014,56.500008],[-104.000014,56.500008],[-104.000014,56.750008],[-104.500014,56.750008],[-104.500014,56.500008]]]}},{"type":"Feature","id":556,"properties":{"code":"074A09","s":"50k","role":"label"},"geometry":{"type":"Point","coordinates":[-104.250014,56.625008]}},{"type":"Feature","id":557,"properties":{"code":"074A10","s":"50k","role":"sheet"},"geometry":{"type":"Polygon","coordinates":[[[-105.000014,56.500008],[-104.500014,56.500008],[-104.500014,56.750008],[-105.000014,56.750008],[-105.000014,56.500008]]]}},{"type":"Feature","id":558,"properties":{"code":"074A10","s":"50k","role":"label"},"geometry":{"type":"Point","coordinates":[-104.750014,56.625008]}},{"type":"Feature","id":559,"properties":{"code":"074A11","s":"50k","role":"sheet"},"geometry":{"type":"Polygon","coordinates":[[[-105.500014,56.500008],[-105.000014,56.500008],[-105.000014,56.750008],[-105.500014,56.750008],[-105.500014,56.500008]]]}},{"type":"Feature","id":560,"properties":{"code":"074A11","s":"50k","role":"label"},"geometry":{"type":"Point","coordinates":[-105.250014,56.625008]}},{"type":"Feature","id":561,"properties":{"code":"074A12","s":"50k","role":"sheet"},"geometry":{"type":"Polygon","coordinates":[[[-106.000014,56.500008],[-105.500014,56.500008],[-105.500014,56.750008],[-106.000014,56.750008],[-106.000014,56.500008]]]}},{"type":"Feature","id":562,"properties":{"code":"074A12","s":"50k","role":"label"},"geometry":{"type":"Point","coordinates":[-105.750014,56.625008]}},{"type":"Feature","id":563,"properties":{"code":"074A13","s":"50k","role":"sheet"},"geometry":{"type":"Polygon","coordinates":[[[-106.000014,56.750008],[-105.500014,56.750008],[-105.500014,57.000008],[-106.000014,57.000008],[-106.000014,56.750008]]]}},{"type":"Feature","id":564,"properties":{"code":"074A13","s":"50k","role":"label"},"geometry":{"type":"Point","coordinates":[-105.750014,56.875008]}},{"type":"Feature","id":565,"properties":{"code":"074A14","s":"50k","role":"sheet"},"geometry":{"type":"Polygon","coordinates":[[[-105.500014,56.750008],[-105.000014,56.750008],[-105.000014,57.000008],[-105.500014,57.000008],[-105.500014,56.750008]]]}},{"type":"Feature","id":566,"properties":{"code":"074A14","s":"50k","role":"label"},"geometry":{"type":"Point","coordinates":[-105.250014,56.875008]}},{"type":"Feature","id":567,"properties":{"code":"074A15","s":"50k","role":"sheet"},"geometry":{"type":"Polygon","coordinates":[[[-105.000014,56.750008],[-104.500014,56.750008],[-104.500014,57.000008],[-105.000014,57.000008],[-105.000014,56.750008]]]}},{"type":"Feature","id":568,"properties":{"code":"074A15","s":"50k","role":"label"},"geometry":{"type":"Point","coordinates":[-104.750014,56.875008]}},{"type":"Feature","id":569,"properties":{"code":"074A16","s":"50k","role":"sheet"},"geometry":{"type":"Polygon","coordinates":[[[-104.500014,56.750008],[-104.000014,56.750008],[-104.000014,57.000008],[-104.500014,57.000008],[-104.500014,56.750008]]]}},{"type":"Feature","id":570,"properties":{"code":"074A16","s":"50k","role":"label"},"geometry":{"type":"Point","coordinates":[-104.250014,56.875008]}},{"type":"Feature","id":571,"properties":{"code":"074B01","s":"50k","role":"sheet"},"geometry":{"type":"Polygon","coordinates":[[[-106.500014,56.000008],[-106.000014,56.000008],[-106.000014,56.250008],[-106.500014,56.250008],[-106.500014,56.000008]]]}},{"type":"Feature","id":572,"properties":{"code":"074B01","s":"50k","role":"label"},"geometry":{"type":"Point","coordinates":[-106.250014,56.125008]}},{"type":"Feature","id":573,"properties":{"code":"074B02","s":"50k","role":"sheet"},"geometry":{"type":"Polygon","coordinates":[[[-107.000014,56.000008],[-106.500014,56.000008],[-106.500014,56.250008],[-107.000014,56.250008],[-107.000014,56.000008]]]}},{"type":"Feature","id":574,"properties":{"code":"074B02","s":"50k","role":"label"},"geometry":{"type":"Point","coordinates":[-106.750014,56.125008]}},{"type":"Feature","id":575,"properties":{"code":"074B03","s":"50k","role":"sheet"},"geometry":{"type":"Polygon","coordinates":[[[-107.500014,56.000008],[-107.000014,56.000008],[-107.000014,56.250008],[-107.500014,56.250008],[-107.500014,56.000008]]]}},{"type":"Feature","id":576,"properties":{"code":"074B03","s":"50k","role":"label"},"geometry":{"type":"Point","coordinates":[-107.250014,56.125008]}},{"type":"Feature","id":577,"properties":{"code":"074B04","s":"50k","role":"sheet"},"geometry":{"type":"Polygon","coordinates":[[[-108.000015,56.000008],[-107.500014,56.000008],[-107.500014,56.250008],[-108.000015,56.250008],[-108.000015,56.000008]]]}},{"type":"Feature","id":578,"properties":{"code":"074B04","s":"50k","role":"label"},"geometry":{"type":"Point","coordinates":[-107.750014,56.125008]}},{"type":"Feature","id":579,"properties":{"code":"074B05","s":"50k","role":"sheet"},"geometry":{"type":"Polygon","coordinates":[[[-108.000015,56.250008],[-107.500014,56.250008],[-107.500014,56.500008],[-108.000015,56.500008],[-108.000015,56.250008]]]}},{"type":"Feature","id":580,"properties":{"code":"074B05","s":"50k","role":"label"},"geometry":{"type":"Point","coordinates":[-107.750014,56.375008]}},{"type":"Feature","id":581,"properties":{"code":"074B06","s":"50k","role":"sheet"},"geometry":{"type":"Polygon","coordinates":[[[-107.500014,56.250008],[-107.000014,56.250008],[-107.000014,56.500008],[-107.500014,56.500008],[-107.500014,56.250008]]]}},{"type":"Feature","id":582,"properties":{"code":"074B06","s":"50k","role":"label"},"geometry":{"type":"Point","coordinates":[-107.250014,56.375008]}},{"type":"Feature","id":583,"properties":{"code":"074B07","s":"50k","role":"sheet"},"geometry":{"type":"Polygon","coordinates":[[[-107.000014,56.250008],[-106.500014,56.250008],[-106.500014,56.500008],[-107.000014,56.500008],[-107.000014,56.250008]]]}},{"type":"Feature","id":584,"properties":{"code":"074B07","s":"50k","role":"label"},"geometry":{"type":"Point","coordinates":[-106.750014,56.375008]}},{"type":"Feature","id":585,"properties":{"code":"074B08","s":"50k","role":"sheet"},"geometry":{"type":"Polygon","coordinates":[[[-106.500014,56.250008],[-106.000014,56.250008],[-106.000014,56.500008],[-106.500014,56.500008],[-106.500014,56.250008]]]}},{"type":"Feature","id":586,"properties":{"code":"074B08","s":"50k","role":"label"},"geometry":{"type":"Point","coordinates":[-106.250014,56.375008]}},{"type":"Feature","id":587,"properties":{"code":"074B09","s":"50k","role":"sheet"},"geometry":{"type":"Polygon","coordinates":[[[-106.500014,56.500008],[-106.000014,56.500008],[-106.000014,56.750008],[-106.500014,56.750008],[-106.500014,56.500008]]]}},{"type":"Feature","id":588,"properties":{"code":"074B09","s":"50k","role":"label"},"geometry":{"type":"Point","coordinates":[-106.250014,56.625008]}},{"type":"Feature","id":589,"properties":{"code":"074B10","s":"50k","role":"sheet"},"geometry":{"type":"Polygon","coordinates":[[[-107.000014,56.500008],[-106.500014,56.500008],[-106.500014,56.750008],[-107.000014,56.750008],[-107.000014,56.500008]]]}},{"type":"Feature","id":590,"properties":{"code":"074B10","s":"50k","role":"label"},"geometry":{"type":"Point","coordinates":[-106.750014,56.625008]}},{"type":"Feature","id":591,"properties":{"code":"074B11","s":"50k","role":"sheet"},"geometry":{"type":"Polygon","coordinates":[[[-107.500015,56.500008],[-107.000014,56.500008],[-107.000014,56.750008],[-107.500015,56.750008],[-107.500015,56.500008]]]}},{"type":"Feature","id":592,"properties":{"code":"074B11","s":"50k","role":"label"},"geometry":{"type":"Point","coordinates":[-107.250014,56.625008]}},{"type":"Feature","id":593,"properties":{"code":"074B12","s":"50k","role":"sheet"},"geometry":{"type":"Polygon","coordinates":[[[-108.000015,56.500008],[-107.500014,56.500008],[-107.500014,56.750008],[-108.000015,56.750008],[-108.000015,56.500008]]]}},{"type":"Feature","id":594,"properties":{"code":"074B12","s":"50k","role":"label"},"geometry":{"type":"Point","coordinates":[-107.750014,56.625008]}},{"type":"Feature","id":595,"properties":{"code":"074B13","s":"50k","role":"sheet"},"geometry":{"type":"Polygon","coordinates":[[[-108.000015,56.750008],[-107.500015,56.750008],[-107.500015,57.000008],[-108.000015,57.000008],[-108.000015,56.750008]]]}},{"type":"Feature","id":596,"properties":{"code":"074B13","s":"50k","role":"label"},"geometry":{"type":"Point","coordinates":[-107.750015,56.875008]}},{"type":"Feature","id":597,"properties":{"code":"074B14","s":"50k","role":"sheet"},"geometry":{"type":"Polygon","coordinates":[[[-107.500015,56.750008],[-107.000014,56.750008],[-107.000014,57.000008],[-107.500015,57.000008],[-107.500015,56.750008]]]}},{"type":"Feature","id":598,"properties":{"code":"074B14","s":"50k","role":"label"},"geometry":{"type":"Point","coordinates":[-107.250014,56.875008]}},{"type":"Feature","id":599,"properties":{"code":"074B15","s":"50k","role":"sheet"},"geometry":{"type":"Polygon","coordinates":[[[-107.000015,56.750008],[-106.500014,56.750008],[-106.500014,57.000008],[-107.000015,57.000008],[-107.000015,56.750008]]]}},{"type":"Feature","id":600,"properties":{"code":"074B15","s":"50k","role":"label"},"geometry":{"type":"Point","coordinates":[-106.750014,56.875008]}},{"type":"Feature","id":601,"properties":{"code":"074B16","s":"50k","role":"sheet"},"geometry":{"type":"Polygon","coordinates":[[[-106.500014,56.750008],[-106.000014,56.750008],[-106.000014,57.000008],[-106.500014,57.000008],[-106.500014,56.750008]]]}},{"type":"Feature","id":602,"properties":{"code":"074B16","s":"50k","role":"label"},"geometry":{"type":"Point","coordinates":[-106.250014,56.875008]}},{"type":"Feature","id":603,"properties":{"code":"074C01","s":"50k","role":"sheet"},"geometry":{"type":"Polygon","coordinates":[[[-108.500015,56.000008],[-108.000014,56.000008],[-108.000014,56.250008],[-108.500015,56.250008],[-108.500015,56.000008]]]}},{"type":"Feature","id":604,"properties":{"code":"074C01","s":"50k","role":"label"},"geometry":{"type":"Point","coordinates":[-108.250014,56.125008]}},{"type":"Feature","id":605,"properties":{"code":"074C02","s":"50k","role":"sheet"},"geometry":{"type":"Polygon","coordinates":[[[-109.000015,56.000008],[-108.500015,56.000008],[-108.500015,56.250008],[-109.000015,56.250008],[-109.000015,56.000008]]]}},{"type":"Feature","id":606,"properties":{"code":"074C02","s":"50k","role":"label"},"geometry":{"type":"Point","coordinates":[-108.750015,56.125008]}},{"type":"Feature","id":607,"properties":{"code":"074C03","s":"50k","role":"sheet"},"geometry":{"type":"Polygon","coordinates":[[[-109.500015,56.000008],[-109.000015,56.000008],[-109.000015,56.250008],[-109.500015,56.250008],[-109.500015,56.000008]]]}},{"type":"Feature","id":608,"properties":{"code":"074C03","s":"50k","role":"label"},"geometry":{"type":"Point","coordinates":[-109.250015,56.125008]}},{"type":"Feature","id":609,"properties":{"code":"074C04","s":"50k","role":"sheet"},"geometry":{"type":"Polygon","coordinates":[[[-110.000015,56.000008],[-109.500015,56.000008],[-109.500015,56.250008],[-110.000015,56.250008],[-110.000015,56.000008]]]}},{"type":"Feature","id":610,"properties":{"code":"074C04","s":"50k","role":"label"},"geometry":{"type":"Point","coordinates":[-109.750015,56.125008]}},{"type":"Feature","id":611,"properties":{"code":"074C05","s":"50k","role":"sheet"},"geometry":{"type":"Polygon","coordinates":[[[-110.000015,56.250008],[-109.500015,56.250008],[-109.500015,56.500008],[-110.000015,56.500008],[-110.000015,56.250008]]]}},{"type":"Feature","id":612,"properties":{"code":"074C05","s":"50k","role":"label"},"geometry":{"type":"Point","coordinates":[-109.750015,56.375008]}},{"type":"Feature","id":613,"properties":{"code":"074C06","s":"50k","role":"sheet"},"geometry":{"type":"Polygon","coordinates":[[[-109.500015,56.250008],[-109.000015,56.250008],[-109.000015,56.500008],[-109.500015,56.500008],[-109.500015,56.250008]]]}},{"type":"Feature","id":614,"properties":{"code":"074C06","s":"50k","role":"label"},"geometry":{"type":"Point","coordinates":[-109.250015,56.375008]}},{"type":"Feature","id":615,"properties":{"code":"074C07","s":"50k","role":"sheet"},"geometry":{"type":"Polygon","coordinates":[[[-109.000015,56.250008],[-108.500015,56.250008],[-108.500015,56.500008],[-109.000015,56.500008],[-109.000015,56.250008]]]}},{"type":"Feature","id":616,"properties":{"code":"074C07","s":"50k","role":"label"},"geometry":{"type":"Point","coordinates":[-108.750015,56.375008]}},{"type":"Feature","id":617,"properties":{"code":"074C08","s":"50k","role":"sheet"},"geometry":{"type":"Polygon","coordinates":[[[-108.500015,56.250008],[-108.000015,56.250008],[-108.000015,56.500008],[-108.500015,56.500008],[-108.500015,56.250008]]]}},{"type":"Feature","id":618,"properties":{"code":"074C08","s":"50k","role":"label"},"geometry":{"type":"Point","coordinates":[-108.250015,56.375008]}},{"type":"Feature","id":619,"properties":{"code":"074C09","s":"50k","role":"sheet"},"geometry":{"type":"Polygon","coordinates":[[[-108.500015,56.500008],[-108.000015,56.500008],[-108.000015,56.750008],[-108.500015,56.750008],[-108.500015,56.500008]]]}},{"type":"Feature","id":620,"properties":{"code":"074C09","s":"50k","role":"label"},"geometry":{"type":"Point","coordinates":[-108.250015,56.625008]}},{"type":"Feature","id":621,"properties":{"code":"074C10","s":"50k","role":"sheet"},"geometry":{"type":"Polygon","coordinates":[[[-109.000015,56.500008],[-108.500015,56.500008],[-108.500015,56.750008],[-109.000015,56.750008],[-109.000015,56.500008]]]}},{"type":"Feature","id":622,"properties":{"code":"074C10","s":"50k","role":"label"},"geometry":{"type":"Point","coordinates":[-108.750015,56.625008]}},{"type":"Feature","id":623,"properties":{"code":"074C11","s":"50k","role":"sheet"},"geometry":{"type":"Polygon","coordinates":[[[-109.500015,56.500008],[-109.000015,56.500008],[-109.000015,56.750008],[-109.500015,56.750008],[-109.500015,56.500008]]]}},{"type":"Feature","id":624,"properties":{"code":"074C11","s":"50k","role":"label"},"geometry":{"type":"Point","coordinates":[-109.250015,56.625008]}},{"type":"Feature","id":625,"properties":{"code":"074C12","s":"50k","role":"sheet"},"geometry":{"type":"Polygon","coordinates":[[[-110.000015,56.500008],[-109.500015,56.500008],[-109.500015,56.750008],[-110.000015,56.750008],[-110.000015,56.500008]]]}},{"type":"Feature","id":626,"properties":{"code":"074C12","s":"50k","role":"label"},"geometry":{"type":"Point","coordinates":[-109.750015,56.625008]}},{"type":"Feature","id":627,"properties":{"code":"074C13","s":"50k","role":"sheet"},"geometry":{"type":"Polygon","coordinates":[[[-110.000015,56.750008],[-109.500015,56.750008],[-109.500015,57.000008],[-110.000015,57.000008],[-110.000015,56.750008]]]}},{"type":"Feature","id":628,"properties":{"code":"074C13","s":"50k","role":"label"},"geometry":{"type":"Point","coordinates":[-109.750015,56.875008]}},{"type":"Feature","id":629,"properties":{"code":"074C14","s":"50k","role":"sheet"},"geometry":{"type":"Polygon","coordinates":[[[-109.500015,56.750008],[-109.000015,56.750008],[-109.000015,57.000008],[-109.500015,57.000008],[-109.500015,56.750008]]]}},{"type":"Feature","id":630,"properties":{"code":"074C14","s":"50k","role":"label"},"geometry":{"type":"Point","coordinates":[-109.250015,56.875008]}},{"type":"Feature","id":631,"properties":{"code":"074C15","s":"50k","role":"sheet"},"geometry":{"type":"Polygon","coordinates":[[[-109.000015,56.750008],[-108.500015,56.750008],[-108.500015,57.000008],[-109.000015,57.000008],[-109.000015,56.750008]]]}},{"type":"Feature","id":632,"properties":{"code":"074C15","s":"50k","role":"label"},"geometry":{"type":"Point","coordinates":[-108.750015,56.875008]}},{"type":"Feature","id":633,"properties":{"code":"074C16","s":"50k","role":"sheet"},"geometry":{"type":"Polygon","coordinates":[[[-108.500015,56.750008],[-108.000015,56.750008],[-108.000015,57.000008],[-108.500015,57.000008],[-108.500015,56.750008]]]}},{"type":"Feature","id":634,"properties":{"code":"074C16","s":"50k","role":"label"},"geometry":{"type":"Point","coordinates":[-108.250015,56.875008]}},{"type":"Feature","id":635,"properties":{"code":"074D01","s":"50k","role":"sheet"},"geometry":{"type":"Polygon","coordinates":[[[-110.500015,56.000007],[-110.000015,56.000007],[-110.000015,56.250008],[-110.500015,56.250008],[-110.500015,56.000007]]]}},{"type":"Feature","id":636,"properties":{"code":"074D01","s":"50k","role":"label"},"geometry":{"type":"Point","coordinates":[-110.250015,56.125007]}},{"type":"Feature","id":637,"properties":{"code":"074D02","s":"50k","role":"sheet"},"geometry":{"type":"Polygon","coordinates":[[[-111.000015,56.000007],[-110.500015,56.000007],[-110.500015,56.250007],[-111.000015,56.250007],[-111.000015,56.000007]]]}},{"type":"Feature","id":638,"properties":{"code":"074D02","s":"50k","role":"label"},"geometry":{"type":"Point","coordinates":[-110.750015,56.125007]}},{"type":"Feature","id":639,"properties":{"code":"074D03","s":"50k","role":"sheet"},"geometry":{"type":"Polygon","coordinates":[[[-111.500015,56.000007],[-111.000015,56.000007],[-111.000015,56.250007],[-111.500015,56.250007],[-111.500015,56.000007]]]}},{"type":"Feature","id":640,"properties":{"code":"074D03","s":"50k","role":"label"},"geometry":{"type":"Point","coordinates":[-111.250015,56.125007]}},{"type":"Feature","id":641,"properties":{"code":"074D04","s":"50k","role":"sheet"},"geometry":{"type":"Polygon","coordinates":[[[-112.000016,56.000007],[-111.500015,56.000007],[-111.500015,56.250007],[-112.000016,56.250007],[-112.000016,56.000007]]]}},{"type":"Feature","id":642,"properties":{"code":"074D04","s":"50k","role":"label"},"geometry":{"type":"Point","coordinates":[-111.750016,56.125007]}},{"type":"Feature","id":643,"properties":{"code":"074D05","s":"50k","role":"sheet"},"geometry":{"type":"Polygon","coordinates":[[[-112.000016,56.250007],[-111.500015,56.250007],[-111.500015,56.500007],[-112.000016,56.500007],[-112.000016,56.250007]]]}},{"type":"Feature","id":644,"properties":{"code":"074D05","s":"50k","role":"label"},"geometry":{"type":"Point","coordinates":[-111.750016,56.375007]}},{"type":"Feature","id":645,"properties":{"code":"074D06","s":"50k","role":"sheet"},"geometry":{"type":"Polygon","coordinates":[[[-111.500016,56.250007],[-111.000015,56.250007],[-111.000015,56.500007],[-111.500016,56.500007],[-111.500016,56.250007]]]}},{"type":"Feature","id":646,"properties":{"code":"074D06","s":"50k","role":"label"},"geometry":{"type":"Point","coordinates":[-111.250016,56.375007]}},{"type":"Feature","id":647,"properties":{"code":"074D07","s":"50k","role":"sheet"},"geometry":{"type":"Polygon","coordinates":[[[-111.000015,56.250007],[-110.500015,56.250007],[-110.500015,56.500007],[-111.000015,56.500007],[-111.000015,56.250007]]]}},{"type":"Feature","id":648,"properties":{"code":"074D07","s":"50k","role":"label"},"geometry":{"type":"Point","coordinates":[-110.750015,56.375007]}},{"type":"Feature","id":649,"properties":{"code":"074D08","s":"50k","role":"sheet"},"geometry":{"type":"Polygon","coordinates":[[[-110.500015,56.250007],[-110.000015,56.250007],[-110.000015,56.500008],[-110.500015,56.500008],[-110.500015,56.250007]]]}},{"type":"Feature","id":650,"properties":{"code":"074D08","s":"50k","role":"label"},"geometry":{"type":"Point","coordinates":[-110.250015,56.375007]}},{"type":"Feature","id":651,"properties":{"code":"074D09","s":"50k","role":"sheet"},"geometry":{"type":"Polygon","coordinates":[[[-110.500015,56.500007],[-110.000015,56.500007],[-110.000015,56.750008],[-110.500015,56.750008],[-110.500015,56.500007]]]}},{"type":"Feature","id":652,"properties":{"code":"074D09","s":"50k","role":"label"},"geometry":{"type":"Point","coordinates":[-110.250015,56.625007]}},{"type":"Feature","id":653,"properties":{"code":"074D10","s":"50k","role":"sheet"},"geometry":{"type":"Polygon","coordinates":[[[-111.000015,56.500007],[-110.500015,56.500007],[-110.500015,56.750008],[-111.000015,56.750008],[-111.000015,56.500007]]]}},{"type":"Feature","id":654,"properties":{"code":"074D10","s":"50k","role":"label"},"geometry":{"type":"Point","coordinates":[-110.750015,56.625007]}},{"type":"Feature","id":655,"properties":{"code":"074D11","s":"50k","role":"sheet"},"geometry":{"type":"Polygon","coordinates":[[[-111.500016,56.500007],[-111.000015,56.500007],[-111.000015,56.750007],[-111.500016,56.750007],[-111.500016,56.500007]]]}},{"type":"Feature","id":656,"properties":{"code":"074D11","s":"50k","role":"label"},"geometry":{"type":"Point","coordinates":[-111.250016,56.625007]}},{"type":"Feature","id":657,"properties":{"code":"074D12","s":"50k","role":"sheet"},"geometry":{"type":"Polygon","coordinates":[[[-112.000016,56.500007],[-111.500016,56.500007],[-111.500016,56.750007],[-112.000016,56.750007],[-112.000016,56.500007]]]}},{"type":"Feature","id":658,"properties":{"code":"074D12","s":"50k","role":"label"},"geometry":{"type":"Point","coordinates":[-111.750016,56.625007]}},{"type":"Feature","id":659,"properties":{"code":"074D13","s":"50k","role":"sheet"},"geometry":{"type":"Polygon","coordinates":[[[-112.000016,56.750007],[-111.500016,56.750007],[-111.500016,57.000007],[-112.000016,57.000007],[-112.000016,56.750007]]]}},{"type":"Feature","id":660,"properties":{"code":"074D13","s":"50k","role":"label"},"geometry":{"type":"Point","coordinates":[-111.750016,56.875007]}},{"type":"Feature","id":661,"properties":{"code":"074D14","s":"50k","role":"sheet"},"geometry":{"type":"Polygon","coordinates":[[[-111.500016,56.750007],[-111.000015,56.750007],[-111.000015,57.000007],[-111.500016,57.000007],[-111.500016,56.750007]]]}},{"type":"Feature","id":662,"properties":{"code":"074D14","s":"50k","role":"label"},"geometry":{"type":"Point","coordinates":[-111.250016,56.875007]}},{"type":"Feature","id":663,"properties":{"code":"074D15","s":"50k","role":"sheet"},"geometry":{"type":"Polygon","coordinates":[[[-111.000016,56.750007],[-110.500015,56.750007],[-110.500015,57.000008],[-111.000016,57.000008],[-111.000016,56.750007]]]}},{"type":"Feature","id":664,"properties":{"code":"074D15","s":"50k","role":"label"},"geometry":{"type":"Point","coordinates":[-110.750016,56.875007]}},{"type":"Feature","id":665,"properties":{"code":"074D16","s":"50k","role":"sheet"},"geometry":{"type":"Polygon","coordinates":[[[-110.500015,56.750008],[-110.000015,56.750008],[-110.000015,57.000008],[-110.500015,57.000008],[-110.500015,56.750008]]]}},{"type":"Feature","id":666,"properties":{"code":"074D16","s":"50k","role":"label"},"geometry":{"type":"Point","coordinates":[-110.250015,56.875008]}},{"type":"Feature","id":667,"properties":{"code":"074E01","s":"50k","role":"sheet"},"geometry":{"type":"Polygon","coordinates":[[[-110.500016,57.000008],[-110.000015,57.000008],[-110.000015,57.250008],[-110.500016,57.250008],[-110.500016,57.000008]]]}},{"type":"Feature","id":668,"properties":{"code":"074E01","s":"50k","role":"label"},"geometry":{"type":"Point","coordinates":[-110.250016,57.125008]}},{"type":"Feature","id":669,"properties":{"code":"074E02","s":"50k","role":"sheet"},"geometry":{"type":"Polygon","coordinates":[[[-111.000016,57.000007],[-110.500015,57.000007],[-110.500015,57.250008],[-111.000016,57.250008],[-111.000016,57.000007]]]}},{"type":"Feature","id":670,"properties":{"code":"074E02","s":"50k","role":"label"},"geometry":{"type":"Point","coordinates":[-110.750016,57.125007]}},{"type":"Feature","id":671,"properties":{"code":"074E03","s":"50k","role":"sheet"},"geometry":{"type":"Polygon","coordinates":[[[-111.500016,57.000007],[-111.000016,57.000007],[-111.000016,57.250007],[-111.500016,57.250007],[-111.500016,57.000007]]]}},{"type":"Feature","id":672,"properties":{"code":"074E03","s":"50k","role":"label"},"geometry":{"type":"Point","coordinates":[-111.250016,57.125007]}},{"type":"Feature","id":673,"properties":{"code":"074E04","s":"50k","role":"sheet"},"geometry":{"type":"Polygon","coordinates":[[[-112.000016,57.000007],[-111.500016,57.000007],[-111.500016,57.250007],[-112.000016,57.250007],[-112.000016,57.000007]]]}},{"type":"Feature","id":674,"properties":{"code":"074E04","s":"50k","role":"label"},"geometry":{"type":"Point","coordinates":[-111.750016,57.125007]}},{"type":"Feature","id":675,"properties":{"code":"074E05","s":"50k","role":"sheet"},"geometry":{"type":"Polygon","coordinates":[[[-112.000016,57.250007],[-111.500016,57.250007],[-111.500016,57.500007],[-112.000016,57.500007],[-112.000016,57.250007]]]}},{"type":"Feature","id":676,"properties":{"code":"074E05","s":"50k","role":"label"},"geometry":{"type":"Point","coordinates":[-111.750016,57.375007]}},{"type":"Feature","id":677,"properties":{"code":"074E06","s":"50k","role":"sheet"},"geometry":{"type":"Polygon","coordinates":[[[-111.500016,57.250007],[-111.000016,57.250007],[-111.000016,57.500007],[-111.500016,57.500007],[-111.500016,57.250007]]]}},{"type":"Feature","id":678,"properties":{"code":"074E06","s":"50k","role":"label"},"geometry":{"type":"Point","coordinates":[-111.250016,57.375007]}},{"type":"Feature","id":679,"properties":{"code":"074E07","s":"50k","role":"sheet"},"geometry":{"type":"Polygon","coordinates":[[[-111.000016,57.250007],[-110.500016,57.250007],[-110.500016,57.500008],[-111.000016,57.500008],[-111.000016,57.250007]]]}},{"type":"Feature","id":680,"properties":{"code":"074E07","s":"50k","role":"label"},"geometry":{"type":"Point","coordinates":[-110.750016,57.375007]}},{"type":"Feature","id":681,"properties":{"code":"074E08","s":"50k","role":"sheet"},"geometry":{"type":"Polygon","coordinates":[[[-110.500016,57.250008],[-110.000015,57.250008],[-110.000015,57.500008],[-110.500016,57.500008],[-110.500016,57.250008]]]}},{"type":"Feature","id":682,"properties":{"code":"074E08","s":"50k","role":"label"},"geometry":{"type":"Point","coordinates":[-110.250016,57.375008]}},{"type":"Feature","id":683,"properties":{"code":"074E09","s":"50k","role":"sheet"},"geometry":{"type":"Polygon","coordinates":[[[-110.500016,57.500008],[-110.000016,57.500008],[-110.000016,57.750008],[-110.500016,57.750008],[-110.500016,57.500008]]]}},{"type":"Feature","id":684,"properties":{"code":"074E09","s":"50k","role":"label"},"geometry":{"type":"Point","coordinates":[-110.250016,57.625008]}},{"type":"Feature","id":685,"properties":{"code":"074E10","s":"50k","role":"sheet"},"geometry":{"type":"Polygon","coordinates":[[[-111.000016,57.500007],[-110.500016,57.500007],[-110.500016,57.750008],[-111.000016,57.750008],[-111.000016,57.500007]]]}},{"type":"Feature","id":686,"properties":{"code":"074E10","s":"50k","role":"label"},"geometry":{"type":"Point","coordinates":[-110.750016,57.625007]}},{"type":"Feature","id":687,"properties":{"code":"074E11","s":"50k","role":"sheet"},"geometry":{"type":"Polygon","coordinates":[[[-111.500016,57.500007],[-111.000016,57.500007],[-111.000016,57.750008],[-111.500016,57.750008],[-111.500016,57.500007]]]}},{"type":"Feature","id":688,"properties":{"code":"074E11","s":"50k","role":"label"},"geometry":{"type":"Point","coordinates":[-111.250016,57.625007]}},{"type":"Feature","id":689,"properties":{"code":"074E12","s":"50k","role":"sheet"},"geometry":{"type":"Polygon","coordinates":[[[-112.000016,57.500007],[-111.500016,57.500007],[-111.500016,57.750007],[-112.000016,57.750007],[-112.000016,57.500007]]]}},{"type":"Feature","id":690,"properties":{"code":"074E12","s":"50k","role":"label"},"geometry":{"type":"Point","coordinates":[-111.750016,57.625007]}},{"type":"Feature","id":691,"properties":{"code":"074E13","s":"50k","role":"sheet"},"geometry":{"type":"Polygon","coordinates":[[[-112.000016,57.750007],[-111.500016,57.750007],[-111.500016,58.000007],[-112.000016,58.000007],[-112.000016,57.750007]]]}},{"type":"Feature","id":692,"properties":{"code":"074E13","s":"50k","role":"label"},"geometry":{"type":"Point","coordinates":[-111.750016,57.875007]}},{"type":"Feature","id":693,"properties":{"code":"074E14","s":"50k","role":"sheet"},"geometry":{"type":"Polygon","coordinates":[[[-111.500016,57.750007],[-111.000016,57.750007],[-111.000016,58.000008],[-111.500016,58.000008],[-111.500016,57.750007]]]}},{"type":"Feature","id":694,"properties":{"code":"074E14","s":"50k","role":"label"},"geometry":{"type":"Point","coordinates":[-111.250016,57.875007]}},{"type":"Feature","id":695,"properties":{"code":"074E15","s":"50k","role":"sheet"},"geometry":{"type":"Polygon","coordinates":[[[-111.000016,57.750008],[-110.500016,57.750008],[-110.500016,58.000008],[-111.000016,58.000008],[-111.000016,57.750008]]]}},{"type":"Feature","id":696,"properties":{"code":"074E15","s":"50k","role":"label"},"geometry":{"type":"Point","coordinates":[-110.750016,57.875008]}},{"type":"Feature","id":697,"properties":{"code":"074E16","s":"50k","role":"sheet"},"geometry":{"type":"Polygon","coordinates":[[[-110.500016,57.750008],[-110.000016,57.750008],[-110.000016,58.000008],[-110.500016,58.000008],[-110.500016,57.750008]]]}},{"type":"Feature","id":698,"properties":{"code":"074E16","s":"50k","role":"label"},"geometry":{"type":"Point","coordinates":[-110.250016,57.875008]}},{"type":"Feature","id":699,"properties":{"code":"074F01","s":"50k","role":"sheet"},"geometry":{"type":"Polygon","coordinates":[[[-108.500015,57.000008],[-108.000015,57.000008],[-108.000015,57.250008],[-108.500015,57.250008],[-108.500015,57.000008]]]}},{"type":"Feature","id":700,"properties":{"code":"074F01","s":"50k","role":"label"},"geometry":{"type":"Point","coordinates":[-108.250015,57.125008]}},{"type":"Feature","id":701,"properties":{"code":"074F02","s":"50k","role":"sheet"},"geometry":{"type":"Polygon","coordinates":[[[-109.000015,57.000008],[-108.500015,57.000008],[-108.500015,57.250008],[-109.000015,57.250008],[-109.000015,57.000008]]]}},{"type":"Feature","id":702,"properties":{"code":"074F02","s":"50k","role":"label"},"geometry":{"type":"Point","coordinates":[-108.750015,57.125008]}},{"type":"Feature","id":703,"properties":{"code":"074F03","s":"50k","role":"sheet"},"geometry":{"type":"Polygon","coordinates":[[[-109.500015,57.000008],[-109.000015,57.000008],[-109.000015,57.250008],[-109.500015,57.250008],[-109.500015,57.000008]]]}},{"type":"Feature","id":704,"properties":{"code":"074F03","s":"50k","role":"label"},"geometry":{"type":"Point","coordinates":[-109.250015,57.125008]}},{"type":"Feature","id":705,"properties":{"code":"074F04","s":"50k","role":"sheet"},"geometry":{"type":"Polygon","coordinates":[[[-110.000015,57.000008],[-109.500015,57.000008],[-109.500015,57.250008],[-110.000015,57.250008],[-110.000015,57.000008]]]}},{"type":"Feature","id":706,"properties":{"code":"074F04","s":"50k","role":"label"},"geometry":{"type":"Point","coordinates":[-109.750015,57.125008]}},{"type":"Feature","id":707,"properties":{"code":"074F05","s":"50k","role":"sheet"},"geometry":{"type":"Polygon","coordinates":[[[-110.000016,57.250008],[-109.500015,57.250008],[-109.500015,57.500008],[-110.000016,57.500008],[-110.000016,57.250008]]]}},{"type":"Feature","id":708,"properties":{"code":"074F05","s":"50k","role":"label"},"geometry":{"type":"Point","coordinates":[-109.750016,57.375008]}},{"type":"Feature","id":709,"properties":{"code":"074F06","s":"50k","role":"sheet"},"geometry":{"type":"Polygon","coordinates":[[[-109.500015,57.250008],[-109.000015,57.250008],[-109.000015,57.500008],[-109.500015,57.500008],[-109.500015,57.250008]]]}},{"type":"Feature","id":710,"properties":{"code":"074F06","s":"50k","role":"label"},"geometry":{"type":"Point","coordinates":[-109.250015,57.375008]}},{"type":"Feature","id":711,"properties":{"code":"074F07","s":"50k","role":"sheet"},"geometry":{"type":"Polygon","coordinates":[[[-109.000015,57.250008],[-108.500015,57.250008],[-108.500015,57.500008],[-109.000015,57.500008],[-109.000015,57.250008]]]}},{"type":"Feature","id":712,"properties":{"code":"074F07","s":"50k","role":"label"},"geometry":{"type":"Point","coordinates":[-108.750015,57.375008]}},{"type":"Feature","id":713,"properties":{"code":"074F08","s":"50k","role":"sheet"},"geometry":{"type":"Polygon","coordinates":[[[-108.500015,57.250008],[-108.000015,57.250008],[-108.000015,57.500008],[-108.500015,57.500008],[-108.500015,57.250008]]]}},{"type":"Feature","id":714,"properties":{"code":"074F08","s":"50k","role":"label"},"geometry":{"type":"Point","coordinates":[-108.250015,57.375008]}},{"type":"Feature","id":715,"properties":{"code":"074F09","s":"50k","role":"sheet"},"geometry":{"type":"Polygon","coordinates":[[[-108.500015,57.500008],[-108.000015,57.500008],[-108.000015,57.750008],[-108.500015,57.750008],[-108.500015,57.500008]]]}},{"type":"Feature","id":716,"properties":{"code":"074F09","s":"50k","role":"label"},"geometry":{"type":"Point","coordinates":[-108.250015,57.625008]}},{"type":"Feature","id":717,"properties":{"code":"074F10","s":"50k","role":"sheet"},"geometry":{"type":"Polygon","coordinates":[[[-109.000015,57.500008],[-108.500015,57.500008],[-108.500015,57.750008],[-109.000015,57.750008],[-109.000015,57.500008]]]}},{"type":"Feature","id":718,"properties":{"code":"074F10","s":"50k","role":"label"},"geometry":{"type":"Point","coordinates":[-108.750015,57.625008]}},{"type":"Feature","id":719,"properties":{"code":"074F11","s":"50k","role":"sheet"},"geometry":{"type":"Polygon","coordinates":[[[-109.500016,57.500008],[-109.000015,57.500008],[-109.000015,57.750008],[-109.500016,57.750008],[-109.500016,57.500008]]]}},{"type":"Feature","id":720,"properties":{"code":"074F11","s":"50k","role":"label"},"geometry":{"type":"Point","coordinates":[-109.250016,57.625008]}},{"type":"Feature","id":721,"properties":{"code":"074F12","s":"50k","role":"sheet"},"geometry":{"type":"Polygon","coordinates":[[[-110.000016,57.500008],[-109.500015,57.500008],[-109.500015,57.750008],[-110.000016,57.750008],[-110.000016,57.500008]]]}},{"type":"Feature","id":722,"properties":{"code":"074F12","s":"50k","role":"label"},"geometry":{"type":"Point","coordinates":[-109.750016,57.625008]}},{"type":"Feature","id":723,"properties":{"code":"074F13","s":"50k","role":"sheet"},"geometry":{"type":"Polygon","coordinates":[[[-110.000016,57.750008],[-109.500016,57.750008],[-109.500016,58.000008],[-110.000016,58.000008],[-110.000016,57.750008]]]}},{"type":"Feature","id":724,"properties":{"code":"074F13","s":"50k","role":"label"},"geometry":{"type":"Point","coordinates":[-109.750016,57.875008]}},{"type":"Feature","id":725,"properties":{"code":"074F14","s":"50k","role":"sheet"},"geometry":{"type":"Polygon","coordinates":[[[-109.500016,57.750008],[-109.000015,57.750008],[-109.000015,58.000008],[-109.500016,58.000008],[-109.500016,57.750008]]]}},{"type":"Feature","id":726,"properties":{"code":"074F14","s":"50k","role":"label"},"geometry":{"type":"Point","coordinates":[-109.250016,57.875008]}},{"type":"Feature","id":727,"properties":{"code":"074F15","s":"50k","role":"sheet"},"geometry":{"type":"Polygon","coordinates":[[[-109.000016,57.750008],[-108.500015,57.750008],[-108.500015,58.000008],[-109.000016,58.000008],[-109.000016,57.750008]]]}},{"type":"Feature","id":728,"properties":{"code":"074F15","s":"50k","role":"label"},"geometry":{"type":"Point","coordinates":[-108.750016,57.875008]}},{"type":"Feature","id":729,"properties":{"code":"074F16","s":"50k","role":"sheet"},"geometry":{"type":"Polygon","coordinates":[[[-108.500015,57.750008],[-108.000015,57.750008],[-108.000015,58.000008],[-108.500015,58.000008],[-108.500015,57.750008]]]}},{"type":"Feature","id":730,"properties":{"code":"074F16","s":"50k","role":"label"},"geometry":{"type":"Point","coordinates":[-108.250015,57.875008]}},{"type":"Feature","id":731,"properties":{"code":"074G01","s":"50k","role":"sheet"},"geometry":{"type":"Polygon","coordinates":[[[-106.500015,57.000008],[-106.000014,57.000008],[-106.000014,57.250008],[-106.500015,57.250008],[-106.500015,57.000008]]]}},{"type":"Feature","id":732,"properties":{"code":"074G01","s":"50k","role":"label"},"geometry":{"type":"Point","coordinates":[-106.250014,57.125008]}},{"type":"Feature","id":733,"properties":{"code":"074G02","s":"50k","role":"sheet"},"geometry":{"type":"Polygon","coordinates":[[[-107.000015,57.000008],[-106.500014,57.000008],[-106.500014,57.250008],[-107.000015,57.250008],[-107.000015,57.000008]]]}},{"type":"Feature","id":734,"properties":{"code":"074G02","s":"50k","role":"label"},"geometry":{"type":"Point","coordinates":[-106.750014,57.125008]}},{"type":"Feature","id":735,"properties":{"code":"074G03","s":"50k","role":"sheet"},"geometry":{"type":"Polygon","coordinates":[[[-107.500015,57.000008],[-107.000015,57.000008],[-107.000015,57.250008],[-107.500015,57.250008],[-107.500015,57.000008]]]}},{"type":"Feature","id":736,"properties":{"code":"074G03","s":"50k","role":"label"},"geometry":{"type":"Point","coordinates":[-107.250015,57.125008]}},{"type":"Feature","id":737,"properties":{"code":"074G04","s":"50k","role":"sheet"},"geometry":{"type":"Polygon","coordinates":[[[-108.000015,57.000008],[-107.500015,57.000008],[-107.500015,57.250008],[-108.000015,57.250008],[-108.000015,57.000008]]]}},{"type":"Feature","id":738,"properties":{"code":"074G04","s":"50k","role":"label"},"geometry":{"type":"Point","coordinates":[-107.750015,57.125008]}},{"type":"Feature","id":739,"properties":{"code":"074G05","s":"50k","role":"sheet"},"geometry":{"type":"Polygon","coordinates":[[[-108.000015,57.250008],[-107.500015,57.250008],[-107.500015,57.500008],[-108.000015,57.500008],[-108.000015,57.250008]]]}},{"type":"Feature","id":740,"properties":{"code":"074G05","s":"50k","role":"label"},"geometry":{"type":"Point","coordinates":[-107.750015,57.375008]}},{"type":"Feature","id":741,"properties":{"code":"074G06","s":"50k","role":"sheet"},"geometry":{"type":"Polygon","coordinates":[[[-107.500015,57.250008],[-107.000015,57.250008],[-107.000015,57.500008],[-107.500015,57.500008],[-107.500015,57.250008]]]}},{"type":"Feature","id":742,"properties":{"code":"074G06","s":"50k","role":"label"},"geometry":{"type":"Point","coordinates":[-107.250015,57.375008]}},{"type":"Feature","id":743,"properties":{"code":"074G07","s":"50k","role":"sheet"},"geometry":{"type":"Polygon","coordinates":[[[-107.000015,57.250008],[-106.500015,57.250008],[-106.500015,57.500008],[-107.000015,57.500008],[-107.000015,57.250008]]]}},{"type":"Feature","id":744,"properties":{"code":"074G07","s":"50k","role":"label"},"geometry":{"type":"Point","coordinates":[-106.750015,57.375008]}},{"type":"Feature","id":745,"properties":{"code":"074G08","s":"50k","role":"sheet"},"geometry":{"type":"Polygon","coordinates":[[[-106.500015,57.250008],[-106.000014,57.250008],[-106.000014,57.500008],[-106.500015,57.500008],[-106.500015,57.250008]]]}},{"type":"Feature","id":746,"properties":{"code":"074G08","s":"50k","role":"label"},"geometry":{"type":"Point","coordinates":[-106.250014,57.375008]}},{"type":"Feature","id":747,"properties":{"code":"074G09","s":"50k","role":"sheet"},"geometry":{"type":"Polygon","coordinates":[[[-106.500015,57.500008],[-106.000014,57.500008],[-106.000014,57.750008],[-106.500015,57.750008],[-106.500015,57.500008]]]}},{"type":"Feature","id":748,"properties":{"code":"074G09","s":"50k","role":"label"},"geometry":{"type":"Point","coordinates":[-106.250014,57.625008]}},{"type":"Feature","id":749,"properties":{"code":"074G10","s":"50k","role":"sheet"},"geometry":{"type":"Polygon","coordinates":[[[-107.000015,57.500008],[-106.500015,57.500008],[-106.500015,57.750008],[-107.000015,57.750008],[-107.000015,57.500008]]]}},{"type":"Feature","id":750,"properties":{"code":"074G10","s":"50k","role":"label"},"geometry":{"type":"Point","coordinates":[-106.750015,57.625008]}},{"type":"Feature","id":751,"properties":{"code":"074G11","s":"50k","role":"sheet"},"geometry":{"type":"Polygon","coordinates":[[[-107.500015,57.500008],[-107.000015,57.500008],[-107.000015,57.750008],[-107.500015,57.750008],[-107.500015,57.500008]]]}},{"type":"Feature","id":752,"properties":{"code":"074G11","s":"50k","role":"label"},"geometry":{"type":"Point","coordinates":[-107.250015,57.625008]}},{"type":"Feature","id":753,"properties":{"code":"074G12","s":"50k","role":"sheet"},"geometry":{"type":"Polygon","coordinates":[[[-108.000015,57.500008],[-107.500015,57.500008],[-107.500015,57.750008],[-108.000015,57.750008],[-108.000015,57.500008]]]}},{"type":"Feature","id":754,"properties":{"code":"074G12","s":"50k","role":"label"},"geometry":{"type":"Point","coordinates":[-107.750015,57.625008]}},{"type":"Feature","id":755,"properties":{"code":"074G13","s":"50k","role":"sheet"},"geometry":{"type":"Polygon","coordinates":[[[-108.000015,57.750008],[-107.500015,57.750008],[-107.500015,58.000008],[-108.000015,58.000008],[-108.000015,57.750008]]]}},{"type":"Feature","id":756,"properties":{"code":"074G13","s":"50k","role":"label"},"geometry":{"type":"Point","coordinates":[-107.750015,57.875008]}},{"type":"Feature","id":757,"properties":{"code":"074G14","s":"50k","role":"sheet"},"geometry":{"type":"Polygon","coordinates":[[[-107.500015,57.750008],[-107.000015,57.750008],[-107.000015,58.000008],[-107.500015,58.000008],[-107.500015,57.750008]]]}},{"type":"Feature","id":758,"properties":{"code":"074G14","s":"50k","role":"label"},"geometry":{"type":"Point","coordinates":[-107.250015,57.875008]}},{"type":"Feature","id":759,"properties":{"code":"074G15","s":"50k","role":"sheet"},"geometry":{"type":"Polygon","coordinates":[[[-107.000015,57.750008],[-106.500015,57.750008],[-106.500015,58.000008],[-107.000015,58.000008],[-107.000015,57.750008]]]}},{"type":"Feature","id":760,"properties":{"code":"074G15","s":"50k","role":"label"},"geometry":{"type":"Point","coordinates":[-106.750015,57.875008]}},{"type":"Feature","id":761,"properties":{"code":"074G16","s":"50k","role":"sheet"},"geometry":{"type":"Polygon","coordinates":[[[-106.500015,57.750008],[-106.000015,57.750008],[-106.000015,58.000008],[-106.500015,58.000008],[-106.500015,57.750008]]]}},{"type":"Feature","id":762,"properties":{"code":"074G16","s":"50k","role":"label"},"geometry":{"type":"Point","coordinates":[-106.250015,57.875008]}},{"type":"Feature","id":763,"properties":{"code":"074H01","s":"50k","role":"sheet"},"geometry":{"type":"Polygon","coordinates":[[[-104.500014,57.000008],[-104.000014,57.000008],[-104.000014,57.250008],[-104.500014,57.250008],[-104.500014,57.000008]]]}},{"type":"Feature","id":764,"properties":{"code":"074H01","s":"50k","role":"label"},"geometry":{"type":"Point","coordinates":[-104.250014,57.125008]}},{"type":"Feature","id":765,"properties":{"code":"074H02","s":"50k","role":"sheet"},"geometry":{"type":"Polygon","coordinates":[[[-105.000014,57.000008],[-104.500014,57.000008],[-104.500014,57.250008],[-105.000014,57.250008],[-105.000014,57.000008]]]}},{"type":"Feature","id":766,"properties":{"code":"074H02","s":"50k","role":"label"},"geometry":{"type":"Point","coordinates":[-104.750014,57.125008]}},{"type":"Feature","id":767,"properties":{"code":"074H03","s":"50k","role":"sheet"},"geometry":{"type":"Polygon","coordinates":[[[-105.500014,57.000008],[-105.000014,57.000008],[-105.000014,57.250008],[-105.500014,57.250008],[-105.500014,57.000008]]]}},{"type":"Feature","id":768,"properties":{"code":"074H03","s":"50k","role":"label"},"geometry":{"type":"Point","coordinates":[-105.250014,57.125008]}},{"type":"Feature","id":769,"properties":{"code":"074H04","s":"50k","role":"sheet"},"geometry":{"type":"Polygon","coordinates":[[[-106.000014,57.000008],[-105.500014,57.000008],[-105.500014,57.250008],[-106.000014,57.250008],[-106.000014,57.000008]]]}},{"type":"Feature","id":770,"properties":{"code":"074H04","s":"50k","role":"label"},"geometry":{"type":"Point","coordinates":[-105.750014,57.125008]}},{"type":"Feature","id":771,"properties":{"code":"074H05","s":"50k","role":"sheet"},"geometry":{"type":"Polygon","coordinates":[[[-106.000014,57.250008],[-105.500014,57.250008],[-105.500014,57.500008],[-106.000014,57.500008],[-106.000014,57.250008]]]}},{"type":"Feature","id":772,"properties":{"code":"074H05","s":"50k","role":"label"},"geometry":{"type":"Point","coordinates":[-105.750014,57.375008]}},{"type":"Feature","id":773,"properties":{"code":"074H06","s":"50k","role":"sheet"},"geometry":{"type":"Polygon","coordinates":[[[-105.500014,57.250008],[-105.000014,57.250008],[-105.000014,57.500008],[-105.500014,57.500008],[-105.500014,57.250008]]]}},{"type":"Feature","id":774,"properties":{"code":"074H06","s":"50k","role":"label"},"geometry":{"type":"Point","coordinates":[-105.250014,57.375008]}},{"type":"Feature","id":775,"properties":{"code":"074H07","s":"50k","role":"sheet"},"geometry":{"type":"Polygon","coordinates":[[[-105.000014,57.250008],[-104.500014,57.250008],[-104.500014,57.500008],[-105.000014,57.500008],[-105.000014,57.250008]]]}},{"type":"Feature","id":776,"properties":{"code":"074H07","s":"50k","role":"label"},"geometry":{"type":"Point","coordinates":[-104.750014,57.375008]}},{"type":"Feature","id":777,"properties":{"code":"074H08","s":"50k","role":"sheet"},"geometry":{"type":"Polygon","coordinates":[[[-104.500014,57.250008],[-104.000014,57.250008],[-104.000014,57.500008],[-104.500014,57.500008],[-104.500014,57.250008]]]}},{"type":"Feature","id":778,"properties":{"code":"074H08","s":"50k","role":"label"},"geometry":{"type":"Point","coordinates":[-104.250014,57.375008]}},{"type":"Feature","id":779,"properties":{"code":"074H09","s":"50k","role":"sheet"},"geometry":{"type":"Polygon","coordinates":[[[-104.500014,57.500008],[-104.000014,57.500008],[-104.000014,57.750008],[-104.500014,57.750008],[-104.500014,57.500008]]]}},{"type":"Feature","id":780,"properties":{"code":"074H09","s":"50k","role":"label"},"geometry":{"type":"Point","coordinates":[-104.250014,57.625008]}},{"type":"Feature","id":781,"properties":{"code":"074H10","s":"50k","role":"sheet"},"geometry":{"type":"Polygon","coordinates":[[[-105.000014,57.500008],[-104.500014,57.500008],[-104.500014,57.750008],[-105.000014,57.750008],[-105.000014,57.500008]]]}},{"type":"Feature","id":782,"properties":{"code":"074H10","s":"50k","role":"label"},"geometry":{"type":"Point","coordinates":[-104.750014,57.625008]}},{"type":"Feature","id":783,"properties":{"code":"074H11","s":"50k","role":"sheet"},"geometry":{"type":"Polygon","coordinates":[[[-105.500014,57.500008],[-105.000014,57.500008],[-105.000014,57.750008],[-105.500014,57.750008],[-105.500014,57.500008]]]}},{"type":"Feature","id":784,"properties":{"code":"074H11","s":"50k","role":"label"},"geometry":{"type":"Point","coordinates":[-105.250014,57.625008]}},{"type":"Feature","id":785,"properties":{"code":"074H12","s":"50k","role":"sheet"},"geometry":{"type":"Polygon","coordinates":[[[-106.000015,57.500008],[-105.500014,57.500008],[-105.500014,57.750008],[-106.000015,57.750008],[-106.000015,57.500008]]]}},{"type":"Feature","id":786,"properties":{"code":"074H12","s":"50k","role":"label"},"geometry":{"type":"Point","coordinates":[-105.750014,57.625008]}},{"type":"Feature","id":787,"properties":{"code":"074H13","s":"50k","role":"sheet"},"geometry":{"type":"Polygon","coordinates":[[[-106.000015,57.750008],[-105.500014,57.750008],[-105.500014,58.000008],[-106.000015,58.000008],[-106.000015,57.750008]]]}},{"type":"Feature","id":788,"properties":{"code":"074H13","s":"50k","role":"label"},"geometry":{"type":"Point","coordinates":[-105.750014,57.875008]}},{"type":"Feature","id":789,"properties":{"code":"074H14","s":"50k","role":"sheet"},"geometry":{"type":"Polygon","coordinates":[[[-105.500015,57.750008],[-105.000014,57.750008],[-105.000014,58.000008],[-105.500015,58.000008],[-105.500015,57.750008]]]}},{"type":"Feature","id":790,"properties":{"code":"074H14","s":"50k","role":"label"},"geometry":{"type":"Point","coordinates":[-105.250014,57.875008]}},{"type":"Feature","id":791,"properties":{"code":"074H15","s":"50k","role":"sheet"},"geometry":{"type":"Polygon","coordinates":[[[-105.000014,57.750008],[-104.500014,57.750008],[-104.500014,58.000008],[-105.000014,58.000008],[-105.000014,57.750008]]]}},{"type":"Feature","id":792,"properties":{"code":"074H15","s":"50k","role":"label"},"geometry":{"type":"Point","coordinates":[-104.750014,57.875008]}},{"type":"Feature","id":793,"properties":{"code":"074H16","s":"50k","role":"sheet"},"geometry":{"type":"Polygon","coordinates":[[[-104.500014,57.750008],[-104.000014,57.750008],[-104.000014,58.000008],[-104.500014,58.000008],[-104.500014,57.750008]]]}},{"type":"Feature","id":794,"properties":{"code":"074H16","s":"50k","role":"label"},"geometry":{"type":"Point","coordinates":[-104.250014,57.875008]}},{"type":"Feature","id":795,"properties":{"code":"074I01","s":"50k","role":"sheet"},"geometry":{"type":"Polygon","coordinates":[[[-104.500014,58.000008],[-104.000014,58.000008],[-104.000014,58.250008],[-104.500014,58.250008],[-104.500014,58.000008]]]}},{"type":"Feature","id":796,"properties":{"code":"074I01","s":"50k","role":"label"},"geometry":{"type":"Point","coordinates":[-104.250014,58.125008]}},{"type":"Feature","id":797,"properties":{"code":"074I02","s":"50k","role":"sheet"},"geometry":{"type":"Polygon","coordinates":[[[-105.000014,58.000008],[-104.500014,58.000008],[-104.500014,58.250008],[-105.000014,58.250008],[-105.000014,58.000008]]]}},{"type":"Feature","id":798,"properties":{"code":"074I02","s":"50k","role":"label"},"geometry":{"type":"Point","coordinates":[-104.750014,58.125008]}},{"type":"Feature","id":799,"properties":{"code":"074I03","s":"50k","role":"sheet"},"geometry":{"type":"Polygon","coordinates":[[[-105.500015,58.000008],[-105.000014,58.000008],[-105.000014,58.250008],[-105.500015,58.250008],[-105.500015,58.000008]]]}},{"type":"Feature","id":800,"properties":{"code":"074I03","s":"50k","role":"label"},"geometry":{"type":"Point","coordinates":[-105.250014,58.125008]}},{"type":"Feature","id":801,"properties":{"code":"074I04","s":"50k","role":"sheet"},"geometry":{"type":"Polygon","coordinates":[[[-106.000015,58.000008],[-105.500015,58.000008],[-105.500015,58.250008],[-106.000015,58.250008],[-106.000015,58.000008]]]}},{"type":"Feature","id":802,"properties":{"code":"074I04","s":"50k","role":"label"},"geometry":{"type":"Point","coordinates":[-105.750015,58.125008]}},{"type":"Feature","id":803,"properties":{"code":"074I05","s":"50k","role":"sheet"},"geometry":{"type":"Polygon","coordinates":[[[-106.000015,58.250008],[-105.500015,58.250008],[-105.500015,58.500008],[-106.000015,58.500008],[-106.000015,58.250008]]]}},{"type":"Feature","id":804,"properties":{"code":"074I05","s":"50k","role":"label"},"geometry":{"type":"Point","coordinates":[-105.750015,58.375008]}},{"type":"Feature","id":805,"properties":{"code":"074I06","s":"50k","role":"sheet"},"geometry":{"type":"Polygon","coordinates":[[[-105.500015,58.250008],[-105.000014,58.250008],[-105.000014,58.500008],[-105.500015,58.500008],[-105.500015,58.250008]]]}},{"type":"Feature","id":806,"properties":{"code":"074I06","s":"50k","role":"label"},"geometry":{"type":"Point","coordinates":[-105.250014,58.375008]}},{"type":"Feature","id":807,"properties":{"code":"074I07","s":"50k","role":"sheet"},"geometry":{"type":"Polygon","coordinates":[[[-105.000015,58.250008],[-104.500014,58.250008],[-104.500014,58.500008],[-105.000015,58.500008],[-105.000015,58.250008]]]}},{"type":"Feature","id":808,"properties":{"code":"074I07","s":"50k","role":"label"},"geometry":{"type":"Point","coordinates":[-104.750014,58.375008]}},{"type":"Feature","id":809,"properties":{"code":"074I08","s":"50k","role":"sheet"},"geometry":{"type":"Polygon","coordinates":[[[-104.500014,58.250008],[-104.000014,58.250008],[-104.000014,58.500008],[-104.500014,58.500008],[-104.500014,58.250008]]]}},{"type":"Feature","id":810,"properties":{"code":"074I08","s":"50k","role":"label"},"geometry":{"type":"Point","coordinates":[-104.250014,58.375008]}},{"type":"Feature","id":811,"properties":{"code":"074I09","s":"50k","role":"sheet"},"geometry":{"type":"Polygon","coordinates":[[[-104.500015,58.500008],[-104.000014,58.500008],[-104.000014,58.750008],[-104.500015,58.750008],[-104.500015,58.500008]]]}},{"type":"Feature","id":812,"properties":{"code":"074I09","s":"50k","role":"label"},"geometry":{"type":"Point","coordinates":[-104.250014,58.625008]}},{"type":"Feature","id":813,"properties":{"code":"074I10","s":"50k","role":"sheet"},"geometry":{"type":"Polygon","coordinates":[[[-105.000015,58.500008],[-104.500014,58.500008],[-104.500014,58.750008],[-105.000015,58.750008],[-105.000015,58.500008]]]}},{"type":"Feature","id":814,"properties":{"code":"074I10","s":"50k","role":"label"},"geometry":{"type":"Point","coordinates":[-104.750014,58.625008]}},{"type":"Feature","id":815,"properties":{"code":"074I11","s":"50k","role":"sheet"},"geometry":{"type":"Polygon","coordinates":[[[-105.500015,58.500008],[-105.000015,58.500008],[-105.000015,58.750008],[-105.500015,58.750008],[-105.500015,58.500008]]]}},{"type":"Feature","id":816,"properties":{"code":"074I11","s":"50k","role":"label"},"geometry":{"type":"Point","coordinates":[-105.250015,58.625008]}},{"type":"Feature","id":817,"properties":{"code":"074I12","s":"50k","role":"sheet"},"geometry":{"type":"Polygon","coordinates":[[[-106.000015,58.500008],[-105.500015,58.500008],[-105.500015,58.750008],[-106.000015,58.750008],[-106.000015,58.500008]]]}},{"type":"Feature","id":818,"properties":{"code":"074I12","s":"50k","role":"label"},"geometry":{"type":"Point","coordinates":[-105.750015,58.625008]}},{"type":"Feature","id":819,"properties":{"code":"074I13","s":"50k","role":"sheet"},"geometry":{"type":"Polygon","coordinates":[[[-106.000015,58.750008],[-105.500015,58.750008],[-105.500015,59.000008],[-106.000015,59.000008],[-106.000015,58.750008]]]}},{"type":"Feature","id":820,"properties":{"code":"074I13","s":"50k","role":"label"},"geometry":{"type":"Point","coordinates":[-105.750015,58.875008]}},{"type":"Feature","id":821,"properties":{"code":"074I14","s":"50k","role":"sheet"},"geometry":{"type":"Polygon","coordinates":[[[-105.500015,58.750008],[-105.000015,58.750008],[-105.000015,59.000008],[-105.500015,59.000008],[-105.500015,58.750008]]]}},{"type":"Feature","id":822,"properties":{"code":"074I14","s":"50k","role":"label"},"geometry":{"type":"Point","coordinates":[-105.250015,58.875008]}},{"type":"Feature","id":823,"properties":{"code":"074I15","s":"50k","role":"sheet"},"geometry":{"type":"Polygon","coordinates":[[[-105.000015,58.750008],[-104.500015,58.750008],[-104.500015,59.000008],[-105.000015,59.000008],[-105.000015,58.750008]]]}},{"type":"Feature","id":824,"properties":{"code":"074I15","s":"50k","role":"label"},"geometry":{"type":"Point","coordinates":[-104.750015,58.875008]}},{"type":"Feature","id":825,"properties":{"code":"074I16","s":"50k","role":"sheet"},"geometry":{"type":"Polygon","coordinates":[[[-104.500015,58.750008],[-104.000014,58.750008],[-104.000014,59.000008],[-104.500015,59.000008],[-104.500015,58.750008]]]}},{"type":"Feature","id":826,"properties":{"code":"074I16","s":"50k","role":"label"},"geometry":{"type":"Point","coordinates":[-104.250014,58.875008]}},{"type":"Feature","id":827,"properties":{"code":"074J01","s":"50k","role":"sheet"},"geometry":{"type":"Polygon","coordinates":[[[-106.500015,58.000008],[-106.000015,58.000008],[-106.000015,58.250008],[-106.500015,58.250008],[-106.500015,58.000008]]]}},{"type":"Feature","id":828,"properties":{"code":"074J01","s":"50k","role":"label"},"geometry":{"type":"Point","coordinates":[-106.250015,58.125008]}},{"type":"Feature","id":829,"properties":{"code":"074J02","s":"50k","role":"sheet"},"geometry":{"type":"Polygon","coordinates":[[[-107.000015,58.000008],[-106.500015,58.000008],[-106.500015,58.250008],[-107.000015,58.250008],[-107.000015,58.000008]]]}},{"type":"Feature","id":830,"properties":{"code":"074J02","s":"50k","role":"label"},"geometry":{"type":"Point","coordinates":[-106.750015,58.125008]}},{"type":"Feature","id":831,"properties":{"code":"074J03","s":"50k","role":"sheet"},"geometry":{"type":"Polygon","coordinates":[[[-107.500015,58.000008],[-107.000015,58.000008],[-107.000015,58.250008],[-107.500015,58.250008],[-107.500015,58.000008]]]}},{"type":"Feature","id":832,"properties":{"code":"074J03","s":"50k","role":"label"},"geometry":{"type":"Point","coordinates":[-107.250015,58.125008]}},{"type":"Feature","id":833,"properties":{"code":"074J04","s":"50k","role":"sheet"},"geometry":{"type":"Polygon","coordinates":[[[-108.000015,58.000008],[-107.500015,58.000008],[-107.500015,58.250008],[-108.000015,58.250008],[-108.000015,58.000008]]]}},{"type":"Feature","id":834,"properties":{"code":"074J04","s":"50k","role":"label"},"geometry":{"type":"Point","coordinates":[-107.750015,58.125008]}},{"type":"Feature","id":835,"properties":{"code":"074J05","s":"50k","role":"sheet"},"geometry":{"type":"Polygon","coordinates":[[[-108.000015,58.250008],[-107.500015,58.250008],[-107.500015,58.500008],[-108.000015,58.500008],[-108.000015,58.250008]]]}},{"type":"Feature","id":836,"properties":{"code":"074J05","s":"50k","role":"label"},"geometry":{"type":"Point","coordinates":[-107.750015,58.375008]}},{"type":"Feature","id":837,"properties":{"code":"074J06","s":"50k","role":"sheet"},"geometry":{"type":"Polygon","coordinates":[[[-107.500015,58.250008],[-107.000015,58.250008],[-107.000015,58.500008],[-107.500015,58.500008],[-107.500015,58.250008]]]}},{"type":"Feature","id":838,"properties":{"code":"074J06","s":"50k","role":"label"},"geometry":{"type":"Point","coordinates":[-107.250015,58.375008]}},{"type":"Feature","id":839,"properties":{"code":"074J07","s":"50k","role":"sheet"},"geometry":{"type":"Polygon","coordinates":[[[-107.000015,58.250008],[-106.500015,58.250008],[-106.500015,58.500008],[-107.000015,58.500008],[-107.000015,58.250008]]]}},{"type":"Feature","id":840,"properties":{"code":"074J07","s":"50k","role":"label"},"geometry":{"type":"Point","coordinates":[-106.750015,58.375008]}},{"type":"Feature","id":841,"properties":{"code":"074J08","s":"50k","role":"sheet"},"geometry":{"type":"Polygon","coordinates":[[[-106.500015,58.250008],[-106.000015,58.250008],[-106.000015,58.500008],[-106.500015,58.500008],[-106.500015,58.250008]]]}},{"type":"Feature","id":842,"properties":{"code":"074J08","s":"50k","role":"label"},"geometry":{"type":"Point","coordinates":[-106.250015,58.375008]}},{"type":"Feature","id":843,"properties":{"code":"074J09","s":"50k","role":"sheet"},"geometry":{"type":"Polygon","coordinates":[[[-106.500015,58.500008],[-106.000015,58.500008],[-106.000015,58.750008],[-106.500015,58.750008],[-106.500015,58.500008]]]}},{"type":"Feature","id":844,"properties":{"code":"074J09","s":"50k","role":"label"},"geometry":{"type":"Point","coordinates":[-106.250015,58.625008]}},{"type":"Feature","id":845,"properties":{"code":"074J10","s":"50k","role":"sheet"},"geometry":{"type":"Polygon","coordinates":[[[-107.000015,58.500008],[-106.500015,58.500008],[-106.500015,58.750008],[-107.000015,58.750008],[-107.000015,58.500008]]]}},{"type":"Feature","id":846,"properties":{"code":"074J10","s":"50k","role":"label"},"geometry":{"type":"Point","coordinates":[-106.750015,58.625008]}},{"type":"Feature","id":847,"properties":{"code":"074J11","s":"50k","role":"sheet"},"geometry":{"type":"Polygon","coordinates":[[[-107.500015,58.500008],[-107.000015,58.500008],[-107.000015,58.750008],[-107.500015,58.750008],[-107.500015,58.500008]]]}},{"type":"Feature","id":848,"properties":{"code":"074J11","s":"50k","role":"label"},"geometry":{"type":"Point","coordinates":[-107.250015,58.625008]}},{"type":"Feature","id":849,"properties":{"code":"074J12","s":"50k","role":"sheet"},"geometry":{"type":"Polygon","coordinates":[[[-108.000016,58.500008],[-107.500015,58.500008],[-107.500015,58.750008],[-108.000016,58.750008],[-108.000016,58.500008]]]}},{"type":"Feature","id":850,"properties":{"code":"074J12","s":"50k","role":"label"},"geometry":{"type":"Point","coordinates":[-107.750016,58.625008]}},{"type":"Feature","id":851,"properties":{"code":"074J13","s":"50k","role":"sheet"},"geometry":{"type":"Polygon","coordinates":[[[-108.000016,58.750008],[-107.500015,58.750008],[-107.500015,59.000008],[-108.000016,59.000008],[-108.000016,58.750008]]]}},{"type":"Feature","id":852,"properties":{"code":"074J13","s":"50k","role":"label"},"geometry":{"type":"Point","coordinates":[-107.750016,58.875008]}},{"type":"Feature","id":853,"properties":{"code":"074J14","s":"50k","role":"sheet"},"geometry":{"type":"Polygon","coordinates":[[[-107.500016,58.750008],[-107.000015,58.750008],[-107.000015,59.000008],[-107.500016,59.000008],[-107.500016,58.750008]]]}},{"type":"Feature","id":854,"properties":{"code":"074J14","s":"50k","role":"label"},"geometry":{"type":"Point","coordinates":[-107.250016,58.875008]}},{"type":"Feature","id":855,"properties":{"code":"074J15","s":"50k","role":"sheet"},"geometry":{"type":"Polygon","coordinates":[[[-107.000015,58.750008],[-106.500015,58.750008],[-106.500015,59.000008],[-107.000015,59.000008],[-107.000015,58.750008]]]}},{"type":"Feature","id":856,"properties":{"code":"074J15","s":"50k","role":"label"},"geometry":{"type":"Point","coordinates":[-106.750015,58.875008]}},{"type":"Feature","id":857,"properties":{"code":"074J16","s":"50k","role":"sheet"},"geometry":{"type":"Polygon","coordinates":[[[-106.500015,58.750008],[-106.000015,58.750008],[-106.000015,59.000008],[-106.500015,59.000008],[-106.500015,58.750008]]]}},{"type":"Feature","id":858,"properties":{"code":"074J16","s":"50k","role":"label"},"geometry":{"type":"Point","coordinates":[-106.250015,58.875008]}},{"type":"Feature","id":859,"properties":{"code":"074K01","s":"50k","role":"sheet"},"geometry":{"type":"Polygon","coordinates":[[[-108.500015,58.000008],[-108.000015,58.000008],[-108.000015,58.250008],[-108.500015,58.250008],[-108.500015,58.000008]]]}},{"type":"Feature","id":860,"properties":{"code":"074K01","s":"50k","role":"label"},"geometry":{"type":"Point","coordinates":[-108.250015,58.125008]}},{"type":"Feature","id":861,"properties":{"code":"074K02","s":"50k","role":"sheet"},"geometry":{"type":"Polygon","coordinates":[[[-109.000016,58.000008],[-108.500015,58.000008],[-108.500015,58.250008],[-109.000016,58.250008],[-109.000016,58.000008]]]}},{"type":"Feature","id":862,"properties":{"code":"074K02","s":"50k","role":"label"},"geometry":{"type":"Point","coordinates":[-108.750016,58.125008]}},{"type":"Feature","id":863,"properties":{"code":"074K03","s":"50k","role":"sheet"},"geometry":{"type":"Polygon","coordinates":[[[-109.500016,58.000008],[-109.000016,58.000008],[-109.000016,58.250008],[-109.500016,58.250008],[-109.500016,58.000008]]]}},{"type":"Feature","id":864,"properties":{"code":"074K03","s":"50k","role":"label"},"geometry":{"type":"Point","coordinates":[-109.250016,58.125008]}},{"type":"Feature","id":865,"properties":{"code":"074K04","s":"50k","role":"sheet"},"geometry":{"type":"Polygon","coordinates":[[[-110.000016,58.000008],[-109.500016,58.000008],[-109.500016,58.250008],[-110.000016,58.250008],[-110.000016,58.000008]]]}},{"type":"Feature","id":866,"properties":{"code":"074K04","s":"50k","role":"label"},"geometry":{"type":"Point","coordinates":[-109.750016,58.125008]}},{"type":"Feature","id":867,"properties":{"code":"074K05","s":"50k","role":"sheet"},"geometry":{"type":"Polygon","coordinates":[[[-110.000016,58.250008],[-109.500016,58.250008],[-109.500016,58.500008],[-110.000016,58.500008],[-110.000016,58.250008]]]}},{"type":"Feature","id":868,"properties":{"code":"074K05","s":"50k","role":"label"},"geometry":{"type":"Point","coordinates":[-109.750016,58.375008]}},{"type":"Feature","id":869,"properties":{"code":"074K06","s":"50k","role":"sheet"},"geometry":{"type":"Polygon","coordinates":[[[-109.500016,58.250008],[-109.000016,58.250008],[-109.000016,58.500008],[-109.500016,58.500008],[-109.500016,58.250008]]]}},{"type":"Feature","id":870,"properties":{"code":"074K06","s":"50k","role":"label"},"geometry":{"type":"Point","coordinates":[-109.250016,58.375008]}},{"type":"Feature","id":871,"properties":{"code":"074K07","s":"50k","role":"sheet"},"geometry":{"type":"Polygon","coordinates":[[[-109.000016,58.250008],[-108.500015,58.250008],[-108.500015,58.500008],[-109.000016,58.500008],[-109.000016,58.250008]]]}},{"type":"Feature","id":872,"properties":{"code":"074K07","s":"50k","role":"label"},"geometry":{"type":"Point","coordinates":[-108.750016,58.375008]}},{"type":"Feature","id":873,"properties":{"code":"074K08","s":"50k","role":"sheet"},"geometry":{"type":"Polygon","coordinates":[[[-108.500016,58.250008],[-108.000015,58.250008],[-108.000015,58.500008],[-108.500016,58.500008],[-108.500016,58.250008]]]}},{"type":"Feature","id":874,"properties":{"code":"074K08","s":"50k","role":"label"},"geometry":{"type":"Point","coordinates":[-108.250016,58.375008]}},{"type":"Feature","id":875,"properties":{"code":"074K09","s":"50k","role":"sheet"},"geometry":{"type":"Polygon","coordinates":[[[-108.500016,58.500008],[-108.000015,58.500008],[-108.000015,58.750008],[-108.500016,58.750008],[-108.500016,58.500008]]]}},{"type":"Feature","id":876,"properties":{"code":"074K09","s":"50k","role":"label"},"geometry":{"type":"Point","coordinates":[-108.250016,58.625008]}},{"type":"Feature","id":877,"properties":{"code":"074K10","s":"50k","role":"sheet"},"geometry":{"type":"Polygon","coordinates":[[[-109.000016,58.500008],[-108.500016,58.500008],[-108.500016,58.750008],[-109.000016,58.750008],[-109.000016,58.500008]]]}},{"type":"Feature","id":878,"properties":{"code":"074K10","s":"50k","role":"label"},"geometry":{"type":"Point","coordinates":[-108.750016,58.625008]}},{"type":"Feature","id":879,"properties":{"code":"074K11","s":"50k","role":"sheet"},"geometry":{"type":"Polygon","coordinates":[[[-109.500016,58.500008],[-109.000016,58.500008],[-109.000016,58.750008],[-109.500016,58.750008],[-109.500016,58.500008]]]}},{"type":"Feature","id":880,"properties":{"code":"074K11","s":"50k","role":"label"},"geometry":{"type":"Point","coordinates":[-109.250016,58.625008]}},{"type":"Feature","id":881,"properties":{"code":"074K12","s":"50k","role":"sheet"},"geometry":{"type":"Polygon","coordinates":[[[-110.000016,58.500008],[-109.500016,58.500008],[-109.500016,58.750008],[-110.000016,58.750008],[-110.000016,58.500008]]]}},{"type":"Feature","id":882,"properties":{"code":"074K12","s":"50k","role":"label"},"geometry":{"type":"Point","coordinates":[-109.750016,58.625008]}},{"type":"Feature","id":883,"properties":{"code":"074K13","s":"50k","role":"sheet"},"geometry":{"type":"Polygon","coordinates":[[[-110.000016,58.750008],[-109.500016,58.750008],[-109.500016,59.000008],[-110.000016,59.000008],[-110.000016,58.750008]]]}},{"type":"Feature","id":884,"properties":{"code":"074K13","s":"50k","role":"label"},"geometry":{"type":"Point","coordinates":[-109.750016,58.875008]}},{"type":"Feature","id":885,"properties":{"code":"074K14","s":"50k","role":"sheet"},"geometry":{"type":"Polygon","coordinates":[[[-109.500016,58.750008],[-109.000016,58.750008],[-109.000016,59.000008],[-109.500016,59.000008],[-109.500016,58.750008]]]}},{"type":"Feature","id":886,"properties":{"code":"074K14","s":"50k","role":"label"},"geometry":{"type":"Point","coordinates":[-109.250016,58.875008]}},{"type":"Feature","id":887,"properties":{"code":"074K15","s":"50k","role":"sheet"},"geometry":{"type":"Polygon","coordinates":[[[-109.000016,58.750008],[-108.500016,58.750008],[-108.500016,59.000008],[-109.000016,59.000008],[-109.000016,58.750008]]]}},{"type":"Feature","id":888,"properties":{"code":"074K15","s":"50k","role":"label"},"geometry":{"type":"Point","coordinates":[-108.750016,58.875008]}},{"type":"Feature","id":889,"properties":{"code":"074K16","s":"50k","role":"sheet"},"geometry":{"type":"Polygon","coordinates":[[[-108.500016,58.750008],[-108.000016,58.750008],[-108.000016,59.000008],[-108.500016,59.000008],[-108.500016,58.750008]]]}},{"type":"Feature","id":890,"properties":{"code":"074K16","s":"50k","role":"label"},"geometry":{"type":"Point","coordinates":[-108.250016,58.875008]}},{"type":"Feature","id":891,"properties":{"code":"074L01","s":"50k","role":"sheet"},"geometry":{"type":"Polygon","coordinates":[[[-110.500016,58.000008],[-110.000016,58.000008],[-110.000016,58.250008],[-110.500016,58.250008],[-110.500016,58.000008]]]}},{"type":"Feature","id":892,"properties":{"code":"074L01","s":"50k","role":"label"},"geometry":{"type":"Point","coordinates":[-110.250016,58.125008]}},{"type":"Feature","id":893,"properties":{"code":"074L02","s":"50k","role":"sheet"},"geometry":{"type":"Polygon","coordinates":[[[-111.000016,58.000008],[-110.500016,58.000008],[-110.500016,58.250008],[-111.000016,58.250008],[-111.000016,58.000008]]]}},{"type":"Feature","id":894,"properties":{"code":"074L02","s":"50k","role":"label"},"geometry":{"type":"Point","coordinates":[-110.750016,58.125008]}},{"type":"Feature","id":895,"properties":{"code":"074L03","s":"50k","role":"sheet"},"geometry":{"type":"Polygon","coordinates":[[[-111.500016,58.000007],[-111.000016,58.000007],[-111.000016,58.250008],[-111.500016,58.250008],[-111.500016,58.000007]]]}},{"type":"Feature","id":896,"properties":{"code":"074L03","s":"50k","role":"label"},"geometry":{"type":"Point","coordinates":[-111.250016,58.125007]}},{"type":"Feature","id":897,"properties":{"code":"074L04","s":"50k","role":"sheet"},"geometry":{"type":"Polygon","coordinates":[[[-112.000016,58.000007],[-111.500016,58.000007],[-111.500016,58.250007],[-112.000016,58.250007],[-112.000016,58.000007]]]}},{"type":"Feature","id":898,"properties":{"code":"074L04","s":"50k","role":"label"},"geometry":{"type":"Point","coordinates":[-111.750016,58.125007]}},{"type":"Feature","id":899,"properties":{"code":"074L05","s":"50k","role":"sheet"},"geometry":{"type":"Polygon","coordinates":[[[-112.000017,58.250007],[-111.500016,58.250007],[-111.500016,58.500007],[-112.000017,58.500007],[-112.000017,58.250007]]]}},{"type":"Feature","id":900,"properties":{"code":"074L05","s":"50k","role":"label"},"geometry":{"type":"Point","coordinates":[-111.750017,58.375007]}},{"type":"Feature","id":901,"properties":{"code":"074L06","s":"50k","role":"sheet"},"geometry":{"type":"Polygon","coordinates":[[[-111.500016,58.250007],[-111.000016,58.250007],[-111.000016,58.500008],[-111.500016,58.500008],[-111.500016,58.250007]]]}},{"type":"Feature","id":902,"properties":{"code":"074L06","s":"50k","role":"label"},"geometry":{"type":"Point","coordinates":[-111.250016,58.375007]}},{"type":"Feature","id":903,"properties":{"code":"074L07","s":"50k","role":"sheet"},"geometry":{"type":"Polygon","coordinates":[[[-111.000016,58.250008],[-110.500016,58.250008],[-110.500016,58.500008],[-111.000016,58.500008],[-111.000016,58.250008]]]}},{"type":"Feature","id":904,"properties":{"code":"074L07","s":"50k","role":"label"},"geometry":{"type":"Point","coordinates":[-110.750016,58.375008]}},{"type":"Feature","id":905,"properties":{"code":"074L08","s":"50k","role":"sheet"},"geometry":{"type":"Polygon","coordinates":[[[-110.500016,58.250008],[-110.000016,58.250008],[-110.000016,58.500008],[-110.500016,58.500008],[-110.500016,58.250008]]]}},{"type":"Feature","id":906,"properties":{"code":"074L08","s":"50k","role":"label"},"geometry":{"type":"Point","coordinates":[-110.250016,58.375008]}},{"type":"Feature","id":907,"properties":{"code":"074L09","s":"50k","role":"sheet"},"geometry":{"type":"Polygon","coordinates":[[[-110.500016,58.500008],[-110.000016,58.500008],[-110.000016,58.750008],[-110.500016,58.750008],[-110.500016,58.500008]]]}},{"type":"Feature","id":908,"properties":{"code":"074L09","s":"50k","role":"label"},"geometry":{"type":"Point","coordinates":[-110.250016,58.625008]}},{"type":"Feature","id":909,"properties":{"code":"074L10","s":"50k","role":"sheet"},"geometry":{"type":"Polygon","coordinates":[[[-111.000016,58.500008],[-110.500016,58.500008],[-110.500016,58.750008],[-111.000016,58.750008],[-111.000016,58.500008]]]}},{"type":"Feature","id":910,"properties":{"code":"074L10","s":"50k","role":"label"},"geometry":{"type":"Point","coordinates":[-110.750016,58.625008]}},{"type":"Feature","id":911,"properties":{"code":"074L11","s":"50k","role":"sheet"},"geometry":{"type":"Polygon","coordinates":[[[-111.500017,58.500007],[-111.000016,58.500007],[-111.000016,58.750008],[-111.500017,58.750008],[-111.500017,58.500007]]]}},{"type":"Feature","id":912,"properties":{"code":"074L11","s":"50k","role":"label"},"geometry":{"type":"Point","coordinates":[-111.250017,58.625007]}},{"type":"Feature","id":913,"properties":{"code":"074L12","s":"50k","role":"sheet"},"geometry":{"type":"Polygon","coordinates":[[[-112.000017,58.500007],[-111.500016,58.500007],[-111.500016,58.750007],[-112.000017,58.750007],[-112.000017,58.500007]]]}},{"type":"Feature","id":914,"properties":{"code":"074L12","s":"50k","role":"label"},"geometry":{"type":"Point","coordinates":[-111.750017,58.625007]}},{"type":"Feature","id":915,"properties":{"code":"074L13","s":"50k","role":"sheet"},"geometry":{"type":"Polygon","coordinates":[[[-112.000017,58.750007],[-111.500017,58.750007],[-111.500017,59.000007],[-112.000017,59.000007],[-112.000017,58.750007]]]}},{"type":"Feature","id":916,"properties":{"code":"074L13","s":"50k","role":"label"},"geometry":{"type":"Point","coordinates":[-111.750017,58.875007]}},{"type":"Feature","id":917,"properties":{"code":"074L14","s":"50k","role":"sheet"},"geometry":{"type":"Polygon","coordinates":[[[-111.500017,58.750007],[-111.000016,58.750007],[-111.000016,59.000008],[-111.500017,59.000008],[-111.500017,58.750007]]]}},{"type":"Feature","id":918,"properties":{"code":"074L14","s":"50k","role":"label"},"geometry":{"type":"Point","coordinates":[-111.250017,58.875007]}},{"type":"Feature","id":919,"properties":{"code":"074L15","s":"50k","role":"sheet"},"geometry":{"type":"Polygon","coordinates":[[[-111.000016,58.750008],[-110.500016,58.750008],[-110.500016,59.000008],[-111.000016,59.000008],[-111.000016,58.750008]]]}},{"type":"Feature","id":920,"properties":{"code":"074L15","s":"50k","role":"label"},"geometry":{"type":"Point","coordinates":[-110.750016,58.875008]}},{"type":"Feature","id":921,"properties":{"code":"074L16","s":"50k","role":"sheet"},"geometry":{"type":"Polygon","coordinates":[[[-110.500016,58.750008],[-110.000016,58.750008],[-110.000016,59.000008],[-110.500016,59.000008],[-110.500016,58.750008]]]}},{"type":"Feature","id":922,"properties":{"code":"074L16","s":"50k","role":"label"},"geometry":{"type":"Point","coordinates":[-110.250016,58.875008]}},{"type":"Feature","id":923,"properties":{"code":"074M01","s":"50k","role":"sheet"},"geometry":{"type":"Polygon","coordinates":[[[-110.500016,59.000008],[-110.000016,59.000008],[-110.000016,59.250008],[-110.500016,59.250008],[-110.500016,59.000008]]]}},{"type":"Feature","id":924,"properties":{"code":"074M01","s":"50k","role":"label"},"geometry":{"type":"Point","coordinates":[-110.250016,59.125008]}},{"type":"Feature","id":925,"properties":{"code":"074M02","s":"50k","role":"sheet"},"geometry":{"type":"Polygon","coordinates":[[[-111.000017,59.000008],[-110.500016,59.000008],[-110.500016,59.250008],[-111.000017,59.250008],[-111.000017,59.000008]]]}},{"type":"Feature","id":926,"properties":{"code":"074M02","s":"50k","role":"label"},"geometry":{"type":"Point","coordinates":[-110.750017,59.125008]}},{"type":"Feature","id":927,"properties":{"code":"074M03","s":"50k","role":"sheet"},"geometry":{"type":"Polygon","coordinates":[[[-111.500017,59.000007],[-111.000016,59.000007],[-111.000016,59.250008],[-111.500017,59.250008],[-111.500017,59.000007]]]}},{"type":"Feature","id":928,"properties":{"code":"074M03","s":"50k","role":"label"},"geometry":{"type":"Point","coordinates":[-111.250017,59.125007]}},{"type":"Feature","id":929,"properties":{"code":"074M04","s":"50k","role":"sheet"},"geometry":{"type":"Polygon","coordinates":[[[-112.000017,59.000007],[-111.500017,59.000007],[-111.500017,59.250008],[-112.000017,59.250008],[-112.000017,59.000007]]]}},{"type":"Feature","id":930,"properties":{"code":"074M04","s":"50k","role":"label"},"geometry":{"type":"Point","coordinates":[-111.750017,59.125007]}},{"type":"Feature","id":931,"properties":{"code":"074M05","s":"50k","role":"sheet"},"geometry":{"type":"Polygon","coordinates":[[[-112.000017,59.250007],[-111.500017,59.250007],[-111.500017,59.500008],[-112.000017,59.500008],[-112.000017,59.250007]]]}},{"type":"Feature","id":932,"properties":{"code":"074M05","s":"50k","role":"label"},"geometry":{"type":"Point","coordinates":[-111.750017,59.375007]}},{"type":"Feature","id":933,"properties":{"code":"074M06","s":"50k","role":"sheet"},"geometry":{"type":"Polygon","coordinates":[[[-111.500017,59.250008],[-111.000017,59.250008],[-111.000017,59.500008],[-111.500017,59.500008],[-111.500017,59.250008]]]}},{"type":"Feature","id":934,"properties":{"code":"074M06","s":"50k","role":"label"},"geometry":{"type":"Point","coordinates":[-111.250017,59.375008]}},{"type":"Feature","id":935,"properties":{"code":"074M07","s":"50k","role":"sheet"},"geometry":{"type":"Polygon","coordinates":[[[-111.000017,59.250008],[-110.500016,59.250008],[-110.500016,59.500008],[-111.000017,59.500008],[-111.000017,59.250008]]]}},{"type":"Feature","id":936,"properties":{"code":"074M07","s":"50k","role":"label"},"geometry":{"type":"Point","coordinates":[-110.750017,59.375008]}},{"type":"Feature","id":937,"properties":{"code":"074M08","s":"50k","role":"sheet"},"geometry":{"type":"Polygon","coordinates":[[[-110.500017,59.250008],[-110.000016,59.250008],[-110.000016,59.500008],[-110.500017,59.500008],[-110.500017,59.250008]]]}},{"type":"Feature","id":938,"properties":{"code":"074M08","s":"50k","role":"label"},"geometry":{"type":"Point","coordinates":[-110.250017,59.375008]}},{"type":"Feature","id":939,"properties":{"code":"074M09","s":"50k","role":"sheet"},"geometry":{"type":"Polygon","coordinates":[[[-110.500017,59.500008],[-110.000016,59.500008],[-110.000016,59.750008],[-110.500017,59.750008],[-110.500017,59.500008]]]}},{"type":"Feature","id":940,"properties":{"code":"074M09","s":"50k","role":"label"},"geometry":{"type":"Point","coordinates":[-110.250017,59.625008]}},{"type":"Feature","id":941,"properties":{"code":"074M10","s":"50k","role":"sheet"},"geometry":{"type":"Polygon","coordinates":[[[-111.000017,59.500008],[-110.500017,59.500008],[-110.500017,59.750008],[-111.000017,59.750008],[-111.000017,59.500008]]]}},{"type":"Feature","id":942,"properties":{"code":"074M10","s":"50k","role":"label"},"geometry":{"type":"Point","coordinates":[-110.750017,59.625008]}},{"type":"Feature","id":943,"properties":{"code":"074M11","s":"50k","role":"sheet"},"geometry":{"type":"Polygon","coordinates":[[[-111.500017,59.500008],[-111.000017,59.500008],[-111.000017,59.750008],[-111.500017,59.750008],[-111.500017,59.500008]]]}},{"type":"Feature","id":944,"properties":{"code":"074M11","s":"50k","role":"label"},"geometry":{"type":"Point","coordinates":[-111.250017,59.625008]}},{"type":"Feature","id":945,"properties":{"code":"074M12","s":"50k","role":"sheet"},"geometry":{"type":"Polygon","coordinates":[[[-112.000017,59.500007],[-111.500017,59.500007],[-111.500017,59.750008],[-112.000017,59.750008],[-112.000017,59.500007]]]}},{"type":"Feature","id":946,"properties":{"code":"074M12","s":"50k","role":"label"},"geometry":{"type":"Point","coordinates":[-111.750017,59.625007]}},{"type":"Feature","id":947,"properties":{"code":"074M13","s":"50k","role":"sheet"},"geometry":{"type":"Polygon","coordinates":[[[-112.000017,59.750007],[-111.500017,59.750007],[-111.500017,60.000008],[-112.000017,60.000008],[-112.000017,59.750007]]]}},{"type":"Feature","id":948,"properties":{"code":"074M13","s":"50k","role":"label"},"geometry":{"type":"Point","coordinates":[-111.750017,59.875007]}},{"type":"Feature","id":949,"properties":{"code":"074M14","s":"50k","role":"sheet"},"geometry":{"type":"Polygon","coordinates":[[[-111.500017,59.750008],[-111.000017,59.750008],[-111.000017,60.000008],[-111.500017,60.000008],[-111.500017,59.750008]]]}},{"type":"Feature","id":950,"properties":{"code":"074M14","s":"50k","role":"label"},"geometry":{"type":"Point","coordinates":[-111.250017,59.875008]}},{"type":"Feature","id":951,"properties":{"code":"074M15","s":"50k","role":"sheet"},"geometry":{"type":"Polygon","coordinates":[[[-111.000017,59.750008],[-110.500017,59.750008],[-110.500017,60.000008],[-111.000017,60.000008],[-111.000017,59.750008]]]}},{"type":"Feature","id":952,"properties":{"code":"074M15","s":"50k","role":"label"},"geometry":{"type":"Point","coordinates":[-110.750017,59.875008]}},{"type":"Feature","id":953,"properties":{"code":"074M16","s":"50k","role":"sheet"},"geometry":{"type":"Polygon","coordinates":[[[-110.500017,59.750008],[-110.000017,59.750008],[-110.000017,60.000008],[-110.500017,60.000008],[-110.500017,59.750008]]]}},{"type":"Feature","id":954,"properties":{"code":"074M16","s":"50k","role":"label"},"geometry":{"type":"Point","coordinates":[-110.250017,59.875008]}},{"type":"Feature","id":955,"properties":{"code":"074N01","s":"50k","role":"sheet"},"geometry":{"type":"Polygon","coordinates":[[[-108.500016,59.000008],[-108.000016,59.000008],[-108.000016,59.250008],[-108.500016,59.250008],[-108.500016,59.000008]]]}},{"type":"Feature","id":956,"properties":{"code":"074N01","s":"50k","role":"label"},"geometry":{"type":"Point","coordinates":[-108.250016,59.125008]}},{"type":"Feature","id":957,"properties":{"code":"074N02","s":"50k","role":"sheet"},"geometry":{"type":"Polygon","coordinates":[[[-109.000016,59.000008],[-108.500016,59.000008],[-108.500016,59.250008],[-109.000016,59.250008],[-109.000016,59.000008]]]}},{"type":"Feature","id":958,"properties":{"code":"074N02","s":"50k","role":"label"},"geometry":{"type":"Point","coordinates":[-108.750016,59.125008]}},{"type":"Feature","id":959,"properties":{"code":"074N03","s":"50k","role":"sheet"},"geometry":{"type":"Polygon","coordinates":[[[-109.500016,59.000008],[-109.000016,59.000008],[-109.000016,59.250008],[-109.500016,59.250008],[-109.500016,59.000008]]]}},{"type":"Feature","id":960,"properties":{"code":"074N03","s":"50k","role":"label"},"geometry":{"type":"Point","coordinates":[-109.250016,59.125008]}},{"type":"Feature","id":961,"properties":{"code":"074N04","s":"50k","role":"sheet"},"geometry":{"type":"Polygon","coordinates":[[[-110.000016,59.000008],[-109.500016,59.000008],[-109.500016,59.250008],[-110.000016,59.250008],[-110.000016,59.000008]]]}},{"type":"Feature","id":962,"properties":{"code":"074N04","s":"50k","role":"label"},"geometry":{"type":"Point","coordinates":[-109.750016,59.125008]}},{"type":"Feature","id":963,"properties":{"code":"074N05","s":"50k","role":"sheet"},"geometry":{"type":"Polygon","coordinates":[[[-110.000016,59.250008],[-109.500016,59.250008],[-109.500016,59.500008],[-110.000016,59.500008],[-110.000016,59.250008]]]}},{"type":"Feature","id":964,"properties":{"code":"074N05","s":"50k","role":"label"},"geometry":{"type":"Point","coordinates":[-109.750016,59.375008]}},{"type":"Feature","id":965,"properties":{"code":"074N06","s":"50k","role":"sheet"},"geometry":{"type":"Polygon","coordinates":[[[-109.500016,59.250008],[-109.000016,59.250008],[-109.000016,59.500008],[-109.500016,59.500008],[-109.500016,59.250008]]]}},{"type":"Feature","id":966,"properties":{"code":"074N06","s":"50k","role":"label"},"geometry":{"type":"Point","coordinates":[-109.250016,59.375008]}},{"type":"Feature","id":967,"properties":{"code":"074N07","s":"50k","role":"sheet"},"geometry":{"type":"Polygon","coordinates":[[[-109.000016,59.250008],[-108.500016,59.250008],[-108.500016,59.500008],[-109.000016,59.500008],[-109.000016,59.250008]]]}},{"type":"Feature","id":968,"properties":{"code":"074N07","s":"50k","role":"label"},"geometry":{"type":"Point","coordinates":[-108.750016,59.375008]}},{"type":"Feature","id":969,"properties":{"code":"074N08","s":"50k","role":"sheet"},"geometry":{"type":"Polygon","coordinates":[[[-108.500016,59.250008],[-108.000016,59.250008],[-108.000016,59.500008],[-108.500016,59.500008],[-108.500016,59.250008]]]}},{"type":"Feature","id":970,"properties":{"code":"074N08","s":"50k","role":"label"},"geometry":{"type":"Point","coordinates":[-108.250016,59.375008]}},{"type":"Feature","id":971,"properties":{"code":"074N09","s":"50k","role":"sheet"},"geometry":{"type":"Polygon","coordinates":[[[-108.500016,59.500008],[-108.000016,59.500008],[-108.000016,59.750008],[-108.500016,59.750008],[-108.500016,59.500008]]]}},{"type":"Feature","id":972,"properties":{"code":"074N09","s":"50k","role":"label"},"geometry":{"type":"Point","coordinates":[-108.250016,59.625008]}},{"type":"Feature","id":973,"properties":{"code":"074N10","s":"50k","role":"sheet"},"geometry":{"type":"Polygon","coordinates":[[[-109.000016,59.500008],[-108.500016,59.500008],[-108.500016,59.750008],[-109.000016,59.750008],[-109.000016,59.500008]]]}},{"type":"Feature","id":974,"properties":{"code":"074N10","s":"50k","role":"label"},"geometry":{"type":"Point","coordinates":[-108.750016,59.625008]}},{"type":"Feature","id":975,"properties":{"code":"074N11","s":"50k","role":"sheet"},"geometry":{"type":"Polygon","coordinates":[[[-109.500016,59.500008],[-109.000016,59.500008],[-109.000016,59.750008],[-109.500016,59.750008],[-109.500016,59.500008]]]}},{"type":"Feature","id":976,"properties":{"code":"074N11","s":"50k","role":"label"},"geometry":{"type":"Point","coordinates":[-109.250016,59.625008]}},{"type":"Feature","id":977,"properties":{"code":"074N12","s":"50k","role":"sheet"},"geometry":{"type":"Polygon","coordinates":[[[-110.000017,59.500008],[-109.500016,59.500008],[-109.500016,59.750008],[-110.000017,59.750008],[-110.000017,59.500008]]]}},{"type":"Feature","id":978,"properties":{"code":"074N12","s":"50k","role":"label"},"geometry":{"type":"Point","coordinates":[-109.750017,59.625008]}},{"type":"Feature","id":979,"properties":{"code":"074N13","s":"50k","role":"sheet"},"geometry":{"type":"Polygon","coordinates":[[[-110.000017,59.750008],[-109.500016,59.750008],[-109.500016,60.000008],[-110.000017,60.000008],[-110.000017,59.750008]]]}},{"type":"Feature","id":980,"properties":{"code":"074N13","s":"50k","role":"label"},"geometry":{"type":"Point","coordinates":[-109.750017,59.875008]}},{"type":"Feature","id":981,"properties":{"code":"074N14","s":"50k","role":"sheet"},"geometry":{"type":"Polygon","coordinates":[[[-109.500017,59.750008],[-109.000016,59.750008],[-109.000016,60.000008],[-109.500017,60.000008],[-109.500017,59.750008]]]}},{"type":"Feature","id":982,"properties":{"code":"074N14","s":"50k","role":"label"},"geometry":{"type":"Point","coordinates":[-109.250017,59.875008]}},{"type":"Feature","id":983,"properties":{"code":"074N15","s":"50k","role":"sheet"},"geometry":{"type":"Polygon","coordinates":[[[-109.000016,59.750008],[-108.500016,59.750008],[-108.500016,60.000008],[-109.000016,60.000008],[-109.000016,59.750008]]]}},{"type":"Feature","id":984,"properties":{"code":"074N15","s":"50k","role":"label"},"geometry":{"type":"Point","coordinates":[-108.750016,59.875008]}},{"type":"Feature","id":985,"properties":{"code":"074N16","s":"50k","role":"sheet"},"geometry":{"type":"Polygon","coordinates":[[[-108.500016,59.750008],[-108.000016,59.750008],[-108.000016,60.000008],[-108.500016,60.000008],[-108.500016,59.750008]]]}},{"type":"Feature","id":986,"properties":{"code":"074N16","s":"50k","role":"label"},"geometry":{"type":"Point","coordinates":[-108.250016,59.875008]}},{"type":"Feature","id":987,"properties":{"code":"074O01","s":"50k","role":"sheet"},"geometry":{"type":"Polygon","coordinates":[[[-106.500015,59.000008],[-106.000015,59.000008],[-106.000015,59.250008],[-106.500015,59.250008],[-106.500015,59.000008]]]}},{"type":"Feature","id":988,"properties":{"code":"074O01","s":"50k","role":"label"},"geometry":{"type":"Point","coordinates":[-106.250015,59.125008]}},{"type":"Feature","id":989,"properties":{"code":"074O02","s":"50k","role":"sheet"},"geometry":{"type":"Polygon","coordinates":[[[-107.000016,59.000008],[-106.500015,59.000008],[-106.500015,59.250008],[-107.000016,59.250008],[-107.000016,59.000008]]]}},{"type":"Feature","id":990,"properties":{"code":"074O02","s":"50k","role":"label"},"geometry":{"type":"Point","coordinates":[-106.750016,59.125008]}},{"type":"Feature","id":991,"properties":{"code":"074O03","s":"50k","role":"sheet"},"geometry":{"type":"Polygon","coordinates":[[[-107.500016,59.000008],[-107.000015,59.000008],[-107.000015,59.250008],[-107.500016,59.250008],[-107.500016,59.000008]]]}},{"type":"Feature","id":992,"properties":{"code":"074O03","s":"50k","role":"label"},"geometry":{"type":"Point","coordinates":[-107.250016,59.125008]}},{"type":"Feature","id":993,"properties":{"code":"074O04","s":"50k","role":"sheet"},"geometry":{"type":"Polygon","coordinates":[[[-108.000016,59.000008],[-107.500016,59.000008],[-107.500016,59.250008],[-108.000016,59.250008],[-108.000016,59.000008]]]}},{"type":"Feature","id":994,"properties":{"code":"074O04","s":"50k","role":"label"},"geometry":{"type":"Point","coordinates":[-107.750016,59.125008]}},{"type":"Feature","id":995,"properties":{"code":"074O05","s":"50k","role":"sheet"},"geometry":{"type":"Polygon","coordinates":[[[-108.000016,59.250008],[-107.500016,59.250008],[-107.500016,59.500008],[-108.000016,59.500008],[-108.000016,59.250008]]]}},{"type":"Feature","id":996,"properties":{"code":"074O05","s":"50k","role":"label"},"geometry":{"type":"Point","coordinates":[-107.750016,59.375008]}},{"type":"Feature","id":997,"properties":{"code":"074O06","s":"50k","role":"sheet"},"geometry":{"type":"Polygon","coordinates":[[[-107.500016,59.250008],[-107.000016,59.250008],[-107.000016,59.500008],[-107.500016,59.500008],[-107.500016,59.250008]]]}},{"type":"Feature","id":998,"properties":{"code":"074O06","s":"50k","role":"label"},"geometry":{"type":"Point","coordinates":[-107.250016,59.375008]}},{"type":"Feature","id":999,"properties":{"code":"074O07","s":"50k","role":"sheet"},"geometry":{"type":"Polygon","coordinates":[[[-107.000016,59.250008],[-106.500015,59.250008],[-106.500015,59.500008],[-107.000016,59.500008],[-107.000016,59.250008]]]}},{"type":"Feature","id":1000,"properties":{"code":"074O07","s":"50k","role":"label"},"geometry":{"type":"Point","coordinates":[-106.750016,59.375008]}},{"type":"Feature","id":1001,"properties":{"code":"074O08","s":"50k","role":"sheet"},"geometry":{"type":"Polygon","coordinates":[[[-106.500015,59.250008],[-106.000015,59.250008],[-106.000015,59.500008],[-106.500015,59.500008],[-106.500015,59.250008]]]}},{"type":"Feature","id":1002,"properties":{"code":"074O08","s":"50k","role":"label"},"geometry":{"type":"Point","coordinates":[-106.250015,59.375008]}},{"type":"Feature","id":1003,"properties":{"code":"074O09","s":"50k","role":"sheet"},"geometry":{"type":"Polygon","coordinates":[[[-106.500016,59.500008],[-106.000015,59.500008],[-106.000015,59.750008],[-106.500016,59.750008],[-106.500016,59.500008]]]}},{"type":"Feature","id":1004,"properties":{"code":"074O09","s":"50k","role":"label"},"geometry":{"type":"Point","coordinates":[-106.250016,59.625008]}},{"type":"Feature","id":1005,"properties":{"code":"074O10","s":"50k","role":"sheet"},"geometry":{"type":"Polygon","coordinates":[[[-107.000016,59.500008],[-106.500015,59.500008],[-106.500015,59.750008],[-107.000016,59.750008],[-107.000016,59.500008]]]}},{"type":"Feature","id":1006,"properties":{"code":"074O10","s":"50k","role":"label"},"geometry":{"type":"Point","coordinates":[-106.750016,59.625008]}},{"type":"Feature","id":1007,"properties":{"code":"074O11","s":"50k","role":"sheet"},"geometry":{"type":"Polygon","coordinates":[[[-107.500016,59.500008],[-107.000016,59.500008],[-107.000016,59.750008],[-107.500016,59.750008],[-107.500016,59.500008]]]}},{"type":"Feature","id":1008,"properties":{"code":"074O11","s":"50k","role":"label"},"geometry":{"type":"Point","coordinates":[-107.250016,59.625008]}},{"type":"Feature","id":1009,"properties":{"code":"074O12","s":"50k","role":"sheet"},"geometry":{"type":"Polygon","coordinates":[[[-108.000016,59.500008],[-107.500016,59.500008],[-107.500016,59.750008],[-108.000016,59.750008],[-108.000016,59.500008]]]}},{"type":"Feature","id":1010,"properties":{"code":"074O12","s":"50k","role":"label"},"geometry":{"type":"Point","coordinates":[-107.750016,59.625008]}},{"type":"Feature","id":1011,"properties":{"code":"074O13","s":"50k","role":"sheet"},"geometry":{"type":"Polygon","coordinates":[[[-108.000016,59.750008],[-107.500016,59.750008],[-107.500016,60.000008],[-108.000016,60.000008],[-108.000016,59.750008]]]}},{"type":"Feature","id":1012,"properties":{"code":"074O13","s":"50k","role":"label"},"geometry":{"type":"Point","coordinates":[-107.750016,59.875008]}},{"type":"Feature","id":1013,"properties":{"code":"074O14","s":"50k","role":"sheet"},"geometry":{"type":"Polygon","coordinates":[[[-107.500016,59.750008],[-107.000016,59.750008],[-107.000016,60.000008],[-107.500016,60.000008],[-107.500016,59.750008]]]}},{"type":"Feature","id":1014,"properties":{"code":"074O14","s":"50k","role":"label"},"geometry":{"type":"Point","coordinates":[-107.250016,59.875008]}},{"type":"Feature","id":1015,"properties":{"code":"074O15","s":"50k","role":"sheet"},"geometry":{"type":"Polygon","coordinates":[[[-107.000016,59.750008],[-106.500016,59.750008],[-106.500016,60.000008],[-107.000016,60.000008],[-107.000016,59.750008]]]}},{"type":"Feature","id":1016,"properties":{"code":"074O15","s":"50k","role":"label"},"geometry":{"type":"Point","coordinates":[-106.750016,59.875008]}},{"type":"Feature","id":1017,"properties":{"code":"074O16","s":"50k","role":"sheet"},"geometry":{"type":"Polygon","coordinates":[[[-106.500016,59.750008],[-106.000015,59.750008],[-106.000015,60.000008],[-106.500016,60.000008],[-106.500016,59.750008]]]}},{"type":"Feature","id":1018,"properties":{"code":"074O16","s":"50k","role":"label"},"geometry":{"type":"Point","coordinates":[-106.250016,59.875008]}},{"type":"Feature","id":1019,"properties":{"code":"074P01","s":"50k","role":"sheet"},"geometry":{"type":"Polygon","coordinates":[[[-104.500015,59.000008],[-104.000015,59.000008],[-104.000015,59.250008],[-104.500015,59.250008],[-104.500015,59.000008]]]}},{"type":"Feature","id":1020,"properties":{"code":"074P01","s":"50k","role":"label"},"geometry":{"type":"Point","coordinates":[-104.250015,59.125008]}},{"type":"Feature","id":1021,"properties":{"code":"074P02","s":"50k","role":"sheet"},"geometry":{"type":"Polygon","coordinates":[[[-105.000015,59.000008],[-104.500015,59.000008],[-104.500015,59.250008],[-105.000015,59.250008],[-105.000015,59.000008]]]}},{"type":"Feature","id":1022,"properties":{"code":"074P02","s":"50k","role":"label"},"geometry":{"type":"Point","coordinates":[-104.750015,59.125008]}},{"type":"Feature","id":1023,"properties":{"code":"074P03","s":"50k","role":"sheet"},"geometry":{"type":"Polygon","coordinates":[[[-105.500015,59.000008],[-105.000015,59.000008],[-105.000015,59.250008],[-105.500015,59.250008],[-105.500015,59.000008]]]}},{"type":"Feature","id":1024,"properties":{"code":"074P03","s":"50k","role":"label"},"geometry":{"type":"Point","coordinates":[-105.250015,59.125008]}},{"type":"Feature","id":1025,"properties":{"code":"074P04","s":"50k","role":"sheet"},"geometry":{"type":"Polygon","coordinates":[[[-106.000015,59.000008],[-105.500015,59.000008],[-105.500015,59.250008],[-106.000015,59.250008],[-106.000015,59.000008]]]}},{"type":"Feature","id":1026,"properties":{"code":"074P04","s":"50k","role":"label"},"geometry":{"type":"Point","coordinates":[-105.750015,59.125008]}},{"type":"Feature","id":1027,"properties":{"code":"074P05","s":"50k","role":"sheet"},"geometry":{"type":"Polygon","coordinates":[[[-106.000015,59.250008],[-105.500015,59.250008],[-105.500015,59.500008],[-106.000015,59.500008],[-106.000015,59.250008]]]}},{"type":"Feature","id":1028,"properties":{"code":"074P05","s":"50k","role":"label"},"geometry":{"type":"Point","coordinates":[-105.750015,59.375008]}},{"type":"Feature","id":1029,"properties":{"code":"074P06","s":"50k","role":"sheet"},"geometry":{"type":"Polygon","coordinates":[[[-105.500015,59.250008],[-105.000015,59.250008],[-105.000015,59.500008],[-105.500015,59.500008],[-105.500015,59.250008]]]}},{"type":"Feature","id":1030,"properties":{"code":"074P06","s":"50k","role":"label"},"geometry":{"type":"Point","coordinates":[-105.250015,59.375008]}},{"type":"Feature","id":1031,"properties":{"code":"074P07","s":"50k","role":"sheet"},"geometry":{"type":"Polygon","coordinates":[[[-105.000015,59.250008],[-104.500015,59.250008],[-104.500015,59.500008],[-105.000015,59.500008],[-105.000015,59.250008]]]}},{"type":"Feature","id":1032,"properties":{"code":"074P07","s":"50k","role":"label"},"geometry":{"type":"Point","coordinates":[-104.750015,59.375008]}},{"type":"Feature","id":1033,"properties":{"code":"074P08","s":"50k","role":"sheet"},"geometry":{"type":"Polygon","coordinates":[[[-104.500015,59.250008],[-104.000015,59.250008],[-104.000015,59.500008],[-104.500015,59.500008],[-104.500015,59.250008]]]}},{"type":"Feature","id":1034,"properties":{"code":"074P08","s":"50k","role":"label"},"geometry":{"type":"Point","coordinates":[-104.250015,59.375008]}},{"type":"Feature","id":1035,"properties":{"code":"074P09","s":"50k","role":"sheet"},"geometry":{"type":"Polygon","coordinates":[[[-104.500015,59.500008],[-104.000015,59.500008],[-104.000015,59.750008],[-104.500015,59.750008],[-104.500015,59.500008]]]}},{"type":"Feature","id":1036,"properties":{"code":"074P09","s":"50k","role":"label"},"geometry":{"type":"Point","coordinates":[-104.250015,59.625008]}},{"type":"Feature","id":1037,"properties":{"code":"074P10","s":"50k","role":"sheet"},"geometry":{"type":"Polygon","coordinates":[[[-105.000015,59.500008],[-104.500015,59.500008],[-104.500015,59.750008],[-105.000015,59.750008],[-105.000015,59.500008]]]}},{"type":"Feature","id":1038,"properties":{"code":"074P10","s":"50k","role":"label"},"geometry":{"type":"Point","coordinates":[-104.750015,59.625008]}},{"type":"Feature","id":1039,"properties":{"code":"074P11","s":"50k","role":"sheet"},"geometry":{"type":"Polygon","coordinates":[[[-105.500015,59.500008],[-105.000015,59.500008],[-105.000015,59.750008],[-105.500015,59.750008],[-105.500015,59.500008]]]}},{"type":"Feature","id":1040,"properties":{"code":"074P11","s":"50k","role":"label"},"geometry":{"type":"Point","coordinates":[-105.250015,59.625008]}},{"type":"Feature","id":1041,"properties":{"code":"074P12","s":"50k","role":"sheet"},"geometry":{"type":"Polygon","coordinates":[[[-106.000015,59.500008],[-105.500015,59.500008],[-105.500015,59.750008],[-106.000015,59.750008],[-106.000015,59.500008]]]}},{"type":"Feature","id":1042,"properties":{"code":"074P12","s":"50k","role":"label"},"geometry":{"type":"Point","coordinates":[-105.750015,59.625008]}},{"type":"Feature","id":1043,"properties":{"code":"074P13","s":"50k","role":"sheet"},"geometry":{"type":"Polygon","coordinates":[[[-106.000016,59.750008],[-105.500015,59.750008],[-105.500015,60.000008],[-106.000016,60.000008],[-106.000016,59.750008]]]}},{"type":"Feature","id":1044,"properties":{"code":"074P13","s":"50k","role":"label"},"geometry":{"type":"Point","coordinates":[-105.750016,59.875008]}},{"type":"Feature","id":1045,"properties":{"code":"074P14","s":"50k","role":"sheet"},"geometry":{"type":"Polygon","coordinates":[[[-105.500015,59.750008],[-105.000015,59.750008],[-105.000015,60.000008],[-105.500015,60.000008],[-105.500015,59.750008]]]}},{"type":"Feature","id":1046,"properties":{"code":"074P14","s":"50k","role":"label"},"geometry":{"type":"Point","coordinates":[-105.250015,59.875008]}},{"type":"Feature","id":1047,"properties":{"code":"074P15","s":"50k","role":"sheet"},"geometry":{"type":"Polygon","coordinates":[[[-105.000015,59.750008],[-104.500015,59.750008],[-104.500015,60.000008],[-105.000015,60.000008],[-105.000015,59.750008]]]}},{"type":"Feature","id":1048,"properties":{"code":"074P15","s":"50k","role":"label"},"geometry":{"type":"Point","coordinates":[-104.750015,59.875008]}},{"type":"Feature","id":1049,"properties":{"code":"074P16","s":"50k","role":"sheet"},"geometry":{"type":"Polygon","coordinates":[[[-104.500015,59.750008],[-104.000015,59.750008],[-104.000015,60.000008],[-104.500015,60.000008],[-104.500015,59.750008]]]}},{"type":"Feature","id":1050,"properties":{"code":"074P16","s":"50k","role":"label"},"geometry":{"type":"Point","coordinates":[-104.250015,59.875008]}},{"type":"Feature","id":1051,"properties":{"code":"075A01","s":"50k","role":"sheet"},"geometry":{"type":"Polygon","coordinates":[[[-104.500015,60.000008],[-104.000015,60.000008],[-104.000015,60.250008],[-104.500015,60.250008],[-104.500015,60.000008]]]}},{"type":"Feature","id":1052,"properties":{"code":"075A01","s":"50k","role":"label"},"geometry":{"type":"Point","coordinates":[-104.250015,60.125008]}},{"type":"Feature","id":1053,"properties":{"code":"075A02","s":"50k","role":"sheet"},"geometry":{"type":"Polygon","coordinates":[[[-105.000015,60.000008],[-104.500015,60.000008],[-104.500015,60.250008],[-105.000015,60.250008],[-105.000015,60.000008]]]}},{"type":"Feature","id":1054,"properties":{"code":"075A02","s":"50k","role":"label"},"geometry":{"type":"Point","coordinates":[-104.750015,60.125008]}},{"type":"Feature","id":1055,"properties":{"code":"075A03","s":"50k","role":"sheet"},"geometry":{"type":"Polygon","coordinates":[[[-105.500016,60.000008],[-105.000015,60.000008],[-105.000015,60.250008],[-105.500016,60.250008],[-105.500016,60.000008]]]}},{"type":"Feature","id":1056,"properties":{"code":"075A03","s":"50k","role":"label"},"geometry":{"type":"Point","coordinates":[-105.250016,60.125008]}},{"type":"Feature","id":1057,"properties":{"code":"075A04","s":"50k","role":"sheet"},"geometry":{"type":"Polygon","coordinates":[[[-106.000016,60.000008],[-105.500015,60.000008],[-105.500015,60.250008],[-106.000016,60.250008],[-106.000016,60.000008]]]}},{"type":"Feature","id":1058,"properties":{"code":"075A04","s":"50k","role":"label"},"geometry":{"type":"Point","coordinates":[-105.750016,60.125008]}},{"type":"Feature","id":1059,"properties":{"code":"075A05","s":"50k","role":"sheet"},"geometry":{"type":"Polygon","coordinates":[[[-106.000016,60.250008],[-105.500016,60.250008],[-105.500016,60.500008],[-106.000016,60.500008],[-106.000016,60.250008]]]}},{"type":"Feature","id":1060,"properties":{"code":"075A05","s":"50k","role":"label"},"geometry":{"type":"Point","coordinates":[-105.750016,60.375008]}},{"type":"Feature","id":1061,"properties":{"code":"075A06","s":"50k","role":"sheet"},"geometry":{"type":"Polygon","coordinates":[[[-105.500016,60.250008],[-105.000015,60.250008],[-105.000015,60.500008],[-105.500016,60.500008],[-105.500016,60.250008]]]}},{"type":"Feature","id":1062,"properties":{"code":"075A06","s":"50k","role":"label"},"geometry":{"type":"Point","coordinates":[-105.250016,60.375008]}},{"type":"Feature","id":1063,"properties":{"code":"075A07","s":"50k","role":"sheet"},"geometry":{"type":"Polygon","coordinates":[[[-105.000016,60.250008],[-104.500015,60.250008],[-104.500015,60.500008],[-105.000016,60.500008],[-105.000016,60.250008]]]}},{"type":"Feature","id":1064,"properties":{"code":"075A07","s":"50k","role":"label"},"geometry":{"type":"Point","coordinates":[-104.750016,60.375008]}},{"type":"Feature","id":1065,"properties":{"code":"075A08","s":"50k","role":"sheet"},"geometry":{"type":"Polygon","coordinates":[[[-104.500015,60.250008],[-104.000015,60.250008],[-104.000015,60.500009],[-104.500015,60.500009],[-104.500015,60.250008]]]}},{"type":"Feature","id":1066,"properties":{"code":"075A08","s":"50k","role":"label"},"geometry":{"type":"Point","coordinates":[-104.250015,60.375008]}},{"type":"Feature","id":1067,"properties":{"code":"075A09","s":"50k","role":"sheet"},"geometry":{"type":"Polygon","coordinates":[[[-104.500015,60.500008],[-104.000015,60.500008],[-104.000015,60.750009],[-104.500015,60.750009],[-104.500015,60.500008]]]}},{"type":"Feature","id":1068,"properties":{"code":"075A09","s":"50k","role":"label"},"geometry":{"type":"Point","coordinates":[-104.250015,60.625008]}},{"type":"Feature","id":1069,"properties":{"code":"075A10","s":"50k","role":"sheet"},"geometry":{"type":"Polygon","coordinates":[[[-105.000016,60.500008],[-104.500015,60.500008],[-104.500015,60.750008],[-105.000016,60.750008],[-105.000016,60.500008]]]}},{"type":"Feature","id":1070,"properties":{"code":"075A10","s":"50k","role":"label"},"geometry":{"type":"Point","coordinates":[-104.750016,60.625008]}},{"type":"Feature","id":1071,"properties":{"code":"075A11","s":"50k","role":"sheet"},"geometry":{"type":"Polygon","coordinates":[[[-105.500016,60.500008],[-105.000016,60.500008],[-105.000016,60.750008],[-105.500016,60.750008],[-105.500016,60.500008]]]}},{"type":"Feature","id":1072,"properties":{"code":"075A11","s":"50k","role":"label"},"geometry":{"type":"Point","coordinates":[-105.250016,60.625008]}},{"type":"Feature","id":1073,"properties":{"code":"075A12","s":"50k","role":"sheet"},"geometry":{"type":"Polygon","coordinates":[[[-106.000016,60.500008],[-105.500016,60.500008],[-105.500016,60.750008],[-106.000016,60.750008],[-106.000016,60.500008]]]}},{"type":"Feature","id":1074,"properties":{"code":"075A12","s":"50k","role":"label"},"geometry":{"type":"Point","coordinates":[-105.750016,60.625008]}},{"type":"Feature","id":1075,"properties":{"code":"075A15","s":"50k","role":"sheet"},"geometry":{"type":"Polygon","coordinates":[[[-105.000016,60.750008],[-104.500015,60.750008],[-104.500015,61.000008],[-105.000016,61.000008],[-105.000016,60.750008]]]}},{"type":"Feature","id":1076,"properties":{"code":"075A15","s":"50k","role":"label"},"geometry":{"type":"Point","coordinates":[-104.750016,60.875008]}},{"type":"Feature","id":1077,"properties":{"code":"075A16","s":"50k","role":"sheet"},"geometry":{"type":"Polygon","coordinates":[[[-104.500016,60.750008],[-104.000015,60.750008],[-104.000015,61.000009],[-104.500016,61.000009],[-104.500016,60.750008]]]}},{"type":"Feature","id":1078,"properties":{"code":"075A16","s":"50k","role":"label"},"geometry":{"type":"Point","coordinates":[-104.250016,60.875008]}},{"type":"Feature","id":1079,"properties":{"code":"075B01","s":"50k","role":"sheet"},"geometry":{"type":"Polygon","coordinates":[[[-106.500016,60.000008],[-106.000016,60.000008],[-106.000016,60.250008],[-106.500016,60.250008],[-106.500016,60.000008]]]}},{"type":"Feature","id":1080,"properties":{"code":"075B01","s":"50k","role":"label"},"geometry":{"type":"Point","coordinates":[-106.250016,60.125008]}},{"type":"Feature","id":1081,"properties":{"code":"075B02","s":"50k","role":"sheet"},"geometry":{"type":"Polygon","coordinates":[[[-107.000016,60.000008],[-106.500016,60.000008],[-106.500016,60.250008],[-107.000016,60.250008],[-107.000016,60.000008]]]}},{"type":"Feature","id":1082,"properties":{"code":"075B02","s":"50k","role":"label"},"geometry":{"type":"Point","coordinates":[-106.750016,60.125008]}},{"type":"Feature","id":1083,"properties":{"code":"075B03","s":"50k","role":"sheet"},"geometry":{"type":"Polygon","coordinates":[[[-107.500016,60.000008],[-107.000016,60.000008],[-107.000016,60.250008],[-107.500016,60.250008],[-107.500016,60.000008]]]}},{"type":"Feature","id":1084,"properties":{"code":"075B03","s":"50k","role":"label"},"geometry":{"type":"Point","coordinates":[-107.250016,60.125008]}},{"type":"Feature","id":1085,"properties":{"code":"075B04","s":"50k","role":"sheet"},"geometry":{"type":"Polygon","coordinates":[[[-108.000016,60.000008],[-107.500016,60.000008],[-107.500016,60.250008],[-108.000016,60.250008],[-108.000016,60.000008]]]}},{"type":"Feature","id":1086,"properties":{"code":"075B04","s":"50k","role":"label"},"geometry":{"type":"Point","coordinates":[-107.750016,60.125008]}},{"type":"Feature","id":1087,"properties":{"code":"075B05","s":"50k","role":"sheet"},"geometry":{"type":"Polygon","coordinates":[[[-108.000016,60.250008],[-107.500016,60.250008],[-107.500016,60.500008],[-108.000016,60.500008],[-108.000016,60.250008]]]}},{"type":"Feature","id":1088,"properties":{"code":"075B05","s":"50k","role":"label"},"geometry":{"type":"Point","coordinates":[-107.750016,60.375008]}},{"type":"Feature","id":1089,"properties":{"code":"075B06","s":"50k","role":"sheet"},"geometry":{"type":"Polygon","coordinates":[[[-107.500016,60.250008],[-107.000016,60.250008],[-107.000016,60.500008],[-107.500016,60.500008],[-107.500016,60.250008]]]}},{"type":"Feature","id":1090,"properties":{"code":"075B06","s":"50k","role":"label"},"geometry":{"type":"Point","coordinates":[-107.250016,60.375008]}},{"type":"Feature","id":1091,"properties":{"code":"075B07","s":"50k","role":"sheet"},"geometry":{"type":"Polygon","coordinates":[[[-107.000016,60.250008],[-106.500016,60.250008],[-106.500016,60.500008],[-107.000016,60.500008],[-107.000016,60.250008]]]}},{"type":"Feature","id":1092,"properties":{"code":"075B07","s":"50k","role":"label"},"geometry":{"type":"Point","coordinates":[-106.750016,60.375008]}},{"type":"Feature","id":1093,"properties":{"code":"075B08","s":"50k","role":"sheet"},"geometry":{"type":"Polygon","coordinates":[[[-106.500016,60.250008],[-106.000016,60.250008],[-106.000016,60.500008],[-106.500016,60.500008],[-106.500016,60.250008]]]}},{"type":"Feature","id":1094,"properties":{"code":"075B08","s":"50k","role":"label"},"geometry":{"type":"Point","coordinates":[-106.250016,60.375008]}},{"type":"Feature","id":1095,"properties":{"code":"075B09","s":"50k","role":"sheet"},"geometry":{"type":"Polygon","coordinates":[[[-106.500016,60.500008],[-106.000016,60.500008],[-106.000016,60.750008],[-106.500016,60.750008],[-106.500016,60.500008]]]}},{"type":"Feature","id":1096,"properties":{"code":"075B09","s":"50k","role":"label"},"geometry":{"type":"Point","coordinates":[-106.250016,60.625008]}},{"type":"Feature","id":1097,"properties":{"code":"075B10","s":"50k","role":"sheet"},"geometry":{"type":"Polygon","coordinates":[[[-107.000016,60.500008],[-106.500016,60.500008],[-106.500016,60.750008],[-107.000016,60.750008],[-107.000016,60.500008]]]}},{"type":"Feature","id":1098,"properties":{"code":"075B10","s":"50k","role":"label"},"geometry":{"type":"Point","coordinates":[-106.750016,60.625008]}},{"type":"Feature","id":1099,"properties":{"code":"075B11","s":"50k","role":"sheet"},"geometry":{"type":"Polygon","coordinates":[[[-107.500016,60.500008],[-107.000016,60.500008],[-107.000016,60.750008],[-107.500016,60.750008],[-107.500016,60.500008]]]}},{"type":"Feature","id":1100,"properties":{"code":"075B11","s":"50k","role":"label"},"geometry":{"type":"Point","coordinates":[-107.250016,60.625008]}},{"type":"Feature","id":1101,"properties":{"code":"075B12","s":"50k","role":"sheet"},"geometry":{"type":"Polygon","coordinates":[[[-108.000017,60.500008],[-107.500016,60.500008],[-107.500016,60.750008],[-108.000017,60.750008],[-108.000017,60.500008]]]}},{"type":"Feature","id":1102,"properties":{"code":"075B12","s":"50k","role":"label"},"geometry":{"type":"Point","coordinates":[-107.750017,60.625008]}},{"type":"Feature","id":1103,"properties":{"code":"075C01","s":"50k","role":"sheet"},"geometry":{"type":"Polygon","coordinates":[[[-108.500016,60.000008],[-108.000016,60.000008],[-108.000016,60.250008],[-108.500016,60.250008],[-108.500016,60.000008]]]}},{"type":"Feature","id":1104,"properties":{"code":"075C01","s":"50k","role":"label"},"geometry":{"type":"Point","coordinates":[-108.250016,60.125008]}},{"type":"Feature","id":1105,"properties":{"code":"075C02","s":"50k","role":"sheet"},"geometry":{"type":"Polygon","coordinates":[[[-109.000017,60.000008],[-108.500016,60.000008],[-108.500016,60.250008],[-109.000017,60.250008],[-109.000017,60.000008]]]}},{"type":"Feature","id":1106,"properties":{"code":"075C02","s":"50k","role":"label"},"geometry":{"type":"Point","coordinates":[-108.750017,60.125008]}},{"type":"Feature","id":1107,"properties":{"code":"075C03","s":"50k","role":"sheet"},"geometry":{"type":"Polygon","coordinates":[[[-109.500017,60.000008],[-109.000016,60.000008],[-109.000016,60.250008],[-109.500017,60.250008],[-109.500017,60.000008]]]}},{"type":"Feature","id":1108,"properties":{"code":"075C03","s":"50k","role":"label"},"geometry":{"type":"Point","coordinates":[-109.250017,60.125008]}},{"type":"Feature","id":1109,"properties":{"code":"075C04","s":"50k","role":"sheet"},"geometry":{"type":"Polygon","coordinates":[[[-110.000017,60.000008],[-109.500017,60.000008],[-109.500017,60.250008],[-110.000017,60.250008],[-110.000017,60.000008]]]}},{"type":"Feature","id":1110,"properties":{"code":"075C04","s":"50k","role":"label"},"geometry":{"type":"Point","coordinates":[-109.750017,60.125008]}},{"type":"Feature","id":1111,"properties":{"code":"075C05","s":"50k","role":"sheet"},"geometry":{"type":"Polygon","coordinates":[[[-110.000017,60.250008],[-109.500017,60.250008],[-109.500017,60.500008],[-110.000017,60.500008],[-110.000017,60.250008]]]}},{"type":"Feature","id":1112,"properties":{"code":"075C05","s":"50k","role":"label"},"geometry":{"type":"Point","coordinates":[-109.750017,60.375008]}},{"type":"Feature","id":1113,"properties":{"code":"075C06","s":"50k","role":"sheet"},"geometry":{"type":"Polygon","coordinates":[[[-109.500017,60.250008],[-109.000017,60.250008],[-109.000017,60.500008],[-109.500017,60.500008],[-109.500017,60.250008]]]}},{"type":"Feature","id":1114,"properties":{"code":"075C06","s":"50k","role":"label"},"geometry":{"type":"Point","coordinates":[-109.250017,60.375008]}},{"type":"Feature","id":1115,"properties":{"code":"075C07","s":"50k","role":"sheet"},"geometry":{"type":"Polygon","coordinates":[[[-109.000017,60.250008],[-108.500016,60.250008],[-108.500016,60.500008],[-109.000017,60.500008],[-109.000017,60.250008]]]}},{"type":"Feature","id":1116,"properties":{"code":"075C07","s":"50k","role":"label"},"geometry":{"type":"Point","coordinates":[-108.750017,60.375008]}},{"type":"Feature","id":1117,"properties":{"code":"075C08","s":"50k","role":"sheet"},"geometry":{"type":"Polygon","coordinates":[[[-108.500017,60.250008],[-108.000016,60.250008],[-108.000016,60.500008],[-108.500017,60.500008],[-108.500017,60.250008]]]}},{"type":"Feature","id":1118,"properties":{"code":"075C08","s":"50k","role":"label"},"geometry":{"type":"Point","coordinates":[-108.250017,60.375008]}},{"type":"Feature","id":1119,"properties":{"code":"075D01","s":"50k","role":"sheet"},"geometry":{"type":"Polygon","coordinates":[[[-110.500017,60.000008],[-110.000017,60.000008],[-110.000017,60.250008],[-110.500017,60.250008],[-110.500017,60.000008]]]}},{"type":"Feature","id":1120,"properties":{"code":"075D01","s":"50k","role":"label"},"geometry":{"type":"Point","coordinates":[-110.250017,60.125008]}},{"type":"Feature","id":1121,"properties":{"code":"075D02","s":"50k","role":"sheet"},"geometry":{"type":"Polygon","coordinates":[[[-111.000017,60.000008],[-110.500017,60.000008],[-110.500017,60.250008],[-111.000017,60.250008],[-111.000017,60.000008]]]}},{"type":"Feature","id":1122,"properties":{"code":"075D02","s":"50k","role":"label"},"geometry":{"type":"Point","coordinates":[-110.750017,60.125008]}},{"type":"Feature","id":1123,"properties":{"code":"075D03","s":"50k","role":"sheet"},"geometry":{"type":"Polygon","coordinates":[[[-111.500017,60.000008],[-111.000017,60.000008],[-111.000017,60.250008],[-111.500017,60.250008],[-111.500017,60.000008]]]}},{"type":"Feature","id":1124,"properties":{"code":"075D03","s":"50k","role":"label"},"geometry":{"type":"Point","coordinates":[-111.250017,60.125008]}},{"type":"Feature","id":1125,"properties":{"code":"075D04","s":"50k","role":"sheet"},"geometry":{"type":"Polygon","coordinates":[[[-112.000017,60.000007],[-111.500017,60.000007],[-111.500017,60.250008],[-112.000017,60.250008],[-112.000017,60.000007]]]}},{"type":"Feature","id":1126,"properties":{"code":"075D04","s":"50k","role":"label"},"geometry":{"type":"Point","coordinates":[-111.750017,60.125007]}},{"type":"Feature","id":1127,"properties":{"code":"075D08","s":"50k","role":"sheet"},"geometry":{"type":"Polygon","coordinates":[[[-110.500017,60.250008],[-110.000017,60.250008],[-110.000017,60.500008],[-110.500017,60.500008],[-110.500017,60.250008]]]}},{"type":"Feature","id":1128,"properties":{"code":"075D08","s":"50k","role":"label"},"geometry":{"type":"Point","coordinates":[-110.250017,60.375008]}},{"type":"Feature","id":1129,"properties":{"code":"083P09","s":"50k","role":"sheet"},"geometry":{"type":"Polygon","coordinates":[[[-112.500015,55.500007],[-112.000015,55.500007],[-112.000015,55.750007],[-112.500015,55.750007],[-112.500015,55.500007]]]}},{"type":"Feature","id":1130,"properties":{"code":"083P09","s":"50k","role":"label"},"geometry":{"type":"Point","coordinates":[-112.250015,55.625007]}},{"type":"Feature","id":1131,"properties":{"code":"083P16","s":"50k","role":"sheet"},"geometry":{"type":"Polygon","coordinates":[[[-112.500016,55.750007],[-112.000015,55.750007],[-112.000015,56.000007],[-112.500016,56.000007],[-112.500016,55.750007]]]}},{"type":"Feature","id":1132,"properties":{"code":"083P16","s":"50k","role":"label"},"geometry":{"type":"Point","coordinates":[-112.250016,55.875007]}},{"type":"Feature","id":1133,"properties":{"code":"084A01","s":"50k","role":"sheet"},"geometry":{"type":"Polygon","coordinates":[[[-112.500016,56.000007],[-112.000015,56.000007],[-112.000015,56.250007],[-112.500016,56.250007],[-112.500016,56.000007]]]}},{"type":"Feature","id":1134,"properties":{"code":"084A01","s":"50k","role":"label"},"geometry":{"type":"Point","coordinates":[-112.250016,56.125007]}},{"type":"Feature","id":1135,"properties":{"code":"084A08","s":"50k","role":"sheet"},"geometry":{"type":"Polygon","coordinates":[[[-112.500016,56.250007],[-112.000016,56.250007],[-112.000016,56.500007],[-112.500016,56.500007],[-112.500016,56.250007]]]}},{"type":"Feature","id":1136,"properties":{"code":"084A08","s":"50k","role":"label"},"geometry":{"type":"Point","coordinates":[-112.250016,56.375007]}},{"type":"Feature","id":1137,"properties":{"code":"084A09","s":"50k","role":"sheet"},"geometry":{"type":"Polygon","coordinates":[[[-112.500016,56.500007],[-112.000016,56.500007],[-112.000016,56.750007],[-112.500016,56.750007],[-112.500016,56.500007]]]}},{"type":"Feature","id":1138,"properties":{"code":"084A09","s":"50k","role":"label"},"geometry":{"type":"Point","coordinates":[-112.250016,56.625007]}},{"type":"Feature","id":1139,"properties":{"code":"084A10","s":"50k","role":"sheet"},"geometry":{"type":"Polygon","coordinates":[[[-113.000016,56.500007],[-112.500016,56.500007],[-112.500016,56.750007],[-113.000016,56.750007],[-113.000016,56.500007]]]}},{"type":"Feature","id":1140,"properties":{"code":"084A10","s":"50k","role":"label"},"geometry":{"type":"Point","coordinates":[-112.750016,56.625007]}},{"type":"Feature","id":1141,"properties":{"code":"084A15","s":"50k","role":"sheet"},"geometry":{"type":"Polygon","coordinates":[[[-113.000016,56.750007],[-112.500016,56.750007],[-112.500016,57.000007],[-113.000016,57.000007],[-113.000016,56.750007]]]}},{"type":"Feature","id":1142,"properties":{"code":"084A15","s":"50k","role":"label"},"geometry":{"type":"Point","coordinates":[-112.750016,56.875007]}},{"type":"Feature","id":1143,"properties":{"code":"084A16","s":"50k","role":"sheet"},"geometry":{"type":"Polygon","coordinates":[[[-112.500016,56.750007],[-112.000016,56.750007],[-112.000016,57.000007],[-112.500016,57.000007],[-112.500016,56.750007]]]}},{"type":"Feature","id":1144,"properties":{"code":"084A16","s":"50k","role":"label"},"geometry":{"type":"Point","coordinates":[-112.250016,56.875007]}},{"type":"Feature","id":1145,"properties":{"code":"084H01","s":"50k","role":"sheet"},"geometry":{"type":"Polygon","coordinates":[[[-112.500016,57.000007],[-112.000016,57.000007],[-112.000016,57.250007],[-112.500016,57.250007],[-112.500016,57.000007]]]}},{"type":"Feature","id":1146,"properties":{"code":"084H01","s":"50k","role":"label"},"geometry":{"type":"Point","coordinates":[-112.250016,57.125007]}},{"type":"Feature","id":1147,"properties":{"code":"084H02","s":"50k","role":"sheet"},"geometry":{"type":"Polygon","coordinates":[[[-113.000016,57.000007],[-112.500016,57.000007],[-112.500016,57.250007],[-113.000016,57.250007],[-113.000016,57.000007]]]}},{"type":"Feature","id":1148,"properties":{"code":"084H02","s":"50k","role":"label"},"geometry":{"type":"Point","coordinates":[-112.750016,57.125007]}},{"type":"Feature","id":1149,"properties":{"code":"084H06","s":"50k","role":"sheet"},"geometry":{"type":"Polygon","coordinates":[[[-113.500016,57.250007],[-113.000016,57.250007],[-113.000016,57.500007],[-113.500016,57.500007],[-113.500016,57.250007]]]}},{"type":"Feature","id":1150,"properties":{"code":"084H06","s":"50k","role":"label"},"geometry":{"type":"Point","coordinates":[-113.250016,57.375007]}},{"type":"Feature","id":1151,"properties":{"code":"084H07","s":"50k","role":"sheet"},"geometry":{"type":"Polygon","coordinates":[[[-113.000016,57.250007],[-112.500016,57.250007],[-112.500016,57.500007],[-113.000016,57.500007],[-113.000016,57.250007]]]}},{"type":"Feature","id":1152,"properties":{"code":"084H07","s":"50k","role":"label"},"geometry":{"type":"Point","coordinates":[-112.750016,57.375007]}},{"type":"Feature","id":1153,"properties":{"code":"084H08","s":"50k","role":"sheet"},"geometry":{"type":"Polygon","coordinates":[[[-112.500016,57.250007],[-112.000016,57.250007],[-112.000016,57.500007],[-112.500016,57.500007],[-112.500016,57.250007]]]}},{"type":"Feature","id":1154,"properties":{"code":"084H08","s":"50k","role":"label"},"geometry":{"type":"Point","coordinates":[-112.250016,57.375007]}},{"type":"Feature","id":1155,"properties":{"code":"084H09","s":"50k","role":"sheet"},"geometry":{"type":"Polygon","coordinates":[[[-112.500016,57.500007],[-112.000016,57.500007],[-112.000016,57.750007],[-112.500016,57.750007],[-112.500016,57.500007]]]}},{"type":"Feature","id":1156,"properties":{"code":"084H09","s":"50k","role":"label"},"geometry":{"type":"Point","coordinates":[-112.250016,57.625007]}},{"type":"Feature","id":1157,"properties":{"code":"084H10","s":"50k","role":"sheet"},"geometry":{"type":"Polygon","coordinates":[[[-113.000016,57.500007],[-112.500016,57.500007],[-112.500016,57.750007],[-113.000016,57.750007],[-113.000016,57.500007]]]}},{"type":"Feature","id":1158,"properties":{"code":"084H10","s":"50k","role":"label"},"geometry":{"type":"Point","coordinates":[-112.750016,57.625007]}},{"type":"Feature","id":1159,"properties":{"code":"084H11","s":"50k","role":"sheet"},"geometry":{"type":"Polygon","coordinates":[[[-113.500017,57.500007],[-113.000016,57.500007],[-113.000016,57.750007],[-113.500017,57.750007],[-113.500017,57.500007]]]}},{"type":"Feature","id":1160,"properties":{"code":"084H11","s":"50k","role":"label"},"geometry":{"type":"Point","coordinates":[-113.250017,57.625007]}},{"type":"Feature","id":1161,"properties":{"code":"084H14","s":"50k","role":"sheet"},"geometry":{"type":"Polygon","coordinates":[[[-113.500017,57.750007],[-113.000016,57.750007],[-113.000016,58.000007],[-113.500017,58.000007],[-113.500017,57.750007]]]}},{"type":"Feature","id":1162,"properties":{"code":"084H14","s":"50k","role":"label"},"geometry":{"type":"Point","coordinates":[-113.250017,57.875007]}},{"type":"Feature","id":1163,"properties":{"code":"084H15","s":"50k","role":"sheet"},"geometry":{"type":"Polygon","coordinates":[[[-113.000017,57.750007],[-112.500016,57.750007],[-112.500016,58.000007],[-113.000017,58.000007],[-113.000017,57.750007]]]}},{"type":"Feature","id":1164,"properties":{"code":"084H15","s":"50k","role":"label"},"geometry":{"type":"Point","coordinates":[-112.750017,57.875007]}},{"type":"Feature","id":1165,"properties":{"code":"084H16","s":"50k","role":"sheet"},"geometry":{"type":"Polygon","coordinates":[[[-112.500016,57.750007],[-112.000016,57.750007],[-112.000016,58.000007],[-112.500016,58.000007],[-112.500016,57.750007]]]}},{"type":"Feature","id":1166,"properties":{"code":"084H16","s":"50k","role":"label"},"geometry":{"type":"Point","coordinates":[-112.250016,57.875007]}},{"type":"Feature","id":1167,"properties":{"code":"084I01","s":"50k","role":"sheet"},"geometry":{"type":"Polygon","coordinates":[[[-112.500017,58.000007],[-112.000016,58.000007],[-112.000016,58.250007],[-112.500017,58.250007],[-112.500017,58.000007]]]}},{"type":"Feature","id":1168,"properties":{"code":"084I01","s":"50k","role":"label"},"geometry":{"type":"Point","coordinates":[-112.250017,58.125007]}},{"type":"Feature","id":1169,"properties":{"code":"084I02","s":"50k","role":"sheet"},"geometry":{"type":"Polygon","coordinates":[[[-113.000017,58.000007],[-112.500016,58.000007],[-112.500016,58.250007],[-113.000017,58.250007],[-113.000017,58.000007]]]}},{"type":"Feature","id":1170,"properties":{"code":"084I02","s":"50k","role":"label"},"geometry":{"type":"Point","coordinates":[-112.750017,58.125007]}},{"type":"Feature","id":1171,"properties":{"code":"084I03","s":"50k","role":"sheet"},"geometry":{"type":"Polygon","coordinates":[[[-113.500017,58.000007],[-113.000017,58.000007],[-113.000017,58.250007],[-113.500017,58.250007],[-113.500017,58.000007]]]}},{"type":"Feature","id":1172,"properties":{"code":"084I03","s":"50k","role":"label"},"geometry":{"type":"Point","coordinates":[-113.250017,58.125007]}},{"type":"Feature","id":1173,"properties":{"code":"084I05","s":"50k","role":"sheet"},"geometry":{"type":"Polygon","coordinates":[[[-114.000017,58.250007],[-113.500017,58.250007],[-113.500017,58.500007],[-114.000017,58.500007],[-114.000017,58.250007]]]}},{"type":"Feature","id":1174,"properties":{"code":"084I05","s":"50k","role":"label"},"geometry":{"type":"Point","coordinates":[-113.750017,58.375007]}},{"type":"Feature","id":1175,"properties":{"code":"084I06","s":"50k","role":"sheet"},"geometry":{"type":"Polygon","coordinates":[[[-113.500017,58.250007],[-113.000017,58.250007],[-113.000017,58.500007],[-113.500017,58.500007],[-113.500017,58.250007]]]}},{"type":"Feature","id":1176,"properties":{"code":"084I06","s":"50k","role":"label"},"geometry":{"type":"Point","coordinates":[-113.250017,58.375007]}},{"type":"Feature","id":1177,"properties":{"code":"084I07","s":"50k","role":"sheet"},"geometry":{"type":"Polygon","coordinates":[[[-113.000017,58.250007],[-112.500017,58.250007],[-112.500017,58.500007],[-113.000017,58.500007],[-113.000017,58.250007]]]}},{"type":"Feature","id":1178,"properties":{"code":"084I07","s":"50k","role":"label"},"geometry":{"type":"Point","coordinates":[-112.750017,58.375007]}},{"type":"Feature","id":1179,"properties":{"code":"084I08","s":"50k","role":"sheet"},"geometry":{"type":"Polygon","coordinates":[[[-112.500017,58.250007],[-112.000016,58.250007],[-112.000016,58.500007],[-112.500017,58.500007],[-112.500017,58.250007]]]}},{"type":"Feature","id":1180,"properties":{"code":"084I08","s":"50k","role":"label"},"geometry":{"type":"Point","coordinates":[-112.250017,58.375007]}},{"type":"Feature","id":1181,"properties":{"code":"084I09","s":"50k","role":"sheet"},"geometry":{"type":"Polygon","coordinates":[[[-112.500017,58.500007],[-112.000017,58.500007],[-112.000017,58.750007],[-112.500017,58.750007],[-112.500017,58.500007]]]}},{"type":"Feature","id":1182,"properties":{"code":"084I09","s":"50k","role":"label"},"geometry":{"type":"Point","coordinates":[-112.250017,58.625007]}},{"type":"Feature","id":1183,"properties":{"code":"084I10","s":"50k","role":"sheet"},"geometry":{"type":"Polygon","coordinates":[[[-113.000017,58.500007],[-112.500017,58.500007],[-112.500017,58.750007],[-113.000017,58.750007],[-113.000017,58.500007]]]}},{"type":"Feature","id":1184,"properties":{"code":"084I10","s":"50k","role":"label"},"geometry":{"type":"Point","coordinates":[-112.750017,58.625007]}},{"type":"Feature","id":1185,"properties":{"code":"084I11","s":"50k","role":"sheet"},"geometry":{"type":"Polygon","coordinates":[[[-113.500017,58.500007],[-113.000017,58.500007],[-113.000017,58.750007],[-113.500017,58.750007],[-113.500017,58.500007]]]}},{"type":"Feature","id":1186,"properties":{"code":"084I11","s":"50k","role":"label"},"geometry":{"type":"Point","coordinates":[-113.250017,58.625007]}},{"type":"Feature","id":1187,"properties":{"code":"084I12","s":"50k","role":"sheet"},"geometry":{"type":"Polygon","coordinates":[[[-114.000017,58.500007],[-113.500017,58.500007],[-113.500017,58.750007],[-114.000017,58.750007],[-114.000017,58.500007]]]}},{"type":"Feature","id":1188,"properties":{"code":"084I12","s":"50k","role":"label"},"geometry":{"type":"Point","coordinates":[-113.750017,58.625007]}},{"type":"Feature","id":1189,"properties":{"code":"084I13","s":"50k","role":"sheet"},"geometry":{"type":"Polygon","coordinates":[[[-114.000017,58.750007],[-113.500017,58.750007],[-113.500017,59.000007],[-114.000017,59.000007],[-114.000017,58.750007]]]}},{"type":"Feature","id":1190,"properties":{"code":"084I13","s":"50k","role":"label"},"geometry":{"type":"Point","coordinates":[-113.750017,58.875007]}},{"type":"Feature","id":1191,"properties":{"code":"084I14","s":"50k","role":"sheet"},"geometry":{"type":"Polygon","coordinates":[[[-113.500017,58.750007],[-113.000017,58.750007],[-113.000017,59.000007],[-113.500017,59.000007],[-113.500017,58.750007]]]}},{"type":"Feature","id":1192,"properties":{"code":"084I14","s":"50k","role":"label"},"geometry":{"type":"Point","coordinates":[-113.250017,58.875007]}},{"type":"Feature","id":1193,"properties":{"code":"084I15","s":"50k","role":"sheet"},"geometry":{"type":"Polygon","coordinates":[[[-113.000017,58.750007],[-112.500017,58.750007],[-112.500017,59.000007],[-113.000017,59.000007],[-113.000017,58.750007]]]}},{"type":"Feature","id":1194,"properties":{"code":"084I15","s":"50k","role":"label"},"geometry":{"type":"Point","coordinates":[-112.750017,58.875007]}},{"type":"Feature","id":1195,"properties":{"code":"084I16","s":"50k","role":"sheet"},"geometry":{"type":"Polygon","coordinates":[[[-112.500017,58.750007],[-112.000017,58.750007],[-112.000017,59.000007],[-112.500017,59.000007],[-112.500017,58.750007]]]}},{"type":"Feature","id":1196,"properties":{"code":"084I16","s":"50k","role":"label"},"geometry":{"type":"Point","coordinates":[-112.250017,58.875007]}},{"type":"Feature","id":1197,"properties":{"code":"084O01","s":"50k","role":"sheet"},"geometry":{"type":"Polygon","coordinates":[[[-114.500018,59.000007],[-114.000017,59.000007],[-114.000017,59.250007],[-114.500018,59.250007],[-114.500018,59.000007]]]}},{"type":"Feature","id":1198,"properties":{"code":"084O01","s":"50k","role":"label"},"geometry":{"type":"Point","coordinates":[-114.250017,59.125007]}},{"type":"Feature","id":1199,"properties":{"code":"084O08","s":"50k","role":"sheet"},"geometry":{"type":"Polygon","coordinates":[[[-114.500018,59.250007],[-114.000017,59.250007],[-114.000017,59.500007],[-114.500018,59.500007],[-114.500018,59.250007]]]}},{"type":"Feature","id":1200,"properties":{"code":"084O08","s":"50k","role":"label"},"geometry":{"type":"Point","coordinates":[-114.250017,59.375007]}},{"type":"Feature","id":1201,"properties":{"code":"084O09","s":"50k","role":"sheet"},"geometry":{"type":"Polygon","coordinates":[[[-114.500018,59.500007],[-114.000018,59.500007],[-114.000018,59.750007],[-114.500018,59.750007],[-114.500018,59.500007]]]}},{"type":"Feature","id":1202,"properties":{"code":"084O09","s":"50k","role":"label"},"geometry":{"type":"Point","coordinates":[-114.250018,59.625007]}},{"type":"Feature","id":1203,"properties":{"code":"084P01","s":"50k","role":"sheet"},"geometry":{"type":"Polygon","coordinates":[[[-112.500017,59.000007],[-112.000017,59.000007],[-112.000017,59.250007],[-112.500017,59.250007],[-112.500017,59.000007]]]}},{"type":"Feature","id":1204,"properties":{"code":"084P01","s":"50k","role":"label"},"geometry":{"type":"Point","coordinates":[-112.250017,59.125007]}},{"type":"Feature","id":1205,"properties":{"code":"084P02","s":"50k","role":"sheet"},"geometry":{"type":"Polygon","coordinates":[[[-113.000017,59.000007],[-112.500017,59.000007],[-112.500017,59.250007],[-113.000017,59.250007],[-113.000017,59.000007]]]}},{"type":"Feature","id":1206,"properties":{"code":"084P02","s":"50k","role":"label"},"geometry":{"type":"Point","coordinates":[-112.750017,59.125007]}},{"type":"Feature","id":1207,"properties":{"code":"084P03","s":"50k","role":"sheet"},"geometry":{"type":"Polygon","coordinates":[[[-113.500017,59.000007],[-113.000017,59.000007],[-113.000017,59.250007],[-113.500017,59.250007],[-113.500017,59.000007]]]}},{"type":"Feature","id":1208,"properties":{"code":"084P03","s":"50k","role":"label"},"geometry":{"type":"Point","coordinates":[-113.250017,59.125007]}},{"type":"Feature","id":1209,"properties":{"code":"084P04","s":"50k","role":"sheet"},"geometry":{"type":"Polygon","coordinates":[[[-114.000017,59.000007],[-113.500017,59.000007],[-113.500017,59.250007],[-114.000017,59.250007],[-114.000017,59.000007]]]}},{"type":"Feature","id":1210,"properties":{"code":"084P04","s":"50k","role":"label"},"geometry":{"type":"Point","coordinates":[-113.750017,59.125007]}},{"type":"Feature","id":1211,"properties":{"code":"084P05","s":"50k","role":"sheet"},"geometry":{"type":"Polygon","coordinates":[[[-114.000018,59.250007],[-113.500017,59.250007],[-113.500017,59.500007],[-114.000018,59.500007],[-114.000018,59.250007]]]}},{"type":"Feature","id":1212,"properties":{"code":"084P05","s":"50k","role":"label"},"geometry":{"type":"Point","coordinates":[-113.750017,59.375007]}},{"type":"Feature","id":1213,"properties":{"code":"084P06","s":"50k","role":"sheet"},"geometry":{"type":"Polygon","coordinates":[[[-113.500017,59.250007],[-113.000017,59.250007],[-113.000017,59.500007],[-113.500017,59.500007],[-113.500017,59.250007]]]}},{"type":"Feature","id":1214,"properties":{"code":"084P06","s":"50k","role":"label"},"geometry":{"type":"Point","coordinates":[-113.250017,59.375007]}},{"type":"Feature","id":1215,"properties":{"code":"084P07","s":"50k","role":"sheet"},"geometry":{"type":"Polygon","coordinates":[[[-113.000017,59.250007],[-112.500017,59.250007],[-112.500017,59.500007],[-113.000017,59.500007],[-113.000017,59.250007]]]}},{"type":"Feature","id":1216,"properties":{"code":"084P07","s":"50k","role":"label"},"geometry":{"type":"Point","coordinates":[-112.750017,59.375007]}},{"type":"Feature","id":1217,"properties":{"code":"084P08","s":"50k","role":"sheet"},"geometry":{"type":"Polygon","coordinates":[[[-112.500017,59.250007],[-112.000017,59.250007],[-112.000017,59.500007],[-112.500017,59.500007],[-112.500017,59.250007]]]}},{"type":"Feature","id":1218,"properties":{"code":"084P08","s":"50k","role":"label"},"geometry":{"type":"Point","coordinates":[-112.250017,59.375007]}},{"type":"Feature","id":1219,"properties":{"code":"084P09","s":"50k","role":"sheet"},"geometry":{"type":"Polygon","coordinates":[[[-112.500017,59.500007],[-112.000017,59.500007],[-112.000017,59.750007],[-112.500017,59.750007],[-112.500017,59.500007]]]}},{"type":"Feature","id":1220,"properties":{"code":"084P09","s":"50k","role":"label"},"geometry":{"type":"Point","coordinates":[-112.250017,59.625007]}},{"type":"Feature","id":1221,"properties":{"code":"084P10","s":"50k","role":"sheet"},"geometry":{"type":"Polygon","coordinates":[[[-113.000017,59.500007],[-112.500017,59.500007],[-112.500017,59.750007],[-113.000017,59.750007],[-113.000017,59.500007]]]}},{"type":"Feature","id":1222,"properties":{"code":"084P10","s":"50k","role":"label"},"geometry":{"type":"Point","coordinates":[-112.750017,59.625007]}},{"type":"Feature","id":1223,"properties":{"code":"084P11","s":"50k","role":"sheet"},"geometry":{"type":"Polygon","coordinates":[[[-113.500018,59.500007],[-113.000017,59.500007],[-113.000017,59.750007],[-113.500018,59.750007],[-113.500018,59.500007]]]}},{"type":"Feature","id":1224,"properties":{"code":"084P11","s":"50k","role":"label"},"geometry":{"type":"Point","coordinates":[-113.250017,59.625007]}},{"type":"Feature","id":1225,"properties":{"code":"084P12","s":"50k","role":"sheet"},"geometry":{"type":"Polygon","coordinates":[[[-114.000018,59.500007],[-113.500017,59.500007],[-113.500017,59.750007],[-114.000018,59.750007],[-114.000018,59.500007]]]}},{"type":"Feature","id":1226,"properties":{"code":"084P12","s":"50k","role":"label"},"geometry":{"type":"Point","coordinates":[-113.750017,59.625007]}},{"type":"Feature","id":1227,"properties":{"code":"084P13","s":"50k","role":"sheet"},"geometry":{"type":"Polygon","coordinates":[[[-114.000018,59.750007],[-113.500018,59.750007],[-113.500018,60.000007],[-114.000018,60.000007],[-114.000018,59.750007]]]}},{"type":"Feature","id":1228,"properties":{"code":"084P13","s":"50k","role":"label"},"geometry":{"type":"Point","coordinates":[-113.750018,59.875007]}},{"type":"Feature","id":1229,"properties":{"code":"084P14","s":"50k","role":"sheet"},"geometry":{"type":"Polygon","coordinates":[[[-113.500018,59.750007],[-113.000017,59.750007],[-113.000017,60.000007],[-113.500018,60.000007],[-113.500018,59.750007]]]}},{"type":"Feature","id":1230,"properties":{"code":"084P14","s":"50k","role":"label"},"geometry":{"type":"Point","coordinates":[-113.250017,59.875007]}},{"type":"Feature","id":1231,"properties":{"code":"084P15","s":"50k","role":"sheet"},"geometry":{"type":"Polygon","coordinates":[[[-113.000018,59.750007],[-112.500017,59.750007],[-112.500017,60.000007],[-113.000018,60.000007],[-113.000018,59.750007]]]}},{"type":"Feature","id":1232,"properties":{"code":"084P15","s":"50k","role":"label"},"geometry":{"type":"Point","coordinates":[-112.750017,59.875007]}},{"type":"Feature","id":1233,"properties":{"code":"084P16","s":"50k","role":"sheet"},"geometry":{"type":"Polygon","coordinates":[[[-112.500017,59.750007],[-112.000017,59.750007],[-112.000017,60.000007],[-112.500017,60.000007],[-112.500017,59.750007]]]}},{"type":"Feature","id":1234,"properties":{"code":"084P16","s":"50k","role":"label"},"geometry":{"type":"Point","coordinates":[-112.250017,59.875007]}}]}