{"type":"FeatureCollection","features":[{"type":"Feature","id":0,"geometry":{"type":"Point","coordinates":[-105.14579,57.70321]},"properties":{"cps":450,"y":"1982","lith":"SANDSTONE"}},{"type":"Feature","id":1,"geometry":{"type":"Point","coordinates":[-103.10854,58.58211]},"properties":{"cps":1500,"y":"1978","lith":" "}},{"type":"Feature","id":2,"geometry":{"type":"Point","coordinates":[-105.35039,57.62493]},"properties":{"cps":410,"y":"1980","lith":"SANDSTONE"}},{"type":"Feature","id":3,"geometry":{"type":"Point","coordinates":[-105.22492,57.65665]},"properties":{"cps":1200,"y":"1982","lith":"SANDSTONE"}},{"type":"Feature","id":4,"geometry":{"type":"Point","coordinates":[-105.14576,57.70146]},"properties":{"cps":500,"y":"1982","lith":"SANDSTONE"}},{"type":"Feature","id":5,"geometry":{"type":"Point","coordinates":[-105.02571,57.69264]},"properties":{"cps":600,"y":"1982","lith":"SANDSTONE"}},{"type":"Feature","id":6,"geometry":{"type":"Point","coordinates":[-104.96006,57.33071]},"properties":{"cps":750,"y":"1981","lith":"CONGLOMERATE"}},{"type":"Feature","id":7,"geometry":{"type":"Point","coordinates":[-103.31009,58.38101]},"properties":{"cps":2000,"y":"1978","lith":" "}},{"type":"Feature","id":8,"geometry":{"type":"Point","coordinates":[-105.02256,57.69515]},"properties":{"cps":800,"y":"1982","lith":"SANDSTONE"}},{"type":"Feature","id":9,"geometry":{"type":"Point","coordinates":[-105.21479,57.29414]},"properties":{"cps":650,"y":"1981","lith":"CONGLOMERATE"}},{"type":"Feature","id":10,"geometry":{"type":"Point","coordinates":[-104.15498,57.85021]},"properties":{"cps":1106,"y":"1980","lith":"CONGLOMERATE"}},{"type":"Feature","id":11,"geometry":{"type":"Point","coordinates":[-102.78809,58.02926]},"properties":{"cps":450,"y":"1975","lith":" "}},{"type":"Feature","id":12,"geometry":{"type":"Point","coordinates":[-105.02775,57.69109]},"properties":{"cps":700,"y":"1982","lith":"SANDSTONE"}},{"type":"Feature","id":13,"geometry":{"type":"Point","coordinates":[-105.24275,57.68956]},"properties":{"cps":24000,"y":"1983","lith":"SANDSTONE"}},{"type":"Feature","id":14,"geometry":{"type":"Point","coordinates":[-105.14125,57.74396]},"properties":{"cps":2000,"y":"1983","lith":"SANDSTONE"}},{"type":"Feature","id":15,"geometry":{"type":"Point","coordinates":[-103.60273,58.45141]},"properties":{"cps":900,"y":"2006","lith":"PEGMATITE"}},{"type":"Feature","id":16,"geometry":{"type":"Point","coordinates":[-105.1257,57.70155]},"properties":{"cps":800,"y":"1982","lith":"SANDSTONE"}},{"type":"Feature","id":17,"geometry":{"type":"Point","coordinates":[-105.29352,57.65031]},"properties":{"cps":1100,"y":"1980","lith":"SANDSTONE"}},{"type":"Feature","id":18,"geometry":{"type":"Point","coordinates":[-105.14859,57.706]},"properties":{"cps":700,"y":"1982","lith":"SANDSTONE"}},{"type":"Feature","id":19,"geometry":{"type":"Point","coordinates":[-105.01645,57.3015]},"properties":{"cps":1400,"y":"1981","lith":"PEGMATITE"}},{"type":"Feature","id":20,"geometry":{"type":"Point","coordinates":[-105.2679,57.66935]},"properties":{"cps":14000,"y":"1982","lith":"SANDSTONE"}},{"type":"Feature","id":21,"geometry":{"type":"Point","coordinates":[-106.02141,57.06436]},"properties":{"cps":6000,"y":"1985","lith":" "}},{"type":"Feature","id":22,"geometry":{"type":"Point","coordinates":[-105.15748,57.70101]},"properties":{"cps":5500,"y":"1982","lith":"SANDSTONE"}},{"type":"Feature","id":23,"geometry":{"type":"Point","coordinates":[-103.56293,58.47082]},"properties":{"cps":5000,"y":"2006","lith":"Biotite in Felsic Gneiss"}},{"type":"Feature","id":24,"geometry":{"type":"Point","coordinates":[-105.27909,57.66121]},"properties":{"cps":1200,"y":"1982","lith":"RHYOLITE"}},{"type":"Feature","id":25,"geometry":{"type":"Point","coordinates":[-103.59785,58.34556]},"properties":{"cps":3000,"y":"1978","lith":" "}},{"type":"Feature","id":26,"geometry":{"type":"Point","coordinates":[-105.42345,57.4211]},"properties":{"cps":500,"y":"1982","lith":"GRANITE"}},{"type":"Feature","id":27,"geometry":{"type":"Point","coordinates":[-105.15882,57.69778]},"properties":{"cps":4000,"y":"1982","lith":"SANDSTONE"}},{"type":"Feature","id":28,"geometry":{"type":"Point","coordinates":[-105.28393,57.66135]},"properties":{"cps":1300,"y":"1982","lith":"CONGLOMERATE QUATRZ SANDSTONE"}},{"type":"Feature","id":29,"geometry":{"type":"Point","coordinates":[-105.02309,57.6948]},"properties":{"cps":500,"y":"1982","lith":"SANDSTONE"}},{"type":"Feature","id":30,"geometry":{"type":"Point","coordinates":[-105.14216,57.70087]},"properties":{"cps":3000,"y":"1982","lith":"SANDSTONE"}},{"type":"Feature","id":31,"geometry":{"type":"Point","coordinates":[-105.30808,57.64405]},"properties":{"cps":470,"y":"1980","lith":"SANDSTONE"}},{"type":"Feature","id":32,"geometry":{"type":"Point","coordinates":[-103.56317,58.47039]},"properties":{"cps":7000,"y":"2006","lith":"Pegmatite"}},{"type":"Feature","id":33,"geometry":{"type":"Point","coordinates":[-105.14198,57.70156]},"properties":{"cps":1500,"y":"1982","lith":"SANDSTONE"}},{"type":"Feature","id":34,"geometry":{"type":"Point","coordinates":[-105.28481,57.66096]},"properties":{"cps":2100,"y":"1982","lith":"QUARTZ SANDSTONE"}},{"type":"Feature","id":35,"geometry":{"type":"Point","coordinates":[-106.1599,59.11074]},"properties":{"cps":2000,"y":"1979","lith":"SANDSTONE"}},{"type":"Feature","id":36,"geometry":{"type":"Point","coordinates":[-105.27213,57.66596]},"properties":{"cps":1300,"y":"1982","lith":"FELDSPATHIC GRANITE"}},{"type":"Feature","id":37,"geometry":{"type":"Point","coordinates":[-105.14221,57.70137]},"properties":{"cps":3000,"y":"1982","lith":"SANDSTONE"}},{"type":"Feature","id":38,"geometry":{"type":"Point","coordinates":[-105.02623,57.69236]},"properties":{"cps":1800,"y":"1982","lith":"SANDSTONE"}},{"type":"Feature","id":39,"geometry":{"type":"Point","coordinates":[-105.13897,57.70255]},"properties":{"cps":6000,"y":"1982","lith":"SANDSTONE"}},{"type":"Feature","id":40,"geometry":{"type":"Point","coordinates":[-105.14137,57.74251]},"properties":{"cps":4200,"y":"1983","lith":"SANDSTONE"}},{"type":"Feature","id":41,"geometry":{"type":"Point","coordinates":[-105.22929,57.65568]},"properties":{"cps":1200,"y":"1982","lith":"SANDSTONE"}},{"type":"Feature","id":42,"geometry":{"type":"Point","coordinates":[-105.20425,57.29042]},"properties":{"cps":750,"y":"1981","lith":"CONGLOMERATE"}},{"type":"Feature","id":43,"geometry":{"type":"Point","coordinates":[-102.78345,58.03329]},"properties":{"cps":750,"y":"1975","lith":"PEGMATITE"}},{"type":"Feature","id":44,"geometry":{"type":"Point","coordinates":[-104.16289,57.84685]},"properties":{"cps":960,"y":"1980","lith":"CONGLOMERATE"}},{"type":"Feature","id":45,"geometry":{"type":"Point","coordinates":[-104.96192,57.33689]},"properties":{"cps":550,"y":"1981","lith":"CONGLOMERATE"}},{"type":"Feature","id":46,"geometry":{"type":"Point","coordinates":[-105.0468,57.67816]},"properties":{"cps":450,"y":"1982","lith":"SANDSTONE"}},{"type":"Feature","id":47,"geometry":{"type":"Point","coordinates":[-104.13208,57.82634]},"properties":{"cps":819,"y":"1980","lith":"CONGLOMERATE"}},{"type":"Feature","id":48,"geometry":{"type":"Point","coordinates":[-104.15526,57.85031]},"properties":{"cps":878,"y":"1980","lith":"CONGLOMERATE"}},{"type":"Feature","id":49,"geometry":{"type":"Point","coordinates":[-105.14096,57.74217]},"properties":{"cps":1000,"y":"1983","lith":"SANDSTONE"}},{"type":"Feature","id":50,"geometry":{"type":"Point","coordinates":[-103.57333,58.46589]},"properties":{"cps":2000,"y":"2006","lith":"PEGMATITE"}},{"type":"Feature","id":51,"geometry":{"type":"Point","coordinates":[-105.99346,57.00948]},"properties":{"cps":2000,"y":"1985","lith":" "}},{"type":"Feature","id":52,"geometry":{"type":"Point","coordinates":[-105.01134,57.28964]},"properties":{"cps":3430,"y":"1981","lith":"BASEMENT"}},{"type":"Feature","id":53,"geometry":{"type":"Point","coordinates":[-105.15948,57.68626]},"properties":{"cps":700,"y":"1982","lith":"SANDSTONE"}},{"type":"Feature","id":54,"geometry":{"type":"Point","coordinates":[-104.16756,57.83072]},"properties":{"cps":950,"y":"1980","lith":"CONGLOMERATE"}},{"type":"Feature","id":55,"geometry":{"type":"Point","coordinates":[-105.34604,57.62684]},"properties":{"cps":650,"y":"1980","lith":"SANDSTONE"}},{"type":"Feature","id":56,"geometry":{"type":"Point","coordinates":[-103.56297,58.47084]},"properties":{"cps":3200,"y":"2006","lith":"Biotite in Felsic Gneiss"}},{"type":"Feature","id":57,"geometry":{"type":"Point","coordinates":[-103.45491,58.43891]},"properties":{"cps":1900,"y":"1978","lith":"PEGMATITE"}},{"type":"Feature","id":58,"geometry":{"type":"Point","coordinates":[-105.24331,57.27062]},"properties":{"cps":550,"y":"1981","lith":"CONGLOMERATE"}},{"type":"Feature","id":59,"geometry":{"type":"Point","coordinates":[-104.96654,57.32576]},"properties":{"cps":750,"y":"1981","lith":"CONGLOMERATE"}},{"type":"Feature","id":60,"geometry":{"type":"Point","coordinates":[-103.94218,57.53339]},"properties":{"cps":4000,"y":"1979","lith":"CALS-SILICATE/BIOTITE GNEISS"}},{"type":"Feature","id":61,"geometry":{"type":"Point","coordinates":[-105.02872,57.69034]},"properties":{"cps":440,"y":"1982","lith":"SANDSTONE"}},{"type":"Feature","id":62,"geometry":{"type":"Point","coordinates":[-105.13258,57.70087]},"properties":{"cps":700,"y":"1982","lith":"SANDSTONE"}},{"type":"Feature","id":63,"geometry":{"type":"Point","coordinates":[-105.1422,57.70151]},"properties":{"cps":1200,"y":"1982","lith":"SANDSTONE"}},{"type":"Feature","id":64,"geometry":{"type":"Point","coordinates":[-105.24257,57.26822]},"properties":{"cps":750,"y":"1981","lith":"CONGLOMERATE"}},{"type":"Feature","id":65,"geometry":{"type":"Point","coordinates":[-105.20543,57.29147]},"properties":{"cps":1250,"y":"1981","lith":"PEGMATITE"}},{"type":"Feature","id":66,"geometry":{"type":"Point","coordinates":[-106.03267,56.9601]},"properties":{"cps":500,"y":"1978","lith":" "}},{"type":"Feature","id":67,"geometry":{"type":"Point","coordinates":[-105.20301,57.66732]},"properties":{"cps":800,"y":"1982","lith":"SANDSTONE"}},{"type":"Feature","id":68,"geometry":{"type":"Point","coordinates":[-105.9931,57.05684]},"properties":{"cps":2500,"y":"1985","lith":" "}},{"type":"Feature","id":69,"geometry":{"type":"Point","coordinates":[-105.02708,57.69144]},"properties":{"cps":700,"y":"1982","lith":"SANDSTONE"}},{"type":"Feature","id":70,"geometry":{"type":"Point","coordinates":[-105.34892,57.62558]},"properties":{"cps":600,"y":"1980","lith":"SANDSTONE"}},{"type":"Feature","id":71,"geometry":{"type":"Point","coordinates":[-105.26796,57.6683]},"properties":{"cps":850,"y":"1982","lith":"QUARTZ SANDSTONE"}},{"type":"Feature","id":72,"geometry":{"type":"Point","coordinates":[-105.14732,57.70433]},"properties":{"cps":1000,"y":"1982","lith":"SANDSTONE"}},{"type":"Feature","id":73,"geometry":{"type":"Point","coordinates":[-105.2222,57.69259]},"properties":{"cps":17000,"y":"1983","lith":"SANDSTONE"}},{"type":"Feature","id":74,"geometry":{"type":"Point","coordinates":[-105.27206,57.6656]},"properties":{"cps":4000,"y":"1982","lith":"SANDSTONE"}},{"type":"Feature","id":75,"geometry":{"type":"Point","coordinates":[-105.22656,57.27901]},"properties":{"cps":550,"y":"1981","lith":"CONGLOMERATE"}},{"type":"Feature","id":76,"geometry":{"type":"Point","coordinates":[-105.22281,57.65729]},"properties":{"cps":6000,"y":"1982","lith":"SANDSTONE"}},{"type":"Feature","id":77,"geometry":{"type":"Point","coordinates":[-105.22579,57.65654]},"properties":{"cps":4000,"y":"1982","lith":"SANDSTONE"}},{"type":"Feature","id":78,"geometry":{"type":"Point","coordinates":[-103.0548,58.57158]},"properties":{"cps":1900,"y":"1978","lith":" "}},{"type":"Feature","id":79,"geometry":{"type":"Point","coordinates":[-103.78212,58.63194]},"properties":{"cps":1200,"y":"2007","lith":"GRANITIC GNEISS"}},{"type":"Feature","id":80,"geometry":{"type":"Point","coordinates":[-104.94907,57.44946]},"properties":{"cps":400,"y":"1981","lith":"CONGLOMERATE"}},{"type":"Feature","id":81,"geometry":{"type":"Point","coordinates":[-103.56192,58.47205]},"properties":{"cps":3200,"y":"2006","lith":"Biotite in Felsic Gneiss"}},{"type":"Feature","id":82,"geometry":{"type":"Point","coordinates":[-104.15684,57.85139]},"properties":{"cps":1075,"y":"1980","lith":"PEGMATITE"}},{"type":"Feature","id":83,"geometry":{"type":"Point","coordinates":[-106.51452,57.27928]},"properties":{"cps":1000,"y":"2007","lith":"GNEISS"}},{"type":"Feature","id":84,"geometry":{"type":"Point","coordinates":[-104.18365,57.83147]},"properties":{"cps":1280,"y":"1980","lith":"BASEMENT"}},{"type":"Feature","id":85,"geometry":{"type":"Point","coordinates":[-105.15614,57.6992]},"properties":{"cps":700,"y":"1982","lith":"SANDSTONE"}},{"type":"Feature","id":86,"geometry":{"type":"Point","coordinates":[-105.14933,57.70405]},"properties":{"cps":750,"y":"1982","lith":"SANDSTONE"}},{"type":"Feature","id":87,"geometry":{"type":"Point","coordinates":[-105.34577,57.62699]},"properties":{"cps":650,"y":"1980","lith":"SANDSTONE"}},{"type":"Feature","id":88,"geometry":{"type":"Point","coordinates":[-105.19489,57.66911]},"properties":{"cps":4500,"y":"1982","lith":"SANDSTONE"}},{"type":"Feature","id":89,"geometry":{"type":"Point","coordinates":[-105.19819,57.66546]},"properties":{"cps":1800,"y":"1982","lith":"SANDSTONE"}},{"type":"Feature","id":90,"geometry":{"type":"Point","coordinates":[-105.19771,57.71048]},"properties":{"cps":8650,"y":"1983","lith":"SANDSTONE"}},{"type":"Feature","id":91,"geometry":{"type":"Point","coordinates":[-105.16987,57.67966]},"properties":{"cps":2000,"y":"1982","lith":"SANDSTONE"}},{"type":"Feature","id":92,"geometry":{"type":"Point","coordinates":[-105.28393,57.44214]},"properties":{"cps":520,"y":"1982","lith":"CONGLOMERATE"}},{"type":"Feature","id":93,"geometry":{"type":"Point","coordinates":[-105.99336,57.06177]},"properties":{"cps":700,"y":"1985","lith":" "}},{"type":"Feature","id":94,"geometry":{"type":"Point","coordinates":[-105.20799,57.28896]},"properties":{"cps":825,"y":"1981","lith":"CONGLOMERATE"}},{"type":"Feature","id":95,"geometry":{"type":"Point","coordinates":[-103.92607,57.54876]},"properties":{"cps":600,"y":"1979","lith":"WHITE FOLIATED GRANITIC ROCK"}},{"type":"Feature","id":96,"geometry":{"type":"Point","coordinates":[-105.20346,57.66634]},"properties":{"cps":600,"y":"1982","lith":"SANDSTONE"}},{"type":"Feature","id":97,"geometry":{"type":"Point","coordinates":[-105.34698,57.62676]},"properties":{"cps":430,"y":"1980","lith":"SANDSTONE"}},{"type":"Feature","id":98,"geometry":{"type":"Point","coordinates":[-105.2098,57.66376]},"properties":{"cps":5000,"y":"1982","lith":"SANDSTONE"}},{"type":"Feature","id":99,"geometry":{"type":"Point","coordinates":[-105.22299,57.28374]},"properties":{"cps":1500,"y":"1981","lith":"CONGLOMERATE"}},{"type":"Feature","id":100,"geometry":{"type":"Point","coordinates":[-105.33328,57.6316]},"properties":{"cps":700,"y":"1980","lith":"SANDSTONE"}},{"type":"Feature","id":101,"geometry":{"type":"Point","coordinates":[-105.03485,57.68539]},"properties":{"cps":500,"y":"1982","lith":"SANDSTONE"}},{"type":"Feature","id":102,"geometry":{"type":"Point","coordinates":[-105.21148,57.29121]},"properties":{"cps":550,"y":"1981","lith":"CONGLOMERATE"}},{"type":"Feature","id":103,"geometry":{"type":"Point","coordinates":[-105.14364,57.7089]},"properties":{"cps":800,"y":"1982","lith":"SANDSTONE"}},{"type":"Feature","id":104,"geometry":{"type":"Point","coordinates":[-105.15599,57.70109]},"properties":{"cps":2300,"y":"1982","lith":"SANDSTONE"}},{"type":"Feature","id":105,"geometry":{"type":"Point","coordinates":[-103.59599,58.46425]},"properties":{"cps":1050,"y":"2006","lith":"PEGMATITE"}},{"type":"Feature","id":106,"geometry":{"type":"Point","coordinates":[-105.99227,57.06509]},"properties":{"cps":2000,"y":"1985","lith":" "}},{"type":"Feature","id":107,"geometry":{"type":"Point","coordinates":[-105.139,57.74291]},"properties":{"cps":2400,"y":"1983","lith":"SANDSTONE"}},{"type":"Feature","id":108,"geometry":{"type":"Point","coordinates":[-105.19671,57.66564]},"properties":{"cps":8000,"y":"1982","lith":"SANDSTONE"}},{"type":"Feature","id":109,"geometry":{"type":"Point","coordinates":[-105.35214,57.62939]},"properties":{"cps":15000,"y":"1980","lith":"SANDSTONE"}},{"type":"Feature","id":110,"geometry":{"type":"Point","coordinates":[-105.20457,57.66609]},"properties":{"cps":1200,"y":"1982","lith":"SANDSTONE"}},{"type":"Feature","id":111,"geometry":{"type":"Point","coordinates":[-105.14226,57.74183]},"properties":{"cps":2200,"y":"1983","lith":"SANDSTONE"}},{"type":"Feature","id":112,"geometry":{"type":"Point","coordinates":[-103.31094,58.38102]},"properties":{"cps":2000,"y":"1978","lith":" "}},{"type":"Feature","id":113,"geometry":{"type":"Point","coordinates":[-104.69488,57.638]},"properties":{"cps":1500,"y":"1979","lith":" "}},{"type":"Feature","id":114,"geometry":{"type":"Point","coordinates":[-105.2052,57.6647]},"properties":{"cps":2400,"y":"1982","lith":"SANDSTONE"}},{"type":"Feature","id":115,"geometry":{"type":"Point","coordinates":[-105.19998,57.29438]},"properties":{"cps":550,"y":"1981","lith":"CONGLOMERATE"}},{"type":"Feature","id":116,"geometry":{"type":"Point","coordinates":[-105.17227,57.72542]},"properties":{"cps":5000,"y":"1983","lith":"SANDSTONE"}},{"type":"Feature","id":117,"geometry":{"type":"Point","coordinates":[-105.30478,57.64604]},"properties":{"cps":4700,"y":"1980","lith":"SANDSTONE"}},{"type":"Feature","id":118,"geometry":{"type":"Point","coordinates":[-105.22274,57.2838]},"properties":{"cps":920,"y":"1981","lith":"PEGMATITE"}},{"type":"Feature","id":119,"geometry":{"type":"Point","coordinates":[-105.16295,57.72839]},"properties":{"cps":1000,"y":"1983","lith":"SANDSTONE"}},{"type":"Feature","id":120,"geometry":{"type":"Point","coordinates":[-105.03975,57.68236]},"properties":{"cps":500,"y":"1982","lith":"SANDSTONE"}},{"type":"Feature","id":121,"geometry":{"type":"Point","coordinates":[-105.20804,57.66165]},"properties":{"cps":3000,"y":"1982","lith":"SANDSTONE"}},{"type":"Feature","id":122,"geometry":{"type":"Point","coordinates":[-105.02732,57.6914]},"properties":{"cps":2100,"y":"1982","lith":"SANDSTONE"}},{"type":"Feature","id":123,"geometry":{"type":"Point","coordinates":[-103.90571,57.55261]},"properties":{"cps":800,"y":"1979","lith":"PINK FOLIATED GRANITIC ROCK"}},{"type":"Feature","id":124,"geometry":{"type":"Point","coordinates":[-105.20253,57.66443]},"properties":{"cps":4000,"y":"1982","lith":"SANDSTONE"}},{"type":"Feature","id":125,"geometry":{"type":"Point","coordinates":[-105.15863,57.69762]},"properties":{"cps":1200,"y":"1982","lith":"SANDSTONE"}},{"type":"Feature","id":126,"geometry":{"type":"Point","coordinates":[-105.28436,57.66101]},"properties":{"cps":4300,"y":"1982","lith":"QUARTZ SANDSTONE"}},{"type":"Feature","id":127,"geometry":{"type":"Point","coordinates":[-104.97788,57.32949]},"properties":{"cps":650,"y":"1981","lith":"CONGLOMERATE"}},{"type":"Feature","id":128,"geometry":{"type":"Point","coordinates":[-105.1382,57.69936]},"properties":{"cps":3000,"y":"1982","lith":"SANDSTONE"}},{"type":"Feature","id":129,"geometry":{"type":"Point","coordinates":[-104.98389,57.32591]},"properties":{"cps":425,"y":"1981","lith":"SANDSTONE"}},{"type":"Feature","id":130,"geometry":{"type":"Point","coordinates":[-104.18196,57.83908]},"properties":{"cps":1770,"y":"1980","lith":"CONGLOMERATE"}},{"type":"Feature","id":131,"geometry":{"type":"Point","coordinates":[-105.14526,57.70798]},"properties":{"cps":24000,"y":"1982","lith":"SANDSTONE"}},{"type":"Feature","id":132,"geometry":{"type":"Point","coordinates":[-105.23398,57.27234]},"properties":{"cps":550,"y":"1981","lith":"CONGLOMERATE"}},{"type":"Feature","id":133,"geometry":{"type":"Point","coordinates":[-105.14212,57.74178]},"properties":{"cps":1850,"y":"1983","lith":"SANDSTONE"}},{"type":"Feature","id":134,"geometry":{"type":"Point","coordinates":[-103.98432,57.86686]},"properties":{"cps":700,"y":"1975","lith":"PEGMATITE"}},{"type":"Feature","id":135,"geometry":{"type":"Point","coordinates":[-106.02314,57.06489]},"properties":{"cps":1750,"y":"1985","lith":" "}},{"type":"Feature","id":136,"geometry":{"type":"Point","coordinates":[-103.89341,57.55572]},"properties":{"cps":1600,"y":"1979","lith":"WHITE FOLIATED GRANITIC ROCK"}},{"type":"Feature","id":137,"geometry":{"type":"Point","coordinates":[-104.15957,57.8528]},"properties":{"cps":1075,"y":"1980","lith":"BASEMENT"}},{"type":"Feature","id":138,"geometry":{"type":"Point","coordinates":[-103.59306,58.45458]},"properties":{"cps":2500,"y":"2006","lith":"PELITE"}},{"type":"Feature","id":139,"geometry":{"type":"Point","coordinates":[-104.11086,57.81412]},"properties":{"cps":1000,"y":"1980","lith":"CONGLOMERATE"}},{"type":"Feature","id":140,"geometry":{"type":"Point","coordinates":[-104.67427,57.66318]},"properties":{"cps":1500,"y":"1979","lith":" "}},{"type":"Feature","id":141,"geometry":{"type":"Point","coordinates":[-105.14079,57.74186]},"properties":{"cps":4450,"y":"1983","lith":"SANDSTONE"}},{"type":"Feature","id":142,"geometry":{"type":"Point","coordinates":[-105.15101,57.7388]},"properties":{"cps":9000,"y":"1983","lith":"SANDSTONE"}},{"type":"Feature","id":143,"geometry":{"type":"Point","coordinates":[-105.15425,57.70112]},"properties":{"cps":9000,"y":"1982","lith":"SANDSTONE"}},{"type":"Feature","id":144,"geometry":{"type":"Point","coordinates":[-103.07498,58.32005]},"properties":{"cps":1200,"y":"1978","lith":" "}},{"type":"Feature","id":145,"geometry":{"type":"Point","coordinates":[-104.14022,57.80553]},"properties":{"cps":1080,"y":"1980","lith":"CONGLOMERATE"}},{"type":"Feature","id":146,"geometry":{"type":"Point","coordinates":[-105.00628,57.29076]},"properties":{"cps":3000,"y":"1981","lith":"BASEMENT"}},{"type":"Feature","id":147,"geometry":{"type":"Point","coordinates":[-105.22563,57.27772]},"properties":{"cps":550,"y":"1981","lith":"CONGLOMERATE"}},{"type":"Feature","id":148,"geometry":{"type":"Point","coordinates":[-105.18873,57.66724]},"properties":{"cps":1500,"y":"1982","lith":"SANDSTONE"}},{"type":"Feature","id":149,"geometry":{"type":"Point","coordinates":[-103.94202,57.53385]},"properties":{"cps":2170,"y":"1979","lith":"BIOTITE GNEISS/GRANITIC GNEISS"}},{"type":"Feature","id":150,"geometry":{"type":"Point","coordinates":[-105.14187,57.74364]},"properties":{"cps":3760,"y":"1983","lith":"SANDSTONE"}},{"type":"Feature","id":151,"geometry":{"type":"Point","coordinates":[-106.04143,57.00883]},"properties":{"cps":600,"y":"1977","lith":" "}},{"type":"Feature","id":152,"geometry":{"type":"Point","coordinates":[-104.94669,57.45817]},"properties":{"cps":800,"y":"1981","lith":"PEGMATITE"}},{"type":"Feature","id":153,"geometry":{"type":"Point","coordinates":[-105.20968,57.66411]},"properties":{"cps":1500,"y":"1982","lith":"SANDSTONE"}},{"type":"Feature","id":154,"geometry":{"type":"Point","coordinates":[-105.14154,57.74267]},"properties":{"cps":5200,"y":"1983","lith":"SANDSTONE"}},{"type":"Feature","id":155,"geometry":{"type":"Point","coordinates":[-104.15452,57.85071]},"properties":{"cps":1012,"y":"1980","lith":"CONGLOMERATE"}},{"type":"Feature","id":156,"geometry":{"type":"Point","coordinates":[-105.15882,57.68635]},"properties":{"cps":1800,"y":"1982","lith":"SANDSTONE"}},{"type":"Feature","id":157,"geometry":{"type":"Point","coordinates":[-105.41899,57.37365]},"properties":{"cps":520,"y":"1981","lith":"SANDSTONE"}},{"type":"Feature","id":158,"geometry":{"type":"Point","coordinates":[-105.34569,57.62704]},"properties":{"cps":1100,"y":"1980","lith":"SANDSTONE"}},{"type":"Feature","id":159,"geometry":{"type":"Point","coordinates":[-104.95909,57.332]},"properties":{"cps":550,"y":"1981","lith":"CONGLOMERATE"}},{"type":"Feature","id":160,"geometry":{"type":"Point","coordinates":[-105.13979,57.74153]},"properties":{"cps":1000,"y":"1983","lith":"SANDSTONE"}},{"type":"Feature","id":161,"geometry":{"type":"Point","coordinates":[-105.14867,57.70441]},"properties":{"cps":800,"y":"1982","lith":"SANDSTONE"}},{"type":"Feature","id":162,"geometry":{"type":"Point","coordinates":[-105.19317,57.66581]},"properties":{"cps":500,"y":"1982","lith":"SANDSTONE"}},{"type":"Feature","id":163,"geometry":{"type":"Point","coordinates":[-103.79985,58.6154]},"properties":{"cps":450,"y":"2007","lith":"GRANITIC GNEISS"}},{"type":"Feature","id":164,"geometry":{"type":"Point","coordinates":[-105.14285,57.74157]},"properties":{"cps":3160,"y":"1983","lith":"SANDSTONE"}},{"type":"Feature","id":165,"geometry":{"type":"Point","coordinates":[-105.19771,57.66793]},"properties":{"cps":4000,"y":"1982","lith":"SANDSTONE"}},{"type":"Feature","id":166,"geometry":{"type":"Point","coordinates":[-105.84183,57.0748]},"properties":{"cps":800,"y":"1977","lith":" "}},{"type":"Feature","id":167,"geometry":{"type":"Point","coordinates":[-105.16461,57.68367]},"properties":{"cps":1000,"y":"1982","lith":"SANDSTONE"}},{"type":"Feature","id":168,"geometry":{"type":"Point","coordinates":[-105.14491,57.70292]},"properties":{"cps":3000,"y":"1982","lith":"SANDSTONE"}},{"type":"Feature","id":169,"geometry":{"type":"Point","coordinates":[-106.04241,56.96487]},"properties":{"cps":2800,"y":"1978","lith":" "}},{"type":"Feature","id":170,"geometry":{"type":"Point","coordinates":[-105.3338,57.63117]},"properties":{"cps":460,"y":"1980","lith":"SANDSTONE"}},{"type":"Feature","id":171,"geometry":{"type":"Point","coordinates":[-105.16463,57.73031]},"properties":{"cps":2500,"y":"1983","lith":"SANDSTONE"}},{"type":"Feature","id":172,"geometry":{"type":"Point","coordinates":[-105.21608,57.66017]},"properties":{"cps":9000,"y":"1982","lith":"SANDSTONE"}},{"type":"Feature","id":173,"geometry":{"type":"Point","coordinates":[-105.1584,57.73284]},"properties":{"cps":4680,"y":"1983","lith":"SANDSTONE"}},{"type":"Feature","id":174,"geometry":{"type":"Point","coordinates":[-105.0311,57.29612]},"properties":{"cps":500,"y":"1981","lith":"PEGMATITE"}},{"type":"Feature","id":175,"geometry":{"type":"Point","coordinates":[-105.19934,57.66505]},"properties":{"cps":1000,"y":"1982","lith":"SANDSTONE"}},{"type":"Feature","id":176,"geometry":{"type":"Point","coordinates":[-105.21567,57.65992]},"properties":{"cps":856,"y":"1982","lith":"SANDSTONE"}},{"type":"Feature","id":177,"geometry":{"type":"Point","coordinates":[-104.18468,57.83787]},"properties":{"cps":760,"y":"1980","lith":"SANDSTONE"}},{"type":"Feature","id":178,"geometry":{"type":"Point","coordinates":[-105.43167,57.36797]},"properties":{"cps":450,"y":"1981","lith":"SANDSTONE"}},{"type":"Feature","id":179,"geometry":{"type":"Point","coordinates":[-104.93245,57.45101]},"properties":{"cps":400,"y":"1981","lith":"CONGLOMERATE"}},{"type":"Feature","id":180,"geometry":{"type":"Point","coordinates":[-105.1474,57.70107]},"properties":{"cps":5000,"y":"1982","lith":"SANDSTONE"}},{"type":"Feature","id":181,"geometry":{"type":"Point","coordinates":[-105.19872,57.29373]},"properties":{"cps":650,"y":"1981","lith":"CONGLOMERATE"}},{"type":"Feature","id":182,"geometry":{"type":"Point","coordinates":[-105.14723,57.70574]},"properties":{"cps":1100,"y":"1982","lith":"SANDSTONE"}},{"type":"Feature","id":183,"geometry":{"type":"Point","coordinates":[-105.23222,57.27676]},"properties":{"cps":550,"y":"1981","lith":"CONGLOMERATE"}},{"type":"Feature","id":184,"geometry":{"type":"Point","coordinates":[-105.14787,57.70518]},"properties":{"cps":2500,"y":"1982","lith":"SANDSTONE"}},{"type":"Feature","id":185,"geometry":{"type":"Point","coordinates":[-104.096,57.83545]},"properties":{"cps":1844,"y":"1980","lith":"CONGLOMERATE"}},{"type":"Feature","id":186,"geometry":{"type":"Point","coordinates":[-105.2028,57.66736]},"properties":{"cps":4000,"y":"1982","lith":"SANDSTONE"}},{"type":"Feature","id":187,"geometry":{"type":"Point","coordinates":[-105.14705,57.70526]},"properties":{"cps":1300,"y":"1982","lith":"SANDSTONE"}},{"type":"Feature","id":188,"geometry":{"type":"Point","coordinates":[-103.28555,58.4583]},"properties":{"cps":2000,"y":"1978","lith":" "}},{"type":"Feature","id":189,"geometry":{"type":"Point","coordinates":[-104.15456,57.85041]},"properties":{"cps":1202,"y":"1980","lith":"CONGLOMERATE"}},{"type":"Feature","id":190,"geometry":{"type":"Point","coordinates":[-104.15516,57.85062]},"properties":{"cps":947,"y":"1980","lith":"CONGLOMERATE"}},{"type":"Feature","id":191,"geometry":{"type":"Point","coordinates":[-105.2089,57.66191]},"properties":{"cps":6000,"y":"1982","lith":"SANDSTONE"}},{"type":"Feature","id":192,"geometry":{"type":"Point","coordinates":[-105.14577,57.74098]},"properties":{"cps":4793,"y":"1983","lith":"SANDSTONE"}},{"type":"Feature","id":193,"geometry":{"type":"Point","coordinates":[-103.97148,57.87739]},"properties":{"cps":800,"y":"1975","lith":"META-SEDIMENT"}},{"type":"Feature","id":194,"geometry":{"type":"Point","coordinates":[-105.1651,57.68279]},"properties":{"cps":2000,"y":"1982","lith":"SANDSTONE"}},{"type":"Feature","id":195,"geometry":{"type":"Point","coordinates":[-105.15838,57.69564]},"properties":{"cps":480,"y":"1982","lith":"SANDSTONE"}},{"type":"Feature","id":196,"geometry":{"type":"Point","coordinates":[-103.31735,58.38014]},"properties":{"cps":2700,"y":"1978","lith":" "}},{"type":"Feature","id":197,"geometry":{"type":"Point","coordinates":[-106.01141,56.97376]},"properties":{"cps":1500,"y":"1985","lith":" "}},{"type":"Feature","id":198,"geometry":{"type":"Point","coordinates":[-105.19864,57.66529]},"properties":{"cps":2500,"y":"1982","lith":"SANDSTONE"}},{"type":"Feature","id":199,"geometry":{"type":"Point","coordinates":[-105.19777,57.66553]},"properties":{"cps":2300,"y":"1982","lith":"SANDSTONE"}},{"type":"Feature","id":200,"geometry":{"type":"Point","coordinates":[-104.9466,57.45828]},"properties":{"cps":650,"y":"1981","lith":"CONGLOMERATE"}},{"type":"Feature","id":201,"geometry":{"type":"Point","coordinates":[-105.22659,57.65632]},"properties":{"cps":1200,"y":"1982","lith":"SANDSTONE"}},{"type":"Feature","id":202,"geometry":{"type":"Point","coordinates":[-104.11065,57.81416]},"properties":{"cps":800,"y":"1980","lith":"CONGLOMERATE"}},{"type":"Feature","id":203,"geometry":{"type":"Point","coordinates":[-105.232,57.65351]},"properties":{"cps":1500,"y":"1982","lith":"SANDSTONE"}},{"type":"Feature","id":204,"geometry":{"type":"Point","coordinates":[-105.03262,57.6872]},"properties":{"cps":480,"y":"1982","lith":"SANDSTONE"}},{"type":"Feature","id":205,"geometry":{"type":"Point","coordinates":[-105.23648,57.27164]},"properties":{"cps":650,"y":"1981","lith":"CONGLOMERATE"}},{"type":"Feature","id":206,"geometry":{"type":"Point","coordinates":[-104.9781,57.32772]},"properties":{"cps":550,"y":"1981","lith":"CONGLOMERATE"}},{"type":"Feature","id":207,"geometry":{"type":"Point","coordinates":[-105.22783,57.65623]},"properties":{"cps":1500,"y":"1982","lith":"SANDSTONE"}},{"type":"Feature","id":208,"geometry":{"type":"Point","coordinates":[-105.23331,57.27624]},"properties":{"cps":750,"y":"1981","lith":"CONGLOMERATE"}},{"type":"Feature","id":209,"geometry":{"type":"Point","coordinates":[-105.15897,57.69751]},"properties":{"cps":550,"y":"1982","lith":"SANDSTONE"}},{"type":"Feature","id":210,"geometry":{"type":"Point","coordinates":[-105.1993,57.29347]},"properties":{"cps":550,"y":"1981","lith":"CONGLOMERATE"}},{"type":"Feature","id":211,"geometry":{"type":"Point","coordinates":[-105.28251,57.66163]},"properties":{"cps":550,"y":"1982","lith":"QUARTZ SANDSTONE"}},{"type":"Feature","id":212,"geometry":{"type":"Point","coordinates":[-102.8126,58.0267]},"properties":{"cps":750,"y":"1975","lith":"PEGMATITE"}},{"type":"Feature","id":213,"geometry":{"type":"Point","coordinates":[-103.56066,58.47544]},"properties":{"cps":1300,"y":"2006","lith":"PEGMATITE"}},{"type":"Feature","id":214,"geometry":{"type":"Point","coordinates":[-105.13934,57.74143]},"properties":{"cps":4100,"y":"1983","lith":"SANDSTONE"}},{"type":"Feature","id":215,"geometry":{"type":"Point","coordinates":[-105.21012,57.28751]},"properties":{"cps":425,"y":"1981","lith":"SANDSTONE"}},{"type":"Feature","id":216,"geometry":{"type":"Point","coordinates":[-105.19909,57.66499]},"properties":{"cps":1000,"y":"1982","lith":"SANDSTONE"}},{"type":"Feature","id":217,"geometry":{"type":"Point","coordinates":[-105.23293,57.27389]},"properties":{"cps":500,"y":"1981","lith":"PEGMATITE"}},{"type":"Feature","id":218,"geometry":{"type":"Point","coordinates":[-105.13455,57.70028]},"properties":{"cps":2000,"y":"1982","lith":"SANDSTONE"}},{"type":"Feature","id":219,"geometry":{"type":"Point","coordinates":[-104.18214,57.83783]},"properties":{"cps":2173,"y":"1980","lith":"BASEMENT"}},{"type":"Feature","id":220,"geometry":{"type":"Point","coordinates":[-105.13289,57.70108]},"properties":{"cps":700,"y":"1982","lith":"SANDSTONE"}},{"type":"Feature","id":221,"geometry":{"type":"Point","coordinates":[-104.16865,57.83781]},"properties":{"cps":930,"y":"1980","lith":"BASEMENT"}},{"type":"Feature","id":222,"geometry":{"type":"Point","coordinates":[-105.20261,57.29424]},"properties":{"cps":1900,"y":"1981","lith":"CONGLOMERATE"}},{"type":"Feature","id":223,"geometry":{"type":"Point","coordinates":[-105.15815,57.70037]},"properties":{"cps":3300,"y":"1982","lith":"SANDSTONE"}},{"type":"Feature","id":224,"geometry":{"type":"Point","coordinates":[-105.33514,57.635]},"properties":{"cps":15000,"y":"1980","lith":"SANDSTONE"}},{"type":"Feature","id":225,"geometry":{"type":"Point","coordinates":[-106.17779,59.174]},"properties":{"cps":2200,"y":"1979","lith":"SANDSTONE"}},{"type":"Feature","id":226,"geometry":{"type":"Point","coordinates":[-105.1623,57.68398]},"properties":{"cps":1000,"y":"1982","lith":"SANDSTONE"}},{"type":"Feature","id":227,"geometry":{"type":"Point","coordinates":[-105.00139,57.30815]},"properties":{"cps":1000,"y":"1981","lith":"BASEMENT"}},{"type":"Feature","id":228,"geometry":{"type":"Point","coordinates":[-105.30721,57.64515]},"properties":{"cps":510,"y":"1980","lith":"SANDSTONE"}},{"type":"Feature","id":229,"geometry":{"type":"Point","coordinates":[-105.22827,57.65607]},"properties":{"cps":500,"y":"1982","lith":"SANDSTONE"}},{"type":"Feature","id":230,"geometry":{"type":"Point","coordinates":[-103.5868,58.46025]},"properties":{"cps":725,"y":"2006","lith":"PEGMATITE"}},{"type":"Feature","id":231,"geometry":{"type":"Point","coordinates":[-105.13796,57.74262]},"properties":{"cps":1100,"y":"1983","lith":"SANDSTONE"}},{"type":"Feature","id":232,"geometry":{"type":"Point","coordinates":[-104.93564,57.45023]},"properties":{"cps":426,"y":"1981","lith":"SANDSTONE"}},{"type":"Feature","id":233,"geometry":{"type":"Point","coordinates":[-104.15931,57.84509]},"properties":{"cps":1040,"y":"1980","lith":"CONGLOMERATE"}},{"type":"Feature","id":234,"geometry":{"type":"Point","coordinates":[-106.03354,57.02172]},"properties":{"cps":7500,"y":"1985","lith":" "}},{"type":"Feature","id":235,"geometry":{"type":"Point","coordinates":[-104.93746,57.45106]},"properties":{"cps":400,"y":"1981","lith":"CONGLOMERATE"}},{"type":"Feature","id":236,"geometry":{"type":"Point","coordinates":[-105.20942,57.66194]},"properties":{"cps":3004,"y":"1982","lith":"SANDSTONE"}},{"type":"Feature","id":237,"geometry":{"type":"Point","coordinates":[-105.20982,57.66185]},"properties":{"cps":3080,"y":"1982","lith":"SANDSTONE"}},{"type":"Feature","id":238,"geometry":{"type":"Point","coordinates":[-105.14143,57.7423]},"properties":{"cps":26000,"y":"1983","lith":"SANDSTONE"}},{"type":"Feature","id":239,"geometry":{"type":"Point","coordinates":[-105.2942,57.4638]},"properties":{"cps":460,"y":"1982","lith":"CONGLOMERATE"}},{"type":"Feature","id":240,"geometry":{"type":"Point","coordinates":[-105.32774,57.63886]},"properties":{"cps":1400,"y":"1980","lith":"SANDSTONE"}},{"type":"Feature","id":241,"geometry":{"type":"Point","coordinates":[-105.21151,57.66323]},"properties":{"cps":1300,"y":"1982","lith":"SANDSTONE"}},{"type":"Feature","id":242,"geometry":{"type":"Point","coordinates":[-105.15813,57.69543]},"properties":{"cps":1200,"y":"1982","lith":"SANDSTONE"}},{"type":"Feature","id":243,"geometry":{"type":"Point","coordinates":[-105.17511,57.67865]},"properties":{"cps":3000,"y":"1982","lith":"SANDSTONE"}},{"type":"Feature","id":244,"geometry":{"type":"Point","coordinates":[-105.15892,57.68768]},"properties":{"cps":2500,"y":"1982","lith":"SANDSTONE"}},{"type":"Feature","id":245,"geometry":{"type":"Point","coordinates":[-105.23758,57.2699]},"properties":{"cps":890,"y":"1981","lith":"CONGLOMERATE"}},{"type":"Feature","id":246,"geometry":{"type":"Point","coordinates":[-105.27796,57.65906]},"properties":{"cps":660,"y":"1982","lith":"GRANITE"}},{"type":"Feature","id":247,"geometry":{"type":"Point","coordinates":[-105.19665,57.66514]},"properties":{"cps":9500,"y":"1982","lith":"SANDSTONE"}},{"type":"Feature","id":248,"geometry":{"type":"Point","coordinates":[-105.19874,57.66551]},"properties":{"cps":1100,"y":"1982","lith":"SANDSTONE"}},{"type":"Feature","id":249,"geometry":{"type":"Point","coordinates":[-105.15809,57.69709]},"properties":{"cps":2700,"y":"1982","lith":"SANDSTONE"}},{"type":"Feature","id":250,"geometry":{"type":"Point","coordinates":[-105.86649,57.06172]},"properties":{"cps":700,"y":"1977","lith":" "}},{"type":"Feature","id":251,"geometry":{"type":"Point","coordinates":[-104.96601,57.32578]},"properties":{"cps":550,"y":"1981","lith":"CONGLOMERATE"}},{"type":"Feature","id":252,"geometry":{"type":"Point","coordinates":[-105.19826,57.66565]},"properties":{"cps":800,"y":"1982","lith":"SANDSTONE"}},{"type":"Feature","id":253,"geometry":{"type":"Point","coordinates":[-104.15916,57.85114]},"properties":{"cps":875,"y":"1980","lith":"CONGLOMERATE"}},{"type":"Feature","id":254,"geometry":{"type":"Point","coordinates":[-105.23085,57.65539]},"properties":{"cps":450,"y":"1982","lith":"SANDSTONE"}},{"type":"Feature","id":255,"geometry":{"type":"Point","coordinates":[-105.20446,57.66551]},"properties":{"cps":3000,"y":"1982","lith":"SANDSTONE"}},{"type":"Feature","id":256,"geometry":{"type":"Point","coordinates":[-104.98796,57.32584]},"properties":{"cps":400,"y":"1981","lith":"CONGLOMERATE"}},{"type":"Feature","id":257,"geometry":{"type":"Point","coordinates":[-105.14741,57.70383]},"properties":{"cps":700,"y":"1982","lith":"SANDSTONE"}},{"type":"Feature","id":258,"geometry":{"type":"Point","coordinates":[-105.03206,57.68745]},"properties":{"cps":2200,"y":"1982","lith":"SANDSTONE"}},{"type":"Feature","id":259,"geometry":{"type":"Point","coordinates":[-105.15644,57.70132]},"properties":{"cps":2800,"y":"1982","lith":"SANDSTONE"}},{"type":"Feature","id":260,"geometry":{"type":"Point","coordinates":[-105.15595,57.70126]},"properties":{"cps":30000,"y":"1982","lith":"SANDSTONE"}},{"type":"Feature","id":261,"geometry":{"type":"Point","coordinates":[-106.06511,56.97079]},"properties":{"cps":900,"y":"1977","lith":" "}},{"type":"Feature","id":262,"geometry":{"type":"Point","coordinates":[-105.3084,57.64372]},"properties":{"cps":750,"y":"1980","lith":"SANDSTONE"}},{"type":"Feature","id":263,"geometry":{"type":"Point","coordinates":[-105.22948,57.65587]},"properties":{"cps":1700,"y":"1982","lith":"SANDSTONE"}},{"type":"Feature","id":264,"geometry":{"type":"Point","coordinates":[-105.21427,57.6597]},"properties":{"cps":6000,"y":"1982","lith":"SANDSTONE"}},{"type":"Feature","id":265,"geometry":{"type":"Point","coordinates":[-103.22539,58.42874]},"properties":{"cps":1500,"y":"1978","lith":" "}},{"type":"Feature","id":266,"geometry":{"type":"Point","coordinates":[-103.39139,58.29114]},"properties":{"cps":1200,"y":"1978","lith":" "}},{"type":"Feature","id":267,"geometry":{"type":"Point","coordinates":[-105.21346,57.65955]},"properties":{"cps":2700,"y":"1982","lith":"SANDSTONE"}},{"type":"Feature","id":268,"geometry":{"type":"Point","coordinates":[-105.14738,57.70569]},"properties":{"cps":600,"y":"1982","lith":"SANDSTONE"}},{"type":"Feature","id":269,"geometry":{"type":"Point","coordinates":[-105.17121,57.68043]},"properties":{"cps":1300,"y":"1982","lith":"SANDSTONE"}},{"type":"Feature","id":270,"geometry":{"type":"Point","coordinates":[-105.20277,57.66744]},"properties":{"cps":5000,"y":"1982","lith":"SANDSTONE"}},{"type":"Feature","id":271,"geometry":{"type":"Point","coordinates":[-105.16302,57.7295]},"properties":{"cps":1150,"y":"1983","lith":"SANDSTONE"}},{"type":"Feature","id":272,"geometry":{"type":"Point","coordinates":[-105.15865,57.69569]},"properties":{"cps":500,"y":"1982","lith":" "}},{"type":"Feature","id":273,"geometry":{"type":"Point","coordinates":[-105.15851,57.69825]},"properties":{"cps":9000,"y":"1982","lith":"SANDSTONE"}},{"type":"Feature","id":274,"geometry":{"type":"Point","coordinates":[-105.196,57.66524]},"properties":{"cps":900,"y":"1982","lith":"SANDSTONE"}},{"type":"Feature","id":275,"geometry":{"type":"Point","coordinates":[-105.14498,57.70299]},"properties":{"cps":5000,"y":"1982","lith":"SANDSTONE"}},{"type":"Feature","id":276,"geometry":{"type":"Point","coordinates":[-104.95821,57.32932]},"properties":{"cps":750,"y":"1981","lith":"CONGLOMERATE"}},{"type":"Feature","id":277,"geometry":{"type":"Point","coordinates":[-105.22853,57.65645]},"properties":{"cps":2700,"y":"1982","lith":"SANDSTONE"}},{"type":"Feature","id":278,"geometry":{"type":"Point","coordinates":[-105.20478,57.66503]},"properties":{"cps":900,"y":"1982","lith":"SANDSTONE"}},{"type":"Feature","id":279,"geometry":{"type":"Point","coordinates":[-105.16023,57.73075]},"properties":{"cps":1536,"y":"1983","lith":"SANDSTONE"}},{"type":"Feature","id":280,"geometry":{"type":"Point","coordinates":[-105.14586,57.70268]},"properties":{"cps":1800,"y":"1982","lith":"SANDSTONE"}},{"type":"Feature","id":281,"geometry":{"type":"Point","coordinates":[-105.93875,57.27447]},"properties":{"cps":700,"y":"1981","lith":"CONGLOMERATE"}},{"type":"Feature","id":282,"geometry":{"type":"Point","coordinates":[-103.29942,58.4411]},"properties":{"cps":5500,"y":"1978","lith":" "}},{"type":"Feature","id":283,"geometry":{"type":"Point","coordinates":[-106.00144,57.05191]},"properties":{"cps":2200,"y":"1977","lith":" "}},{"type":"Feature","id":284,"geometry":{"type":"Point","coordinates":[-105.16862,57.6915]},"properties":{"cps":600,"y":"1982","lith":" "}},{"type":"Feature","id":285,"geometry":{"type":"Point","coordinates":[-105.20265,57.66685]},"properties":{"cps":1500,"y":"1982","lith":"SANDSTONE"}},{"type":"Feature","id":286,"geometry":{"type":"Point","coordinates":[-105.03918,57.68259]},"properties":{"cps":1750,"y":"1982","lith":"SANDSTONE"}},{"type":"Feature","id":287,"geometry":{"type":"Point","coordinates":[-105.14087,57.74188]},"properties":{"cps":2100,"y":"1983","lith":"SANDSTONE"}},{"type":"Feature","id":288,"geometry":{"type":"Point","coordinates":[-104.15373,57.85163]},"properties":{"cps":970,"y":"1980","lith":"CONGLOMERATE"}},{"type":"Feature","id":289,"geometry":{"type":"Point","coordinates":[-105.36378,57.4705]},"properties":{"cps":420,"y":"1982","lith":"CONGLOMERATE"}},{"type":"Feature","id":290,"geometry":{"type":"Point","coordinates":[-103.56293,58.47072]},"properties":{"cps":2000,"y":"2006","lith":"Biotite in Felsic Gneiss"}},{"type":"Feature","id":291,"geometry":{"type":"Point","coordinates":[-105.94679,57.01956]},"properties":{"cps":1000,"y":"1977","lith":" "}},{"type":"Feature","id":292,"geometry":{"type":"Point","coordinates":[-105.03311,57.2983]},"properties":{"cps":800,"y":"1981","lith":"CONGLOMERATE"}},{"type":"Feature","id":293,"geometry":{"type":"Point","coordinates":[-105.33226,57.63194]},"properties":{"cps":700,"y":"1980","lith":"SANDSTONE"}},{"type":"Feature","id":294,"geometry":{"type":"Point","coordinates":[-105.02653,57.69198]},"properties":{"cps":1100,"y":"1982","lith":"SANDSTONE"}},{"type":"Feature","id":295,"geometry":{"type":"Point","coordinates":[-105.23219,57.65346]},"properties":{"cps":8000,"y":"1982","lith":"SANDSTONE"}},{"type":"Feature","id":296,"geometry":{"type":"Point","coordinates":[-105.13803,57.70096]},"properties":{"cps":6000,"y":"1982","lith":"SANDSTONE"}},{"type":"Feature","id":297,"geometry":{"type":"Point","coordinates":[-105.19219,57.66678]},"properties":{"cps":2200,"y":"1982","lith":"SANDSTONE"}},{"type":"Feature","id":298,"geometry":{"type":"Point","coordinates":[-105.23384,57.27631]},"properties":{"cps":800,"y":"1981","lith":"PEGMATITE"}},{"type":"Feature","id":299,"geometry":{"type":"Point","coordinates":[-105.20392,57.66574]},"properties":{"cps":1100,"y":"1982","lith":"SANDSTONE"}},{"type":"Feature","id":300,"geometry":{"type":"Point","coordinates":[-103.1142,58.56682]},"properties":{"cps":2200,"y":"1978","lith":" "}},{"type":"Feature","id":301,"geometry":{"type":"Point","coordinates":[-105.19383,57.66645]},"properties":{"cps":3500,"y":"1982","lith":"SANDSTONE"}},{"type":"Feature","id":302,"geometry":{"type":"Point","coordinates":[-104.15679,57.84833]},"properties":{"cps":860,"y":"1980","lith":"CONGLOMERATE"}},{"type":"Feature","id":303,"geometry":{"type":"Point","coordinates":[-105.20771,57.66191]},"properties":{"cps":2000,"y":"1982","lith":"SANDSTONE"}},{"type":"Feature","id":304,"geometry":{"type":"Point","coordinates":[-105.15609,57.70098]},"properties":{"cps":650,"y":"1982","lith":"SANDSTONE"}},{"type":"Feature","id":305,"geometry":{"type":"Point","coordinates":[-105.15592,57.70084]},"properties":{"cps":450,"y":"1982","lith":"SANDSTONE"}},{"type":"Feature","id":306,"geometry":{"type":"Point","coordinates":[-103.32698,58.33191]},"properties":{"cps":3000,"y":"1978","lith":" "}},{"type":"Feature","id":307,"geometry":{"type":"Point","coordinates":[-105.99284,57.05702]},"properties":{"cps":400,"y":"1985","lith":" "}},{"type":"Feature","id":308,"geometry":{"type":"Point","coordinates":[-105.22972,57.65579]},"properties":{"cps":1800,"y":"1982","lith":"SANDSTONE"}},{"type":"Feature","id":309,"geometry":{"type":"Point","coordinates":[-105.14598,57.70658]},"properties":{"cps":1900,"y":"1982","lith":"SANDSTONE"}},{"type":"Feature","id":310,"geometry":{"type":"Point","coordinates":[-105.16508,57.6841]},"properties":{"cps":9900,"y":"1982","lith":"SANDSTONE"}},{"type":"Feature","id":311,"geometry":{"type":"Point","coordinates":[-105.22316,57.28379]},"properties":{"cps":550,"y":"1981","lith":"CONGLOMERATE"}},{"type":"Feature","id":312,"geometry":{"type":"Point","coordinates":[-105.21558,57.65943]},"properties":{"cps":413,"y":"1982","lith":"SANDSTONE"}},{"type":"Feature","id":313,"geometry":{"type":"Point","coordinates":[-105.84875,57.08518]},"properties":{"cps":500,"y":"1977","lith":" "}},{"type":"Feature","id":314,"geometry":{"type":"Point","coordinates":[-105.15379,57.70146]},"properties":{"cps":6000,"y":"1982","lith":"SANDSTONE"}},{"type":"Feature","id":315,"geometry":{"type":"Point","coordinates":[-105.15818,57.69866]},"properties":{"cps":1500,"y":"1982","lith":"SANDSTONE"}},{"type":"Feature","id":316,"geometry":{"type":"Point","coordinates":[-105.45961,57.29116]},"properties":{"cps":620,"y":"1979","lith":"SANDSTONE"}},{"type":"Feature","id":317,"geometry":{"type":"Point","coordinates":[-105.20298,57.66696]},"properties":{"cps":2000,"y":"1982","lith":"SANDSTONE"}},{"type":"Feature","id":318,"geometry":{"type":"Point","coordinates":[-105.13845,57.74264]},"properties":{"cps":1410,"y":"1983","lith":"SANDSTONE"}},{"type":"Feature","id":319,"geometry":{"type":"Point","coordinates":[-105.16236,57.73049]},"properties":{"cps":11500,"y":"1983","lith":"SANDSTONE"}},{"type":"Feature","id":320,"geometry":{"type":"Point","coordinates":[-105.14241,57.7412]},"properties":{"cps":1234,"y":"1983","lith":"SANDSTONE"}},{"type":"Feature","id":321,"geometry":{"type":"Point","coordinates":[-105.45552,57.41692]},"properties":{"cps":1400,"y":"1982","lith":"SANDSTONE"}},{"type":"Feature","id":322,"geometry":{"type":"Point","coordinates":[-105.15481,57.74034]},"properties":{"cps":5000,"y":"1983","lith":"SANDSTONE"}},{"type":"Feature","id":323,"geometry":{"type":"Point","coordinates":[-103.22439,58.50196]},"properties":{"cps":4000,"y":"1978","lith":" "}},{"type":"Feature","id":324,"geometry":{"type":"Point","coordinates":[-103.56017,58.47304]},"properties":{"cps":6600,"y":"2006","lith":"Biotite in Felsic Gneiss"}},{"type":"Feature","id":325,"geometry":{"type":"Point","coordinates":[-102.81832,58.00347]},"properties":{"cps":750,"y":"1975","lith":"PEGMATIC GRANITE"}},{"type":"Feature","id":326,"geometry":{"type":"Point","coordinates":[-105.3253,57.47089]},"properties":{"cps":750,"y":"1982","lith":"GRANITE"}},{"type":"Feature","id":327,"geometry":{"type":"Point","coordinates":[-105.16103,57.73121]},"properties":{"cps":9200,"y":"1983","lith":"SANDSTONE"}},{"type":"Feature","id":328,"geometry":{"type":"Point","coordinates":[-105.03917,57.68228]},"properties":{"cps":3600,"y":"1982","lith":"SANDSTONE"}},{"type":"Feature","id":329,"geometry":{"type":"Point","coordinates":[-105.17111,57.68018]},"properties":{"cps":450,"y":"1982","lith":"SANDSTONE"}},{"type":"Feature","id":330,"geometry":{"type":"Point","coordinates":[-105.21516,57.66043]},"properties":{"cps":902,"y":"1982","lith":"SANDSTONE"}},{"type":"Feature","id":331,"geometry":{"type":"Point","coordinates":[-105.30817,57.64403]},"properties":{"cps":14000,"y":"1980","lith":"SANDSTONE"}},{"type":"Feature","id":332,"geometry":{"type":"Point","coordinates":[-104.16203,57.84341]},"properties":{"cps":960,"y":"1980","lith":"CONGLOMERATE"}},{"type":"Feature","id":333,"geometry":{"type":"Point","coordinates":[-105.2302,57.65554]},"properties":{"cps":600,"y":"1982","lith":"SANDSTONE"}},{"type":"Feature","id":334,"geometry":{"type":"Point","coordinates":[-105.13782,57.74265]},"properties":{"cps":3300,"y":"1983","lith":"SANDSTONE"}},{"type":"Feature","id":335,"geometry":{"type":"Point","coordinates":[-105.2327,57.65494]},"properties":{"cps":3100,"y":"1982","lith":"SANDSTONE"}},{"type":"Feature","id":336,"geometry":{"type":"Point","coordinates":[-104.95851,57.33662]},"properties":{"cps":650,"y":"1981","lith":"CONGLOMERATE"}},{"type":"Feature","id":337,"geometry":{"type":"Point","coordinates":[-105.33436,57.63079]},"properties":{"cps":4260,"y":"1980","lith":"SANDSTONE"}},{"type":"Feature","id":338,"geometry":{"type":"Point","coordinates":[-105.15362,57.70048]},"properties":{"cps":4500,"y":"1982","lith":"SANDSTONE"}},{"type":"Feature","id":339,"geometry":{"type":"Point","coordinates":[-105.32699,57.63494]},"properties":{"cps":3100,"y":"1980","lith":"SANDSTONE"}},{"type":"Feature","id":340,"geometry":{"type":"Point","coordinates":[-105.42931,57.36897]},"properties":{"cps":400,"y":"1981","lith":"SANDSTONE"}},{"type":"Feature","id":341,"geometry":{"type":"Point","coordinates":[-103.54904,58.45554]},"properties":{"cps":4100,"y":"2006","lith":"PEGMATITE"}},{"type":"Feature","id":342,"geometry":{"type":"Point","coordinates":[-103.57896,58.45687]},"properties":{"cps":2500,"y":"2006","lith":"PELITE"}},{"type":"Feature","id":343,"geometry":{"type":"Point","coordinates":[-103.94138,57.53355]},"properties":{"cps":3000,"y":"1979","lith":"BIOTITE GNEISS/PEGMATITE"}},{"type":"Feature","id":344,"geometry":{"type":"Point","coordinates":[-103.2315,58.45385]},"properties":{"cps":1000,"y":"1978","lith":"PEGMATITE"}},{"type":"Feature","id":345,"geometry":{"type":"Point","coordinates":[-105.13154,57.69892]},"properties":{"cps":450,"y":"1982","lith":"SANDSTONE"}},{"type":"Feature","id":346,"geometry":{"type":"Point","coordinates":[-103.08191,58.31725]},"properties":{"cps":1500,"y":"1978","lith":" "}},{"type":"Feature","id":347,"geometry":{"type":"Point","coordinates":[-105.19585,57.66586]},"properties":{"cps":1300,"y":"1982","lith":"SANDSTONE"}},{"type":"Feature","id":348,"geometry":{"type":"Point","coordinates":[-105.14112,57.74327]},"properties":{"cps":1353,"y":"1983","lith":"SANDSTONE"}},{"type":"Feature","id":349,"geometry":{"type":"Point","coordinates":[-105.23541,57.27272]},"properties":{"cps":550,"y":"1981","lith":"CONGLOMERATE"}},{"type":"Feature","id":350,"geometry":{"type":"Point","coordinates":[-106.06087,57.00134]},"properties":{"cps":400,"y":"1977","lith":" "}},{"type":"Feature","id":351,"geometry":{"type":"Point","coordinates":[-105.14174,57.74404]},"properties":{"cps":2850,"y":"1983","lith":"SANDSTONE"}},{"type":"Feature","id":352,"geometry":{"type":"Point","coordinates":[-103.57963,58.45639]},"properties":{"cps":1300,"y":"2006","lith":"PEGMATITE"}},{"type":"Feature","id":353,"geometry":{"type":"Point","coordinates":[-105.16441,57.68433]},"properties":{"cps":9500,"y":"1982","lith":"SANDSTONE"}},{"type":"Feature","id":354,"geometry":{"type":"Point","coordinates":[-105.21058,57.29514]},"properties":{"cps":550,"y":"1981","lith":"CONGLOMERATE"}},{"type":"Feature","id":355,"geometry":{"type":"Point","coordinates":[-103.35401,58.48846]},"properties":{"cps":9999,"y":"1978","lith":" "}},{"type":"Feature","id":356,"geometry":{"type":"Point","coordinates":[-105.13896,57.6987]},"properties":{"cps":1500,"y":"1982","lith":"SANDSTONE"}},{"type":"Feature","id":357,"geometry":{"type":"Point","coordinates":[-105.26961,57.6692]},"properties":{"cps":2500,"y":"1982","lith":"QUARTZ SANDSTONE"}},{"type":"Feature","id":358,"geometry":{"type":"Point","coordinates":[-105.30744,57.64445]},"properties":{"cps":550,"y":"1980","lith":"SANDSTONE"}},{"type":"Feature","id":359,"geometry":{"type":"Point","coordinates":[-105.21289,57.6597]},"properties":{"cps":10000,"y":"1982","lith":"SANDSTONE"}},{"type":"Feature","id":360,"geometry":{"type":"Point","coordinates":[-105.33125,57.63275]},"properties":{"cps":700,"y":"1980","lith":"SANDSTONE"}},{"type":"Feature","id":361,"geometry":{"type":"Point","coordinates":[-105.42303,57.42983]},"properties":{"cps":460,"y":"1982","lith":"GRANITE"}},{"type":"Feature","id":362,"geometry":{"type":"Point","coordinates":[-105.21229,57.29393]},"properties":{"cps":1050,"y":"1981","lith":"CONGLOMERATE"}},{"type":"Feature","id":363,"geometry":{"type":"Point","coordinates":[-104.67584,57.66346]},"properties":{"cps":1500,"y":"1979","lith":" "}},{"type":"Feature","id":364,"geometry":{"type":"Point","coordinates":[-105.16069,57.68598]},"properties":{"cps":1700,"y":"1982","lith":"SANDSTONE"}},{"type":"Feature","id":365,"geometry":{"type":"Point","coordinates":[-105.14533,57.70234]},"properties":{"cps":4000,"y":"1982","lith":"SANDSTONE"}},{"type":"Feature","id":366,"geometry":{"type":"Point","coordinates":[-106.1523,59.11116]},"properties":{"cps":2000,"y":"1979","lith":"SANDSTONE"}},{"type":"Feature","id":367,"geometry":{"type":"Point","coordinates":[-105.14693,57.70488]},"properties":{"cps":700,"y":"1982","lith":"SANDSTONE"}},{"type":"Feature","id":368,"geometry":{"type":"Point","coordinates":[-105.21727,57.65907]},"properties":{"cps":600,"y":"1982","lith":"SANDSTONE"}},{"type":"Feature","id":369,"geometry":{"type":"Point","coordinates":[-104.11053,57.82201]},"properties":{"cps":1032,"y":"1980","lith":"CONGLOMERATE"}},{"type":"Feature","id":370,"geometry":{"type":"Point","coordinates":[-105.14085,57.74264]},"properties":{"cps":3500,"y":"1983","lith":"SANDSTONE"}},{"type":"Feature","id":371,"geometry":{"type":"Point","coordinates":[-105.18932,57.71224]},"properties":{"cps":5000,"y":"1983","lith":"SANDSTONE"}},{"type":"Feature","id":372,"geometry":{"type":"Point","coordinates":[-105.86471,57.08475]},"properties":{"cps":2500,"y":"1977","lith":" "}},{"type":"Feature","id":373,"geometry":{"type":"Point","coordinates":[-105.14958,57.70291]},"properties":{"cps":600,"y":"1982","lith":"SANDSTONE"}},{"type":"Feature","id":374,"geometry":{"type":"Point","coordinates":[-105.22542,57.2816]},"properties":{"cps":600,"y":"1981","lith":"BASEMENT"}},{"type":"Feature","id":375,"geometry":{"type":"Point","coordinates":[-105.20224,57.66716]},"properties":{"cps":650,"y":"1982","lith":"SANDSTONE"}},{"type":"Feature","id":376,"geometry":{"type":"Point","coordinates":[-105.2214,57.28208]},"properties":{"cps":750,"y":"1981","lith":"CONGLOMERATE"}},{"type":"Feature","id":377,"geometry":{"type":"Point","coordinates":[-105.1686,57.72585]},"properties":{"cps":1240,"y":"1983","lith":"SANDSTONE"}},{"type":"Feature","id":378,"geometry":{"type":"Point","coordinates":[-105.20726,57.66487]},"properties":{"cps":1700,"y":"1982","lith":"SANDSTONE"}},{"type":"Feature","id":379,"geometry":{"type":"Point","coordinates":[-103.95333,57.87623]},"properties":{"cps":400,"y":"1975","lith":"PEGMATITE"}},{"type":"Feature","id":380,"geometry":{"type":"Point","coordinates":[-104.97912,57.31562]},"properties":{"cps":550,"y":"1981","lith":"CONGLOMERATE"}},{"type":"Feature","id":381,"geometry":{"type":"Point","coordinates":[-106.58728,59.11558]},"properties":{"cps":500,"y":"1979","lith":"SANDSTONE"}},{"type":"Feature","id":382,"geometry":{"type":"Point","coordinates":[-105.20352,57.66573]},"properties":{"cps":6000,"y":"1982","lith":"SANDSTONE"}},{"type":"Feature","id":383,"geometry":{"type":"Point","coordinates":[-105.16462,57.68275]},"properties":{"cps":8000,"y":"1982","lith":"SANDSTONE"}},{"type":"Feature","id":384,"geometry":{"type":"Point","coordinates":[-105.16708,57.72685]},"properties":{"cps":4650,"y":"1983","lith":"SANDSTONE"}},{"type":"Feature","id":385,"geometry":{"type":"Point","coordinates":[-105.15369,57.70006]},"properties":{"cps":24000,"y":"1982","lith":"SANDSTONE"}},{"type":"Feature","id":386,"geometry":{"type":"Point","coordinates":[-105.03926,57.6822]},"properties":{"cps":700,"y":"1982","lith":"SANDSTONE"}},{"type":"Feature","id":387,"geometry":{"type":"Point","coordinates":[-105.20273,57.66702]},"properties":{"cps":700,"y":"1982","lith":"SANDSTONE"}},{"type":"Feature","id":388,"geometry":{"type":"Point","coordinates":[-105.17112,57.68056]},"properties":{"cps":3000,"y":"1982","lith":"SANDSTONE"}},{"type":"Feature","id":389,"geometry":{"type":"Point","coordinates":[-103.56507,58.47154]},"properties":{"cps":1200,"y":"2006","lith":"Pegmatite"}},{"type":"Feature","id":390,"geometry":{"type":"Point","coordinates":[-105.33384,57.63585]},"properties":{"cps":1200,"y":"1980","lith":"SANDSTONE"}},{"type":"Feature","id":391,"geometry":{"type":"Point","coordinates":[-105.23214,57.27356]},"properties":{"cps":550,"y":"1981","lith":"CONGLOMERATE"}},{"type":"Feature","id":392,"geometry":{"type":"Point","coordinates":[-104.94188,57.44623]},"properties":{"cps":750,"y":"1981","lith":"BASEMENT"}},{"type":"Feature","id":393,"geometry":{"type":"Point","coordinates":[-105.1512,57.70195]},"properties":{"cps":550,"y":"1982","lith":"SANDSTONE"}},{"type":"Feature","id":394,"geometry":{"type":"Point","coordinates":[-105.19355,57.66758]},"properties":{"cps":1600,"y":"1982","lith":"SANDSTONE"}},{"type":"Feature","id":395,"geometry":{"type":"Point","coordinates":[-105.14229,57.74135]},"properties":{"cps":4000,"y":"1983","lith":"SANDSTONE"}},{"type":"Feature","id":396,"geometry":{"type":"Point","coordinates":[-103.94103,57.5416]},"properties":{"cps":600,"y":"1979","lith":"BIOTITE GNEISS"}},{"type":"Feature","id":397,"geometry":{"type":"Point","coordinates":[-105.20018,57.29325]},"properties":{"cps":950,"y":"1981","lith":"CONGLOMERATE"}},{"type":"Feature","id":398,"geometry":{"type":"Point","coordinates":[-103.59509,58.45433]},"properties":{"cps":1022,"y":"2006","lith":"PELITE"}},{"type":"Feature","id":399,"geometry":{"type":"Point","coordinates":[-106.02552,59.0922]},"properties":{"cps":5000,"y":"1979","lith":"SANDSTONE"}},{"type":"Feature","id":400,"geometry":{"type":"Point","coordinates":[-103.38281,58.38024]},"properties":{"cps":5000,"y":"1978","lith":" "}},{"type":"Feature","id":401,"geometry":{"type":"Point","coordinates":[-104.10562,57.81082]},"properties":{"cps":688,"y":"1980","lith":"CONGLOMERATE"}},{"type":"Feature","id":402,"geometry":{"type":"Point","coordinates":[-105.35014,57.62501]},"properties":{"cps":800,"y":"1980","lith":"SANDSTONE"}},{"type":"Feature","id":403,"geometry":{"type":"Point","coordinates":[-105.14969,57.7034]},"properties":{"cps":550,"y":"1982","lith":"SANDSTONE"}},{"type":"Feature","id":404,"geometry":{"type":"Point","coordinates":[-105.20574,57.66525]},"properties":{"cps":800,"y":"1982","lith":"SANDSTONE"}},{"type":"Feature","id":405,"geometry":{"type":"Point","coordinates":[-103.32289,58.33483]},"properties":{"cps":2000,"y":"1978","lith":" "}},{"type":"Feature","id":406,"geometry":{"type":"Point","coordinates":[-105.16601,57.72639]},"properties":{"cps":5200,"y":"1983","lith":"SANDSTONE"}},{"type":"Feature","id":407,"geometry":{"type":"Point","coordinates":[-105.14237,57.74162]},"properties":{"cps":3580,"y":"1983","lith":"SANDSTONE"}},{"type":"Feature","id":408,"geometry":{"type":"Point","coordinates":[-103.56597,58.46835]},"properties":{"cps":1500,"y":"2006","lith":"PELITE"}},{"type":"Feature","id":409,"geometry":{"type":"Point","coordinates":[-103.95727,57.87963]},"properties":{"cps":400,"y":"1975","lith":"PEGMATITE"}},{"type":"Feature","id":410,"geometry":{"type":"Point","coordinates":[-105.15198,57.7014]},"properties":{"cps":500,"y":"1982","lith":"SANDSTONE"}},{"type":"Feature","id":411,"geometry":{"type":"Point","coordinates":[-105.02308,57.69491]},"properties":{"cps":1000,"y":"1982","lith":"SANDSTONE"}},{"type":"Feature","id":412,"geometry":{"type":"Point","coordinates":[-105.23716,57.27233]},"properties":{"cps":550,"y":"1981","lith":"CONGLOMERATE"}},{"type":"Feature","id":413,"geometry":{"type":"Point","coordinates":[-105.91371,57.04918]},"properties":{"cps":9950,"y":"1977","lith":" "}},{"type":"Feature","id":414,"geometry":{"type":"Point","coordinates":[-106.07971,56.97315]},"properties":{"cps":900,"y":"1977","lith":" "}},{"type":"Feature","id":415,"geometry":{"type":"Point","coordinates":[-105.28246,57.66248]},"properties":{"cps":10000,"y":"1982","lith":"QUARTZ SANDSTONE"}},{"type":"Feature","id":416,"geometry":{"type":"Point","coordinates":[-105.03179,57.68789]},"properties":{"cps":2500,"y":"1982","lith":"SANDSTONE"}},{"type":"Feature","id":417,"geometry":{"type":"Point","coordinates":[-105.1495,57.70306]},"properties":{"cps":500,"y":"1982","lith":"SANDSTONE"}},{"type":"Feature","id":418,"geometry":{"type":"Point","coordinates":[-104.98691,57.32568]},"properties":{"cps":550,"y":"1981","lith":"CONGLOMERATE"}},{"type":"Feature","id":419,"geometry":{"type":"Point","coordinates":[-105.03279,57.29853]},"properties":{"cps":650,"y":"1981","lith":"CONGLOMERATE"}},{"type":"Feature","id":420,"geometry":{"type":"Point","coordinates":[-105.14317,57.70952]},"properties":{"cps":1200,"y":"1982","lith":"SANDSTONE"}},{"type":"Feature","id":421,"geometry":{"type":"Point","coordinates":[-105.23427,57.27769]},"properties":{"cps":650,"y":"1981","lith":"CONGLOMERATE"}},{"type":"Feature","id":422,"geometry":{"type":"Point","coordinates":[-105.15781,57.69998]},"properties":{"cps":15000,"y":"1982","lith":"SANDSTONE"}},{"type":"Feature","id":423,"geometry":{"type":"Point","coordinates":[-105.26485,57.45033]},"properties":{"cps":480,"y":"1982","lith":"CONGLOMERATE"}},{"type":"Feature","id":424,"geometry":{"type":"Point","coordinates":[-105.16609,57.68355]},"properties":{"cps":1000,"y":"1982","lith":"SANDSTONE"}},{"type":"Feature","id":425,"geometry":{"type":"Point","coordinates":[-105.16176,57.73025]},"properties":{"cps":1536,"y":"1983","lith":"SANDSTONE"}},{"type":"Feature","id":426,"geometry":{"type":"Point","coordinates":[-104.16967,57.8391]},"properties":{"cps":930,"y":"1980","lith":"CONGLOMERATE"}},{"type":"Feature","id":427,"geometry":{"type":"Point","coordinates":[-105.33119,57.63266]},"properties":{"cps":3100,"y":"1980","lith":"SANDSTONE"}},{"type":"Feature","id":428,"geometry":{"type":"Point","coordinates":[-104.9509,57.45174]},"properties":{"cps":550,"y":"1981","lith":"CONGLOMERATE"}},{"type":"Feature","id":429,"geometry":{"type":"Point","coordinates":[-105.15392,57.70027]},"properties":{"cps":900,"y":"1982","lith":"SANDSTONE"}},{"type":"Feature","id":430,"geometry":{"type":"Point","coordinates":[-106.52213,57.2664]},"properties":{"cps":900,"y":"2007","lith":"PEGMATITE"}},{"type":"Feature","id":431,"geometry":{"type":"Point","coordinates":[-105.02296,57.69492]},"properties":{"cps":1000,"y":"1982","lith":"SANDSTONE"}},{"type":"Feature","id":432,"geometry":{"type":"Point","coordinates":[-103.02031,58.30807]},"properties":{"cps":3500,"y":"1978","lith":" "}},{"type":"Feature","id":433,"geometry":{"type":"Point","coordinates":[-105.1497,57.70293]},"properties":{"cps":800,"y":"1982","lith":"SANDSTONE"}},{"type":"Feature","id":434,"geometry":{"type":"Point","coordinates":[-105.87469,57.07357]},"properties":{"cps":400,"y":"1977","lith":" "}},{"type":"Feature","id":435,"geometry":{"type":"Point","coordinates":[-104.18685,57.83987]},"properties":{"cps":1130,"y":"1980","lith":"BASEMENT"}},{"type":"Feature","id":436,"geometry":{"type":"Point","coordinates":[-105.14768,57.70533]},"properties":{"cps":1000,"y":"1982","lith":"SANDSTONE"}},{"type":"Feature","id":437,"geometry":{"type":"Point","coordinates":[-104.95063,57.44893]},"properties":{"cps":400,"y":"1981","lith":"CONGLOMERATE"}},{"type":"Feature","id":438,"geometry":{"type":"Point","coordinates":[-104.94,57.45633]},"properties":{"cps":550,"y":"1981","lith":"CONGLOMERATE"}},{"type":"Feature","id":439,"geometry":{"type":"Point","coordinates":[-106.64318,57.23646]},"properties":{"cps":600,"y":"2007","lith":"PEGMATITE"}},{"type":"Feature","id":440,"geometry":{"type":"Point","coordinates":[-105.98243,57.06674]},"properties":{"cps":1100,"y":"1985","lith":" "}},{"type":"Feature","id":441,"geometry":{"type":"Point","coordinates":[-105.24331,57.27157]},"properties":{"cps":1000,"y":"1981","lith":"CONGLOMERATE"}},{"type":"Feature","id":442,"geometry":{"type":"Point","coordinates":[-103.378,58.48201]},"properties":{"cps":2300,"y":"1978","lith":" "}},{"type":"Feature","id":443,"geometry":{"type":"Point","coordinates":[-105.20613,57.66524]},"properties":{"cps":5000,"y":"1982","lith":"SANDSTONE"}},{"type":"Feature","id":444,"geometry":{"type":"Point","coordinates":[-105.99758,57.05718]},"properties":{"cps":2200,"y":"1977","lith":" "}},{"type":"Feature","id":445,"geometry":{"type":"Point","coordinates":[-103.92394,57.88801]},"properties":{"cps":700,"y":"1975","lith":"PEGMATITE"}},{"type":"Feature","id":446,"geometry":{"type":"Point","coordinates":[-105.20652,57.66544]},"properties":{"cps":2100,"y":"1982","lith":"SANDSTONE"}},{"type":"Feature","id":447,"geometry":{"type":"Point","coordinates":[-105.45561,57.39396]},"properties":{"cps":1000,"y":"1982","lith":"GRANITE"}},{"type":"Feature","id":448,"geometry":{"type":"Point","coordinates":[-105.03891,57.68258]},"properties":{"cps":600,"y":"1982","lith":"SANDSTONE"}},{"type":"Feature","id":449,"geometry":{"type":"Point","coordinates":[-103.57294,58.44353]},"properties":{"cps":5400,"y":"2006","lith":"PELITE"}},{"type":"Feature","id":450,"geometry":{"type":"Point","coordinates":[-104.97888,57.32697]},"properties":{"cps":400,"y":"1981","lith":"CONGLOMERATE"}},{"type":"Feature","id":451,"geometry":{"type":"Point","coordinates":[-105.15505,57.69894]},"properties":{"cps":1300,"y":"1982","lith":"SANDSTONE"}},{"type":"Feature","id":452,"geometry":{"type":"Point","coordinates":[-103.94718,57.55348]},"properties":{"cps":1900,"y":"1979","lith":"GRANITIC GNEISS"}},{"type":"Feature","id":453,"geometry":{"type":"Point","coordinates":[-105.17731,57.67671]},"properties":{"cps":1000,"y":"1982","lith":"SANDSTONE"}},{"type":"Feature","id":454,"geometry":{"type":"Point","coordinates":[-105.1407,57.74256]},"properties":{"cps":10800,"y":"1983","lith":"SANDSTONE"}},{"type":"Feature","id":455,"geometry":{"type":"Point","coordinates":[-105.3453,57.62766]},"properties":{"cps":800,"y":"1980","lith":"SANDSTONE"}},{"type":"Feature","id":456,"geometry":{"type":"Point","coordinates":[-103.59436,58.46527]},"properties":{"cps":1200,"y":"2006","lith":"PELITE"}},{"type":"Feature","id":457,"geometry":{"type":"Point","coordinates":[-105.2887,57.46268]},"properties":{"cps":540,"y":"1982","lith":"GRANITE"}},{"type":"Feature","id":458,"geometry":{"type":"Point","coordinates":[-105.03631,57.68463]},"properties":{"cps":1500,"y":"1982","lith":"SANDSTONE"}},{"type":"Feature","id":459,"geometry":{"type":"Point","coordinates":[-104.95241,57.44952]},"properties":{"cps":730,"y":"1981","lith":"SANDSTONE"}},{"type":"Feature","id":460,"geometry":{"type":"Point","coordinates":[-105.13936,57.73991]},"properties":{"cps":4018,"y":"1983","lith":"SANDSTONE"}},{"type":"Feature","id":461,"geometry":{"type":"Point","coordinates":[-105.42756,57.36966]},"properties":{"cps":500,"y":"1981","lith":"SANDSTONE"}},{"type":"Feature","id":462,"geometry":{"type":"Point","coordinates":[-105.28472,57.66116]},"properties":{"cps":520,"y":"1982","lith":"QUARTZ SANDSTONE"}},{"type":"Feature","id":463,"geometry":{"type":"Point","coordinates":[-105.98022,57.0684]},"properties":{"cps":2000,"y":"1985","lith":" "}},{"type":"Feature","id":464,"geometry":{"type":"Point","coordinates":[-103.21913,58.43214]},"properties":{"cps":2000,"y":"1978","lith":" "}},{"type":"Feature","id":465,"geometry":{"type":"Point","coordinates":[-105.14231,57.74211]},"properties":{"cps":9500,"y":"1983","lith":"SANDSTONE"}},{"type":"Feature","id":466,"geometry":{"type":"Point","coordinates":[-105.02567,57.69285]},"properties":{"cps":500,"y":"1982","lith":"SANDSTONE"}},{"type":"Feature","id":467,"geometry":{"type":"Point","coordinates":[-105.65308,57.33674]},"properties":{"cps":500,"y":"1977","lith":"GRANITE"}},{"type":"Feature","id":468,"geometry":{"type":"Point","coordinates":[-103.47985,58.44515]},"properties":{"cps":2400,"y":"1978","lith":" "}},{"type":"Feature","id":469,"geometry":{"type":"Point","coordinates":[-103.12871,58.57743]},"properties":{"cps":500,"y":"1978","lith":" "}},{"type":"Feature","id":470,"geometry":{"type":"Point","coordinates":[-104.15484,57.85059]},"properties":{"cps":1200,"y":"1980","lith":"CONGLOMERATE"}},{"type":"Feature","id":471,"geometry":{"type":"Point","coordinates":[-105.20459,57.66526]},"properties":{"cps":3000,"y":"1982","lith":"SANDSTONE"}},{"type":"Feature","id":472,"geometry":{"type":"Point","coordinates":[-105.33313,57.63183]},"properties":{"cps":500,"y":"1980","lith":"SANDSTONE"}},{"type":"Feature","id":473,"geometry":{"type":"Point","coordinates":[-105.02819,57.69001]},"properties":{"cps":500,"y":"1982","lith":"SANDSTONE"}},{"type":"Feature","id":474,"geometry":{"type":"Point","coordinates":[-105.33504,57.63054]},"properties":{"cps":1200,"y":"1980","lith":"SANDSTONE"}},{"type":"Feature","id":475,"geometry":{"type":"Point","coordinates":[-103.99557,57.87344]},"properties":{"cps":400,"y":"1975","lith":"GRANITE"}},{"type":"Feature","id":476,"geometry":{"type":"Point","coordinates":[-103.99135,57.87]},"properties":{"cps":400,"y":"1975","lith":"PEGMATITE"}},{"type":"Feature","id":477,"geometry":{"type":"Point","coordinates":[-105.199,57.66496]},"properties":{"cps":2500,"y":"1982","lith":"SANDSTONE"}},{"type":"Feature","id":478,"geometry":{"type":"Point","coordinates":[-103.11445,58.56757]},"properties":{"cps":2000,"y":"1978","lith":" "}},{"type":"Feature","id":479,"geometry":{"type":"Point","coordinates":[-104.98869,57.31461]},"properties":{"cps":650,"y":"1981","lith":"CONGLOMERATE"}},{"type":"Feature","id":480,"geometry":{"type":"Point","coordinates":[-105.9837,57.06604]},"properties":{"cps":800,"y":"1985","lith":" "}},{"type":"Feature","id":481,"geometry":{"type":"Point","coordinates":[-105.42703,57.36938]},"properties":{"cps":420,"y":"1981","lith":"SANDSTONE"}},{"type":"Feature","id":482,"geometry":{"type":"Point","coordinates":[-105.14333,57.70952]},"properties":{"cps":3200,"y":"1982","lith":"SANDSTONE"}},{"type":"Feature","id":483,"geometry":{"type":"Point","coordinates":[-106.17475,59.08327]},"properties":{"cps":500,"y":"1979","lith":"SANDSTONE"}},{"type":"Feature","id":484,"geometry":{"type":"Point","coordinates":[-103.96832,57.87873]},"properties":{"cps":600,"y":"1975","lith":" "}},{"type":"Feature","id":485,"geometry":{"type":"Point","coordinates":[-105.03309,57.29852]},"properties":{"cps":750,"y":"1981","lith":"CONGLOMERATE"}},{"type":"Feature","id":486,"geometry":{"type":"Point","coordinates":[-105.14972,57.73723]},"properties":{"cps":1170,"y":"1983","lith":"SANDSTONE"}},{"type":"Feature","id":487,"geometry":{"type":"Point","coordinates":[-105.15042,57.70265]},"properties":{"cps":3200,"y":"1982","lith":"SANDSTONE"}},{"type":"Feature","id":488,"geometry":{"type":"Point","coordinates":[-105.29403,57.65016]},"properties":{"cps":420,"y":"1980","lith":"SANDSTONE"}},{"type":"Feature","id":489,"geometry":{"type":"Point","coordinates":[-105.24334,57.2723]},"properties":{"cps":650,"y":"1981","lith":"CONGLOMERATE"}},{"type":"Feature","id":490,"geometry":{"type":"Point","coordinates":[-105.19502,57.66579]},"properties":{"cps":1500,"y":"1982","lith":"SANDSTONE"}},{"type":"Feature","id":491,"geometry":{"type":"Point","coordinates":[-106.47838,59.11574]},"properties":{"cps":9000,"y":"1979","lith":"SANDSTONE"}},{"type":"Feature","id":492,"geometry":{"type":"Point","coordinates":[-105.28444,57.66129]},"properties":{"cps":600,"y":"1982","lith":"QUARTZ SANDSTONE"}},{"type":"Feature","id":493,"geometry":{"type":"Point","coordinates":[-105.20951,57.29567]},"properties":{"cps":650,"y":"1981","lith":"CONGLOMERATE"}},{"type":"Feature","id":494,"geometry":{"type":"Point","coordinates":[-105.15804,57.69519]},"properties":{"cps":1200,"y":"1982","lith":" "}},{"type":"Feature","id":495,"geometry":{"type":"Point","coordinates":[-105.21424,57.65931]},"properties":{"cps":8000,"y":"1982","lith":"SANDSTONE"}},{"type":"Feature","id":496,"geometry":{"type":"Point","coordinates":[-105.21878,57.69937]},"properties":{"cps":1172,"y":"1983","lith":"SANDSTONE"}},{"type":"Feature","id":497,"geometry":{"type":"Point","coordinates":[-105.15563,57.69967]},"properties":{"cps":900,"y":"1982","lith":"SANDSTONE"}},{"type":"Feature","id":498,"geometry":{"type":"Point","coordinates":[-105.2099,57.28762]},"properties":{"cps":425,"y":"1981","lith":"SANDSTONE"}},{"type":"Feature","id":499,"geometry":{"type":"Point","coordinates":[-105.22093,57.28237]},"properties":{"cps":550,"y":"1981","lith":"CONGLOMERATE"}},{"type":"Feature","id":500,"geometry":{"type":"Point","coordinates":[-105.14375,57.70913]},"properties":{"cps":1300,"y":"1982","lith":"SANDSTONE"}},{"type":"Feature","id":501,"geometry":{"type":"Point","coordinates":[-103.92851,57.55488]},"properties":{"cps":980,"y":"1979","lith":"BIOTITE GNEISS"}},{"type":"Feature","id":502,"geometry":{"type":"Point","coordinates":[-105.03177,57.68775]},"properties":{"cps":1500,"y":"1982","lith":"SANDSTONE"}},{"type":"Feature","id":503,"geometry":{"type":"Point","coordinates":[-105.02378,57.69454]},"properties":{"cps":600,"y":"1982","lith":"SANDSTONE"}},{"type":"Feature","id":504,"geometry":{"type":"Point","coordinates":[-105.14353,57.70856]},"properties":{"cps":800,"y":"1982","lith":"SANDSTONE"}},{"type":"Feature","id":505,"geometry":{"type":"Point","coordinates":[-103.91658,57.55086]},"properties":{"cps":1250,"y":"1979","lith":"PINK FOLIATED GRANITIC ROCK"}},{"type":"Feature","id":506,"geometry":{"type":"Point","coordinates":[-105.15145,57.70199]},"properties":{"cps":1500,"y":"1982","lith":"SANDSTONE"}},{"type":"Feature","id":507,"geometry":{"type":"Point","coordinates":[-104.97909,57.32703]},"properties":{"cps":400,"y":"1981","lith":"CONGLOMERATE"}},{"type":"Feature","id":508,"geometry":{"type":"Point","coordinates":[-105.85747,57.0624]},"properties":{"cps":450,"y":"1977","lith":" "}},{"type":"Feature","id":509,"geometry":{"type":"Point","coordinates":[-104.19496,57.84231]},"properties":{"cps":900,"y":"1980","lith":"BASEMENT"}},{"type":"Feature","id":510,"geometry":{"type":"Point","coordinates":[-104.19221,57.8331]},"properties":{"cps":1100,"y":"1980","lith":"CONGLOMERATE"}},{"type":"Feature","id":511,"geometry":{"type":"Point","coordinates":[-105.1715,57.68058]},"properties":{"cps":1500,"y":"1982","lith":"SANDSTONE"}},{"type":"Feature","id":512,"geometry":{"type":"Point","coordinates":[-105.24311,57.26793]},"properties":{"cps":750,"y":"1981","lith":"CONGLOMERATE"}},{"type":"Feature","id":513,"geometry":{"type":"Point","coordinates":[-105.20687,57.29481]},"properties":{"cps":915,"y":"1981","lith":"CONGLOMERATE"}},{"type":"Feature","id":514,"geometry":{"type":"Point","coordinates":[-105.19778,57.66791]},"properties":{"cps":2400,"y":"1982","lith":"SANDSTONE"}},{"type":"Feature","id":515,"geometry":{"type":"Point","coordinates":[-106.01534,57.00607]},"properties":{"cps":1150,"y":"1985","lith":" "}},{"type":"Feature","id":516,"geometry":{"type":"Point","coordinates":[-103.16873,58.40447]},"properties":{"cps":1500,"y":"1978","lith":" "}},{"type":"Feature","id":517,"geometry":{"type":"Point","coordinates":[-104.16259,57.84319]},"properties":{"cps":1040,"y":"1980","lith":"CONGLOMERATE"}},{"type":"Feature","id":518,"geometry":{"type":"Point","coordinates":[-105.3316,57.63254]},"properties":{"cps":600,"y":"1980","lith":"SANDSTONE"}},{"type":"Feature","id":519,"geometry":{"type":"Point","coordinates":[-105.13964,57.74164]},"properties":{"cps":5900,"y":"1983","lith":"SANDSTONE"}},{"type":"Feature","id":520,"geometry":{"type":"Point","coordinates":[-104.14531,57.82269]},"properties":{"cps":1130,"y":"1980","lith":"CONGLOMERATE"}},{"type":"Feature","id":521,"geometry":{"type":"Point","coordinates":[-105.15712,57.69862]},"properties":{"cps":500,"y":"1982","lith":"SANDSTONE"}},{"type":"Feature","id":522,"geometry":{"type":"Point","coordinates":[-105.34888,57.62536]},"properties":{"cps":825,"y":"1980","lith":"SANDSTONE"}},{"type":"Feature","id":523,"geometry":{"type":"Point","coordinates":[-105.22695,57.65627]},"properties":{"cps":600,"y":"1982","lith":"SANDSTONE"}},{"type":"Feature","id":524,"geometry":{"type":"Point","coordinates":[-105.03324,57.68688]},"properties":{"cps":2000,"y":"1982","lith":"SANDSTONE"}},{"type":"Feature","id":525,"geometry":{"type":"Point","coordinates":[-105.20731,57.6647]},"properties":{"cps":1400,"y":"1982","lith":"SANDSTONE"}},{"type":"Feature","id":526,"geometry":{"type":"Point","coordinates":[-105.23199,57.65517]},"properties":{"cps":1000,"y":"1982","lith":"SANDSTONE"}},{"type":"Feature","id":527,"geometry":{"type":"Point","coordinates":[-105.03835,57.68302]},"properties":{"cps":1500,"y":"1982","lith":"SANDSTONE"}},{"type":"Feature","id":528,"geometry":{"type":"Point","coordinates":[-105.14154,57.74392]},"properties":{"cps":2600,"y":"1983","lith":"SANDSTONE"}},{"type":"Feature","id":529,"geometry":{"type":"Point","coordinates":[-105.23055,57.27025]},"properties":{"cps":650,"y":"1981","lith":"CONGLOMERATE"}},{"type":"Feature","id":530,"geometry":{"type":"Point","coordinates":[-105.32865,57.63847]},"properties":{"cps":3300,"y":"1980","lith":"SANDSTONE"}},{"type":"Feature","id":531,"geometry":{"type":"Point","coordinates":[-103.89788,57.55309]},"properties":{"cps":475,"y":"1979","lith":"PINK FOLIATED GRANITIC ROCK"}},{"type":"Feature","id":532,"geometry":{"type":"Point","coordinates":[-105.15835,57.68627]},"properties":{"cps":2500,"y":"1982","lith":"SANDSTONE"}},{"type":"Feature","id":533,"geometry":{"type":"Point","coordinates":[-105.16428,57.68423]},"properties":{"cps":1000,"y":"1982","lith":"SANDSTONE"}},{"type":"Feature","id":534,"geometry":{"type":"Point","coordinates":[-105.89571,57.0256]},"properties":{"cps":1500,"y":"1977","lith":" "}},{"type":"Feature","id":535,"geometry":{"type":"Point","coordinates":[-105.22223,57.69751]},"properties":{"cps":6350,"y":"1983","lith":"SANDSTONE"}},{"type":"Feature","id":536,"geometry":{"type":"Point","coordinates":[-105.14744,57.70465]},"properties":{"cps":750,"y":"1982","lith":"SANDSTONE"}},{"type":"Feature","id":537,"geometry":{"type":"Point","coordinates":[-105.0272,57.69153]},"properties":{"cps":4200,"y":"1982","lith":"SANDSTONE"}},{"type":"Feature","id":538,"geometry":{"type":"Point","coordinates":[-105.16643,57.6822]},"properties":{"cps":700,"y":"1982","lith":"SANDSTONE"}},{"type":"Feature","id":539,"geometry":{"type":"Point","coordinates":[-103.80774,58.61483]},"properties":{"cps":625,"y":"2007","lith":"PEGMATITE"}},{"type":"Feature","id":540,"geometry":{"type":"Point","coordinates":[-105.23953,57.2695]},"properties":{"cps":725,"y":"1981","lith":"BASEMENT"}},{"type":"Feature","id":541,"geometry":{"type":"Point","coordinates":[-105.21833,57.28327]},"properties":{"cps":750,"y":"1981","lith":"CONGLOMERATE"}},{"type":"Feature","id":542,"geometry":{"type":"Point","coordinates":[-105.27322,57.6668]},"properties":{"cps":2100,"y":"1982","lith":"QUARTZ SANDSTONE"}},{"type":"Feature","id":543,"geometry":{"type":"Point","coordinates":[-105.30885,57.64385]},"properties":{"cps":850,"y":"1980","lith":"SANDSTONE"}},{"type":"Feature","id":544,"geometry":{"type":"Point","coordinates":[-105.20925,57.6613]},"properties":{"cps":1270,"y":"1982","lith":"SANDSTONE"}},{"type":"Feature","id":545,"geometry":{"type":"Point","coordinates":[-105.29433,57.64986]},"properties":{"cps":2300,"y":"1980","lith":"SANDSTONE"}},{"type":"Feature","id":546,"geometry":{"type":"Point","coordinates":[-104.10212,57.81806]},"properties":{"cps":943,"y":"1980","lith":"CONGLOMERATE"}},{"type":"Feature","id":547,"geometry":{"type":"Point","coordinates":[-105.28014,57.66222]},"properties":{"cps":1500,"y":"1982","lith":"QUARTZ-SANDSTONE"}},{"type":"Feature","id":548,"geometry":{"type":"Point","coordinates":[-106.07971,56.97315]},"properties":{"cps":900,"y":"1977","lith":" "}},{"type":"Feature","id":549,"geometry":{"type":"Point","coordinates":[-103.59701,58.4736]},"properties":{"cps":800,"y":"2006","lith":"PELITE"}},{"type":"Feature","id":550,"geometry":{"type":"Point","coordinates":[-103.36709,58.48179]},"properties":{"cps":1200,"y":"1978","lith":" "}},{"type":"Feature","id":551,"geometry":{"type":"Point","coordinates":[-105.20983,57.6618]},"properties":{"cps":2010,"y":"1982","lith":"SANDSTONE"}},{"type":"Feature","id":552,"geometry":{"type":"Point","coordinates":[-105.20917,57.66169]},"properties":{"cps":700,"y":"1982","lith":"SANDSTONE"}},{"type":"Feature","id":553,"geometry":{"type":"Point","coordinates":[-103.06467,58.34864]},"properties":{"cps":1000,"y":"1978","lith":" "}},{"type":"Feature","id":554,"geometry":{"type":"Point","coordinates":[-105.16581,57.69477]},"properties":{"cps":6000,"y":"1982","lith":" "}},{"type":"Feature","id":555,"geometry":{"type":"Point","coordinates":[-106.37518,59.11667]},"properties":{"cps":800,"y":"1979","lith":"SANDSTONE"}},{"type":"Feature","id":556,"geometry":{"type":"Point","coordinates":[-105.19952,57.66517]},"properties":{"cps":1300,"y":"1982","lith":"SANDSTONE"}},{"type":"Feature","id":557,"geometry":{"type":"Point","coordinates":[-105.21508,57.6597]},"properties":{"cps":1410,"y":"1982","lith":"SANDSTONE"}},{"type":"Feature","id":558,"geometry":{"type":"Point","coordinates":[-105.15122,57.73866]},"properties":{"cps":14000,"y":"1983","lith":"SANDSTONE"}},{"type":"Feature","id":559,"geometry":{"type":"Point","coordinates":[-105.19968,57.66509]},"properties":{"cps":500,"y":"1982","lith":"SANDSTONE"}},{"type":"Feature","id":560,"geometry":{"type":"Point","coordinates":[-105.1652,57.68378]},"properties":{"cps":900,"y":"1982","lith":"SANDSTONE"}},{"type":"Feature","id":561,"geometry":{"type":"Point","coordinates":[-105.4295,57.36908]},"properties":{"cps":600,"y":"1981","lith":"SANDSTONE"}},{"type":"Feature","id":562,"geometry":{"type":"Point","coordinates":[-106.06519,56.97083]},"properties":{"cps":900,"y":"1977","lith":" "}},{"type":"Feature","id":563,"geometry":{"type":"Point","coordinates":[-105.15116,57.70219]},"properties":{"cps":800,"y":"1982","lith":"SANDSTONE"}},{"type":"Feature","id":564,"geometry":{"type":"Point","coordinates":[-105.20393,57.66643]},"properties":{"cps":550,"y":"1982","lith":"SANDSTONE"}},{"type":"Feature","id":565,"geometry":{"type":"Point","coordinates":[-106.63844,57.24045]},"properties":{"cps":2500,"y":"2007","lith":"QUARTZ DIORITE"}},{"type":"Feature","id":566,"geometry":{"type":"Point","coordinates":[-104.93506,57.45651]},"properties":{"cps":550,"y":"1981","lith":"CONGLOMERATE"}},{"type":"Feature","id":567,"geometry":{"type":"Point","coordinates":[-104.93245,57.4562]},"properties":{"cps":650,"y":"1981","lith":"CONGLOMERATE"}},{"type":"Feature","id":568,"geometry":{"type":"Point","coordinates":[-104.94494,57.45315]},"properties":{"cps":650,"y":"1981","lith":"CONGLOMERATE"}},{"type":"Feature","id":569,"geometry":{"type":"Point","coordinates":[-105.16402,57.7285]},"properties":{"cps":1236,"y":"1983","lith":"SANDSTONE"}},{"type":"Feature","id":570,"geometry":{"type":"Point","coordinates":[-103.59572,58.45391]},"properties":{"cps":500,"y":"2006","lith":"PEGMATITE"}},{"type":"Feature","id":571,"geometry":{"type":"Point","coordinates":[-103.96744,57.87613]},"properties":{"cps":600,"y":"1975","lith":"META-SEDIMENT"}},{"type":"Feature","id":572,"geometry":{"type":"Point","coordinates":[-105.19944,57.66483]},"properties":{"cps":1500,"y":"1982","lith":"SANDSTONE"}},{"type":"Feature","id":573,"geometry":{"type":"Point","coordinates":[-104.18262,57.83925]},"properties":{"cps":890,"y":"1980","lith":"CONGLOMERATE"}},{"type":"Feature","id":574,"geometry":{"type":"Point","coordinates":[-105.16433,57.68283]},"properties":{"cps":800,"y":"1982","lith":"SANDSTONE"}},{"type":"Feature","id":575,"geometry":{"type":"Point","coordinates":[-103.60797,58.45453]},"properties":{"cps":600,"y":"2006","lith":"PEGMATITE"}},{"type":"Feature","id":576,"geometry":{"type":"Point","coordinates":[-105.22714,57.6949]},"properties":{"cps":1850,"y":"1983","lith":"SANDSTONE"}},{"type":"Feature","id":577,"geometry":{"type":"Point","coordinates":[-105.34537,57.62716]},"properties":{"cps":3100,"y":"1980","lith":"SANDSTONE"}},{"type":"Feature","id":578,"geometry":{"type":"Point","coordinates":[-105.14238,57.74214]},"properties":{"cps":5200,"y":"1983","lith":"SANDSTONE"}},{"type":"Feature","id":579,"geometry":{"type":"Point","coordinates":[-105.35292,57.62209]},"properties":{"cps":1300,"y":"1980","lith":"SANDSTONE"}},{"type":"Feature","id":580,"geometry":{"type":"Point","coordinates":[-104.97828,57.32761]},"properties":{"cps":750,"y":"1981","lith":"CONGLOMERATE"}},{"type":"Feature","id":581,"geometry":{"type":"Point","coordinates":[-105.2275,57.65623]},"properties":{"cps":1200,"y":"1982","lith":"SANDSTONE"}},{"type":"Feature","id":582,"geometry":{"type":"Point","coordinates":[-105.22876,57.65585]},"properties":{"cps":2500,"y":"1982","lith":"SANDSTONE"}},{"type":"Feature","id":583,"geometry":{"type":"Point","coordinates":[-103.56227,58.47183]},"properties":{"cps":1700,"y":"2006","lith":"Biotite in Felsic Gneiss"}},{"type":"Feature","id":584,"geometry":{"type":"Point","coordinates":[-106.02755,56.99624]},"properties":{"cps":750,"y":"1985","lith":" "}},{"type":"Feature","id":585,"geometry":{"type":"Point","coordinates":[-105.2081,57.6617]},"properties":{"cps":5000,"y":"1982","lith":"SANDSTONE"}},{"type":"Feature","id":586,"geometry":{"type":"Point","coordinates":[-103.92171,57.55069]},"properties":{"cps":800,"y":"1979","lith":"FLASERED GRANITIC GNEISS"}},{"type":"Feature","id":587,"geometry":{"type":"Point","coordinates":[-105.23021,57.65569]},"properties":{"cps":550,"y":"1982","lith":"SANDSTONE"}},{"type":"Feature","id":588,"geometry":{"type":"Point","coordinates":[-105.20543,57.29527]},"properties":{"cps":550,"y":"1981","lith":"CONGLOMERATE"}},{"type":"Feature","id":589,"geometry":{"type":"Point","coordinates":[-105.84151,57.08892]},"properties":{"cps":1500,"y":"1977","lith":" "}},{"type":"Feature","id":590,"geometry":{"type":"Point","coordinates":[-105.1401,57.6991]},"properties":{"cps":800,"y":"1982","lith":"SANDSTONE"}},{"type":"Feature","id":591,"geometry":{"type":"Point","coordinates":[-104.94278,57.45151]},"properties":{"cps":550,"y":"1981","lith":"CONGLOMERATE"}},{"type":"Feature","id":592,"geometry":{"type":"Point","coordinates":[-105.2778,57.65897]},"properties":{"cps":520,"y":"1982","lith":"GRANITE"}},{"type":"Feature","id":593,"geometry":{"type":"Point","coordinates":[-104.94049,57.44824]},"properties":{"cps":400,"y":"1981","lith":"CONGLOMERATE"}},{"type":"Feature","id":594,"geometry":{"type":"Point","coordinates":[-105.29516,57.64904]},"properties":{"cps":4200,"y":"1980","lith":"SANDSTONE"}},{"type":"Feature","id":595,"geometry":{"type":"Point","coordinates":[-105.19595,57.66545]},"properties":{"cps":900,"y":"1982","lith":"SANDSTONE"}},{"type":"Feature","id":596,"geometry":{"type":"Point","coordinates":[-103.563,58.47086]},"properties":{"cps":7300,"y":"2006","lith":"Biotite in Felsic Gneiss"}},{"type":"Feature","id":597,"geometry":{"type":"Point","coordinates":[-102.87341,57.98265]},"properties":{"cps":1500,"y":"1975","lith":"PEGMATITE"}},{"type":"Feature","id":598,"geometry":{"type":"Point","coordinates":[-103.59924,58.45878]},"properties":{"cps":1000,"y":"2006","lith":"PEGMATITE"}},{"type":"Feature","id":599,"geometry":{"type":"Point","coordinates":[-105.15904,57.68644]},"properties":{"cps":3000,"y":"1982","lith":"SANDSTONE"}},{"type":"Feature","id":600,"geometry":{"type":"Point","coordinates":[-105.30657,57.64471]},"properties":{"cps":1250,"y":"1980","lith":"SANDSTONE"}},{"type":"Feature","id":601,"geometry":{"type":"Point","coordinates":[-103.30837,58.44642]},"properties":{"cps":4000,"y":"1978","lith":" "}},{"type":"Feature","id":602,"geometry":{"type":"Point","coordinates":[-105.02596,57.29366]},"properties":{"cps":950,"y":"1981","lith":"PEGMATITE"}},{"type":"Feature","id":603,"geometry":{"type":"Point","coordinates":[-105.24148,57.68892]},"properties":{"cps":1045,"y":"1983","lith":"SANDSTONE"}},{"type":"Feature","id":604,"geometry":{"type":"Point","coordinates":[-105.30677,57.64443]},"properties":{"cps":900,"y":"1980","lith":"SANDSTONE"}},{"type":"Feature","id":605,"geometry":{"type":"Point","coordinates":[-104.1081,57.81761]},"properties":{"cps":1200,"y":"1980","lith":"CONGLOMERATE"}},{"type":"Feature","id":606,"geometry":{"type":"Point","coordinates":[-106.53045,57.18909]},"properties":{"cps":500,"y":"2007","lith":"UNDEFINED"}},{"type":"Feature","id":607,"geometry":{"type":"Point","coordinates":[-104.98492,57.32543]},"properties":{"cps":550,"y":"1981","lith":"CONGLOMERATE"}},{"type":"Feature","id":608,"geometry":{"type":"Point","coordinates":[-105.19646,57.66457]},"properties":{"cps":3000,"y":"1982","lith":"SANDSTONE"}},{"type":"Feature","id":609,"geometry":{"type":"Point","coordinates":[-105.34588,57.62697]},"properties":{"cps":700,"y":"1980","lith":"SANDSTONE"}},{"type":"Feature","id":610,"geometry":{"type":"Point","coordinates":[-105.1495,57.73647]},"properties":{"cps":1300,"y":"1983","lith":"SANDSTONE"}},{"type":"Feature","id":611,"geometry":{"type":"Point","coordinates":[-105.16315,57.68418]},"properties":{"cps":800,"y":"1982","lith":"SANDSTONE"}},{"type":"Feature","id":612,"geometry":{"type":"Point","coordinates":[-105.1405,57.74191]},"properties":{"cps":2500,"y":"1983","lith":"SANDSTONE"}},{"type":"Feature","id":613,"geometry":{"type":"Point","coordinates":[-105.1525,57.7018]},"properties":{"cps":4500,"y":"1982","lith":"SANDSTONE"}},{"type":"Feature","id":614,"geometry":{"type":"Point","coordinates":[-105.22044,57.69848]},"properties":{"cps":4350,"y":"1983","lith":"SANDSTONE"}},{"type":"Feature","id":615,"geometry":{"type":"Point","coordinates":[-105.99228,57.06542]},"properties":{"cps":1100,"y":"1985","lith":" "}},{"type":"Feature","id":616,"geometry":{"type":"Point","coordinates":[-105.19909,57.6652]},"properties":{"cps":415,"y":"1982","lith":"SANDSTONE"}},{"type":"Feature","id":617,"geometry":{"type":"Point","coordinates":[-105.22736,57.65595]},"properties":{"cps":550,"y":"1982","lith":"SANDSTONE"}},{"type":"Feature","id":618,"geometry":{"type":"Point","coordinates":[-103.80738,58.61554]},"properties":{"cps":1600,"y":"2007","lith":"GRANITIC GNEISS"}},{"type":"Feature","id":619,"geometry":{"type":"Point","coordinates":[-105.13989,57.74116]},"properties":{"cps":3690,"y":"1983","lith":"SANDSTONE"}},{"type":"Feature","id":620,"geometry":{"type":"Point","coordinates":[-105.16314,57.68406]},"properties":{"cps":600,"y":"1982","lith":"SANDSTONE"}},{"type":"Feature","id":621,"geometry":{"type":"Point","coordinates":[-103.21505,58.42882]},"properties":{"cps":2000,"y":"1978","lith":" "}},{"type":"Feature","id":622,"geometry":{"type":"Point","coordinates":[-105.19677,57.66513]},"properties":{"cps":2400,"y":"1982","lith":"SANDSTONE"}},{"type":"Feature","id":623,"geometry":{"type":"Point","coordinates":[-105.14209,57.74173]},"properties":{"cps":2400,"y":"1983","lith":"SANDSTONE"}},{"type":"Feature","id":624,"geometry":{"type":"Point","coordinates":[-105.21497,57.65989]},"properties":{"cps":1800,"y":"1982","lith":"SANDSTONE"}},{"type":"Feature","id":625,"geometry":{"type":"Point","coordinates":[-105.16395,57.69662]},"properties":{"cps":600,"y":"1982","lith":"SANDSTONE"}},{"type":"Feature","id":626,"geometry":{"type":"Point","coordinates":[-105.12951,57.70514]},"properties":{"cps":10000,"y":"1982","lith":"SANDSTONE"}},{"type":"Feature","id":627,"geometry":{"type":"Point","coordinates":[-105.28253,57.66166]},"properties":{"cps":2000,"y":"1982","lith":"QUARTZ SANDSTONE"}},{"type":"Feature","id":628,"geometry":{"type":"Point","coordinates":[-105.99629,57.05456]},"properties":{"cps":400,"y":"1985","lith":" "}},{"type":"Feature","id":629,"geometry":{"type":"Point","coordinates":[-105.14659,57.70427]},"properties":{"cps":1400,"y":"1982","lith":"SANDSTONE"}},{"type":"Feature","id":630,"geometry":{"type":"Point","coordinates":[-105.16989,57.68041]},"properties":{"cps":900,"y":"1982","lith":"SANDSTONE"}},{"type":"Feature","id":631,"geometry":{"type":"Point","coordinates":[-103.37915,58.48477]},"properties":{"cps":2800,"y":"1978","lith":" "}},{"type":"Feature","id":632,"geometry":{"type":"Point","coordinates":[-105.13774,57.69957]},"properties":{"cps":1500,"y":"1982","lith":"SANDSTONE"}},{"type":"Feature","id":633,"geometry":{"type":"Point","coordinates":[-106.01131,56.97342]},"properties":{"cps":4000,"y":"1977","lith":" "}},{"type":"Feature","id":634,"geometry":{"type":"Point","coordinates":[-105.02301,57.69485]},"properties":{"cps":2500,"y":"1982","lith":"SANDSTONE"}},{"type":"Feature","id":635,"geometry":{"type":"Point","coordinates":[-103.59693,58.4541]},"properties":{"cps":600,"y":"2006","lith":"PEGMATITE"}},{"type":"Feature","id":636,"geometry":{"type":"Point","coordinates":[-105.14363,57.70875]},"properties":{"cps":1400,"y":"1982","lith":"SANDSTONE"}},{"type":"Feature","id":637,"geometry":{"type":"Point","coordinates":[-103.96905,57.87983]},"properties":{"cps":600,"y":"1975","lith":"PEGMATITE"}},{"type":"Feature","id":638,"geometry":{"type":"Point","coordinates":[-105.23147,57.65372]},"properties":{"cps":900,"y":"1982","lith":"SANDSTONE"}},{"type":"Feature","id":639,"geometry":{"type":"Point","coordinates":[-103.59754,58.45198]},"properties":{"cps":2100,"y":"2006","lith":"AMPHIBOLE"}},{"type":"Feature","id":640,"geometry":{"type":"Point","coordinates":[-105.15022,57.70367]},"properties":{"cps":800,"y":"1982","lith":"SANDSTONE"}},{"type":"Feature","id":641,"geometry":{"type":"Point","coordinates":[-106.00569,56.98305]},"properties":{"cps":690,"y":"1985","lith":" "}},{"type":"Feature","id":642,"geometry":{"type":"Point","coordinates":[-103.94567,57.5472]},"properties":{"cps":1300,"y":"1979","lith":"SYENITE FOLIATED GRANITIC"}},{"type":"Feature","id":643,"geometry":{"type":"Point","coordinates":[-106.00588,56.98337]},"properties":{"cps":1600,"y":"1985","lith":" "}},{"type":"Feature","id":644,"geometry":{"type":"Point","coordinates":[-105.14257,57.74131]},"properties":{"cps":1800,"y":"1983","lith":"SANDSTONE"}},{"type":"Feature","id":645,"geometry":{"type":"Point","coordinates":[-106.03234,56.95958]},"properties":{"cps":500,"y":"1978","lith":" "}},{"type":"Feature","id":646,"geometry":{"type":"Point","coordinates":[-105.19415,57.66659]},"properties":{"cps":3000,"y":"1982","lith":"SANDSTONE"}},{"type":"Feature","id":647,"geometry":{"type":"Point","coordinates":[-105.15343,57.69998]},"properties":{"cps":7000,"y":"1982","lith":"SANDSTONE"}},{"type":"Feature","id":648,"geometry":{"type":"Point","coordinates":[-103.56308,58.47073]},"properties":{"cps":2000,"y":"2006","lith":"Biotite in Felsic Gneiss"}},{"type":"Feature","id":649,"geometry":{"type":"Point","coordinates":[-103.54937,58.4557]},"properties":{"cps":1800,"y":"2006","lith":"PEGMATITE"}},{"type":"Feature","id":650,"geometry":{"type":"Point","coordinates":[-105.23178,57.65359]},"properties":{"cps":600,"y":"1982","lith":"SANDSTONE"}},{"type":"Feature","id":651,"geometry":{"type":"Point","coordinates":[-104.08212,57.81099]},"properties":{"cps":826,"y":"1980","lith":"CONGLOMERATE"}},{"type":"Feature","id":652,"geometry":{"type":"Point","coordinates":[-105.27056,57.66354]},"properties":{"cps":1300,"y":"1982","lith":"GRANITE"}},{"type":"Feature","id":653,"geometry":{"type":"Point","coordinates":[-105.17289,57.67931]},"properties":{"cps":500,"y":"1982","lith":"SANDSTONE"}},{"type":"Feature","id":654,"geometry":{"type":"Point","coordinates":[-104.17939,57.83193]},"properties":{"cps":980,"y":"1980","lith":"PEGMATITE"}},{"type":"Feature","id":655,"geometry":{"type":"Point","coordinates":[-105.14975,57.70313]},"properties":{"cps":1500,"y":"1982","lith":"SANDSTONE"}},{"type":"Feature","id":656,"geometry":{"type":"Point","coordinates":[-104.99028,57.31704]},"properties":{"cps":650,"y":"1981","lith":"CONGLOMERATE"}},{"type":"Feature","id":657,"geometry":{"type":"Point","coordinates":[-105.89346,57.03521]},"properties":{"cps":6000,"y":"1977","lith":" "}},{"type":"Feature","id":658,"geometry":{"type":"Point","coordinates":[-105.15975,57.69675]},"properties":{"cps":1000,"y":"1982","lith":" "}},{"type":"Feature","id":659,"geometry":{"type":"Point","coordinates":[-105.2046,57.66577]},"properties":{"cps":600,"y":"1982","lith":"SANDSTONE"}},{"type":"Feature","id":660,"geometry":{"type":"Point","coordinates":[-103.56636,58.4673]},"properties":{"cps":450,"y":"2006","lith":"BIOTITE SCHIST"}},{"type":"Feature","id":661,"geometry":{"type":"Point","coordinates":[-105.14383,57.709]},"properties":{"cps":800,"y":"1982","lith":"SANDSTONE"}},{"type":"Feature","id":662,"geometry":{"type":"Point","coordinates":[-105.16416,57.69629]},"properties":{"cps":600,"y":"1982","lith":" "}},{"type":"Feature","id":663,"geometry":{"type":"Point","coordinates":[-104.94951,57.4557]},"properties":{"cps":650,"y":"1981","lith":"CONGLOMERATE"}},{"type":"Feature","id":664,"geometry":{"type":"Point","coordinates":[-105.30502,57.64585]},"properties":{"cps":530,"y":"1980","lith":"SANDSTONE"}},{"type":"Feature","id":665,"geometry":{"type":"Point","coordinates":[-103.60489,58.46607]},"properties":{"cps":700,"y":"2006","lith":"PEGMATITE"}},{"type":"Feature","id":666,"geometry":{"type":"Point","coordinates":[-105.33576,57.6301]},"properties":{"cps":520,"y":"1980","lith":"SANDSTONE"}},{"type":"Feature","id":667,"geometry":{"type":"Point","coordinates":[-103.59878,58.46361]},"properties":{"cps":1020,"y":"2006","lith":"PEGMATITE"}},{"type":"Feature","id":668,"geometry":{"type":"Point","coordinates":[-104.98659,57.32492]},"properties":{"cps":400,"y":"1981","lith":"CONGLOMERATE"}},{"type":"Feature","id":669,"geometry":{"type":"Point","coordinates":[-105.20789,57.66433]},"properties":{"cps":2200,"y":"1982","lith":"SANDSTONE"}},{"type":"Feature","id":670,"geometry":{"type":"Point","coordinates":[-105.20007,57.6638]},"properties":{"cps":600,"y":"1982","lith":"SANDSTONE"}},{"type":"Feature","id":671,"geometry":{"type":"Point","coordinates":[-105.16614,57.68314]},"properties":{"cps":900,"y":"1982","lith":"SANDSTONE"}},{"type":"Feature","id":672,"geometry":{"type":"Point","coordinates":[-104.15783,57.83766]},"properties":{"cps":820,"y":"1980","lith":"CONGLOMERATE"}},{"type":"Feature","id":673,"geometry":{"type":"Point","coordinates":[-105.02266,57.69501]},"properties":{"cps":1000,"y":"1982","lith":"SANDSTONE"}},{"type":"Feature","id":674,"geometry":{"type":"Point","coordinates":[-105.03594,57.68472]},"properties":{"cps":900,"y":"1982","lith":"SANDSTONE"}},{"type":"Feature","id":675,"geometry":{"type":"Point","coordinates":[-105.16245,57.68389]},"properties":{"cps":2000,"y":"1982","lith":"SANDSTONE"}},{"type":"Feature","id":676,"geometry":{"type":"Point","coordinates":[-103.16155,58.37666]},"properties":{"cps":2100,"y":"1978","lith":" "}},{"type":"Feature","id":677,"geometry":{"type":"Point","coordinates":[-105.20711,57.6648]},"properties":{"cps":2700,"y":"1982","lith":"SANDSTONE"}},{"type":"Feature","id":678,"geometry":{"type":"Point","coordinates":[-105.23418,57.65462]},"properties":{"cps":2500,"y":"1982","lith":"SANDSTONE"}},{"type":"Feature","id":679,"geometry":{"type":"Point","coordinates":[-105.22112,57.28]},"properties":{"cps":550,"y":"1981","lith":"CONGLOMERATE"}},{"type":"Feature","id":680,"geometry":{"type":"Point","coordinates":[-104.1147,57.81003]},"properties":{"cps":1239,"y":"1980","lith":"CONGLOMERATE"}},{"type":"Feature","id":681,"geometry":{"type":"Point","coordinates":[-106.01353,57.00802]},"properties":{"cps":2100,"y":"1985","lith":" "}},{"type":"Feature","id":682,"geometry":{"type":"Point","coordinates":[-105.22073,57.28239]},"properties":{"cps":550,"y":"1981","lith":"CONGLOMERATE"}},{"type":"Feature","id":683,"geometry":{"type":"Point","coordinates":[-104.15042,57.81695]},"properties":{"cps":1065,"y":"1980","lith":"CONGLOMERATE"}},{"type":"Feature","id":684,"geometry":{"type":"Point","coordinates":[-105.3071,57.64477]},"properties":{"cps":5500,"y":"1980","lith":"SANDSTONE"}},{"type":"Feature","id":685,"geometry":{"type":"Point","coordinates":[-103.91517,57.55153]},"properties":{"cps":1400,"y":"1979","lith":"PINK FOLIATED GRANITIC ROCK"}},{"type":"Feature","id":686,"geometry":{"type":"Point","coordinates":[-103.56655,58.46756]},"properties":{"cps":1025,"y":"2006","lith":"BIOTITE SCHIST"}},{"type":"Feature","id":687,"geometry":{"type":"Point","coordinates":[-105.02848,57.69013]},"properties":{"cps":900,"y":"1982","lith":"SANDSTONE"}},{"type":"Feature","id":688,"geometry":{"type":"Point","coordinates":[-106.64132,57.23813]},"properties":{"cps":1300,"y":"2007","lith":"UNDEFINED"}},{"type":"Feature","id":689,"geometry":{"type":"Point","coordinates":[-105.13795,57.69937]},"properties":{"cps":5000,"y":"1982","lith":"SANDSTONE"}},{"type":"Feature","id":690,"geometry":{"type":"Point","coordinates":[-105.15934,57.69041]},"properties":{"cps":2500,"y":"1982","lith":"SANDSTONE"}},{"type":"Feature","id":691,"geometry":{"type":"Point","coordinates":[-105.20356,57.66629]},"properties":{"cps":420,"y":"1982","lith":"SANDSTONE"}},{"type":"Feature","id":692,"geometry":{"type":"Point","coordinates":[-105.17343,57.67903]},"properties":{"cps":3000,"y":"1982","lith":"SANDSTONE"}},{"type":"Feature","id":693,"geometry":{"type":"Point","coordinates":[-103.59777,58.46663]},"properties":{"cps":1000,"y":"2006","lith":"PEGMATITE"}},{"type":"Feature","id":694,"geometry":{"type":"Point","coordinates":[-105.1383,57.69901]},"properties":{"cps":2500,"y":"1982","lith":"SANDSTONE"}},{"type":"Feature","id":695,"geometry":{"type":"Point","coordinates":[-105.14706,57.70489]},"properties":{"cps":800,"y":"1982","lith":"SANDSTONE"}},{"type":"Feature","id":696,"geometry":{"type":"Point","coordinates":[-105.96366,57.01115]},"properties":{"cps":970,"y":"1985","lith":" "}},{"type":"Feature","id":697,"geometry":{"type":"Point","coordinates":[-105.15131,57.70294]},"properties":{"cps":1800,"y":"1982","lith":"SANDSTONE"}},{"type":"Feature","id":698,"geometry":{"type":"Point","coordinates":[-105.30469,57.64565]},"properties":{"cps":6500,"y":"1980","lith":"SANDSTONE"}},{"type":"Feature","id":699,"geometry":{"type":"Point","coordinates":[-103.9417,57.53373]},"properties":{"cps":8200,"y":"1979","lith":"BIOTITE GNEISS"}},{"type":"Feature","id":700,"geometry":{"type":"Point","coordinates":[-105.16402,57.6968]},"properties":{"cps":550,"y":"1982","lith":"SANDSTONE"}},{"type":"Feature","id":701,"geometry":{"type":"Point","coordinates":[-105.39247,57.44384]},"properties":{"cps":1450,"y":"1982","lith":"GRANITE"}},{"type":"Feature","id":702,"geometry":{"type":"Point","coordinates":[-105.15874,57.69464]},"properties":{"cps":550,"y":"1982","lith":" "}},{"type":"Feature","id":703,"geometry":{"type":"Point","coordinates":[-105.13943,57.74153]},"properties":{"cps":1100,"y":"1983","lith":"SANDSTONE"}},{"type":"Feature","id":704,"geometry":{"type":"Point","coordinates":[-105.2945,57.6496]},"properties":{"cps":800,"y":"1980","lith":"SANDSTONE"}},{"type":"Feature","id":705,"geometry":{"type":"Point","coordinates":[-105.17778,57.67547]},"properties":{"cps":9000,"y":"1982","lith":"SANDSTONE"}},{"type":"Feature","id":706,"geometry":{"type":"Point","coordinates":[-105.22647,57.278]},"properties":{"cps":925,"y":"1981","lith":"CONGLOMERATE"}},{"type":"Feature","id":707,"geometry":{"type":"Point","coordinates":[-104.11185,57.81509]},"properties":{"cps":1402,"y":"1980","lith":"CONGLOMERATE"}},{"type":"Feature","id":708,"geometry":{"type":"Point","coordinates":[-105.17322,57.67983]},"properties":{"cps":9500,"y":"1982","lith":"SANDSTONE"}},{"type":"Feature","id":709,"geometry":{"type":"Point","coordinates":[-105.34537,57.62723]},"properties":{"cps":480,"y":"1980","lith":"SANDSTONE"}},{"type":"Feature","id":710,"geometry":{"type":"Point","coordinates":[-104.99614,57.30745]},"properties":{"cps":550,"y":"1981","lith":"CONGLOMERATE"}},{"type":"Feature","id":711,"geometry":{"type":"Point","coordinates":[-105.45632,57.41386]},"properties":{"cps":500,"y":"1982","lith":"CONGLOMERATE"}},{"type":"Feature","id":712,"geometry":{"type":"Point","coordinates":[-103.56248,58.47153]},"properties":{"cps":5200,"y":"2006","lith":"Biotite in Felsic Gneiss"}},{"type":"Feature","id":713,"geometry":{"type":"Point","coordinates":[-105.9897,57.06033]},"properties":{"cps":2000,"y":"1985","lith":" "}},{"type":"Feature","id":714,"geometry":{"type":"Point","coordinates":[-105.22737,57.65666]},"properties":{"cps":450,"y":"1982","lith":"SANDSTONE"}},{"type":"Feature","id":715,"geometry":{"type":"Point","coordinates":[-103.54983,58.4638]},"properties":{"cps":600,"y":"2006","lith":"BIOTITE SCHIST"}},{"type":"Feature","id":716,"geometry":{"type":"Point","coordinates":[-105.15375,57.73969]},"properties":{"cps":1200,"y":"1983","lith":"SANDSTONE"}},{"type":"Feature","id":717,"geometry":{"type":"Point","coordinates":[-105.15844,57.7328]},"properties":{"cps":7260,"y":"1983","lith":"SANDSTONE"}},{"type":"Feature","id":718,"geometry":{"type":"Point","coordinates":[-105.16642,57.68428]},"properties":{"cps":600,"y":"1982","lith":"SANDSTONE"}},{"type":"Feature","id":719,"geometry":{"type":"Point","coordinates":[-105.14687,57.70163]},"properties":{"cps":450,"y":"1982","lith":"SANDSTONE"}},{"type":"Feature","id":720,"geometry":{"type":"Point","coordinates":[-105.1439,57.70872]},"properties":{"cps":600,"y":"1982","lith":"SANDSTONE"}},{"type":"Feature","id":721,"geometry":{"type":"Point","coordinates":[-104.14262,57.81675]},"properties":{"cps":907,"y":"1980","lith":"CONGLOMERATE"}},{"type":"Feature","id":722,"geometry":{"type":"Point","coordinates":[-105.19573,57.66533]},"properties":{"cps":550,"y":"1982","lith":"SANDSTONE"}},{"type":"Feature","id":723,"geometry":{"type":"Point","coordinates":[-105.02673,57.69165]},"properties":{"cps":800,"y":"1982","lith":"SANDSTONE"}},{"type":"Feature","id":724,"geometry":{"type":"Point","coordinates":[-104.93989,57.45619]},"properties":{"cps":550,"y":"1981","lith":"CONGLOMERATE"}},{"type":"Feature","id":725,"geometry":{"type":"Point","coordinates":[-105.15266,57.70158]},"properties":{"cps":8000,"y":"1982","lith":"SANDSTONE"}},{"type":"Feature","id":726,"geometry":{"type":"Point","coordinates":[-104.16917,57.83142]},"properties":{"cps":890,"y":"1980","lith":"BASEMENT"}},{"type":"Feature","id":727,"geometry":{"type":"Point","coordinates":[-104.93644,57.45013]},"properties":{"cps":450,"y":"1981","lith":"SANDSTONE"}},{"type":"Feature","id":728,"geometry":{"type":"Point","coordinates":[-103.98995,57.8753]},"properties":{"cps":700,"y":"1975","lith":"PEGMATITE"}},{"type":"Feature","id":729,"geometry":{"type":"Point","coordinates":[-105.3502,57.62489]},"properties":{"cps":470,"y":"1980","lith":"SANDSTONE"}},{"type":"Feature","id":730,"geometry":{"type":"Point","coordinates":[-105.22551,57.65653]},"properties":{"cps":8000,"y":"1982","lith":"SANDSTONE"}},{"type":"Feature","id":731,"geometry":{"type":"Point","coordinates":[-105.02322,57.6948]},"properties":{"cps":1500,"y":"1982","lith":"SANDSTONE"}},{"type":"Feature","id":732,"geometry":{"type":"Point","coordinates":[-105.33169,57.63245]},"properties":{"cps":2100,"y":"1980","lith":"SANDSTONE"}},{"type":"Feature","id":733,"geometry":{"type":"Point","coordinates":[-103.79671,58.61238]},"properties":{"cps":3300,"y":"2007","lith":"PEGMATITE"}},{"type":"Feature","id":734,"geometry":{"type":"Point","coordinates":[-105.2101,57.29042]},"properties":{"cps":650,"y":"1981","lith":"CONGLOMERATE"}},{"type":"Feature","id":735,"geometry":{"type":"Point","coordinates":[-104.16035,57.85194]},"properties":{"cps":1450,"y":"1980","lith":"BASEMENT"}},{"type":"Feature","id":736,"geometry":{"type":"Point","coordinates":[-105.23232,57.65351]},"properties":{"cps":1500,"y":"1982","lith":"SANDSTONE"}},{"type":"Feature","id":737,"geometry":{"type":"Point","coordinates":[-105.26947,57.66757]},"properties":{"cps":9600,"y":"1982","lith":"SANDSTONE"}},{"type":"Feature","id":738,"geometry":{"type":"Point","coordinates":[-105.21445,57.66014]},"properties":{"cps":970,"y":"1982","lith":"SANDSTONE"}},{"type":"Feature","id":739,"geometry":{"type":"Point","coordinates":[-105.15846,57.69596]},"properties":{"cps":500,"y":"1982","lith":"SANDSTONE"}},{"type":"Feature","id":740,"geometry":{"type":"Point","coordinates":[-105.33589,57.63031]},"properties":{"cps":6000,"y":"1980","lith":"SANDSTONE"}},{"type":"Feature","id":741,"geometry":{"type":"Point","coordinates":[-105.96584,57.01739]},"properties":{"cps":800,"y":"1985","lith":" "}},{"type":"Feature","id":742,"geometry":{"type":"Point","coordinates":[-105.2291,57.27619]},"properties":{"cps":550,"y":"1981","lith":"CONGLOMERATE"}},{"type":"Feature","id":743,"geometry":{"type":"Point","coordinates":[-103.16529,58.3672]},"properties":{"cps":1100,"y":"1978","lith":" "}},{"type":"Feature","id":744,"geometry":{"type":"Point","coordinates":[-105.16158,57.69628]},"properties":{"cps":7200,"y":"1982","lith":"SANDSTONE"}},{"type":"Feature","id":745,"geometry":{"type":"Point","coordinates":[-102.80626,58.0209]},"properties":{"cps":750,"y":"1975","lith":"GRANITE"}},{"type":"Feature","id":746,"geometry":{"type":"Point","coordinates":[-105.13857,57.69902]},"properties":{"cps":3000,"y":"1982","lith":"SANDSTONE"}},{"type":"Feature","id":747,"geometry":{"type":"Point","coordinates":[-104.18558,57.83355]},"properties":{"cps":3100,"y":"1980","lith":"PEGMATITE"}},{"type":"Feature","id":748,"geometry":{"type":"Point","coordinates":[-105.15617,57.69938]},"properties":{"cps":8000,"y":"1982","lith":"SANDSTONE"}},{"type":"Feature","id":749,"geometry":{"type":"Point","coordinates":[-105.2027,57.66472]},"properties":{"cps":500,"y":"1982","lith":"SANDSTONE"}},{"type":"Feature","id":750,"geometry":{"type":"Point","coordinates":[-105.14452,57.70832]},"properties":{"cps":750,"y":"1982","lith":"SANDSTONE"}},{"type":"Feature","id":751,"geometry":{"type":"Point","coordinates":[-105.22502,57.28191]},"properties":{"cps":550,"y":"1981","lith":"PEGMATITE"}},{"type":"Feature","id":752,"geometry":{"type":"Point","coordinates":[-105.33482,57.63034]},"properties":{"cps":800,"y":"1980","lith":"SANDSTONE"}},{"type":"Feature","id":753,"geometry":{"type":"Point","coordinates":[-105.22965,57.65566]},"properties":{"cps":1200,"y":"1982","lith":"SANDSTONE"}},{"type":"Feature","id":754,"geometry":{"type":"Point","coordinates":[-105.0364,57.68405]},"properties":{"cps":820,"y":"1982","lith":"SANDSTONE"}},{"type":"Feature","id":755,"geometry":{"type":"Point","coordinates":[-105.28432,57.66097]},"properties":{"cps":1000,"y":"1982","lith":"QUARTZ SANDSTONE"}},{"type":"Feature","id":756,"geometry":{"type":"Point","coordinates":[-105.16676,57.68478]},"properties":{"cps":3000,"y":"1982","lith":"SANDSTONE"}},{"type":"Feature","id":757,"geometry":{"type":"Point","coordinates":[-106.04808,56.95713]},"properties":{"cps":500,"y":"1978","lith":" "}},{"type":"Feature","id":758,"geometry":{"type":"Point","coordinates":[-105.22235,57.28477]},"properties":{"cps":650,"y":"1981","lith":"CONGLOMERATE"}},{"type":"Feature","id":759,"geometry":{"type":"Point","coordinates":[-105.16419,57.69646]},"properties":{"cps":550,"y":"1982","lith":" "}},{"type":"Feature","id":760,"geometry":{"type":"Point","coordinates":[-105.15779,57.70091]},"properties":{"cps":2000,"y":"1982","lith":"SANDSTONE"}},{"type":"Feature","id":761,"geometry":{"type":"Point","coordinates":[-105.02631,57.69205]},"properties":{"cps":450,"y":"1982","lith":"SANDSTONE"}},{"type":"Feature","id":762,"geometry":{"type":"Point","coordinates":[-105.2264,57.65648]},"properties":{"cps":8000,"y":"1982","lith":"SANDSTONE"}},{"type":"Feature","id":763,"geometry":{"type":"Point","coordinates":[-103.89367,57.55588]},"properties":{"cps":2200,"y":"1979","lith":"WHITE FOLIATED GRANITIC ROCK"}},{"type":"Feature","id":764,"geometry":{"type":"Point","coordinates":[-105.14511,57.70298]},"properties":{"cps":4000,"y":"1982","lith":"SANDSTONE"}},{"type":"Feature","id":765,"geometry":{"type":"Point","coordinates":[-105.2273,57.65609]},"properties":{"cps":3000,"y":"1982","lith":"SANDSTONE"}},{"type":"Feature","id":766,"geometry":{"type":"Point","coordinates":[-106.01082,56.97392]},"properties":{"cps":700,"y":"1985","lith":" "}},{"type":"Feature","id":767,"geometry":{"type":"Point","coordinates":[-105.20372,57.66583]},"properties":{"cps":1500,"y":"1982","lith":"SANDSTONE"}},{"type":"Feature","id":768,"geometry":{"type":"Point","coordinates":[-105.1402,57.74099]},"properties":{"cps":1200,"y":"1983","lith":"SANDSTONE"}},{"type":"Feature","id":769,"geometry":{"type":"Point","coordinates":[-105.19924,57.66502]},"properties":{"cps":1300,"y":"1982","lith":"SANDSTONE"}},{"type":"Feature","id":770,"geometry":{"type":"Point","coordinates":[-105.15255,57.70173]},"properties":{"cps":450,"y":"1982","lith":"SANDSTONE"}},{"type":"Feature","id":771,"geometry":{"type":"Point","coordinates":[-103.45965,58.43429]},"properties":{"cps":2500,"y":"1978","lith":" "}},{"type":"Feature","id":772,"geometry":{"type":"Point","coordinates":[-105.15036,57.7362]},"properties":{"cps":1650,"y":"1983","lith":"SANDSTONE"}},{"type":"Feature","id":773,"geometry":{"type":"Point","coordinates":[-105.20302,57.70286]},"properties":{"cps":1540,"y":"1983","lith":"SANDSTONE"}},{"type":"Feature","id":774,"geometry":{"type":"Point","coordinates":[-105.18976,57.668]},"properties":{"cps":1500,"y":"1982","lith":"SANDSTONE"}},{"type":"Feature","id":775,"geometry":{"type":"Point","coordinates":[-105.02814,57.6907]},"properties":{"cps":1000,"y":"1982","lith":"SANDSTONE"}},{"type":"Feature","id":776,"geometry":{"type":"Point","coordinates":[-105.1724,57.67987]},"properties":{"cps":3000,"y":"1982","lith":"SANDSTONE"}},{"type":"Feature","id":777,"geometry":{"type":"Point","coordinates":[-104.14884,57.80814]},"properties":{"cps":1300,"y":"1980","lith":"CONGLOMERATE"}},{"type":"Feature","id":778,"geometry":{"type":"Point","coordinates":[-105.22832,57.65651]},"properties":{"cps":4000,"y":"1982","lith":"SANDSTONE"}},{"type":"Feature","id":779,"geometry":{"type":"Point","coordinates":[-105.20783,57.66178]},"properties":{"cps":500,"y":"1982","lith":"SANDSTONE"}},{"type":"Feature","id":780,"geometry":{"type":"Point","coordinates":[-105.24389,57.2716]},"properties":{"cps":475,"y":"1981","lith":"SANDSTONE"}},{"type":"Feature","id":781,"geometry":{"type":"Point","coordinates":[-105.14051,57.74174]},"properties":{"cps":1040,"y":"1983","lith":"SANDSTONE"}},{"type":"Feature","id":782,"geometry":{"type":"Point","coordinates":[-103.34688,58.48324]},"properties":{"cps":3500,"y":"1978","lith":" "}},{"type":"Feature","id":783,"geometry":{"type":"Point","coordinates":[-105.22717,57.6567]},"properties":{"cps":1700,"y":"1982","lith":"SANDSTONE"}},{"type":"Feature","id":784,"geometry":{"type":"Point","coordinates":[-105.14158,57.74174]},"properties":{"cps":1900,"y":"1983","lith":"SANDSTONE"}},{"type":"Feature","id":785,"geometry":{"type":"Point","coordinates":[-105.19587,57.66651]},"properties":{"cps":4000,"y":"1982","lith":"SANDSTONE"}},{"type":"Feature","id":786,"geometry":{"type":"Point","coordinates":[-105.1518,57.73671]},"properties":{"cps":1300,"y":"1983","lith":"SANDSTONE"}},{"type":"Feature","id":787,"geometry":{"type":"Point","coordinates":[-105.15456,57.70019]},"properties":{"cps":2500,"y":"1982","lith":"SANDSTONE"}},{"type":"Feature","id":788,"geometry":{"type":"Point","coordinates":[-105.03376,57.2982]},"properties":{"cps":550,"y":"1981","lith":"CONGLOMERATE"}},{"type":"Feature","id":789,"geometry":{"type":"Point","coordinates":[-104.9998,57.30931]},"properties":{"cps":850,"y":"1981","lith":"PEGMATITE"}},{"type":"Feature","id":790,"geometry":{"type":"Point","coordinates":[-105.27484,57.46509]},"properties":{"cps":425,"y":"1982","lith":"CONGLOMERATE"}},{"type":"Feature","id":791,"geometry":{"type":"Point","coordinates":[-106.21885,59.1313]},"properties":{"cps":5500,"y":"1979","lith":"SANDSTONE"}},{"type":"Feature","id":792,"geometry":{"type":"Point","coordinates":[-105.33103,57.63274]},"properties":{"cps":2200,"y":"1980","lith":"SANDSTONE"}},{"type":"Feature","id":793,"geometry":{"type":"Point","coordinates":[-105.20263,57.66737]},"properties":{"cps":1700,"y":"1982","lith":"SANDSTONE"}},{"type":"Feature","id":794,"geometry":{"type":"Point","coordinates":[-103.93906,57.53651]},"properties":{"cps":800,"y":"1979","lith":"GRANITIC ROCK"}},{"type":"Feature","id":795,"geometry":{"type":"Point","coordinates":[-105.33349,57.63606]},"properties":{"cps":1100,"y":"1980","lith":"SANDSTONE"}},{"type":"Feature","id":796,"geometry":{"type":"Point","coordinates":[-105.15783,57.70041]},"properties":{"cps":450,"y":"1982","lith":"SANDSTONE"}},{"type":"Feature","id":797,"geometry":{"type":"Point","coordinates":[-105.33526,57.63049]},"properties":{"cps":2550,"y":"1980","lith":"SANDSTONE"}},{"type":"Feature","id":798,"geometry":{"type":"Point","coordinates":[-105.22338,57.65713]},"properties":{"cps":7500,"y":"1982","lith":"SANDSTONE"}},{"type":"Feature","id":799,"geometry":{"type":"Point","coordinates":[-105.33425,57.63073]},"properties":{"cps":900,"y":"1980","lith":"SANDSTONE"}},{"type":"Feature","id":800,"geometry":{"type":"Point","coordinates":[-105.27435,57.66514]},"properties":{"cps":9400,"y":"1982","lith":"QUARTZ SANDSTONE"}},{"type":"Feature","id":801,"geometry":{"type":"Point","coordinates":[-105.84642,57.08855]},"properties":{"cps":1500,"y":"1977","lith":" "}},{"type":"Feature","id":802,"geometry":{"type":"Point","coordinates":[-103.55385,58.46137]},"properties":{"cps":2200,"y":"2006","lith":"PEGMATITE"}},{"type":"Feature","id":803,"geometry":{"type":"Point","coordinates":[-105.02833,57.69056]},"properties":{"cps":600,"y":"1982","lith":"SANDSTONE"}},{"type":"Feature","id":804,"geometry":{"type":"Point","coordinates":[-104.15818,57.85162]},"properties":{"cps":1110,"y":"1980","lith":"CONGLOMERATE"}},{"type":"Feature","id":805,"geometry":{"type":"Point","coordinates":[-105.17224,57.67949]},"properties":{"cps":9000,"y":"1982","lith":"SANDSTONE"}},{"type":"Feature","id":806,"geometry":{"type":"Point","coordinates":[-105.16242,57.6796]},"properties":{"cps":5000,"y":"1982","lith":"SANDSTONE"}},{"type":"Feature","id":807,"geometry":{"type":"Point","coordinates":[-104.19394,57.83074]},"properties":{"cps":1450,"y":"1980","lith":"PEGMATITE"}},{"type":"Feature","id":808,"geometry":{"type":"Point","coordinates":[-106.00347,57.04819]},"properties":{"cps":1500,"y":"1985","lith":" "}},{"type":"Feature","id":809,"geometry":{"type":"Point","coordinates":[-104.18951,57.83787]},"properties":{"cps":1040,"y":"1980","lith":"CONGLOMERATE"}},{"type":"Feature","id":810,"geometry":{"type":"Point","coordinates":[-104.18534,57.83975]},"properties":{"cps":1120,"y":"1980","lith":"CONGLOMERATE"}},{"type":"Feature","id":811,"geometry":{"type":"Point","coordinates":[-105.22258,57.28395]},"properties":{"cps":550,"y":"1981","lith":"CONGLOMERATE"}},{"type":"Feature","id":812,"geometry":{"type":"Point","coordinates":[-105.19606,57.66524]},"properties":{"cps":7000,"y":"1982","lith":"SANDSTONE"}},{"type":"Feature","id":813,"geometry":{"type":"Point","coordinates":[-105.14297,57.71162]},"properties":{"cps":1000,"y":"1982","lith":"SANDSTONE"}},{"type":"Feature","id":814,"geometry":{"type":"Point","coordinates":[-105.41328,57.3697]},"properties":{"cps":450,"y":"1981","lith":"SANDSTONE"}},{"type":"Feature","id":815,"geometry":{"type":"Point","coordinates":[-105.33381,57.63078]},"properties":{"cps":1100,"y":"1980","lith":"SANDSTONE"}},{"type":"Feature","id":816,"geometry":{"type":"Point","coordinates":[-105.16409,57.729]},"properties":{"cps":2850,"y":"1983","lith":"SANDSTONE"}},{"type":"Feature","id":817,"geometry":{"type":"Point","coordinates":[-105.21622,57.29067]},"properties":{"cps":950,"y":"1981","lith":"CONGLOMERATE"}},{"type":"Feature","id":818,"geometry":{"type":"Point","coordinates":[-105.20919,57.66195]},"properties":{"cps":711,"y":"1982","lith":"SANDSTONE"}},{"type":"Feature","id":819,"geometry":{"type":"Point","coordinates":[-103.894,57.55067]},"properties":{"cps":450,"y":"1979","lith":"GRANITIC GNEISS"}},{"type":"Feature","id":820,"geometry":{"type":"Point","coordinates":[-105.15544,57.73334]},"properties":{"cps":1690,"y":"1983","lith":"SANDSTONE"}},{"type":"Feature","id":821,"geometry":{"type":"Point","coordinates":[-105.33216,57.63186]},"properties":{"cps":1500,"y":"1980","lith":"SANDSTONE"}},{"type":"Feature","id":822,"geometry":{"type":"Point","coordinates":[-105.02815,57.69052]},"properties":{"cps":1100,"y":"1982","lith":"SANDSTONE"}},{"type":"Feature","id":823,"geometry":{"type":"Point","coordinates":[-105.3084,57.64366]},"properties":{"cps":750,"y":"1980","lith":"SANDSTONE"}},{"type":"Feature","id":824,"geometry":{"type":"Point","coordinates":[-105.2306,57.69415]},"properties":{"cps":1625,"y":"1983","lith":"SANDSTONE"}},{"type":"Feature","id":825,"geometry":{"type":"Point","coordinates":[-105.19973,57.66481]},"properties":{"cps":2000,"y":"1982","lith":"SANDSTONE"}},{"type":"Feature","id":826,"geometry":{"type":"Point","coordinates":[-104.99284,57.31503]},"properties":{"cps":550,"y":"1981","lith":"CONGLOMERATE"}},{"type":"Feature","id":827,"geometry":{"type":"Point","coordinates":[-105.42282,57.36597]},"properties":{"cps":400,"y":"1981","lith":"SANDSTONE"}},{"type":"Feature","id":828,"geometry":{"type":"Point","coordinates":[-105.18976,57.66904]},"properties":{"cps":2700,"y":"1982","lith":"SANDSTONE"}},{"type":"Feature","id":829,"geometry":{"type":"Point","coordinates":[-105.19655,57.66517]},"properties":{"cps":1200,"y":"1982","lith":"SANDSTONE"}},{"type":"Feature","id":830,"geometry":{"type":"Point","coordinates":[-105.1994,57.66518]},"properties":{"cps":700,"y":"1982","lith":"SANDSTONE"}},{"type":"Feature","id":831,"geometry":{"type":"Point","coordinates":[-105.22476,57.2806]},"properties":{"cps":975,"y":"1981","lith":"CONGLOMERATE"}},{"type":"Feature","id":832,"geometry":{"type":"Point","coordinates":[-103.91005,57.55526]},"properties":{"cps":1100,"y":"1979","lith":"PINK FOLIATED GRANITIC ROCK"}},{"type":"Feature","id":833,"geometry":{"type":"Point","coordinates":[-106.03357,57.01947]},"properties":{"cps":400,"y":"1985","lith":" "}},{"type":"Feature","id":834,"geometry":{"type":"Point","coordinates":[-103.11397,58.56585]},"properties":{"cps":2000,"y":"1978","lith":" "}},{"type":"Feature","id":835,"geometry":{"type":"Point","coordinates":[-103.60438,58.44877]},"properties":{"cps":500,"y":"2006","lith":"PEGMATITE"}},{"type":"Feature","id":836,"geometry":{"type":"Point","coordinates":[-105.1987,57.66543]},"properties":{"cps":600,"y":"1982","lith":"SANDSTONE"}},{"type":"Feature","id":837,"geometry":{"type":"Point","coordinates":[-105.13791,57.74265]},"properties":{"cps":1100,"y":"1983","lith":"SANDSTONE"}},{"type":"Feature","id":838,"geometry":{"type":"Point","coordinates":[-105.19894,57.66533]},"properties":{"cps":2600,"y":"1982","lith":"SANDSTONE"}},{"type":"Feature","id":839,"geometry":{"type":"Point","coordinates":[-103.58317,58.45356]},"properties":{"cps":1800,"y":"2006","lith":"PEGMATITE"}},{"type":"Feature","id":840,"geometry":{"type":"Point","coordinates":[-105.20532,57.66578]},"properties":{"cps":600,"y":"1982","lith":"SANDSTONE"}},{"type":"Feature","id":841,"geometry":{"type":"Point","coordinates":[-105.02282,57.69502]},"properties":{"cps":1500,"y":"1982","lith":"SANDSTONE"}},{"type":"Feature","id":842,"geometry":{"type":"Point","coordinates":[-105.02895,57.68967]},"properties":{"cps":600,"y":"1982","lith":"SANDSTONE"}},{"type":"Feature","id":843,"geometry":{"type":"Point","coordinates":[-105.14671,57.704]},"properties":{"cps":1200,"y":"1982","lith":"SANDSTONE"}},{"type":"Feature","id":844,"geometry":{"type":"Point","coordinates":[-105.00135,57.30793]},"properties":{"cps":650,"y":"1981","lith":"CONGLOMERATE"}},{"type":"Feature","id":845,"geometry":{"type":"Point","coordinates":[-105.28419,57.66121]},"properties":{"cps":1900,"y":"1982","lith":"SANDSTONE"}},{"type":"Feature","id":846,"geometry":{"type":"Point","coordinates":[-105.14431,57.70903]},"properties":{"cps":4000,"y":"1982","lith":"SANDSTONE"}},{"type":"Feature","id":847,"geometry":{"type":"Point","coordinates":[-104.19178,57.835]},"properties":{"cps":1352,"y":"1980","lith":"CONGLOMERATE"}},{"type":"Feature","id":848,"geometry":{"type":"Point","coordinates":[-105.27202,57.66558]},"properties":{"cps":2000,"y":"1982","lith":"QUARTZ SANDSTONE"}},{"type":"Feature","id":849,"geometry":{"type":"Point","coordinates":[-105.1828,57.67249]},"properties":{"cps":3000,"y":"1982","lith":"SANDSTONE"}},{"type":"Feature","id":850,"geometry":{"type":"Point","coordinates":[-105.19593,57.66606]},"properties":{"cps":1700,"y":"1982","lith":"SANDSTONE"}},{"type":"Feature","id":851,"geometry":{"type":"Point","coordinates":[-105.16749,57.68142]},"properties":{"cps":750,"y":"1982","lith":"SANDSTONE"}},{"type":"Feature","id":852,"geometry":{"type":"Point","coordinates":[-105.16592,57.68402]},"properties":{"cps":1200,"y":"1982","lith":"SANDSTONE"}},{"type":"Feature","id":853,"geometry":{"type":"Point","coordinates":[-103.39046,58.29306]},"properties":{"cps":1500,"y":"1978","lith":" "}},{"type":"Feature","id":854,"geometry":{"type":"Point","coordinates":[-105.24229,57.68992]},"properties":{"cps":1500,"y":"1983","lith":"SANDSTONE"}},{"type":"Feature","id":855,"geometry":{"type":"Point","coordinates":[-105.30485,57.64548]},"properties":{"cps":5500,"y":"1980","lith":"SANDSTONE"}},{"type":"Feature","id":856,"geometry":{"type":"Point","coordinates":[-105.15852,57.68631]},"properties":{"cps":2700,"y":"1982","lith":"SANDSTONE"}},{"type":"Feature","id":857,"geometry":{"type":"Point","coordinates":[-105.15063,57.73644]},"properties":{"cps":1200,"y":"1983","lith":"SANDSTONE"}},{"type":"Feature","id":858,"geometry":{"type":"Point","coordinates":[-103.60132,58.46879]},"properties":{"cps":1500,"y":"2006","lith":"PELITE"}},{"type":"Feature","id":859,"geometry":{"type":"Point","coordinates":[-105.34715,57.63051]},"properties":{"cps":750,"y":"1980","lith":"SANDSTONE"}},{"type":"Feature","id":860,"geometry":{"type":"Point","coordinates":[-105.42166,57.37295]},"properties":{"cps":400,"y":"1981","lith":"SANDSTONE"}},{"type":"Feature","id":861,"geometry":{"type":"Point","coordinates":[-105.20377,57.29066]},"properties":{"cps":650,"y":"1981","lith":"CONGLOMERATE"}},{"type":"Feature","id":862,"geometry":{"type":"Point","coordinates":[-103.59688,58.45879]},"properties":{"cps":500,"y":"2006","lith":"PEGMATITE"}},{"type":"Feature","id":863,"geometry":{"type":"Point","coordinates":[-105.19602,57.66553]},"properties":{"cps":2500,"y":"1982","lith":"SANDSTONE"}},{"type":"Feature","id":864,"geometry":{"type":"Point","coordinates":[-105.62581,57.3283]},"properties":{"cps":625,"y":"1977","lith":"GRANITE"}},{"type":"Feature","id":865,"geometry":{"type":"Point","coordinates":[-103.56301,58.47096]},"properties":{"cps":2000,"y":"2006","lith":"Biotite in Felsic Gneiss"}},{"type":"Feature","id":866,"geometry":{"type":"Point","coordinates":[-105.20235,57.66681]},"properties":{"cps":1600,"y":"1982","lith":"SANDSTONE"}},{"type":"Feature","id":867,"geometry":{"type":"Point","coordinates":[-105.15835,57.69847]},"properties":{"cps":30000,"y":"1982","lith":"SANDSTONE"}},{"type":"Feature","id":868,"geometry":{"type":"Point","coordinates":[-105.26856,57.66812]},"properties":{"cps":500,"y":"1982","lith":"QUARTZ SANDSTONE"}},{"type":"Feature","id":869,"geometry":{"type":"Point","coordinates":[-103.22874,58.46644]},"properties":{"cps":1400,"y":"1978","lith":" "}},{"type":"Feature","id":870,"geometry":{"type":"Point","coordinates":[-105.2072,57.66472]},"properties":{"cps":1300,"y":"1982","lith":"SANDSTONE"}},{"type":"Feature","id":871,"geometry":{"type":"Point","coordinates":[-105.13822,57.74156]},"properties":{"cps":600,"y":"1983","lith":"SANDSTONE"}},{"type":"Feature","id":872,"geometry":{"type":"Point","coordinates":[-105.15853,57.69538]},"properties":{"cps":480,"y":"1982","lith":" "}},{"type":"Feature","id":873,"geometry":{"type":"Point","coordinates":[-105.24422,57.26995]},"properties":{"cps":550,"y":"1981","lith":"CONGLOMERATE"}},{"type":"Feature","id":874,"geometry":{"type":"Point","coordinates":[-105.20899,57.66444]},"properties":{"cps":1275,"y":"1982","lith":"SANDSTONE"}},{"type":"Feature","id":875,"geometry":{"type":"Point","coordinates":[-105.15623,57.70103]},"properties":{"cps":750,"y":"1982","lith":"SANDSTONE"}},{"type":"Feature","id":876,"geometry":{"type":"Point","coordinates":[-105.27452,57.66506]},"properties":{"cps":2000,"y":"1982","lith":"QUARTZ SANDSTONE"}},{"type":"Feature","id":877,"geometry":{"type":"Point","coordinates":[-103.10322,58.4307]},"properties":{"cps":800,"y":"1978","lith":" "}},{"type":"Feature","id":878,"geometry":{"type":"Point","coordinates":[-105.18979,57.66918]},"properties":{"cps":550,"y":"1982","lith":"SANDSTONE"}},{"type":"Feature","id":879,"geometry":{"type":"Point","coordinates":[-105.14449,57.70314]},"properties":{"cps":1000,"y":"1982","lith":"SANDSTONE"}},{"type":"Feature","id":880,"geometry":{"type":"Point","coordinates":[-105.02689,57.6915]},"properties":{"cps":700,"y":"1982","lith":"SANDSTONE"}},{"type":"Feature","id":881,"geometry":{"type":"Point","coordinates":[-105.15748,57.70009]},"properties":{"cps":600,"y":"1982","lith":"SANDSTONE"}},{"type":"Feature","id":882,"geometry":{"type":"Point","coordinates":[-105.19923,57.66514]},"properties":{"cps":1500,"y":"1982","lith":"SANDSTONE"}},{"type":"Feature","id":883,"geometry":{"type":"Point","coordinates":[-105.26828,57.44911]},"properties":{"cps":460,"y":"1982","lith":"CONGLOMERATE"}},{"type":"Feature","id":884,"geometry":{"type":"Point","coordinates":[-105.21035,57.28767]},"properties":{"cps":420,"y":"1981","lith":"SANDSTONE"}},{"type":"Feature","id":885,"geometry":{"type":"Point","coordinates":[-106.67568,57.23264]},"properties":{"cps":500,"y":"2007","lith":"PEGMATITE"}},{"type":"Feature","id":886,"geometry":{"type":"Point","coordinates":[-106.16158,59.09855]},"properties":{"cps":1500,"y":"1979","lith":"SANDSTONE"}},{"type":"Feature","id":887,"geometry":{"type":"Point","coordinates":[-105.02792,57.69073]},"properties":{"cps":1200,"y":"1982","lith":"SANDSTONE"}},{"type":"Feature","id":888,"geometry":{"type":"Point","coordinates":[-105.23701,57.68633]},"properties":{"cps":6000,"y":"1983","lith":"SANDSTONE"}},{"type":"Feature","id":889,"geometry":{"type":"Point","coordinates":[-105.04097,57.68094]},"properties":{"cps":700,"y":"1982","lith":"SANDSTONE"}},{"type":"Feature","id":890,"geometry":{"type":"Point","coordinates":[-105.14152,57.69893]},"properties":{"cps":600,"y":"1982","lith":"SANDSTONE"}},{"type":"Feature","id":891,"geometry":{"type":"Point","coordinates":[-106.03579,57.02146]},"properties":{"cps":7000,"y":"1985","lith":" "}},{"type":"Feature","id":892,"geometry":{"type":"Point","coordinates":[-103.92428,57.88822]},"properties":{"cps":500,"y":"1975","lith":"PEGMATITE"}},{"type":"Feature","id":893,"geometry":{"type":"Point","coordinates":[-105.14696,57.7058]},"properties":{"cps":450,"y":"1982","lith":"SANDSTONE"}},{"type":"Feature","id":894,"geometry":{"type":"Point","coordinates":[-105.16677,57.68463]},"properties":{"cps":3000,"y":"1982","lith":"SANDSTONE"}},{"type":"Feature","id":895,"geometry":{"type":"Point","coordinates":[-105.18892,57.66744]},"properties":{"cps":1300,"y":"1982","lith":"SANDSTONE"}},{"type":"Feature","id":896,"geometry":{"type":"Point","coordinates":[-105.15125,57.70228]},"properties":{"cps":1300,"y":"1982","lith":"SANDSTONE"}},{"type":"Feature","id":897,"geometry":{"type":"Point","coordinates":[-105.20927,57.28404]},"properties":{"cps":560,"y":"1981","lith":"BASEMENT"}},{"type":"Feature","id":898,"geometry":{"type":"Point","coordinates":[-105.24122,57.27227]},"properties":{"cps":410,"y":"1981","lith":"PEGMATITE"}},{"type":"Feature","id":899,"geometry":{"type":"Point","coordinates":[-105.22736,57.6563]},"properties":{"cps":1500,"y":"1982","lith":"SANDSTONE"}},{"type":"Feature","id":900,"geometry":{"type":"Point","coordinates":[-105.14682,57.70467]},"properties":{"cps":650,"y":"1982","lith":"SANDSTONE"}},{"type":"Feature","id":901,"geometry":{"type":"Point","coordinates":[-106.1586,59.09868]},"properties":{"cps":7000,"y":"1979","lith":"SANDSTONE"}},{"type":"Feature","id":902,"geometry":{"type":"Point","coordinates":[-105.20631,57.66537]},"properties":{"cps":9000,"y":"1982","lith":"SANDSTONE"}},{"type":"Feature","id":903,"geometry":{"type":"Point","coordinates":[-104.11018,57.81578]},"properties":{"cps":1049,"y":"1980","lith":"CONGLOMERATE"}},{"type":"Feature","id":904,"geometry":{"type":"Point","coordinates":[-105.13802,57.70173]},"properties":{"cps":6000,"y":"1982","lith":"SANDSTONE"}},{"type":"Feature","id":905,"geometry":{"type":"Point","coordinates":[-105.32762,57.63478]},"properties":{"cps":1350,"y":"1980","lith":"SANDSTONE"}},{"type":"Feature","id":906,"geometry":{"type":"Point","coordinates":[-105.29265,57.65101]},"properties":{"cps":4200,"y":"1980","lith":"SANDSTONE"}},{"type":"Feature","id":907,"geometry":{"type":"Point","coordinates":[-106.6439,57.23686]},"properties":{"cps":1000,"y":"2007","lith":"UNDEFINED"}},{"type":"Feature","id":908,"geometry":{"type":"Point","coordinates":[-105.42796,57.36937]},"properties":{"cps":480,"y":"1981","lith":"SANDSTONE"}},{"type":"Feature","id":909,"geometry":{"type":"Point","coordinates":[-105.15984,57.69124]},"properties":{"cps":3100,"y":"1982","lith":" "}},{"type":"Feature","id":910,"geometry":{"type":"Point","coordinates":[-105.01538,57.30104]},"properties":{"cps":760,"y":"1981","lith":"PEGMATITE"}},{"type":"Feature","id":911,"geometry":{"type":"Point","coordinates":[-104.97952,57.32612]},"properties":{"cps":400,"y":"1981","lith":"CONGLOMERATE"}},{"type":"Feature","id":912,"geometry":{"type":"Point","coordinates":[-106.81643,59.16012]},"properties":{"cps":800,"y":"1979","lith":"SANDSTONE"}},{"type":"Feature","id":913,"geometry":{"type":"Point","coordinates":[-105.19852,57.66529]},"properties":{"cps":500,"y":"1982","lith":"SANDSTONE"}},{"type":"Feature","id":914,"geometry":{"type":"Point","coordinates":[-105.13061,57.70107]},"properties":{"cps":600,"y":"1982","lith":"SANDSTONE"}},{"type":"Feature","id":915,"geometry":{"type":"Point","coordinates":[-105.22571,57.65635]},"properties":{"cps":500,"y":"1982","lith":"SANDSTONE"}},{"type":"Feature","id":916,"geometry":{"type":"Point","coordinates":[-105.02744,57.69128]},"properties":{"cps":3200,"y":"1982","lith":"SANDSTONE"}},{"type":"Feature","id":917,"geometry":{"type":"Point","coordinates":[-105.26833,57.66803]},"properties":{"cps":2350,"y":"1982","lith":"QUARTZ SANDSTONE"}},{"type":"Feature","id":918,"geometry":{"type":"Point","coordinates":[-103.31632,58.38094]},"properties":{"cps":2000,"y":"1978","lith":" "}},{"type":"Feature","id":919,"geometry":{"type":"Point","coordinates":[-103.58291,58.45338]},"properties":{"cps":1400,"y":"2006","lith":"BIOTITE SCHIST"}},{"type":"Feature","id":920,"geometry":{"type":"Point","coordinates":[-105.21695,57.65914]},"properties":{"cps":2000,"y":"1982","lith":"SANDSTONE"}},{"type":"Feature","id":921,"geometry":{"type":"Point","coordinates":[-103.59809,58.45243]},"properties":{"cps":9700,"y":"2006","lith":"PELITE"}},{"type":"Feature","id":922,"geometry":{"type":"Point","coordinates":[-105.20333,57.66624]},"properties":{"cps":1000,"y":"1982","lith":"SANDSTONE"}},{"type":"Feature","id":923,"geometry":{"type":"Point","coordinates":[-103.90014,57.55454]},"properties":{"cps":1050,"y":"1979","lith":"PINK FOLIATED GRANITIC ROCK"}},{"type":"Feature","id":924,"geometry":{"type":"Point","coordinates":[-104.99254,57.31541]},"properties":{"cps":550,"y":"1981","lith":"CONGLOMERATE"}},{"type":"Feature","id":925,"geometry":{"type":"Point","coordinates":[-105.1542,57.69947]},"properties":{"cps":800,"y":"1982","lith":"SANDSTONE"}},{"type":"Feature","id":926,"geometry":{"type":"Point","coordinates":[-103.9422,57.53285]},"properties":{"cps":1700,"y":"1979","lith":"GRANITIC GNEISS"}},{"type":"Feature","id":927,"geometry":{"type":"Point","coordinates":[-105.42708,57.42608]},"properties":{"cps":560,"y":"1982","lith":"GRANITE"}},{"type":"Feature","id":928,"geometry":{"type":"Point","coordinates":[-105.01137,57.28965]},"properties":{"cps":8030,"y":"1981","lith":"BASEMENT"}},{"type":"Feature","id":929,"geometry":{"type":"Point","coordinates":[-105.24445,57.27125]},"properties":{"cps":800,"y":"1981","lith":"CONGLOMERATE"}},{"type":"Feature","id":930,"geometry":{"type":"Point","coordinates":[-105.1578,57.69712]},"properties":{"cps":2000,"y":"1982","lith":"SANDSTONE"}},{"type":"Feature","id":931,"geometry":{"type":"Point","coordinates":[-104.16839,57.83909]},"properties":{"cps":1088,"y":"1980","lith":"BASEMENT"}},{"type":"Feature","id":932,"geometry":{"type":"Point","coordinates":[-105.19589,57.66525]},"properties":{"cps":1200,"y":"1982","lith":"SANDSTONE"}},{"type":"Feature","id":933,"geometry":{"type":"Point","coordinates":[-105.91648,57.02201]},"properties":{"cps":1500,"y":"1977","lith":" "}},{"type":"Feature","id":934,"geometry":{"type":"Point","coordinates":[-104.16038,57.85183]},"properties":{"cps":1485,"y":"1980","lith":"BASEMENT"}},{"type":"Feature","id":935,"geometry":{"type":"Point","coordinates":[-103.569,58.46935]},"properties":{"cps":1600,"y":"2006","lith":"PELITE"}},{"type":"Feature","id":936,"geometry":{"type":"Point","coordinates":[-104.96041,57.32813]},"properties":{"cps":550,"y":"1981","lith":"CONGLOMERATE"}},{"type":"Feature","id":937,"geometry":{"type":"Point","coordinates":[-105.20306,57.66658]},"properties":{"cps":600,"y":"1982","lith":"SANDSTONE"}},{"type":"Feature","id":938,"geometry":{"type":"Point","coordinates":[-105.33515,57.63027]},"properties":{"cps":1000,"y":"1980","lith":"SANDSTONE"}},{"type":"Feature","id":939,"geometry":{"type":"Point","coordinates":[-103.80755,58.61538]},"properties":{"cps":500,"y":"2007","lith":"GNEISS"}},{"type":"Feature","id":940,"geometry":{"type":"Point","coordinates":[-105.19927,57.66483]},"properties":{"cps":4000,"y":"1982","lith":"SANDSTONE"}},{"type":"Feature","id":941,"geometry":{"type":"Point","coordinates":[-105.21514,57.65909]},"properties":{"cps":1400,"y":"1982","lith":"SANDSTONE"}},{"type":"Feature","id":942,"geometry":{"type":"Point","coordinates":[-105.19939,57.665]},"properties":{"cps":2000,"y":"1982","lith":"SANDSTONE"}},{"type":"Feature","id":943,"geometry":{"type":"Point","coordinates":[-105.14577,57.70686]},"properties":{"cps":6000,"y":"1982","lith":"SANDSTONE"}},{"type":"Feature","id":944,"geometry":{"type":"Point","coordinates":[-105.01457,57.30111]},"properties":{"cps":460,"y":"1981","lith":"BASEMENT"}},{"type":"Feature","id":945,"geometry":{"type":"Point","coordinates":[-106.02891,59.08901]},"properties":{"cps":500,"y":"1979","lith":"SANDSTONE"}},{"type":"Feature","id":946,"geometry":{"type":"Point","coordinates":[-105.21528,57.6604]},"properties":{"cps":2010,"y":"1982","lith":"SANDSTONE"}},{"type":"Feature","id":947,"geometry":{"type":"Point","coordinates":[-105.22995,57.27756]},"properties":{"cps":1150,"y":"1981","lith":"CONGLOMERATE"}},{"type":"Feature","id":948,"geometry":{"type":"Point","coordinates":[-105.22944,57.27899]},"properties":{"cps":650,"y":"1981","lith":"CONGLOMERATE"}},{"type":"Feature","id":949,"geometry":{"type":"Point","coordinates":[-105.14245,57.74126]},"properties":{"cps":3500,"y":"1983","lith":"SANDSTONE"}},{"type":"Feature","id":950,"geometry":{"type":"Point","coordinates":[-105.19861,57.6652]},"properties":{"cps":500,"y":"1982","lith":"SANDSTONE"}},{"type":"Feature","id":951,"geometry":{"type":"Point","coordinates":[-106.07171,56.96711]},"properties":{"cps":600,"y":"1977","lith":" "}},{"type":"Feature","id":952,"geometry":{"type":"Point","coordinates":[-105.15163,57.70209]},"properties":{"cps":600,"y":"1982","lith":"SANDSTONE"}},{"type":"Feature","id":953,"geometry":{"type":"Point","coordinates":[-103.90552,57.55791]},"properties":{"cps":625,"y":"1979","lith":"PINK FOLIATED GRANITIC ROCK"}},{"type":"Feature","id":954,"geometry":{"type":"Point","coordinates":[-103.9694,57.87503]},"properties":{"cps":800,"y":"1975","lith":"META-SEDIMENT"}},{"type":"Feature","id":955,"geometry":{"type":"Point","coordinates":[-105.30454,57.64579]},"properties":{"cps":950,"y":"1980","lith":"SANDSTONE"}},{"type":"Feature","id":956,"geometry":{"type":"Point","coordinates":[-106.12587,56.9097]},"properties":{"cps":1500,"y":"2005","lith":"GRANITE"}},{"type":"Feature","id":957,"geometry":{"type":"Point","coordinates":[-105.17136,57.68015]},"properties":{"cps":5000,"y":"1982","lith":"SANDSTONE"}},{"type":"Feature","id":958,"geometry":{"type":"Point","coordinates":[-104.18197,57.84063]},"properties":{"cps":939,"y":"1980","lith":"CONGLOMERATE"}},{"type":"Feature","id":959,"geometry":{"type":"Point","coordinates":[-105.47497,57.39097]},"properties":{"cps":450,"y":"1982","lith":"GRANITE"}},{"type":"Feature","id":960,"geometry":{"type":"Point","coordinates":[-105.16149,57.68809]},"properties":{"cps":1500,"y":"1982","lith":" "}},{"type":"Feature","id":961,"geometry":{"type":"Point","coordinates":[-105.14666,57.70513]},"properties":{"cps":21000,"y":"1982","lith":"SANDSTONE"}},{"type":"Feature","id":962,"geometry":{"type":"Point","coordinates":[-105.35232,57.62559]},"properties":{"cps":7500,"y":"1980","lith":"SANDSTONE"}},{"type":"Feature","id":963,"geometry":{"type":"Point","coordinates":[-105.41592,57.42031]},"properties":{"cps":630,"y":"1982","lith":"GRANITE"}},{"type":"Feature","id":964,"geometry":{"type":"Point","coordinates":[-104.15736,57.84916]},"properties":{"cps":1102,"y":"1980","lith":"CONGLOMERATE"}},{"type":"Feature","id":965,"geometry":{"type":"Point","coordinates":[-106.03965,56.95784]},"properties":{"cps":650,"y":"1978","lith":" "}},{"type":"Feature","id":966,"geometry":{"type":"Point","coordinates":[-105.33559,57.63019]},"properties":{"cps":410,"y":"1980","lith":"SANDSTONE"}},{"type":"Feature","id":967,"geometry":{"type":"Point","coordinates":[-103.30684,58.33677]},"properties":{"cps":800,"y":"1978","lith":" "}},{"type":"Feature","id":968,"geometry":{"type":"Point","coordinates":[-103.32837,58.33237]},"properties":{"cps":1500,"y":"1978","lith":" "}},{"type":"Feature","id":969,"geometry":{"type":"Point","coordinates":[-106.50997,57.27388]},"properties":{"cps":500,"y":"2007","lith":"PEGMATITE"}},{"type":"Feature","id":970,"geometry":{"type":"Point","coordinates":[-105.22191,57.65733]},"properties":{"cps":6000,"y":"1982","lith":"SANDSTONE"}},{"type":"Feature","id":971,"geometry":{"type":"Point","coordinates":[-103.58547,58.45945]},"properties":{"cps":500,"y":"2006","lith":"PEGMATITE"}},{"type":"Feature","id":972,"geometry":{"type":"Point","coordinates":[-105.1676,57.6842]},"properties":{"cps":12000,"y":"1982","lith":"SANDSTONE"}},{"type":"Feature","id":973,"geometry":{"type":"Point","coordinates":[-105.1407,57.74307]},"properties":{"cps":3250,"y":"1983","lith":"SANDSTONE"}},{"type":"Feature","id":974,"geometry":{"type":"Point","coordinates":[-105.20279,57.66334]},"properties":{"cps":3200,"y":"1982","lith":"SANDSTONE"}},{"type":"Feature","id":975,"geometry":{"type":"Point","coordinates":[-105.42002,57.43262]},"properties":{"cps":640,"y":"1982","lith":"GRANITE"}},{"type":"Feature","id":976,"geometry":{"type":"Point","coordinates":[-104.19119,57.8317]},"properties":{"cps":1440,"y":"1980","lith":"BASEMENT"}},{"type":"Feature","id":977,"geometry":{"type":"Point","coordinates":[-105.17692,57.67729]},"properties":{"cps":1100,"y":"1982","lith":"SANDSTONE"}},{"type":"Feature","id":978,"geometry":{"type":"Point","coordinates":[-105.14116,57.74061]},"properties":{"cps":16460,"y":"1983","lith":"SANDSTONE"}},{"type":"Feature","id":979,"geometry":{"type":"Point","coordinates":[-105.15229,57.73688]},"properties":{"cps":8500,"y":"1983","lith":"SANDSTONE"}},{"type":"Feature","id":980,"geometry":{"type":"Point","coordinates":[-105.19512,57.66639]},"properties":{"cps":2800,"y":"1982","lith":"SANDSTONE"}},{"type":"Feature","id":981,"geometry":{"type":"Point","coordinates":[-106.00125,57.0507]},"properties":{"cps":2000,"y":"1985","lith":" "}},{"type":"Feature","id":982,"geometry":{"type":"Point","coordinates":[-105.22416,57.65688]},"properties":{"cps":850,"y":"1982","lith":"SANDSTONE"}},{"type":"Feature","id":983,"geometry":{"type":"Point","coordinates":[-105.15108,57.73379]},"properties":{"cps":3000,"y":"1983","lith":"SANDSTONE"}},{"type":"Feature","id":984,"geometry":{"type":"Point","coordinates":[-103.93461,57.88171]},"properties":{"cps":4000,"y":"1974","lith":"PEGMATITE"}},{"type":"Feature","id":985,"geometry":{"type":"Point","coordinates":[-105.15166,57.73659]},"properties":{"cps":1400,"y":"1983","lith":"SANDSTONE"}},{"type":"Feature","id":986,"geometry":{"type":"Point","coordinates":[-103.09619,58.51891]},"properties":{"cps":2000,"y":"1978","lith":" "}},{"type":"Feature","id":987,"geometry":{"type":"Point","coordinates":[-105.20363,57.66637]},"properties":{"cps":500,"y":"1982","lith":"SANDSTONE"}},{"type":"Feature","id":988,"geometry":{"type":"Point","coordinates":[-105.30945,57.64346]},"properties":{"cps":2800,"y":"1980","lith":"SANDSTONE"}},{"type":"Feature","id":989,"geometry":{"type":"Point","coordinates":[-105.19395,57.66661]},"properties":{"cps":500,"y":"1982","lith":"SANDSTONE"}},{"type":"Feature","id":990,"geometry":{"type":"Point","coordinates":[-105.1585,57.68622]},"properties":{"cps":500,"y":"1982","lith":"SANDSTONE"}},{"type":"Feature","id":991,"geometry":{"type":"Point","coordinates":[-105.02819,57.6906]},"properties":{"cps":800,"y":"1982","lith":"SANDSTONE"}},{"type":"Feature","id":992,"geometry":{"type":"Point","coordinates":[-105.22898,57.65638]},"properties":{"cps":1500,"y":"1982","lith":"SANDSTONE"}},{"type":"Feature","id":993,"geometry":{"type":"Point","coordinates":[-105.15136,57.70202]},"properties":{"cps":550,"y":"1982","lith":"SANDSTONE"}},{"type":"Feature","id":994,"geometry":{"type":"Point","coordinates":[-105.34545,57.62746]},"properties":{"cps":1500,"y":"1980","lith":"SANDSTONE"}},{"type":"Feature","id":995,"geometry":{"type":"Point","coordinates":[-105.14532,57.70789]},"properties":{"cps":2500,"y":"1982","lith":"SANDSTONE"}},{"type":"Feature","id":996,"geometry":{"type":"Point","coordinates":[-105.02683,57.69157]},"properties":{"cps":600,"y":"1982","lith":"SANDSTONE"}},{"type":"Feature","id":997,"geometry":{"type":"Point","coordinates":[-105.15789,57.70059]},"properties":{"cps":1300,"y":"1982","lith":"SANDSTONE"}},{"type":"Feature","id":998,"geometry":{"type":"Point","coordinates":[-105.22615,57.6565]},"properties":{"cps":1200,"y":"1982","lith":"SANDSTONE"}},{"type":"Feature","id":999,"geometry":{"type":"Point","coordinates":[-104.17635,57.82493]},"properties":{"cps":1120,"y":"1980","lith":"CONGLOMERATE"}},{"type":"Feature","id":1000,"geometry":{"type":"Point","coordinates":[-105.20933,57.66198]},"properties":{"cps":354,"y":"1982","lith":"SANDSTONE"}},{"type":"Feature","id":1001,"geometry":{"type":"Point","coordinates":[-105.1512,57.70239]},"properties":{"cps":0,"y":"1982","lith":" "}},{"type":"Feature","id":1002,"geometry":{"type":"Point","coordinates":[-104.95949,57.32963]},"properties":{"cps":400,"y":"1981","lith":"CONGLOMERATE"}},{"type":"Feature","id":1003,"geometry":{"type":"Point","coordinates":[-105.04063,57.68123]},"properties":{"cps":300,"y":"1982","lith":"SANDSTONE"}},{"type":"Feature","id":1004,"geometry":{"type":"Point","coordinates":[-105.07113,58.92752]},"properties":{"cps":250,"y":"2008","lith":" "}},{"type":"Feature","id":1005,"geometry":{"type":"Point","coordinates":[-105.37387,57.46374]},"properties":{"cps":250,"y":"1982","lith":"CONGLOMERATE"}},{"type":"Feature","id":1006,"geometry":{"type":"Point","coordinates":[-105.46387,57.29513]},"properties":{"cps":110,"y":"1979","lith":"SANDSTONE"}},{"type":"Feature","id":1007,"geometry":{"type":"Point","coordinates":[-105.19552,57.6656]},"properties":{"cps":0,"y":"1982","lith":" "}},{"type":"Feature","id":1008,"geometry":{"type":"Point","coordinates":[-105.15053,57.70295]},"properties":{"cps":275,"y":"1982","lith":"SANDSTONE"}},{"type":"Feature","id":1009,"geometry":{"type":"Point","coordinates":[-105.22641,57.65634]},"properties":{"cps":225,"y":"1982","lith":"SANDSTONE"}},{"type":"Feature","id":1010,"geometry":{"type":"Point","coordinates":[-105.16348,57.68272]},"properties":{"cps":0,"y":"1982","lith":" "}},{"type":"Feature","id":1011,"geometry":{"type":"Point","coordinates":[-105.27436,57.66023]},"properties":{"cps":180,"y":"1982","lith":" "}},{"type":"Feature","id":1012,"geometry":{"type":"Point","coordinates":[-104.9844,57.31475]},"properties":{"cps":400,"y":"1981","lith":"CONGLOMERATE"}},{"type":"Feature","id":1013,"geometry":{"type":"Point","coordinates":[-105.27331,57.66241]},"properties":{"cps":360,"y":"1982","lith":" "}},{"type":"Feature","id":1014,"geometry":{"type":"Point","coordinates":[-105.15806,57.68761]},"properties":{"cps":0,"y":"1982","lith":" "}},{"type":"Feature","id":1015,"geometry":{"type":"Point","coordinates":[-104.99059,57.31761]},"properties":{"cps":400,"y":"1981","lith":"CONGLOMERATE"}},{"type":"Feature","id":1016,"geometry":{"type":"Point","coordinates":[-105.23204,57.65339]},"properties":{"cps":0,"y":"1982","lith":" "}},{"type":"Feature","id":1017,"geometry":{"type":"Point","coordinates":[-102.82626,58.01622]},"properties":{"cps":350,"y":"1975","lith":"PEGMATIC GRANITE"}},{"type":"Feature","id":1018,"geometry":{"type":"Point","coordinates":[-105.13435,57.70207]},"properties":{"cps":100,"y":"1982","lith":"SANDSTONE"}},{"type":"Feature","id":1019,"geometry":{"type":"Point","coordinates":[-104.96563,57.32554]},"properties":{"cps":400,"y":"1981","lith":"CONGLOMERATE"}},{"type":"Feature","id":1020,"geometry":{"type":"Point","coordinates":[-105.1446,57.70249]},"properties":{"cps":400,"y":"1982","lith":"SANDSTONE"}},{"type":"Feature","id":1021,"geometry":{"type":"Point","coordinates":[-105.28692,57.45481]},"properties":{"cps":400,"y":"1982","lith":"CONGLOMERATE"}},{"type":"Feature","id":1022,"geometry":{"type":"Point","coordinates":[-105.03987,57.68198]},"properties":{"cps":240,"y":"1982","lith":"SANDSTONE"}},{"type":"Feature","id":1023,"geometry":{"type":"Point","coordinates":[-105.15151,57.70222]},"properties":{"cps":400,"y":"1982","lith":"SANDSTONE"}},{"type":"Feature","id":1024,"geometry":{"type":"Point","coordinates":[-105.24579,57.652]},"properties":{"cps":0,"y":"1982","lith":" "}},{"type":"Feature","id":1025,"geometry":{"type":"Point","coordinates":[-104.96841,57.32367]},"properties":{"cps":400,"y":"1981","lith":"CONGLOMERATE"}},{"type":"Feature","id":1026,"geometry":{"type":"Point","coordinates":[-105.20694,57.66176]},"properties":{"cps":230,"y":"1982","lith":"SANDSTONE"}},{"type":"Feature","id":1027,"geometry":{"type":"Point","coordinates":[-105.45563,57.30065]},"properties":{"cps":120,"y":"1979","lith":"SANDSTONE"}},{"type":"Feature","id":1028,"geometry":{"type":"Point","coordinates":[-105.28259,57.66203]},"properties":{"cps":380,"y":"1982","lith":"QUARTZ SANDSTONE"}},{"type":"Feature","id":1029,"geometry":{"type":"Point","coordinates":[-105.16526,57.6835]},"properties":{"cps":0,"y":"1982","lith":" "}},{"type":"Feature","id":1030,"geometry":{"type":"Point","coordinates":[-105.16451,57.68358]},"properties":{"cps":0,"y":"1982","lith":" "}},{"type":"Feature","id":1031,"geometry":{"type":"Point","coordinates":[-105.18247,57.67325]},"properties":{"cps":300,"y":"1982","lith":"SANDSTONE"}},{"type":"Feature","id":1032,"geometry":{"type":"Point","coordinates":[-104.01549,57.88401]},"properties":{"cps":150,"y":"1975","lith":" "}},{"type":"Feature","id":1033,"geometry":{"type":"Point","coordinates":[-105.30825,57.64399]},"properties":{"cps":120,"y":"1980","lith":"SANDSTONE"}},{"type":"Feature","id":1034,"geometry":{"type":"Point","coordinates":[-105.3546,57.6352]},"properties":{"cps":110,"y":"1980","lith":"SANDSTONE"}},{"type":"Feature","id":1035,"geometry":{"type":"Point","coordinates":[-105.34634,57.62701]},"properties":{"cps":270,"y":"1980","lith":"SANDSTONE"}},{"type":"Feature","id":1036,"geometry":{"type":"Point","coordinates":[-106.63978,57.23105]},"properties":{"cps":270,"y":"2007","lith":"PEGMATITE"}},{"type":"Feature","id":1037,"geometry":{"type":"Point","coordinates":[-105.45407,57.30884]},"properties":{"cps":190,"y":"1979","lith":"SANDSTONE"}},{"type":"Feature","id":1038,"geometry":{"type":"Point","coordinates":[-105.20873,57.66092]},"properties":{"cps":0,"y":"1982","lith":" "}},{"type":"Feature","id":1039,"geometry":{"type":"Point","coordinates":[-105.46334,57.29222]},"properties":{"cps":150,"y":"1979","lith":"META-SEDIMENT"}},{"type":"Feature","id":1040,"geometry":{"type":"Point","coordinates":[-105.13868,57.7003]},"properties":{"cps":100,"y":"1982","lith":"SANDSTONE"}},{"type":"Feature","id":1041,"geometry":{"type":"Point","coordinates":[-105.30426,57.64576]},"properties":{"cps":110,"y":"1980","lith":"SANDSTONE"}},{"type":"Feature","id":1042,"geometry":{"type":"Point","coordinates":[-105.33359,57.63073]},"properties":{"cps":200,"y":"1980","lith":"SANDSTONE"}},{"type":"Feature","id":1043,"geometry":{"type":"Point","coordinates":[-105.45841,57.3048]},"properties":{"cps":140,"y":"1979","lith":"SANDSTONE"}},{"type":"Feature","id":1044,"geometry":{"type":"Point","coordinates":[-105.1514,57.70225]},"properties":{"cps":250,"y":"1982","lith":"SANDSTONE"}},{"type":"Feature","id":1045,"geometry":{"type":"Point","coordinates":[-105.15415,57.70177]},"properties":{"cps":0,"y":"1982","lith":" "}},{"type":"Feature","id":1046,"geometry":{"type":"Point","coordinates":[-105.15896,57.69839]},"properties":{"cps":400,"y":"1982","lith":"SANDSTONE"}},{"type":"Feature","id":1047,"geometry":{"type":"Point","coordinates":[-105.14649,57.70392]},"properties":{"cps":0,"y":"1982","lith":" "}},{"type":"Feature","id":1048,"geometry":{"type":"Point","coordinates":[-105.204,57.66621]},"properties":{"cps":380,"y":"1982","lith":"SANDSTONE"}},{"type":"Feature","id":1049,"geometry":{"type":"Point","coordinates":[-105.44337,57.31876]},"properties":{"cps":120,"y":"1979","lith":"GRANITE"}},{"type":"Feature","id":1050,"geometry":{"type":"Point","coordinates":[-105.22336,57.65596]},"properties":{"cps":0,"y":"1982","lith":" "}},{"type":"Feature","id":1051,"geometry":{"type":"Point","coordinates":[-105.13927,57.70065]},"properties":{"cps":100,"y":"1982","lith":"SANDSTONE"}},{"type":"Feature","id":1052,"geometry":{"type":"Point","coordinates":[-105.18715,57.66712]},"properties":{"cps":0,"y":"1982","lith":" "}},{"type":"Feature","id":1053,"geometry":{"type":"Point","coordinates":[-105.30889,57.64384]},"properties":{"cps":100,"y":"1980","lith":"SANDSTONE"}},{"type":"Feature","id":1054,"geometry":{"type":"Point","coordinates":[-105.14458,57.70918]},"properties":{"cps":280,"y":"1982","lith":"SANDSTONE"}},{"type":"Feature","id":1055,"geometry":{"type":"Point","coordinates":[-105.19639,57.66511]},"properties":{"cps":300,"y":"1982","lith":"SANDSTONE"}},{"type":"Feature","id":1056,"geometry":{"type":"Point","coordinates":[-105.23309,57.65471]},"properties":{"cps":0,"y":"1982","lith":" "}},{"type":"Feature","id":1057,"geometry":{"type":"Point","coordinates":[-105.16108,57.68392]},"properties":{"cps":0,"y":"1982","lith":" "}},{"type":"Feature","id":1058,"geometry":{"type":"Point","coordinates":[-105.1993,57.66541]},"properties":{"cps":350,"y":"1982","lith":"SANDSTONE"}},{"type":"Feature","id":1059,"geometry":{"type":"Point","coordinates":[-105.22208,57.28497]},"properties":{"cps":310,"y":"1981","lith":"BASEMENT"}},{"type":"Feature","id":1060,"geometry":{"type":"Point","coordinates":[-105.14377,57.70904]},"properties":{"cps":0,"y":"1982","lith":" "}},{"type":"Feature","id":1061,"geometry":{"type":"Point","coordinates":[-105.13857,57.69917]},"properties":{"cps":100,"y":"1982","lith":"SANDSTONE"}},{"type":"Feature","id":1062,"geometry":{"type":"Point","coordinates":[-105.32184,57.64072]},"properties":{"cps":270,"y":"1980","lith":"SANDSTONE"}},{"type":"Feature","id":1063,"geometry":{"type":"Point","coordinates":[-105.3075,57.64453]},"properties":{"cps":230,"y":"1980","lith":"SANDSTONE"}},{"type":"Feature","id":1064,"geometry":{"type":"Point","coordinates":[-105.02784,57.69086]},"properties":{"cps":380,"y":"1982","lith":"SANDSTONE"}},{"type":"Feature","id":1065,"geometry":{"type":"Point","coordinates":[-105.14795,57.70547]},"properties":{"cps":250,"y":"1982","lith":"SANDSTONE"}},{"type":"Feature","id":1066,"geometry":{"type":"Point","coordinates":[-105.22691,57.65591]},"properties":{"cps":0,"y":"1982","lith":" "}},{"type":"Feature","id":1067,"geometry":{"type":"Point","coordinates":[-105.14747,57.70448]},"properties":{"cps":400,"y":"1982","lith":"SANDSTONE"}},{"type":"Feature","id":1068,"geometry":{"type":"Point","coordinates":[-105.14473,57.70179]},"properties":{"cps":0,"y":"1982","lith":" "}},{"type":"Feature","id":1069,"geometry":{"type":"Point","coordinates":[-105.46423,57.29173]},"properties":{"cps":200,"y":"1979","lith":"SANDSTONE"}},{"type":"Feature","id":1070,"geometry":{"type":"Point","coordinates":[-105.20905,57.66116]},"properties":{"cps":400,"y":"1982","lith":"SANDSTONE"}},{"type":"Feature","id":1071,"geometry":{"type":"Point","coordinates":[-106.15956,56.89553]},"properties":{"cps":50,"y":"2005","lith":"GRANITE"}},{"type":"Feature","id":1072,"geometry":{"type":"Point","coordinates":[-105.30631,57.64487]},"properties":{"cps":260,"y":"1980","lith":"SANDSTONE"}},{"type":"Feature","id":1073,"geometry":{"type":"Point","coordinates":[-105.02687,57.69186]},"properties":{"cps":400,"y":"1982","lith":"SANDSTONE"}},{"type":"Feature","id":1074,"geometry":{"type":"Point","coordinates":[-105.34907,57.62877]},"properties":{"cps":115,"y":"1980","lith":"SANDSTONE"}},{"type":"Feature","id":1075,"geometry":{"type":"Point","coordinates":[-105.44451,57.3041]},"properties":{"cps":120,"y":"1979","lith":"GNEISS"}},{"type":"Feature","id":1076,"geometry":{"type":"Point","coordinates":[-105.23065,57.65563]},"properties":{"cps":0,"y":"1982","lith":" "}},{"type":"Feature","id":1077,"geometry":{"type":"Point","coordinates":[-105.18749,57.66965]},"properties":{"cps":0,"y":"1982","lith":" "}},{"type":"Feature","id":1078,"geometry":{"type":"Point","coordinates":[-105.14997,57.70341]},"properties":{"cps":225,"y":"1982","lith":"SANDSTONE"}},{"type":"Feature","id":1079,"geometry":{"type":"Point","coordinates":[-105.20133,57.66345]},"properties":{"cps":226,"y":"1982","lith":"SANDSTONE"}},{"type":"Feature","id":1080,"geometry":{"type":"Point","coordinates":[-105.61262,57.33681]},"properties":{"cps":100,"y":"1977","lith":"GRANITE"}},{"type":"Feature","id":1081,"geometry":{"type":"Point","coordinates":[-105.22214,57.65661]},"properties":{"cps":0,"y":"1982","lith":" "}},{"type":"Feature","id":1082,"geometry":{"type":"Point","coordinates":[-105.19681,57.66539]},"properties":{"cps":0,"y":"1982","lith":" "}},{"type":"Feature","id":1083,"geometry":{"type":"Point","coordinates":[-105.26059,57.45286]},"properties":{"cps":400,"y":"1982","lith":"CONGLOMERATE"}},{"type":"Feature","id":1084,"geometry":{"type":"Point","coordinates":[-105.15671,57.70073]},"properties":{"cps":0,"y":"1982","lith":" "}},{"type":"Feature","id":1085,"geometry":{"type":"Point","coordinates":[-105.15066,57.70275]},"properties":{"cps":0,"y":"1982","lith":" "}},{"type":"Feature","id":1086,"geometry":{"type":"Point","coordinates":[-105.40146,57.42645]},"properties":{"cps":400,"y":"1982","lith":"GRANITE"}},{"type":"Feature","id":1087,"geometry":{"type":"Point","coordinates":[-105.02613,57.69229]},"properties":{"cps":280,"y":"1982","lith":"SANDSTONE"}},{"type":"Feature","id":1088,"geometry":{"type":"Point","coordinates":[-105.15019,57.70293]},"properties":{"cps":300,"y":"1982","lith":"SANDSTONE"}},{"type":"Feature","id":1089,"geometry":{"type":"Point","coordinates":[-105.23871,57.65345]},"properties":{"cps":0,"y":"1982","lith":" "}},{"type":"Feature","id":1090,"geometry":{"type":"Point","coordinates":[-105.15394,57.70187]},"properties":{"cps":0,"y":"1982","lith":" "}},{"type":"Feature","id":1091,"geometry":{"type":"Point","coordinates":[-104.95808,57.32977]},"properties":{"cps":400,"y":"1981","lith":"CONGLOMERATE"}},{"type":"Feature","id":1092,"geometry":{"type":"Point","coordinates":[-105.49637,57.39054]},"properties":{"cps":120,"y":"1982","lith":"SANDSTONE"}},{"type":"Feature","id":1093,"geometry":{"type":"Point","coordinates":[-105.62419,57.32955]},"properties":{"cps":250,"y":"1977","lith":"GRANITE"}},{"type":"Feature","id":1094,"geometry":{"type":"Point","coordinates":[-105.1988,57.66496]},"properties":{"cps":0,"y":"1982","lith":" "}},{"type":"Feature","id":1095,"geometry":{"type":"Point","coordinates":[-105.14958,57.70298]},"properties":{"cps":300,"y":"1982","lith":"SANDSTONE"}},{"type":"Feature","id":1096,"geometry":{"type":"Point","coordinates":[-105.22643,57.65592]},"properties":{"cps":0,"y":"1982","lith":" "}},{"type":"Feature","id":1097,"geometry":{"type":"Point","coordinates":[-105.24511,57.65205]},"properties":{"cps":0,"y":"1982","lith":" "}},{"type":"Feature","id":1098,"geometry":{"type":"Point","coordinates":[-105.34523,57.62744]},"properties":{"cps":260,"y":"1980","lith":"SANDSTONE"}},{"type":"Feature","id":1099,"geometry":{"type":"Point","coordinates":[-105.45336,57.39816]},"properties":{"cps":340,"y":"1982","lith":"SANDSTONE"}},{"type":"Feature","id":1100,"geometry":{"type":"Point","coordinates":[-105.30656,57.6448]},"properties":{"cps":230,"y":"1980","lith":"SANDSTONE"}},{"type":"Feature","id":1101,"geometry":{"type":"Point","coordinates":[-105.16977,57.68023]},"properties":{"cps":0,"y":"1982","lith":" "}},{"type":"Feature","id":1102,"geometry":{"type":"Point","coordinates":[-105.19353,57.66824]},"properties":{"cps":0,"y":"1982","lith":" "}},{"type":"Feature","id":1103,"geometry":{"type":"Point","coordinates":[-104.94984,57.45262]},"properties":{"cps":400,"y":"1981","lith":"CONGLOMERATE"}},{"type":"Feature","id":1104,"geometry":{"type":"Point","coordinates":[-105.19796,57.66499]},"properties":{"cps":0,"y":"1982","lith":" "}},{"type":"Feature","id":1105,"geometry":{"type":"Point","coordinates":[-104.95935,57.33693]},"properties":{"cps":400,"y":"1981","lith":"CONGLOMERATE"}},{"type":"Feature","id":1106,"geometry":{"type":"Point","coordinates":[-105.16962,57.68056]},"properties":{"cps":0,"y":"1982","lith":" "}},{"type":"Feature","id":1107,"geometry":{"type":"Point","coordinates":[-103.95577,57.54253]},"properties":{"cps":130,"y":"1979","lith":"BIOTITE GNEISS"}},{"type":"Feature","id":1108,"geometry":{"type":"Point","coordinates":[-106.64202,57.23809]},"properties":{"cps":300,"y":"2007","lith":"DIORITE"}},{"type":"Feature","id":1109,"geometry":{"type":"Point","coordinates":[-105.33497,57.63056]},"properties":{"cps":170,"y":"1980","lith":"SANDSTONE"}},{"type":"Feature","id":1110,"geometry":{"type":"Point","coordinates":[-104.96813,57.32341]},"properties":{"cps":400,"y":"1981","lith":"CONGLOMERATE"}},{"type":"Feature","id":1111,"geometry":{"type":"Point","coordinates":[-105.20599,57.66528]},"properties":{"cps":250,"y":"1982","lith":"SANDSTONE"}},{"type":"Feature","id":1112,"geometry":{"type":"Point","coordinates":[-105.21458,57.66028]},"properties":{"cps":0,"y":"1982","lith":" "}},{"type":"Feature","id":1113,"geometry":{"type":"Point","coordinates":[-105.14296,57.70845]},"properties":{"cps":0,"y":"1982","lith":" "}},{"type":"Feature","id":1114,"geometry":{"type":"Point","coordinates":[-105.20295,57.66721]},"properties":{"cps":225,"y":"1982","lith":"SANDSTONE"}},{"type":"Feature","id":1115,"geometry":{"type":"Point","coordinates":[-105.2262,57.65628]},"properties":{"cps":225,"y":"1982","lith":"SANDSTONE"}},{"type":"Feature","id":1116,"geometry":{"type":"Point","coordinates":[-105.16856,57.69137]},"properties":{"cps":400,"y":"1982","lith":" "}},{"type":"Feature","id":1117,"geometry":{"type":"Point","coordinates":[-103.92977,57.56136]},"properties":{"cps":180,"y":"1979","lith":"ARKOSE WITH ILMENITE"}},{"type":"Feature","id":1118,"geometry":{"type":"Point","coordinates":[-105.14856,57.70431]},"properties":{"cps":0,"y":"1982","lith":" "}},{"type":"Feature","id":1119,"geometry":{"type":"Point","coordinates":[-104.97844,57.31629]},"properties":{"cps":400,"y":"1981","lith":"CONGLOMERATE"}},{"type":"Feature","id":1120,"geometry":{"type":"Point","coordinates":[-105.19749,57.66803]},"properties":{"cps":300,"y":"1982","lith":"SANDSTONE"}},{"type":"Feature","id":1121,"geometry":{"type":"Point","coordinates":[-105.15405,57.69971]},"properties":{"cps":0,"y":"1982","lith":" "}},{"type":"Feature","id":1122,"geometry":{"type":"Point","coordinates":[-105.1579,57.69779]},"properties":{"cps":0,"y":"1982","lith":" "}},{"type":"Feature","id":1123,"geometry":{"type":"Point","coordinates":[-105.20231,57.66563]},"properties":{"cps":0,"y":"1982","lith":" "}},{"type":"Feature","id":1124,"geometry":{"type":"Point","coordinates":[-105.14679,57.70339]},"properties":{"cps":0,"y":"1982","lith":" "}},{"type":"Feature","id":1125,"geometry":{"type":"Point","coordinates":[-103.92552,57.8873]},"properties":{"cps":200,"y":"1975","lith":"PEGMATITE"}},{"type":"Feature","id":1126,"geometry":{"type":"Point","coordinates":[-105.45242,57.41871]},"properties":{"cps":250,"y":"1982","lith":"CONGLOMERATE"}},{"type":"Feature","id":1127,"geometry":{"type":"Point","coordinates":[-105.1978,57.6636]},"properties":{"cps":0,"y":"1982","lith":" "}},{"type":"Feature","id":1128,"geometry":{"type":"Point","coordinates":[-105.22087,57.6566]},"properties":{"cps":0,"y":"1982","lith":" "}},{"type":"Feature","id":1129,"geometry":{"type":"Point","coordinates":[-105.14846,57.70445]},"properties":{"cps":200,"y":"1982","lith":"SANDSTONE"}},{"type":"Feature","id":1130,"geometry":{"type":"Point","coordinates":[-105.20213,57.66564]},"properties":{"cps":0,"y":"1982","lith":" "}},{"type":"Feature","id":1131,"geometry":{"type":"Point","coordinates":[-105.24162,57.65378]},"properties":{"cps":0,"y":"1982","lith":" "}},{"type":"Feature","id":1132,"geometry":{"type":"Point","coordinates":[-106.37498,59.11743]},"properties":{"cps":250,"y":"1979","lith":"SANDSTONE"}},{"type":"Feature","id":1133,"geometry":{"type":"Point","coordinates":[-105.16646,57.68134]},"properties":{"cps":0,"y":"1982","lith":" "}},{"type":"Feature","id":1134,"geometry":{"type":"Point","coordinates":[-105.20819,57.66206]},"properties":{"cps":0,"y":"1982","lith":" "}},{"type":"Feature","id":1135,"geometry":{"type":"Point","coordinates":[-105.0291,57.68968]},"properties":{"cps":400,"y":"1982","lith":"SANDSTONE"}},{"type":"Feature","id":1136,"geometry":{"type":"Point","coordinates":[-105.14525,57.70169]},"properties":{"cps":0,"y":"1982","lith":" "}},{"type":"Feature","id":1137,"geometry":{"type":"Point","coordinates":[-105.41579,57.374]},"properties":{"cps":320,"y":"1981","lith":"SANDSTONE"}},{"type":"Feature","id":1138,"geometry":{"type":"Point","coordinates":[-103.92948,57.56115]},"properties":{"cps":140,"y":"1979","lith":"ARKOSE WITH PYRITE"}},{"type":"Feature","id":1139,"geometry":{"type":"Point","coordinates":[-105.15775,57.68769]},"properties":{"cps":0,"y":"1982","lith":" "}},{"type":"Feature","id":1140,"geometry":{"type":"Point","coordinates":[-105.41671,57.4454]},"properties":{"cps":140,"y":"1982","lith":"SANDSTONE"}},{"type":"Feature","id":1141,"geometry":{"type":"Point","coordinates":[-105.03122,57.68823]},"properties":{"cps":200,"y":"1982","lith":"SANDSTONE"}},{"type":"Feature","id":1142,"geometry":{"type":"Point","coordinates":[-105.24748,57.65127]},"properties":{"cps":0,"y":"1982","lith":" "}},{"type":"Feature","id":1143,"geometry":{"type":"Point","coordinates":[-105.30544,57.64523]},"properties":{"cps":240,"y":"1980","lith":"SANDSTONE"}},{"type":"Feature","id":1144,"geometry":{"type":"Point","coordinates":[-105.61761,57.34123]},"properties":{"cps":75,"y":"1977","lith":"SANDSTONE"}},{"type":"Feature","id":1145,"geometry":{"type":"Point","coordinates":[-105.30574,57.64508]},"properties":{"cps":145,"y":"1980","lith":"SANDSTONE"}},{"type":"Feature","id":1146,"geometry":{"type":"Point","coordinates":[-105.42507,57.30731]},"properties":{"cps":150,"y":"1979","lith":"GNEISS"}},{"type":"Feature","id":1147,"geometry":{"type":"Point","coordinates":[-103.9299,57.54668]},"properties":{"cps":140,"y":"1979","lith":"QUARTZITE/PYRITE"}},{"type":"Feature","id":1148,"geometry":{"type":"Point","coordinates":[-103.96265,57.87374]},"properties":{"cps":250,"y":"1975","lith":"META-SEDIMENT"}},{"type":"Feature","id":1149,"geometry":{"type":"Point","coordinates":[-104.94972,57.45009]},"properties":{"cps":400,"y":"1981","lith":"CONGLOMERATE"}},{"type":"Feature","id":1150,"geometry":{"type":"Point","coordinates":[-105.19536,57.6657]},"properties":{"cps":400,"y":"1982","lith":"SANDSTONE"}},{"type":"Feature","id":1151,"geometry":{"type":"Point","coordinates":[-105.2952,57.64911]},"properties":{"cps":100,"y":"1980","lith":"SANDSTONE"}},{"type":"Feature","id":1152,"geometry":{"type":"Point","coordinates":[-103.92394,57.89106]},"properties":{"cps":300,"y":"1975","lith":"PEGMATITE"}},{"type":"Feature","id":1153,"geometry":{"type":"Point","coordinates":[-105.03867,57.68253]},"properties":{"cps":230,"y":"1982","lith":"SANDSTONE"}},{"type":"Feature","id":1154,"geometry":{"type":"Point","coordinates":[-105.60376,57.34358]},"properties":{"cps":75,"y":"1977","lith":"CONGLOMERATE"}},{"type":"Feature","id":1155,"geometry":{"type":"Point","coordinates":[-104.96654,57.32659]},"properties":{"cps":400,"y":"1981","lith":"CONGLOMERATE"}},{"type":"Feature","id":1156,"geometry":{"type":"Point","coordinates":[-105.4393,57.30681]},"properties":{"cps":140,"y":"1979","lith":"GNEISS"}},{"type":"Feature","id":1157,"geometry":{"type":"Point","coordinates":[-105.24299,57.65279]},"properties":{"cps":0,"y":"1982","lith":" "}},{"type":"Feature","id":1158,"geometry":{"type":"Point","coordinates":[-105.13928,57.69927]},"properties":{"cps":200,"y":"1982","lith":"SANDSTONE"}},{"type":"Feature","id":1159,"geometry":{"type":"Point","coordinates":[-105.23543,57.65448]},"properties":{"cps":0,"y":"1982","lith":" "}},{"type":"Feature","id":1160,"geometry":{"type":"Point","coordinates":[-105.34829,57.63427]},"properties":{"cps":170,"y":"1980","lith":"SANDSTONE"}},{"type":"Feature","id":1161,"geometry":{"type":"Point","coordinates":[-105.20644,57.29378]},"properties":{"cps":400,"y":"1981","lith":"CONGLOMERATE"}},{"type":"Feature","id":1162,"geometry":{"type":"Point","coordinates":[-105.42088,57.30663]},"properties":{"cps":150,"y":"1979","lith":"SANDSTONE"}},{"type":"Feature","id":1163,"geometry":{"type":"Point","coordinates":[-105.19925,57.66657]},"properties":{"cps":0,"y":"1982","lith":" "}},{"type":"Feature","id":1164,"geometry":{"type":"Point","coordinates":[-105.41792,57.30899]},"properties":{"cps":120,"y":"1979","lith":"SANDSTONE"}},{"type":"Feature","id":1165,"geometry":{"type":"Point","coordinates":[-105.02861,57.68995]},"properties":{"cps":400,"y":"1982","lith":"SANDSTONE"}},{"type":"Feature","id":1166,"geometry":{"type":"Point","coordinates":[-105.49758,57.38883]},"properties":{"cps":120,"y":"1982","lith":"SANDSTONE"}},{"type":"Feature","id":1167,"geometry":{"type":"Point","coordinates":[-105.14532,57.70244]},"properties":{"cps":250,"y":"1982","lith":"SANDSTONE"}},{"type":"Feature","id":1168,"geometry":{"type":"Point","coordinates":[-105.61272,57.33051]},"properties":{"cps":100,"y":"1977","lith":"PEGMATITE"}},{"type":"Feature","id":1169,"geometry":{"type":"Point","coordinates":[-105.23863,57.65252]},"properties":{"cps":0,"y":"1982","lith":" "}},{"type":"Feature","id":1170,"geometry":{"type":"Point","coordinates":[-105.24888,57.65225]},"properties":{"cps":0,"y":"1982","lith":" "}},{"type":"Feature","id":1171,"geometry":{"type":"Point","coordinates":[-105.34535,57.62755]},"properties":{"cps":160,"y":"1980","lith":"SANDSTONE"}},{"type":"Feature","id":1172,"geometry":{"type":"Point","coordinates":[-105.14612,57.7027]},"properties":{"cps":350,"y":"1982","lith":"SANDSTONE"}},{"type":"Feature","id":1173,"geometry":{"type":"Point","coordinates":[-104.01253,57.88398]},"properties":{"cps":150,"y":"1975","lith":"QUARTZITE"}},{"type":"Feature","id":1174,"geometry":{"type":"Point","coordinates":[-105.19718,57.66558]},"properties":{"cps":250,"y":"1982","lith":"SANDSTONE"}},{"type":"Feature","id":1175,"geometry":{"type":"Point","coordinates":[-105.22761,57.65582]},"properties":{"cps":0,"y":"1982","lith":" "}},{"type":"Feature","id":1176,"geometry":{"type":"Point","coordinates":[-105.44935,57.28969]},"properties":{"cps":200,"y":"1979","lith":"SANDSTONE"}},{"type":"Feature","id":1177,"geometry":{"type":"Point","coordinates":[-105.29422,57.64995]},"properties":{"cps":300,"y":"1980","lith":"SANDSTONE"}},{"type":"Feature","id":1178,"geometry":{"type":"Point","coordinates":[-105.19585,57.6654]},"properties":{"cps":0,"y":"1982","lith":" "}},{"type":"Feature","id":1179,"geometry":{"type":"Point","coordinates":[-105.31259,57.47658]},"properties":{"cps":165,"y":"1982","lith":"CONGLOMERATE"}},{"type":"Feature","id":1180,"geometry":{"type":"Point","coordinates":[-104.9931,57.31488]},"properties":{"cps":400,"y":"1981","lith":"CONGLOMERATE"}},{"type":"Feature","id":1181,"geometry":{"type":"Point","coordinates":[-105.0079,57.29877]},"properties":{"cps":400,"y":"1981","lith":"CONGLOMERATE"}},{"type":"Feature","id":1182,"geometry":{"type":"Point","coordinates":[-105.21162,57.66215]},"properties":{"cps":300,"y":"1982","lith":"SANDSTONE"}},{"type":"Feature","id":1183,"geometry":{"type":"Point","coordinates":[-105.13828,57.69916]},"properties":{"cps":100,"y":"1982","lith":"SANDSTONE"}},{"type":"Feature","id":1184,"geometry":{"type":"Point","coordinates":[-105.20483,57.66463]},"properties":{"cps":0,"y":"1982","lith":" "}},{"type":"Feature","id":1185,"geometry":{"type":"Point","coordinates":[-105.20647,57.28694]},"properties":{"cps":400,"y":"1981","lith":"CONGLOMERATE"}},{"type":"Feature","id":1186,"geometry":{"type":"Point","coordinates":[-105.16196,57.68408]},"properties":{"cps":0,"y":"1982","lith":" "}},{"type":"Feature","id":1187,"geometry":{"type":"Point","coordinates":[-105.20952,57.287]},"properties":{"cps":400,"y":"1981","lith":"CONGLOMERATE"}},{"type":"Feature","id":1188,"geometry":{"type":"Point","coordinates":[-106.02696,57.06868]},"properties":{"cps":380,"y":"1985","lith":" "}},{"type":"Feature","id":1189,"geometry":{"type":"Point","coordinates":[-105.44364,57.30748]},"properties":{"cps":220,"y":"1979","lith":" "}},{"type":"Feature","id":1190,"geometry":{"type":"Point","coordinates":[-104.95892,57.33013]},"properties":{"cps":400,"y":"1981","lith":"CONGLOMERATE"}},{"type":"Feature","id":1191,"geometry":{"type":"Point","coordinates":[-105.0258,57.69047]},"properties":{"cps":300,"y":"1982","lith":"SANDSTONE"}},{"type":"Feature","id":1192,"geometry":{"type":"Point","coordinates":[-105.15171,57.70187]},"properties":{"cps":0,"y":"1982","lith":" "}},{"type":"Feature","id":1193,"geometry":{"type":"Point","coordinates":[-105.46213,57.31326]},"properties":{"cps":150,"y":"1979","lith":"GRANITE"}},{"type":"Feature","id":1194,"geometry":{"type":"Point","coordinates":[-105.2484,57.65092]},"properties":{"cps":0,"y":"1982","lith":" "}},{"type":"Feature","id":1195,"geometry":{"type":"Point","coordinates":[-105.42277,57.37219]},"properties":{"cps":325,"y":"1981","lith":"SANDSTONE"}},{"type":"Feature","id":1196,"geometry":{"type":"Point","coordinates":[-104.97803,57.32744]},"properties":{"cps":400,"y":"1981","lith":"CONGLOMERATE"}},{"type":"Feature","id":1197,"geometry":{"type":"Point","coordinates":[-105.3471,57.6261]},"properties":{"cps":140,"y":"1980","lith":"SANDSTONE"}},{"type":"Feature","id":1198,"geometry":{"type":"Point","coordinates":[-105.21592,57.65851]},"properties":{"cps":0,"y":"1982","lith":" "}},{"type":"Feature","id":1199,"geometry":{"type":"Point","coordinates":[-105.19472,57.66589]},"properties":{"cps":0,"y":"1982","lith":" "}},{"type":"Feature","id":1200,"geometry":{"type":"Point","coordinates":[-105.22743,57.65649]},"properties":{"cps":0,"y":"1982","lith":" "}},{"type":"Feature","id":1201,"geometry":{"type":"Point","coordinates":[-105.1986,57.66522]},"properties":{"cps":0,"y":"1982","lith":" "}},{"type":"Feature","id":1202,"geometry":{"type":"Point","coordinates":[-105.22922,57.28034]},"properties":{"cps":400,"y":"1981","lith":"CONGLOMERATE"}},{"type":"Feature","id":1203,"geometry":{"type":"Point","coordinates":[-105.244,57.65483]},"properties":{"cps":0,"y":"1982","lith":" "}},{"type":"Feature","id":1204,"geometry":{"type":"Point","coordinates":[-105.30661,57.64461]},"properties":{"cps":100,"y":"1980","lith":"SANDSTONE"}},{"type":"Feature","id":1205,"geometry":{"type":"Point","coordinates":[-105.23317,57.27742]},"properties":{"cps":370,"y":"1981","lith":"PEGMATITE"}},{"type":"Feature","id":1206,"geometry":{"type":"Point","coordinates":[-105.15925,57.69029]},"properties":{"cps":0,"y":"1982","lith":" "}},{"type":"Feature","id":1207,"geometry":{"type":"Point","coordinates":[-105.15188,57.70218]},"properties":{"cps":0,"y":"1982","lith":" "}},{"type":"Feature","id":1208,"geometry":{"type":"Point","coordinates":[-105.17069,57.67984]},"properties":{"cps":0,"y":"1982","lith":" "}},{"type":"Feature","id":1209,"geometry":{"type":"Point","coordinates":[-105.29409,57.64995]},"properties":{"cps":125,"y":"1980","lith":"SANDSTONE"}},{"type":"Feature","id":1210,"geometry":{"type":"Point","coordinates":[-105.03564,57.68518]},"properties":{"cps":250,"y":"1982","lith":"SANDSTONE"}},{"type":"Feature","id":1211,"geometry":{"type":"Point","coordinates":[-105.15734,57.69857]},"properties":{"cps":0,"y":"1982","lith":" "}},{"type":"Feature","id":1212,"geometry":{"type":"Point","coordinates":[-105.15028,57.70303]},"properties":{"cps":220,"y":"1982","lith":"SANDSTONE"}},{"type":"Feature","id":1213,"geometry":{"type":"Point","coordinates":[-105.24335,57.65307]},"properties":{"cps":0,"y":"1982","lith":" "}},{"type":"Feature","id":1214,"geometry":{"type":"Point","coordinates":[-104.94168,57.45444]},"properties":{"cps":400,"y":"1981","lith":"CONGLOMERATE"}},{"type":"Feature","id":1215,"geometry":{"type":"Point","coordinates":[-105.14876,57.70315]},"properties":{"cps":0,"y":"1982","lith":" "}},{"type":"Feature","id":1216,"geometry":{"type":"Point","coordinates":[-105.19174,57.66814]},"properties":{"cps":250,"y":"1982","lith":"SANDSTONE"}},{"type":"Feature","id":1217,"geometry":{"type":"Point","coordinates":[-105.45346,57.30724]},"properties":{"cps":140,"y":"1979","lith":"SANDSTONE"}},{"type":"Feature","id":1218,"geometry":{"type":"Point","coordinates":[-106.49993,57.27863]},"properties":{"cps":300,"y":"2007","lith":"GNEISS"}},{"type":"Feature","id":1219,"geometry":{"type":"Point","coordinates":[-106.39554,59.11638]},"properties":{"cps":300,"y":"1979","lith":"SANDSTONE"}},{"type":"Feature","id":1220,"geometry":{"type":"Point","coordinates":[-105.13091,57.70056]},"properties":{"cps":0,"y":"1982","lith":" "}},{"type":"Feature","id":1221,"geometry":{"type":"Point","coordinates":[-105.21333,57.29514]},"properties":{"cps":400,"y":"1981","lith":"CONGLOMERATE"}},{"type":"Feature","id":1222,"geometry":{"type":"Point","coordinates":[-105.20858,57.66141]},"properties":{"cps":0,"y":"1982","lith":" "}},{"type":"Feature","id":1223,"geometry":{"type":"Point","coordinates":[-105.44375,57.28063]},"properties":{"cps":80,"y":"1979","lith":"GNEISS"}},{"type":"Feature","id":1224,"geometry":{"type":"Point","coordinates":[-105.42582,57.37019]},"properties":{"cps":320,"y":"1981","lith":"SANDSTONE"}},{"type":"Feature","id":1225,"geometry":{"type":"Point","coordinates":[-104.99283,57.30833]},"properties":{"cps":400,"y":"1981","lith":"CONGLOMERATE"}},{"type":"Feature","id":1226,"geometry":{"type":"Point","coordinates":[-103.79759,58.6274]},"properties":{"cps":400,"y":"2007","lith":"GRANITIC GNEISS PINK"}},{"type":"Feature","id":1227,"geometry":{"type":"Point","coordinates":[-104.93342,57.45016]},"properties":{"cps":325,"y":"1981","lith":"SANDSTONE"}},{"type":"Feature","id":1228,"geometry":{"type":"Point","coordinates":[-105.34836,57.62619]},"properties":{"cps":350,"y":"1980","lith":"SANDSTONE"}},{"type":"Feature","id":1229,"geometry":{"type":"Point","coordinates":[-105.1812,57.67314]},"properties":{"cps":0,"y":"1982","lith":" "}},{"type":"Feature","id":1230,"geometry":{"type":"Point","coordinates":[-105.60743,57.33161]},"properties":{"cps":150,"y":"1977","lith":"PEGMATITE"}},{"type":"Feature","id":1231,"geometry":{"type":"Point","coordinates":[-105.62054,57.32862]},"properties":{"cps":125,"y":"1977","lith":"GRANITE"}},{"type":"Feature","id":1232,"geometry":{"type":"Point","coordinates":[-105.61242,57.34447]},"properties":{"cps":50,"y":"1977","lith":"CONGLOMERATE"}},{"type":"Feature","id":1233,"geometry":{"type":"Point","coordinates":[-105.24217,57.65358]},"properties":{"cps":0,"y":"1982","lith":" "}},{"type":"Feature","id":1234,"geometry":{"type":"Point","coordinates":[-105.14225,57.70934]},"properties":{"cps":0,"y":"1982","lith":" "}},{"type":"Feature","id":1235,"geometry":{"type":"Point","coordinates":[-105.30445,57.64555]},"properties":{"cps":260,"y":"1980","lith":"SANDSTONE"}},{"type":"Feature","id":1236,"geometry":{"type":"Point","coordinates":[-105.16635,57.68415]},"properties":{"cps":0,"y":"1982","lith":" "}},{"type":"Feature","id":1237,"geometry":{"type":"Point","coordinates":[-103.97286,57.86567]},"properties":{"cps":100,"y":"1975","lith":"PEGMATITE"}},{"type":"Feature","id":1238,"geometry":{"type":"Point","coordinates":[-105.14339,57.70911]},"properties":{"cps":0,"y":"1982","lith":" "}},{"type":"Feature","id":1239,"geometry":{"type":"Point","coordinates":[-105.45599,57.30144]},"properties":{"cps":140,"y":"1979","lith":"GRANITE"}},{"type":"Feature","id":1240,"geometry":{"type":"Point","coordinates":[-105.21395,57.29165]},"properties":{"cps":400,"y":"1981","lith":"CONGLOMERATE"}},{"type":"Feature","id":1241,"geometry":{"type":"Point","coordinates":[-105.30785,57.64426]},"properties":{"cps":160,"y":"1980","lith":"SANDSTONE"}},{"type":"Feature","id":1242,"geometry":{"type":"Point","coordinates":[-105.1384,57.7016]},"properties":{"cps":100,"y":"1982","lith":"SANDSTONE"}},{"type":"Feature","id":1243,"geometry":{"type":"Point","coordinates":[-105.1589,57.69634]},"properties":{"cps":0,"y":"1982","lith":" "}},{"type":"Feature","id":1244,"geometry":{"type":"Point","coordinates":[-105.03884,57.68305]},"properties":{"cps":400,"y":"1982","lith":"SANDSTONE"}},{"type":"Feature","id":1245,"geometry":{"type":"Point","coordinates":[-105.03222,57.69061]},"properties":{"cps":200,"y":"1982","lith":"SANDSTONE"}},{"type":"Feature","id":1246,"geometry":{"type":"Point","coordinates":[-105.21052,57.6602]},"properties":{"cps":0,"y":"1982","lith":" "}},{"type":"Feature","id":1247,"geometry":{"type":"Point","coordinates":[-105.29385,57.65022]},"properties":{"cps":100,"y":"1980","lith":"SANDSTONE"}},{"type":"Feature","id":1248,"geometry":{"type":"Point","coordinates":[-105.15695,57.70015]},"properties":{"cps":0,"y":"1982","lith":" "}},{"type":"Feature","id":1249,"geometry":{"type":"Point","coordinates":[-105.194,57.66589]},"properties":{"cps":0,"y":"1982","lith":" "}},{"type":"Feature","id":1250,"geometry":{"type":"Point","coordinates":[-105.86196,57.08686]},"properties":{"cps":300,"y":"1977","lith":" "}},{"type":"Feature","id":1251,"geometry":{"type":"Point","coordinates":[-105.20023,57.66315]},"properties":{"cps":0,"y":"1982","lith":" "}},{"type":"Feature","id":1252,"geometry":{"type":"Point","coordinates":[-105.34701,57.62647]},"properties":{"cps":380,"y":"1980","lith":"SANDSTONE"}},{"type":"Feature","id":1253,"geometry":{"type":"Point","coordinates":[-106.55681,59.13397]},"properties":{"cps":400,"y":"1979","lith":"SANDSTONE"}},{"type":"Feature","id":1254,"geometry":{"type":"Point","coordinates":[-106.55948,57.18886]},"properties":{"cps":200,"y":"2007","lith":"UNDEFINED"}},{"type":"Feature","id":1255,"geometry":{"type":"Point","coordinates":[-103.94257,57.56018]},"properties":{"cps":110,"y":"1979","lith":"ARKOSE"}},{"type":"Feature","id":1256,"geometry":{"type":"Point","coordinates":[-105.1651,57.68381]},"properties":{"cps":0,"y":"1982","lith":" "}},{"type":"Feature","id":1257,"geometry":{"type":"Point","coordinates":[-105.15182,57.7018]},"properties":{"cps":0,"y":"1982","lith":" "}},{"type":"Feature","id":1258,"geometry":{"type":"Point","coordinates":[-105.15264,57.70195]},"properties":{"cps":0,"y":"1982","lith":" "}},{"type":"Feature","id":1259,"geometry":{"type":"Point","coordinates":[-105.03464,57.68587]},"properties":{"cps":300,"y":"1982","lith":"SANDSTONE"}},{"type":"Feature","id":1260,"geometry":{"type":"Point","coordinates":[-105.2781,57.65889]},"properties":{"cps":180,"y":"1982","lith":"QUATRZ SANDSTONE"}},{"type":"Feature","id":1261,"geometry":{"type":"Point","coordinates":[-105.16121,57.68378]},"properties":{"cps":0,"y":"1982","lith":" "}},{"type":"Feature","id":1262,"geometry":{"type":"Point","coordinates":[-105.24596,57.65225]},"properties":{"cps":0,"y":"1982","lith":" "}},{"type":"Feature","id":1263,"geometry":{"type":"Point","coordinates":[-103.92207,57.55639]},"properties":{"cps":105,"y":"1979","lith":"BIOTITE GNEISS"}},{"type":"Feature","id":1264,"geometry":{"type":"Point","coordinates":[-105.23378,57.65448]},"properties":{"cps":0,"y":"1982","lith":" "}},{"type":"Feature","id":1265,"geometry":{"type":"Point","coordinates":[-105.16144,57.6965]},"properties":{"cps":250,"y":"1982","lith":"SANDSTONE"}},{"type":"Feature","id":1266,"geometry":{"type":"Point","coordinates":[-105.03583,57.68524]},"properties":{"cps":320,"y":"1982","lith":"SANDSTONE"}},{"type":"Feature","id":1267,"geometry":{"type":"Point","coordinates":[-105.17287,57.67986]},"properties":{"cps":275,"y":"1982","lith":"SANDSTONE"}},{"type":"Feature","id":1268,"geometry":{"type":"Point","coordinates":[-105.63397,57.33113]},"properties":{"cps":150,"y":"1977","lith":"GRANITE"}},{"type":"Feature","id":1269,"geometry":{"type":"Point","coordinates":[-105.32474,57.63948]},"properties":{"cps":180,"y":"1980","lith":"SANDSTONE"}},{"type":"Feature","id":1270,"geometry":{"type":"Point","coordinates":[-105.15369,57.70024]},"properties":{"cps":350,"y":"1982","lith":"SANDSTONE"}},{"type":"Feature","id":1271,"geometry":{"type":"Point","coordinates":[-103.93384,57.54512]},"properties":{"cps":130,"y":"1979","lith":"GRANITIC GNEISS WITH MAGNETITE"}},{"type":"Feature","id":1272,"geometry":{"type":"Point","coordinates":[-105.02243,57.69509]},"properties":{"cps":400,"y":"1982","lith":"SANDSTONE"}},{"type":"Feature","id":1273,"geometry":{"type":"Point","coordinates":[-105.22465,57.28267]},"properties":{"cps":400,"y":"1981","lith":"CONGLOMERATE"}},{"type":"Feature","id":1274,"geometry":{"type":"Point","coordinates":[-105.2182,57.28884]},"properties":{"cps":400,"y":"1981","lith":"CONGLOMERATE"}},{"type":"Feature","id":1275,"geometry":{"type":"Point","coordinates":[-105.1595,57.68697]},"properties":{"cps":0,"y":"1982","lith":" "}},{"type":"Feature","id":1276,"geometry":{"type":"Point","coordinates":[-105.23733,57.65288]},"properties":{"cps":0,"y":"1982","lith":" "}},{"type":"Feature","id":1277,"geometry":{"type":"Point","coordinates":[-103.94564,57.55393]},"properties":{"cps":350,"y":"1979","lith":"INTRUSIVE GABBRO/DIOPSIDE"}},{"type":"Feature","id":1278,"geometry":{"type":"Point","coordinates":[-105.18296,57.67335]},"properties":{"cps":300,"y":"1982","lith":"SANDSTONE"}},{"type":"Feature","id":1279,"geometry":{"type":"Point","coordinates":[-105.62858,57.33832]},"properties":{"cps":100,"y":"1977","lith":"GRANITE"}},{"type":"Feature","id":1280,"geometry":{"type":"Point","coordinates":[-105.20013,57.66458]},"properties":{"cps":300,"y":"1982","lith":"SANDSTONE"}},{"type":"Feature","id":1281,"geometry":{"type":"Point","coordinates":[-105.1604,57.68736]},"properties":{"cps":300,"y":"1982","lith":"SANDSTONE"}},{"type":"Feature","id":1282,"geometry":{"type":"Point","coordinates":[-105.22334,57.28437]},"properties":{"cps":400,"y":"1981","lith":"CONGLOMERATE"}},{"type":"Feature","id":1283,"geometry":{"type":"Point","coordinates":[-105.45138,57.30697]},"properties":{"cps":110,"y":"1979","lith":"SANDSTONE"}},{"type":"Feature","id":1284,"geometry":{"type":"Point","coordinates":[-105.15931,57.6875]},"properties":{"cps":300,"y":"1982","lith":"SANDSTONE"}},{"type":"Feature","id":1285,"geometry":{"type":"Point","coordinates":[-104.94812,57.45765]},"properties":{"cps":400,"y":"1981","lith":"CONGLOMERATE"}},{"type":"Feature","id":1286,"geometry":{"type":"Point","coordinates":[-105.20296,57.66502]},"properties":{"cps":0,"y":"1982","lith":" "}},{"type":"Feature","id":1287,"geometry":{"type":"Point","coordinates":[-105.02878,57.68991]},"properties":{"cps":400,"y":"1982","lith":"SANDSTONE"}},{"type":"Feature","id":1288,"geometry":{"type":"Point","coordinates":[-105.19172,57.6664]},"properties":{"cps":0,"y":"1982","lith":" "}},{"type":"Feature","id":1289,"geometry":{"type":"Point","coordinates":[-105.22567,57.27841]},"properties":{"cps":400,"y":"1981","lith":"CONGLOMERATE"}},{"type":"Feature","id":1290,"geometry":{"type":"Point","coordinates":[-105.45931,57.29062]},"properties":{"cps":110,"y":"1979","lith":"SANDSTONE"}},{"type":"Feature","id":1291,"geometry":{"type":"Point","coordinates":[-105.45263,57.30638]},"properties":{"cps":120,"y":"1979","lith":"SANDSTONE"}},{"type":"Feature","id":1292,"geometry":{"type":"Point","coordinates":[-105.42891,57.31123]},"properties":{"cps":120,"y":"1979","lith":"GNEISS"}},{"type":"Feature","id":1293,"geometry":{"type":"Point","coordinates":[-105.14299,57.71147]},"properties":{"cps":250,"y":"1982","lith":"SANDSTONE"}},{"type":"Feature","id":1294,"geometry":{"type":"Point","coordinates":[-105.23938,57.65408]},"properties":{"cps":0,"y":"1982","lith":" "}},{"type":"Feature","id":1295,"geometry":{"type":"Point","coordinates":[-105.42873,57.31048]},"properties":{"cps":110,"y":"1979","lith":"GNEISS"}},{"type":"Feature","id":1296,"geometry":{"type":"Point","coordinates":[-105.14021,57.71617]},"properties":{"cps":0,"y":"1982","lith":" "}},{"type":"Feature","id":1297,"geometry":{"type":"Point","coordinates":[-105.44961,57.30869]},"properties":{"cps":160,"y":"1979","lith":"SANDSTONE"}},{"type":"Feature","id":1298,"geometry":{"type":"Point","coordinates":[-105.23783,57.65277]},"properties":{"cps":0,"y":"1982","lith":" "}},{"type":"Feature","id":1299,"geometry":{"type":"Point","coordinates":[-104.95453,57.3338]},"properties":{"cps":400,"y":"1981","lith":"CONGLOMERATE"}},{"type":"Feature","id":1300,"geometry":{"type":"Point","coordinates":[-105.23161,57.65365]},"properties":{"cps":0,"y":"1982","lith":" "}},{"type":"Feature","id":1301,"geometry":{"type":"Point","coordinates":[-105.14056,58.92454]},"properties":{"cps":120,"y":"2008","lith":" "}},{"type":"Feature","id":1302,"geometry":{"type":"Point","coordinates":[-105.14407,57.70929]},"properties":{"cps":250,"y":"1982","lith":"SANDSTONE"}},{"type":"Feature","id":1303,"geometry":{"type":"Point","coordinates":[-105.4362,57.40934]},"properties":{"cps":125,"y":"1982","lith":"SANDSTONE"}},{"type":"Feature","id":1304,"geometry":{"type":"Point","coordinates":[-105.13941,57.70098]},"properties":{"cps":100,"y":"1982","lith":"SANDSTONE"}},{"type":"Feature","id":1305,"geometry":{"type":"Point","coordinates":[-105.60406,57.34359]},"properties":{"cps":75,"y":"1977","lith":"CONGLOMERATE"}},{"type":"Feature","id":1306,"geometry":{"type":"Point","coordinates":[-105.1989,57.66536]},"properties":{"cps":0,"y":"1982","lith":" "}},{"type":"Feature","id":1307,"geometry":{"type":"Point","coordinates":[-104.9453,57.45754]},"properties":{"cps":400,"y":"1981","lith":"CONGLOMERATE"}},{"type":"Feature","id":1308,"geometry":{"type":"Point","coordinates":[-105.19726,57.6654]},"properties":{"cps":0,"y":"1982","lith":" "}},{"type":"Feature","id":1309,"geometry":{"type":"Point","coordinates":[-105.20956,57.66098]},"properties":{"cps":0,"y":"1982","lith":" "}},{"type":"Feature","id":1310,"geometry":{"type":"Point","coordinates":[-105.19894,57.6646]},"properties":{"cps":0,"y":"1982","lith":" "}},{"type":"Feature","id":1311,"geometry":{"type":"Point","coordinates":[-104.94274,57.45504]},"properties":{"cps":400,"y":"1981","lith":"CONGLOMERATE"}},{"type":"Feature","id":1312,"geometry":{"type":"Point","coordinates":[-105.14273,57.71142]},"properties":{"cps":250,"y":"1982","lith":"SANDSTONE"}},{"type":"Feature","id":1313,"geometry":{"type":"Point","coordinates":[-105.13795,57.70297]},"properties":{"cps":400,"y":"1982","lith":"SANDSTONE"}},{"type":"Feature","id":1314,"geometry":{"type":"Point","coordinates":[-105.15447,57.70023]},"properties":{"cps":0,"y":"1982","lith":" "}},{"type":"Feature","id":1315,"geometry":{"type":"Point","coordinates":[-106.53539,57.17882]},"properties":{"cps":250,"y":"2007","lith":"PEGMATITE"}},{"type":"Feature","id":1316,"geometry":{"type":"Point","coordinates":[-105.14605,57.70489]},"properties":{"cps":0,"y":"1982","lith":" "}},{"type":"Feature","id":1317,"geometry":{"type":"Point","coordinates":[-105.21408,57.29029]},"properties":{"cps":400,"y":"1981","lith":"CONGLOMERATE"}},{"type":"Feature","id":1318,"geometry":{"type":"Point","coordinates":[-105.23258,57.65487]},"properties":{"cps":0,"y":"1982","lith":" "}},{"type":"Feature","id":1319,"geometry":{"type":"Point","coordinates":[-105.3542,57.63435]},"properties":{"cps":160,"y":"1980","lith":"SANDSTONE"}},{"type":"Feature","id":1320,"geometry":{"type":"Point","coordinates":[-102.80772,58.02045]},"properties":{"cps":300,"y":"1975","lith":"PEGMATIC GRANITE"}},{"type":"Feature","id":1321,"geometry":{"type":"Point","coordinates":[-103.94426,57.55175]},"properties":{"cps":195,"y":"1979","lith":"BIOTITE GNEISS"}},{"type":"Feature","id":1322,"geometry":{"type":"Point","coordinates":[-105.24229,57.65278]},"properties":{"cps":0,"y":"1982","lith":" "}},{"type":"Feature","id":1323,"geometry":{"type":"Point","coordinates":[-105.14584,57.70282]},"properties":{"cps":0,"y":"1982","lith":" "}},{"type":"Feature","id":1324,"geometry":{"type":"Point","coordinates":[-105.34553,57.62688]},"properties":{"cps":110,"y":"1980","lith":"SANDSTONE"}},{"type":"Feature","id":1325,"geometry":{"type":"Point","coordinates":[-105.34944,57.62472]},"properties":{"cps":110,"y":"1980","lith":"SANDSTONE"}},{"type":"Feature","id":1326,"geometry":{"type":"Point","coordinates":[-103.9355,57.88121]},"properties":{"cps":200,"y":"1974","lith":"PEGMATITE"}},{"type":"Feature","id":1327,"geometry":{"type":"Point","coordinates":[-105.13779,57.70291]},"properties":{"cps":100,"y":"1982","lith":"SANDSTONE"}},{"type":"Feature","id":1328,"geometry":{"type":"Point","coordinates":[-105.29522,57.64899]},"properties":{"cps":110,"y":"1980","lith":"SANDSTONE"}},{"type":"Feature","id":1329,"geometry":{"type":"Point","coordinates":[-104.95607,57.4542]},"properties":{"cps":400,"y":"1981","lith":"CONGLOMERATE"}},{"type":"Feature","id":1330,"geometry":{"type":"Point","coordinates":[-105.50384,57.38051]},"properties":{"cps":230,"y":"1982","lith":"SANDSTONE"}},{"type":"Feature","id":1331,"geometry":{"type":"Point","coordinates":[-105.30424,57.64607]},"properties":{"cps":100,"y":"1980","lith":"SANDSTONE"}},{"type":"Feature","id":1332,"geometry":{"type":"Point","coordinates":[-105.19994,57.66601]},"properties":{"cps":0,"y":"1982","lith":" "}},{"type":"Feature","id":1333,"geometry":{"type":"Point","coordinates":[-105.23839,57.27393]},"properties":{"cps":400,"y":"1981","lith":"CONGLOMERATE"}},{"type":"Feature","id":1334,"geometry":{"type":"Point","coordinates":[-103.95828,57.88028]},"properties":{"cps":250,"y":"1975","lith":"QUARTZITE"}},{"type":"Feature","id":1335,"geometry":{"type":"Point","coordinates":[-105.44473,57.30644]},"properties":{"cps":140,"y":"1979","lith":"GRANITE"}},{"type":"Feature","id":1336,"geometry":{"type":"Point","coordinates":[-105.15618,57.70074]},"properties":{"cps":220,"y":"1982","lith":"SANDSTONE"}},{"type":"Feature","id":1337,"geometry":{"type":"Point","coordinates":[-105.45548,57.41778]},"properties":{"cps":150,"y":"1982","lith":"SANDSTONE"}},{"type":"Feature","id":1338,"geometry":{"type":"Point","coordinates":[-103.98844,57.87576]},"properties":{"cps":250,"y":"1975","lith":"PEGMATITE"}},{"type":"Feature","id":1339,"geometry":{"type":"Point","coordinates":[-104.94011,57.45654]},"properties":{"cps":400,"y":"1981","lith":"CONGLOMERATE"}},{"type":"Feature","id":1340,"geometry":{"type":"Point","coordinates":[-104.96618,57.32779]},"properties":{"cps":400,"y":"1981","lith":"CONGLOMERATE"}},{"type":"Feature","id":1341,"geometry":{"type":"Point","coordinates":[-105.15094,57.70357]},"properties":{"cps":0,"y":"1982","lith":" "}},{"type":"Feature","id":1342,"geometry":{"type":"Point","coordinates":[-105.19522,57.6657]},"properties":{"cps":350,"y":"1982","lith":"SANDSTONE"}},{"type":"Feature","id":1343,"geometry":{"type":"Point","coordinates":[-105.22834,57.65596]},"properties":{"cps":400,"y":"1982","lith":"SANDSTONE"}},{"type":"Feature","id":1344,"geometry":{"type":"Point","coordinates":[-105.2585,57.65313]},"properties":{"cps":0,"y":"1982","lith":" "}},{"type":"Feature","id":1345,"geometry":{"type":"Point","coordinates":[-105.15064,57.70287]},"properties":{"cps":300,"y":"1982","lith":"SANDSTONE"}},{"type":"Feature","id":1346,"geometry":{"type":"Point","coordinates":[-105.16126,57.67967]},"properties":{"cps":0,"y":"1982","lith":" "}},{"type":"Feature","id":1347,"geometry":{"type":"Point","coordinates":[-105.15503,57.69898]},"properties":{"cps":0,"y":"1982","lith":" "}},{"type":"Feature","id":1348,"geometry":{"type":"Point","coordinates":[-105.13766,57.70303]},"properties":{"cps":0,"y":"1982","lith":" "}},{"type":"Feature","id":1349,"geometry":{"type":"Point","coordinates":[-106.53089,57.2787]},"properties":{"cps":250,"y":"2007","lith":"SANDSTONE"}},{"type":"Feature","id":1350,"geometry":{"type":"Point","coordinates":[-105.24726,57.65465]},"properties":{"cps":0,"y":"1982","lith":" "}},{"type":"Feature","id":1351,"geometry":{"type":"Point","coordinates":[-105.19465,57.66585]},"properties":{"cps":0,"y":"1982","lith":" "}},{"type":"Feature","id":1352,"geometry":{"type":"Point","coordinates":[-105.34696,57.63322]},"properties":{"cps":110,"y":"1980","lith":"SANDSTONE"}},{"type":"Feature","id":1353,"geometry":{"type":"Point","coordinates":[-104.95999,57.32841]},"properties":{"cps":400,"y":"1981","lith":"CONGLOMERATE"}},{"type":"Feature","id":1354,"geometry":{"type":"Point","coordinates":[-105.29361,57.65052]},"properties":{"cps":105,"y":"1980","lith":"SANDSTONE"}},{"type":"Feature","id":1355,"geometry":{"type":"Point","coordinates":[-104.96673,57.32554]},"properties":{"cps":400,"y":"1981","lith":"CONGLOMERATE"}},{"type":"Feature","id":1356,"geometry":{"type":"Point","coordinates":[-105.23087,57.27538]},"properties":{"cps":400,"y":"1981","lith":"CONGLOMERATE"}},{"type":"Feature","id":1357,"geometry":{"type":"Point","coordinates":[-103.96515,57.86501]},"properties":{"cps":175,"y":"1975","lith":"GRANITE"}},{"type":"Feature","id":1358,"geometry":{"type":"Point","coordinates":[-105.14495,57.70234]},"properties":{"cps":0,"y":"1982","lith":" "}},{"type":"Feature","id":1359,"geometry":{"type":"Point","coordinates":[-105.19885,57.66483]},"properties":{"cps":0,"y":"1982","lith":" "}},{"type":"Feature","id":1360,"geometry":{"type":"Point","coordinates":[-106.67713,57.22866]},"properties":{"cps":400,"y":"2007","lith":"PEGMATITE"}},{"type":"Feature","id":1361,"geometry":{"type":"Point","coordinates":[-105.44651,57.41185]},"properties":{"cps":170,"y":"1982","lith":"SANDSTONE"}},{"type":"Feature","id":1362,"geometry":{"type":"Point","coordinates":[-103.93309,57.54864]},"properties":{"cps":117,"y":"1979","lith":"CALC SILICATE GNEISS"}},{"type":"Feature","id":1363,"geometry":{"type":"Point","coordinates":[-105.3357,57.63014]},"properties":{"cps":125,"y":"1980","lith":"SANDSTONE"}},{"type":"Feature","id":1364,"geometry":{"type":"Point","coordinates":[-105.26793,57.66835]},"properties":{"cps":360,"y":"1982","lith":"QUARTZ SANDSTONE"}},{"type":"Feature","id":1365,"geometry":{"type":"Point","coordinates":[-105.22662,57.6559]},"properties":{"cps":0,"y":"1982","lith":" "}},{"type":"Feature","id":1366,"geometry":{"type":"Point","coordinates":[-105.30298,57.64589]},"properties":{"cps":105,"y":"1980","lith":"SANDSTONE"}},{"type":"Feature","id":1367,"geometry":{"type":"Point","coordinates":[-106.55975,57.18848]},"properties":{"cps":200,"y":"2007","lith":"UNDEFINED"}},{"type":"Feature","id":1368,"geometry":{"type":"Point","coordinates":[-105.15099,57.70244]},"properties":{"cps":0,"y":"1982","lith":" "}},{"type":"Feature","id":1369,"geometry":{"type":"Point","coordinates":[-105.23243,57.65343]},"properties":{"cps":350,"y":"1982","lith":"SANDSTONE"}},{"type":"Feature","id":1370,"geometry":{"type":"Point","coordinates":[-105.19344,57.66509]},"properties":{"cps":0,"y":"1982","lith":" "}},{"type":"Feature","id":1371,"geometry":{"type":"Point","coordinates":[-105.1655,57.68828]},"properties":{"cps":250,"y":"1982","lith":" "}},{"type":"Feature","id":1372,"geometry":{"type":"Point","coordinates":[-105.03536,57.68502]},"properties":{"cps":200,"y":"1982","lith":"SANDSTONE"}},{"type":"Feature","id":1373,"geometry":{"type":"Point","coordinates":[-105.61081,57.3446]},"properties":{"cps":100,"y":"1977","lith":"SANDSTONE"}},{"type":"Feature","id":1374,"geometry":{"type":"Point","coordinates":[-105.20027,57.6645]},"properties":{"cps":0,"y":"1982","lith":" "}},{"type":"Feature","id":1375,"geometry":{"type":"Point","coordinates":[-105.3066,57.64466]},"properties":{"cps":100,"y":"1980","lith":"SANDSTONE"}},{"type":"Feature","id":1376,"geometry":{"type":"Point","coordinates":[-105.20855,57.29123]},"properties":{"cps":400,"y":"1981","lith":"CONGLOMERATE"}},{"type":"Feature","id":1377,"geometry":{"type":"Point","coordinates":[-105.20798,57.66205]},"properties":{"cps":250,"y":"1982","lith":"SANDSTONE"}},{"type":"Feature","id":1378,"geometry":{"type":"Point","coordinates":[-105.43512,57.31141]},"properties":{"cps":120,"y":"1979","lith":"GRANITE"}},{"type":"Feature","id":1379,"geometry":{"type":"Point","coordinates":[-105.19856,57.66497]},"properties":{"cps":0,"y":"1982","lith":" "}},{"type":"Feature","id":1380,"geometry":{"type":"Point","coordinates":[-105.17006,57.68063]},"properties":{"cps":0,"y":"1982","lith":" "}},{"type":"Feature","id":1381,"geometry":{"type":"Point","coordinates":[-105.26847,57.66786]},"properties":{"cps":250,"y":"1982","lith":"QUARTZ SANDSTONE"}},{"type":"Feature","id":1382,"geometry":{"type":"Point","coordinates":[-105.1723,57.67978]},"properties":{"cps":0,"y":"1982","lith":" "}},{"type":"Feature","id":1383,"geometry":{"type":"Point","coordinates":[-104.93951,57.45657]},"properties":{"cps":400,"y":"1981","lith":"CONGLOMERATE"}},{"type":"Feature","id":1384,"geometry":{"type":"Point","coordinates":[-105.41745,57.37432]},"properties":{"cps":380,"y":"1981","lith":"SANDSTONE"}},{"type":"Feature","id":1385,"geometry":{"type":"Point","coordinates":[-105.15034,57.70295]},"properties":{"cps":400,"y":"1982","lith":"SANDSTONE"}},{"type":"Feature","id":1386,"geometry":{"type":"Point","coordinates":[-105.13106,57.70064]},"properties":{"cps":100,"y":"1982","lith":"SANDSTONE"}},{"type":"Feature","id":1387,"geometry":{"type":"Point","coordinates":[-103.96385,57.86522]},"properties":{"cps":150,"y":"1975","lith":" "}},{"type":"Feature","id":1388,"geometry":{"type":"Point","coordinates":[-105.44245,57.31279]},"properties":{"cps":130,"y":"1979","lith":"SANDSTONE"}},{"type":"Feature","id":1389,"geometry":{"type":"Point","coordinates":[-105.20747,57.29185]},"properties":{"cps":400,"y":"1981","lith":"CONGLOMERATE"}},{"type":"Feature","id":1390,"geometry":{"type":"Point","coordinates":[-105.14473,57.70297]},"properties":{"cps":0,"y":"1982","lith":" "}},{"type":"Feature","id":1391,"geometry":{"type":"Point","coordinates":[-105.21302,57.65894]},"properties":{"cps":0,"y":"1982","lith":" "}},{"type":"Feature","id":1392,"geometry":{"type":"Point","coordinates":[-105.04153,57.68143]},"properties":{"cps":400,"y":"1982","lith":"SANDSTONE"}},{"type":"Feature","id":1393,"geometry":{"type":"Point","coordinates":[-105.1509,57.70278]},"properties":{"cps":250,"y":"1982","lith":"SANDSTONE"}},{"type":"Feature","id":1394,"geometry":{"type":"Point","coordinates":[-105.13826,57.70296]},"properties":{"cps":400,"y":"1982","lith":"SANDSTONE"}},{"type":"Feature","id":1395,"geometry":{"type":"Point","coordinates":[-105.23468,57.65452]},"properties":{"cps":0,"y":"1982","lith":" "}},{"type":"Feature","id":1396,"geometry":{"type":"Point","coordinates":[-105.44641,57.3207]},"properties":{"cps":120,"y":"1979","lith":"GNEISS"}},{"type":"Feature","id":1397,"geometry":{"type":"Point","coordinates":[-105.15864,57.69099]},"properties":{"cps":0,"y":"1982","lith":" "}},{"type":"Feature","id":1398,"geometry":{"type":"Point","coordinates":[-104.94762,57.45619]},"properties":{"cps":400,"y":"1981","lith":"CONGLOMERATE"}},{"type":"Feature","id":1399,"geometry":{"type":"Point","coordinates":[-105.346,57.62704]},"properties":{"cps":250,"y":"1980","lith":"SANDSTONE"}},{"type":"Feature","id":1400,"geometry":{"type":"Point","coordinates":[-105.3748,57.46869]},"properties":{"cps":180,"y":"1982","lith":"SANSTONE"}},{"type":"Feature","id":1401,"geometry":{"type":"Point","coordinates":[-105.30927,57.64371]},"properties":{"cps":180,"y":"1980","lith":"SANDSTONE"}},{"type":"Feature","id":1402,"geometry":{"type":"Point","coordinates":[-105.33646,57.63001]},"properties":{"cps":180,"y":"1980","lith":"SANDSTONE"}},{"type":"Feature","id":1403,"geometry":{"type":"Point","coordinates":[-105.45817,57.30042]},"properties":{"cps":120,"y":"1979","lith":"SANDSTONE"}},{"type":"Feature","id":1404,"geometry":{"type":"Point","coordinates":[-106.0262,57.06842]},"properties":{"cps":380,"y":"1985","lith":" "}},{"type":"Feature","id":1405,"geometry":{"type":"Point","coordinates":[-105.33362,57.63582]},"properties":{"cps":230,"y":"1980","lith":"SANDSTONE"}},{"type":"Feature","id":1406,"geometry":{"type":"Point","coordinates":[-105.1974,57.66797]},"properties":{"cps":300,"y":"1982","lith":"SANDSTONE"}},{"type":"Feature","id":1407,"geometry":{"type":"Point","coordinates":[-103.95177,57.54002]},"properties":{"cps":130,"y":"1979","lith":" "}},{"type":"Feature","id":1408,"geometry":{"type":"Point","coordinates":[-105.23556,57.65491]},"properties":{"cps":0,"y":"1982","lith":" "}},{"type":"Feature","id":1409,"geometry":{"type":"Point","coordinates":[-105.44608,57.31061]},"properties":{"cps":150,"y":"1979","lith":"GRANITE"}},{"type":"Feature","id":1410,"geometry":{"type":"Point","coordinates":[-104.9613,57.33064]},"properties":{"cps":400,"y":"1981","lith":"CONGLOMERATE"}},{"type":"Feature","id":1411,"geometry":{"type":"Point","coordinates":[-105.1274,57.7012]},"properties":{"cps":100,"y":"1982","lith":"SANDSTONE"}},{"type":"Feature","id":1412,"geometry":{"type":"Point","coordinates":[-105.19814,57.66511]},"properties":{"cps":0,"y":"1982","lith":" "}},{"type":"Feature","id":1413,"geometry":{"type":"Point","coordinates":[-105.41403,57.37025]},"properties":{"cps":320,"y":"1981","lith":"SANDSTONE"}},{"type":"Feature","id":1414,"geometry":{"type":"Point","coordinates":[-105.23108,57.65525]},"properties":{"cps":0,"y":"1982","lith":" "}},{"type":"Feature","id":1415,"geometry":{"type":"Point","coordinates":[-105.03807,57.6831]},"properties":{"cps":290,"y":"1982","lith":"SANDSTONE"}},{"type":"Feature","id":1416,"geometry":{"type":"Point","coordinates":[-105.44762,57.30806]},"properties":{"cps":170,"y":"1979","lith":"SANDSTONE"}},{"type":"Feature","id":1417,"geometry":{"type":"Point","coordinates":[-105.29426,57.6498]},"properties":{"cps":240,"y":"1980","lith":"SANDSTONE"}},{"type":"Feature","id":1418,"geometry":{"type":"Point","coordinates":[-105.19491,57.66578]},"properties":{"cps":0,"y":"1982","lith":" "}},{"type":"Feature","id":1419,"geometry":{"type":"Point","coordinates":[-105.16857,57.68426]},"properties":{"cps":210,"y":"1982","lith":"SANDSTONE"}},{"type":"Feature","id":1420,"geometry":{"type":"Point","coordinates":[-105.61253,57.32782]},"properties":{"cps":125,"y":"1977","lith":"GRANITE"}},{"type":"Feature","id":1421,"geometry":{"type":"Point","coordinates":[-105.19027,57.66792]},"properties":{"cps":0,"y":"1982","lith":" "}},{"type":"Feature","id":1422,"geometry":{"type":"Point","coordinates":[-105.14005,57.69896]},"properties":{"cps":100,"y":"1982","lith":"SANDSTONE"}},{"type":"Feature","id":1423,"geometry":{"type":"Point","coordinates":[-105.3489,57.62545]},"properties":{"cps":330,"y":"1980","lith":"SANDSTONE"}},{"type":"Feature","id":1424,"geometry":{"type":"Point","coordinates":[-105.36042,57.46497]},"properties":{"cps":160,"y":"1982","lith":"SANDSTONE"}},{"type":"Feature","id":1425,"geometry":{"type":"Point","coordinates":[-105.15257,57.70222]},"properties":{"cps":0,"y":"1982","lith":" "}},{"type":"Feature","id":1426,"geometry":{"type":"Point","coordinates":[-105.20262,57.66557]},"properties":{"cps":0,"y":"1982","lith":" "}},{"type":"Feature","id":1427,"geometry":{"type":"Point","coordinates":[-105.24151,57.65382]},"properties":{"cps":0,"y":"1982","lith":" "}},{"type":"Feature","id":1428,"geometry":{"type":"Point","coordinates":[-105.02736,57.69133]},"properties":{"cps":290,"y":"1982","lith":"SANDSTONE"}},{"type":"Feature","id":1429,"geometry":{"type":"Point","coordinates":[-105.49854,57.38843]},"properties":{"cps":120,"y":"1982","lith":"SANDSTONE"}},{"type":"Feature","id":1430,"geometry":{"type":"Point","coordinates":[-105.29489,57.64908]},"properties":{"cps":110,"y":"1980","lith":"SANDSTONE"}},{"type":"Feature","id":1431,"geometry":{"type":"Point","coordinates":[-105.19967,57.66516]},"properties":{"cps":400,"y":"1982","lith":"SANDSTONE"}},{"type":"Feature","id":1432,"geometry":{"type":"Point","coordinates":[-105.19988,57.29485]},"properties":{"cps":400,"y":"1981","lith":"CONGLOMERATE"}},{"type":"Feature","id":1433,"geometry":{"type":"Point","coordinates":[-105.15226,57.70307]},"properties":{"cps":225,"y":"1982","lith":"SANDSTONE"}},{"type":"Feature","id":1434,"geometry":{"type":"Point","coordinates":[-105.03252,57.68726]},"properties":{"cps":250,"y":"1982","lith":"SANDSTONE"}},{"type":"Feature","id":1435,"geometry":{"type":"Point","coordinates":[-105.13789,57.69906]},"properties":{"cps":0,"y":"1982","lith":" "}},{"type":"Feature","id":1436,"geometry":{"type":"Point","coordinates":[-105.13512,57.72014]},"properties":{"cps":0,"y":"1982","lith":" "}},{"type":"Feature","id":1437,"geometry":{"type":"Point","coordinates":[-105.59669,57.33919]},"properties":{"cps":100,"y":"1977","lith":"SANDSTONE"}},{"type":"Feature","id":1438,"geometry":{"type":"Point","coordinates":[-105.30719,57.64471]},"properties":{"cps":105,"y":"1980","lith":"SANDSTONE"}},{"type":"Feature","id":1439,"geometry":{"type":"Point","coordinates":[-105.21542,57.29077]},"properties":{"cps":400,"y":"1981","lith":"CONGLOMERATE"}},{"type":"Feature","id":1440,"geometry":{"type":"Point","coordinates":[-105.20787,57.66127]},"properties":{"cps":0,"y":"1982","lith":" "}},{"type":"Feature","id":1441,"geometry":{"type":"Point","coordinates":[-105.29476,57.64921]},"properties":{"cps":100,"y":"1980","lith":"SANDSTONE"}},{"type":"Feature","id":1442,"geometry":{"type":"Point","coordinates":[-103.96486,57.87581]},"properties":{"cps":300,"y":"1975","lith":"META-SEDIMENT"}},{"type":"Feature","id":1443,"geometry":{"type":"Point","coordinates":[-103.94888,57.53811]},"properties":{"cps":150,"y":"1979","lith":"ARKOSE"}},{"type":"Feature","id":1444,"geometry":{"type":"Point","coordinates":[-103.9703,57.87752]},"properties":{"cps":225,"y":"1975","lith":"META-SEDIMENT"}},{"type":"Feature","id":1445,"geometry":{"type":"Point","coordinates":[-105.12876,57.70096]},"properties":{"cps":250,"y":"1982","lith":"SANDSTONE"}},{"type":"Feature","id":1446,"geometry":{"type":"Point","coordinates":[-105.30841,57.64379]},"properties":{"cps":210,"y":"1980","lith":"SANDSTONE"}},{"type":"Feature","id":1447,"geometry":{"type":"Point","coordinates":[-104.97968,57.3172]},"properties":{"cps":400,"y":"1981","lith":"CONGLOMERATE"}},{"type":"Feature","id":1448,"geometry":{"type":"Point","coordinates":[-103.89277,57.5554]},"properties":{"cps":100,"y":"1979","lith":"CALC SILICATE GNEISS"}},{"type":"Feature","id":1449,"geometry":{"type":"Point","coordinates":[-105.21376,57.66032]},"properties":{"cps":0,"y":"1982","lith":" "}},{"type":"Feature","id":1450,"geometry":{"type":"Point","coordinates":[-105.19397,57.6667]},"properties":{"cps":300,"y":"1982","lith":"SANDSTONE"}},{"type":"Feature","id":1451,"geometry":{"type":"Point","coordinates":[-104.96608,57.32542]},"properties":{"cps":400,"y":"1981","lith":"CONGLOMERATE"}},{"type":"Feature","id":1452,"geometry":{"type":"Point","coordinates":[-105.60388,57.34375]},"properties":{"cps":75,"y":"1977","lith":"CONGLOMERATE"}},{"type":"Feature","id":1453,"geometry":{"type":"Point","coordinates":[-105.1499,57.70311]},"properties":{"cps":400,"y":"1982","lith":"SANDSTONE"}},{"type":"Feature","id":1454,"geometry":{"type":"Point","coordinates":[-105.21803,57.2884]},"properties":{"cps":400,"y":"1981","lith":"CONGLOMERATE"}},{"type":"Feature","id":1455,"geometry":{"type":"Point","coordinates":[-105.19594,57.66631]},"properties":{"cps":225,"y":"1982","lith":"SANDSTONE"}},{"type":"Feature","id":1456,"geometry":{"type":"Point","coordinates":[-105.23396,57.65457]},"properties":{"cps":0,"y":"1982","lith":" "}},{"type":"Feature","id":1457,"geometry":{"type":"Point","coordinates":[-105.24352,57.65222]},"properties":{"cps":0,"y":"1982","lith":" "}},{"type":"Feature","id":1458,"geometry":{"type":"Point","coordinates":[-105.19831,57.6651]},"properties":{"cps":0,"y":"1982","lith":" "}},{"type":"Feature","id":1459,"geometry":{"type":"Point","coordinates":[-105.35142,57.62743]},"properties":{"cps":150,"y":"1980","lith":"SANDSTONE"}},{"type":"Feature","id":1460,"geometry":{"type":"Point","coordinates":[-105.1987,57.66515]},"properties":{"cps":0,"y":"1982","lith":" "}},{"type":"Feature","id":1461,"geometry":{"type":"Point","coordinates":[-105.24779,57.65126]},"properties":{"cps":0,"y":"1982","lith":" "}},{"type":"Feature","id":1462,"geometry":{"type":"Point","coordinates":[-105.06856,58.92748]},"properties":{"cps":150,"y":"2008","lith":" "}},{"type":"Feature","id":1463,"geometry":{"type":"Point","coordinates":[-105.20068,57.66574]},"properties":{"cps":0,"y":"1982","lith":" "}},{"type":"Feature","id":1464,"geometry":{"type":"Point","coordinates":[-105.21497,57.28253]},"properties":{"cps":400,"y":"1981","lith":"CONGLOMERATE"}},{"type":"Feature","id":1465,"geometry":{"type":"Point","coordinates":[-105.34531,57.62761]},"properties":{"cps":120,"y":"1980","lith":"SANDSTONE"}},{"type":"Feature","id":1466,"geometry":{"type":"Point","coordinates":[-106.03201,57.06533]},"properties":{"cps":200,"y":"1985","lith":" "}},{"type":"Feature","id":1467,"geometry":{"type":"Point","coordinates":[-105.13827,57.69873]},"properties":{"cps":0,"y":"1982","lith":" "}},{"type":"Feature","id":1468,"geometry":{"type":"Point","coordinates":[-105.35399,57.63448]},"properties":{"cps":125,"y":"1980","lith":"SANDSTONE"}},{"type":"Feature","id":1469,"geometry":{"type":"Point","coordinates":[-105.33056,57.63295]},"properties":{"cps":240,"y":"1980","lith":"SANDSTONE"}},{"type":"Feature","id":1470,"geometry":{"type":"Point","coordinates":[-105.20037,57.66598]},"properties":{"cps":0,"y":"1982","lith":" "}},{"type":"Feature","id":1471,"geometry":{"type":"Point","coordinates":[-105.19898,57.6652]},"properties":{"cps":350,"y":"1982","lith":"SANDSTONE"}},{"type":"Feature","id":1472,"geometry":{"type":"Point","coordinates":[-105.34622,57.62666]},"properties":{"cps":250,"y":"1980","lith":"SANDSTONE"}},{"type":"Feature","id":1473,"geometry":{"type":"Point","coordinates":[-103.96636,57.8792]},"properties":{"cps":170,"y":"1975","lith":"META-SEDIMENT"}},{"type":"Feature","id":1474,"geometry":{"type":"Point","coordinates":[-105.14735,57.70444]},"properties":{"cps":0,"y":"1982","lith":" "}},{"type":"Feature","id":1475,"geometry":{"type":"Point","coordinates":[-105.23161,57.28]},"properties":{"cps":400,"y":"1981","lith":"CONGLOMERATE"}},{"type":"Feature","id":1476,"geometry":{"type":"Point","coordinates":[-105.30488,57.64533]},"properties":{"cps":330,"y":"1980","lith":"SANDSTONE"}},{"type":"Feature","id":1477,"geometry":{"type":"Point","coordinates":[-105.22704,57.27809]},"properties":{"cps":400,"y":"1981","lith":"CONGLOMERATE"}},{"type":"Feature","id":1478,"geometry":{"type":"Point","coordinates":[-105.3065,57.64488]},"properties":{"cps":105,"y":"1980","lith":"SANDSTONE"}},{"type":"Feature","id":1479,"geometry":{"type":"Point","coordinates":[-105.03925,57.68238]},"properties":{"cps":350,"y":"1982","lith":"SANDSTONE"}},{"type":"Feature","id":1480,"geometry":{"type":"Point","coordinates":[-105.14609,57.7043]},"properties":{"cps":0,"y":"1982","lith":" "}},{"type":"Feature","id":1481,"geometry":{"type":"Point","coordinates":[-105.45775,57.30516]},"properties":{"cps":125,"y":"1979","lith":"SANDSTONE"}},{"type":"Feature","id":1482,"geometry":{"type":"Point","coordinates":[-105.15399,57.70043]},"properties":{"cps":0,"y":"1982","lith":" "}},{"type":"Feature","id":1483,"geometry":{"type":"Point","coordinates":[-105.14357,57.70877]},"properties":{"cps":0,"y":"1982","lith":" "}},{"type":"Feature","id":1484,"geometry":{"type":"Point","coordinates":[-105.60445,57.3425]},"properties":{"cps":50,"y":"1977","lith":"CONGLOMERATE"}},{"type":"Feature","id":1485,"geometry":{"type":"Point","coordinates":[-104.94799,57.45016]},"properties":{"cps":400,"y":"1981","lith":"CONGLOMERATE"}},{"type":"Feature","id":1486,"geometry":{"type":"Point","coordinates":[-105.21017,57.66386]},"properties":{"cps":350,"y":"1982","lith":"SANDSTONE"}},{"type":"Feature","id":1487,"geometry":{"type":"Point","coordinates":[-104.96553,57.3257]},"properties":{"cps":400,"y":"1981","lith":"CONGLOMERATE"}},{"type":"Feature","id":1488,"geometry":{"type":"Point","coordinates":[-105.44808,57.30749]},"properties":{"cps":120,"y":"1979","lith":"GRANITE"}},{"type":"Feature","id":1489,"geometry":{"type":"Point","coordinates":[-105.13792,57.70222]},"properties":{"cps":0,"y":"1982","lith":" "}},{"type":"Feature","id":1490,"geometry":{"type":"Point","coordinates":[-105.50306,57.38079]},"properties":{"cps":145,"y":"1982","lith":"SANDSTONE"}},{"type":"Feature","id":1491,"geometry":{"type":"Point","coordinates":[-105.15645,57.69797]},"properties":{"cps":250,"y":"1982","lith":"SANDSTONE"}},{"type":"Feature","id":1492,"geometry":{"type":"Point","coordinates":[-105.19915,57.6643]},"properties":{"cps":0,"y":"1982","lith":" "}},{"type":"Feature","id":1493,"geometry":{"type":"Point","coordinates":[-105.44211,57.29562]},"properties":{"cps":140,"y":"1979","lith":"SANDSTONE"}},{"type":"Feature","id":1494,"geometry":{"type":"Point","coordinates":[-103.94541,57.54696]},"properties":{"cps":250,"y":"1979","lith":"WHITE FOLIATED GRANITIC ROCK"}},{"type":"Feature","id":1495,"geometry":{"type":"Point","coordinates":[-105.20731,57.66188]},"properties":{"cps":0,"y":"1982","lith":" "}},{"type":"Feature","id":1496,"geometry":{"type":"Point","coordinates":[-105.23264,57.27586]},"properties":{"cps":400,"y":"1981","lith":"CONGLOMERATE"}},{"type":"Feature","id":1497,"geometry":{"type":"Point","coordinates":[-105.14517,57.70308]},"properties":{"cps":0,"y":"1982","lith":" "}},{"type":"Feature","id":1498,"geometry":{"type":"Point","coordinates":[-105.28242,57.6623]},"properties":{"cps":400,"y":"1982","lith":"QUARTZ SANDSTONE"}},{"type":"Feature","id":1499,"geometry":{"type":"Point","coordinates":[-105.1992,57.66533]},"properties":{"cps":300,"y":"1982","lith":"SANDSTONE"}},{"type":"Feature","id":1500,"geometry":{"type":"Point","coordinates":[-105.30894,57.6438]},"properties":{"cps":330,"y":"1980","lith":"SANDSTONE"}},{"type":"Feature","id":1501,"geometry":{"type":"Point","coordinates":[-104.95695,57.33567]},"properties":{"cps":400,"y":"1981","lith":"CONGLOMERATE"}},{"type":"Feature","id":1502,"geometry":{"type":"Point","coordinates":[-105.02831,57.69009]},"properties":{"cps":200,"y":"1982","lith":"SANDSTONE"}},{"type":"Feature","id":1503,"geometry":{"type":"Point","coordinates":[-105.25152,57.64814]},"properties":{"cps":0,"y":"1982","lith":" "}},{"type":"Feature","id":1504,"geometry":{"type":"Point","coordinates":[-105.17184,57.67974]},"properties":{"cps":0,"y":"1982","lith":" "}},{"type":"Feature","id":1505,"geometry":{"type":"Point","coordinates":[-105.29404,57.65006]},"properties":{"cps":105,"y":"1980","lith":"SANDSTONE"}},{"type":"Feature","id":1506,"geometry":{"type":"Point","coordinates":[-105.15934,57.69794]},"properties":{"cps":220,"y":"1982","lith":"SANDSTONE"}},{"type":"Feature","id":1507,"geometry":{"type":"Point","coordinates":[-105.15189,57.70205]},"properties":{"cps":350,"y":"1982","lith":"SANDSTONE"}},{"type":"Feature","id":1508,"geometry":{"type":"Point","coordinates":[-105.34865,57.62538]},"properties":{"cps":105,"y":"1980","lith":"SANDSTONE"}},{"type":"Feature","id":1509,"geometry":{"type":"Point","coordinates":[-105.17814,57.67531]},"properties":{"cps":400,"y":"1982","lith":"SANDSTONE"}},{"type":"Feature","id":1510,"geometry":{"type":"Point","coordinates":[-105.24877,57.65045]},"properties":{"cps":0,"y":"1982","lith":" "}},{"type":"Feature","id":1511,"geometry":{"type":"Point","coordinates":[-105.2014,57.66561]},"properties":{"cps":0,"y":"1982","lith":" "}},{"type":"Feature","id":1512,"geometry":{"type":"Point","coordinates":[-105.16555,57.6841]},"properties":{"cps":0,"y":"1982","lith":" "}},{"type":"Feature","id":1513,"geometry":{"type":"Point","coordinates":[-105.13899,57.69922]},"properties":{"cps":0,"y":"1982","lith":" "}},{"type":"Feature","id":1514,"geometry":{"type":"Point","coordinates":[-105.03804,57.6832]},"properties":{"cps":220,"y":"1982","lith":"SANDSTONE"}},{"type":"Feature","id":1515,"geometry":{"type":"Point","coordinates":[-104.94841,57.45406]},"properties":{"cps":400,"y":"1981","lith":"CONGLOMERATE"}},{"type":"Feature","id":1516,"geometry":{"type":"Point","coordinates":[-105.42787,57.36983]},"properties":{"cps":350,"y":"1981","lith":"SANDSTONE"}},{"type":"Feature","id":1517,"geometry":{"type":"Point","coordinates":[-105.01489,57.29805]},"properties":{"cps":300,"y":"1981","lith":"BASEMENT"}},{"type":"Feature","id":1518,"geometry":{"type":"Point","coordinates":[-103.95232,57.55132]},"properties":{"cps":135,"y":"1979","lith":" "}},{"type":"Feature","id":1519,"geometry":{"type":"Point","coordinates":[-105.15826,57.70073]},"properties":{"cps":400,"y":"1982","lith":"SANDSTONE"}},{"type":"Feature","id":1520,"geometry":{"type":"Point","coordinates":[-105.15759,57.69781]},"properties":{"cps":350,"y":"1982","lith":"SANDSTONE"}},{"type":"Feature","id":1521,"geometry":{"type":"Point","coordinates":[-103.96019,57.88357]},"properties":{"cps":250,"y":"1975","lith":"PEGMATITE"}},{"type":"Feature","id":1522,"geometry":{"type":"Point","coordinates":[-105.20036,57.6633]},"properties":{"cps":0,"y":"1982","lith":" "}},{"type":"Feature","id":1523,"geometry":{"type":"Point","coordinates":[-105.15867,57.68847]},"properties":{"cps":0,"y":"1982","lith":" "}},{"type":"Feature","id":1524,"geometry":{"type":"Point","coordinates":[-105.20563,57.66454]},"properties":{"cps":0,"y":"1982","lith":" "}},{"type":"Feature","id":1525,"geometry":{"type":"Point","coordinates":[-105.33376,57.63139]},"properties":{"cps":150,"y":"1980","lith":"SANDSTONE"}},{"type":"Feature","id":1526,"geometry":{"type":"Point","coordinates":[-105.36139,57.46521]},"properties":{"cps":160,"y":"1982","lith":"SANDSTONE"}},{"type":"Feature","id":1527,"geometry":{"type":"Point","coordinates":[-105.61292,57.34458]},"properties":{"cps":250,"y":"1977","lith":"CONGLOMERATE"}},{"type":"Feature","id":1528,"geometry":{"type":"Point","coordinates":[-105.2423,57.65337]},"properties":{"cps":0,"y":"1982","lith":" "}},{"type":"Feature","id":1529,"geometry":{"type":"Point","coordinates":[-103.58418,58.46455]},"properties":{"cps":400,"y":"2006","lith":"PEGMATITE"}},{"type":"Feature","id":1530,"geometry":{"type":"Point","coordinates":[-105.03824,57.68316]},"properties":{"cps":320,"y":"1982","lith":"SANDSTONE"}},{"type":"Feature","id":1531,"geometry":{"type":"Point","coordinates":[-105.60423,57.34177]},"properties":{"cps":75,"y":"1977","lith":"CONGLOMERATE"}},{"type":"Feature","id":1532,"geometry":{"type":"Point","coordinates":[-105.20478,57.66576]},"properties":{"cps":400,"y":"1982","lith":"SANDSTONE"}},{"type":"Feature","id":1533,"geometry":{"type":"Point","coordinates":[-105.19593,57.66479]},"properties":{"cps":300,"y":"1982","lith":"SANDSTONE"}},{"type":"Feature","id":1534,"geometry":{"type":"Point","coordinates":[-105.15143,57.70199]},"properties":{"cps":0,"y":"1982","lith":" "}},{"type":"Feature","id":1535,"geometry":{"type":"Point","coordinates":[-105.45377,57.30735]},"properties":{"cps":200,"y":"1979","lith":"SANDSTONE"}},{"type":"Feature","id":1536,"geometry":{"type":"Point","coordinates":[-105.48422,57.38722]},"properties":{"cps":160,"y":"1982","lith":"SANDSTONE"}},{"type":"Feature","id":1537,"geometry":{"type":"Point","coordinates":[-105.24131,57.65374]},"properties":{"cps":0,"y":"1982","lith":" "}},{"type":"Feature","id":1538,"geometry":{"type":"Point","coordinates":[-105.42967,57.36848]},"properties":{"cps":340,"y":"1981","lith":"SANDSTONE"}},{"type":"Feature","id":1539,"geometry":{"type":"Point","coordinates":[-105.1576,57.69969]},"properties":{"cps":0,"y":"1982","lith":" "}},{"type":"Feature","id":1540,"geometry":{"type":"Point","coordinates":[-105.37178,57.466]},"properties":{"cps":120,"y":"1982","lith":"SANDSTONE"}},{"type":"Feature","id":1541,"geometry":{"type":"Point","coordinates":[-105.14904,57.70295]},"properties":{"cps":0,"y":"1982","lith":" "}},{"type":"Feature","id":1542,"geometry":{"type":"Point","coordinates":[-105.13812,57.70109]},"properties":{"cps":100,"y":"1982","lith":"SANDSTONE"}},{"type":"Feature","id":1543,"geometry":{"type":"Point","coordinates":[-105.19795,57.66518]},"properties":{"cps":0,"y":"1982","lith":" "}},{"type":"Feature","id":1544,"geometry":{"type":"Point","coordinates":[-105.24776,57.65093]},"properties":{"cps":0,"y":"1982","lith":" "}},{"type":"Feature","id":1545,"geometry":{"type":"Point","coordinates":[-105.14018,57.70139]},"properties":{"cps":100,"y":"1982","lith":"SANDSTONE"}},{"type":"Feature","id":1546,"geometry":{"type":"Point","coordinates":[-105.45407,57.40033]},"properties":{"cps":400,"y":"1982","lith":"CONGLOMERATE"}},{"type":"Feature","id":1547,"geometry":{"type":"Point","coordinates":[-105.15296,57.70143]},"properties":{"cps":350,"y":"1982","lith":"SANDSTONE"}},{"type":"Feature","id":1548,"geometry":{"type":"Point","coordinates":[-105.2085,57.664]},"properties":{"cps":0,"y":"1982","lith":" "}},{"type":"Feature","id":1549,"geometry":{"type":"Point","coordinates":[-105.46484,57.29126]},"properties":{"cps":120,"y":"1979","lith":"GRANITE"}},{"type":"Feature","id":1550,"geometry":{"type":"Point","coordinates":[-105.15111,57.70243]},"properties":{"cps":0,"y":"1982","lith":" "}},{"type":"Feature","id":1551,"geometry":{"type":"Point","coordinates":[-104.97803,57.32759]},"properties":{"cps":400,"y":"1981","lith":"CONGLOMERATE"}},{"type":"Feature","id":1552,"geometry":{"type":"Point","coordinates":[-105.14302,57.70951]},"properties":{"cps":350,"y":"1982","lith":"SANDSTONE"}},{"type":"Feature","id":1553,"geometry":{"type":"Point","coordinates":[-105.20016,57.28876]},"properties":{"cps":400,"y":"1981","lith":"CONGLOMERATE"}},{"type":"Feature","id":1554,"geometry":{"type":"Point","coordinates":[-105.14329,57.70943]},"properties":{"cps":400,"y":"1982","lith":"SANDSTONE"}},{"type":"Feature","id":1555,"geometry":{"type":"Point","coordinates":[-105.15286,57.70212]},"properties":{"cps":0,"y":"1982","lith":" "}},{"type":"Feature","id":1556,"geometry":{"type":"Point","coordinates":[-105.19982,57.66672]},"properties":{"cps":0,"y":"1982","lith":" "}},{"type":"Feature","id":1557,"geometry":{"type":"Point","coordinates":[-103.79973,58.61483]},"properties":{"cps":340,"y":"2007","lith":"GRANITIC GNEISS"}},{"type":"Feature","id":1558,"geometry":{"type":"Point","coordinates":[-105.14274,57.71067]},"properties":{"cps":0,"y":"1982","lith":" "}},{"type":"Feature","id":1559,"geometry":{"type":"Point","coordinates":[-105.22911,57.65566]},"properties":{"cps":0,"y":"1982","lith":" "}},{"type":"Feature","id":1560,"geometry":{"type":"Point","coordinates":[-105.24225,57.65287]},"properties":{"cps":0,"y":"1982","lith":" "}},{"type":"Feature","id":1561,"geometry":{"type":"Point","coordinates":[-105.33663,57.63]},"properties":{"cps":150,"y":"1980","lith":"SANDSTONE"}},{"type":"Feature","id":1562,"geometry":{"type":"Point","coordinates":[-105.22941,57.27166]},"properties":{"cps":400,"y":"1981","lith":"CONGLOMERATE"}},{"type":"Feature","id":1563,"geometry":{"type":"Point","coordinates":[-105.16132,57.69619]},"properties":{"cps":0,"y":"1982","lith":" "}},{"type":"Feature","id":1564,"geometry":{"type":"Point","coordinates":[-105.15643,57.68651]},"properties":{"cps":0,"y":"1982","lith":" "}},{"type":"Feature","id":1565,"geometry":{"type":"Point","coordinates":[-105.14601,57.70643]},"properties":{"cps":280,"y":"1982","lith":"SANDSTONE"}},{"type":"Feature","id":1566,"geometry":{"type":"Point","coordinates":[-105.33526,57.63026]},"properties":{"cps":120,"y":"1980","lith":"SANDSTONE"}},{"type":"Feature","id":1567,"geometry":{"type":"Point","coordinates":[-105.21091,57.66319]},"properties":{"cps":0,"y":"1982","lith":" "}},{"type":"Feature","id":1568,"geometry":{"type":"Point","coordinates":[-105.17101,57.67956]},"properties":{"cps":0,"y":"1982","lith":" "}},{"type":"Feature","id":1569,"geometry":{"type":"Point","coordinates":[-105.41872,57.44413]},"properties":{"cps":160,"y":"1982","lith":"SANDSTONE"}},{"type":"Feature","id":1570,"geometry":{"type":"Point","coordinates":[-105.26851,57.6682]},"properties":{"cps":190,"y":"1982","lith":"QUARTZ SANDSTONE"}},{"type":"Feature","id":1571,"geometry":{"type":"Point","coordinates":[-105.14643,57.70188]},"properties":{"cps":300,"y":"1982","lith":"SANDSTONE"}},{"type":"Feature","id":1572,"geometry":{"type":"Point","coordinates":[-105.20828,57.2882]},"properties":{"cps":400,"y":"1981","lith":"CONGLOMERATE"}},{"type":"Feature","id":1573,"geometry":{"type":"Point","coordinates":[-105.44143,57.31293]},"properties":{"cps":120,"y":"1979","lith":"SANDSTONE"}},{"type":"Feature","id":1574,"geometry":{"type":"Point","coordinates":[-105.18996,57.66797]},"properties":{"cps":0,"y":"1982","lith":" "}},{"type":"Feature","id":1575,"geometry":{"type":"Point","coordinates":[-106.55581,57.18761]},"properties":{"cps":300,"y":"2007","lith":"GNEISS"}},{"type":"Feature","id":1576,"geometry":{"type":"Point","coordinates":[-104.93307,57.45052]},"properties":{"cps":400,"y":"1981","lith":"CONGLOMERATE"}},{"type":"Feature","id":1577,"geometry":{"type":"Point","coordinates":[-105.45463,57.30677]},"properties":{"cps":120,"y":"1979","lith":"GNEISS"}},{"type":"Feature","id":1578,"geometry":{"type":"Point","coordinates":[-105.22939,57.65559]},"properties":{"cps":0,"y":"1982","lith":" "}},{"type":"Feature","id":1579,"geometry":{"type":"Point","coordinates":[-105.14677,57.7057]},"properties":{"cps":0,"y":"1982","lith":" "}},{"type":"Feature","id":1580,"geometry":{"type":"Point","coordinates":[-105.21409,57.28468]},"properties":{"cps":400,"y":"1981","lith":"CONGLOMERATE"}},{"type":"Feature","id":1581,"geometry":{"type":"Point","coordinates":[-105.02397,57.69445]},"properties":{"cps":300,"y":"1982","lith":"SANDSTONE"}},{"type":"Feature","id":1582,"geometry":{"type":"Point","coordinates":[-105.24439,57.65241]},"properties":{"cps":0,"y":"1982","lith":" "}},{"type":"Feature","id":1583,"geometry":{"type":"Point","coordinates":[-105.15269,57.70179]},"properties":{"cps":0,"y":"1982","lith":" "}},{"type":"Feature","id":1584,"geometry":{"type":"Point","coordinates":[-105.32282,57.47371]},"properties":{"cps":350,"y":"1982","lith":"CONGLOMERATE"}},{"type":"Feature","id":1585,"geometry":{"type":"Point","coordinates":[-103.97744,57.86386]},"properties":{"cps":100,"y":"1975","lith":"PEGMATITE"}},{"type":"Feature","id":1586,"geometry":{"type":"Point","coordinates":[-105.19984,57.66434]},"properties":{"cps":0,"y":"1982","lith":" "}},{"type":"Feature","id":1587,"geometry":{"type":"Point","coordinates":[-105.3044,57.64528]},"properties":{"cps":260,"y":"1980","lith":"SANDSTONE"}},{"type":"Feature","id":1588,"geometry":{"type":"Point","coordinates":[-105.1467,57.70499]},"properties":{"cps":250,"y":"1982","lith":"SANDSTONE"}},{"type":"Feature","id":1589,"geometry":{"type":"Point","coordinates":[-105.19515,57.66503]},"properties":{"cps":0,"y":"1982","lith":" "}},{"type":"Feature","id":1590,"geometry":{"type":"Point","coordinates":[-105.23063,57.65541]},"properties":{"cps":0,"y":"1982","lith":" "}},{"type":"Feature","id":1591,"geometry":{"type":"Point","coordinates":[-105.16675,57.68145]},"properties":{"cps":0,"y":"1982","lith":" "}},{"type":"Feature","id":1592,"geometry":{"type":"Point","coordinates":[-105.24372,57.65281]},"properties":{"cps":0,"y":"1982","lith":" "}},{"type":"Feature","id":1593,"geometry":{"type":"Point","coordinates":[-105.24146,57.2689]},"properties":{"cps":400,"y":"1981","lith":"CONGLOMERATE"}},{"type":"Feature","id":1594,"geometry":{"type":"Point","coordinates":[-105.19679,57.66503]},"properties":{"cps":0,"y":"1982","lith":" "}},{"type":"Feature","id":1595,"geometry":{"type":"Point","coordinates":[-105.30916,57.64344]},"properties":{"cps":350,"y":"1980","lith":"SANDSTONE"}},{"type":"Feature","id":1596,"geometry":{"type":"Point","coordinates":[-105.0286,57.68984]},"properties":{"cps":400,"y":"1982","lith":"SANDSTONE"}},{"type":"Feature","id":1597,"geometry":{"type":"Point","coordinates":[-105.46425,57.2924]},"properties":{"cps":110,"y":"1979","lith":"SANDSTONE"}},{"type":"Feature","id":1598,"geometry":{"type":"Point","coordinates":[-105.14729,57.7032]},"properties":{"cps":200,"y":"1982","lith":"SANDSTONE"}},{"type":"Feature","id":1599,"geometry":{"type":"Point","coordinates":[-105.21951,57.27884]},"properties":{"cps":400,"y":"1981","lith":"CONGLOMERATE"}},{"type":"Feature","id":1600,"geometry":{"type":"Point","coordinates":[-105.25819,57.45064]},"properties":{"cps":200,"y":"1982","lith":"SANDSTONE"}},{"type":"Feature","id":1601,"geometry":{"type":"Point","coordinates":[-105.20129,57.66552]},"properties":{"cps":0,"y":"1982","lith":" "}},{"type":"Feature","id":1602,"geometry":{"type":"Point","coordinates":[-105.02364,57.69458]},"properties":{"cps":300,"y":"1982","lith":"SANDSTONE"}},{"type":"Feature","id":1603,"geometry":{"type":"Point","coordinates":[-105.19876,57.66522]},"properties":{"cps":0,"y":"1982","lith":" "}},{"type":"Feature","id":1604,"geometry":{"type":"Point","coordinates":[-105.45293,57.30717]},"properties":{"cps":120,"y":"1979","lith":"SANDSTONE"}},{"type":"Feature","id":1605,"geometry":{"type":"Point","coordinates":[-105.35283,57.63144]},"properties":{"cps":100,"y":"1980","lith":"SANDSTONE"}},{"type":"Feature","id":1606,"geometry":{"type":"Point","coordinates":[-105.60215,57.34178]},"properties":{"cps":125,"y":"1977","lith":"GRANITE"}},{"type":"Feature","id":1607,"geometry":{"type":"Point","coordinates":[-103.92766,57.5311]},"properties":{"cps":300,"y":"1979","lith":"ARKOSE"}},{"type":"Feature","id":1608,"geometry":{"type":"Point","coordinates":[-105.29451,57.64967]},"properties":{"cps":140,"y":"1980","lith":"SANDSTONE"}},{"type":"Feature","id":1609,"geometry":{"type":"Point","coordinates":[-105.15155,57.70231]},"properties":{"cps":275,"y":"1982","lith":"SANDSTONE"}},{"type":"Feature","id":1610,"geometry":{"type":"Point","coordinates":[-106.54408,57.2003]},"properties":{"cps":300,"y":"2007","lith":"GNEISS"}},{"type":"Feature","id":1611,"geometry":{"type":"Point","coordinates":[-105.19834,57.66501]},"properties":{"cps":0,"y":"1982","lith":" "}},{"type":"Feature","id":1612,"geometry":{"type":"Point","coordinates":[-105.44611,57.29074]},"properties":{"cps":150,"y":"1979","lith":"SANDSTONE"}},{"type":"Feature","id":1613,"geometry":{"type":"Point","coordinates":[-105.02951,57.6891]},"properties":{"cps":200,"y":"1982","lith":"SANDSTONE"}},{"type":"Feature","id":1614,"geometry":{"type":"Point","coordinates":[-104.94787,57.45696]},"properties":{"cps":400,"y":"1981","lith":"CONGLOMERATE"}},{"type":"Feature","id":1615,"geometry":{"type":"Point","coordinates":[-105.30483,57.646]},"properties":{"cps":100,"y":"1980","lith":"SANDSTONE"}},{"type":"Feature","id":1616,"geometry":{"type":"Point","coordinates":[-105.24563,57.65494]},"properties":{"cps":0,"y":"1982","lith":" "}},{"type":"Feature","id":1617,"geometry":{"type":"Point","coordinates":[-105.21371,57.66024]},"properties":{"cps":0,"y":"1982","lith":" "}},{"type":"Feature","id":1618,"geometry":{"type":"Point","coordinates":[-105.1615,57.68472]},"properties":{"cps":0,"y":"1982","lith":" "}},{"type":"Feature","id":1619,"geometry":{"type":"Point","coordinates":[-105.44995,57.3072]},"properties":{"cps":110,"y":"1979","lith":"GRANITE"}},{"type":"Feature","id":1620,"geometry":{"type":"Point","coordinates":[-105.24817,57.65082]},"properties":{"cps":0,"y":"1982","lith":" "}},{"type":"Feature","id":1621,"geometry":{"type":"Point","coordinates":[-105.30864,57.64412]},"properties":{"cps":130,"y":"1980","lith":"SANDSTONE"}},{"type":"Feature","id":1622,"geometry":{"type":"Point","coordinates":[-105.14968,57.70311]},"properties":{"cps":0,"y":"1982","lith":" "}},{"type":"Feature","id":1623,"geometry":{"type":"Point","coordinates":[-105.02936,57.68927]},"properties":{"cps":200,"y":"1982","lith":"SANDSTONE"}},{"type":"Feature","id":1624,"geometry":{"type":"Point","coordinates":[-105.20006,57.66589]},"properties":{"cps":0,"y":"1982","lith":" "}},{"type":"Feature","id":1625,"geometry":{"type":"Point","coordinates":[-104.95297,57.33499]},"properties":{"cps":400,"y":"1981","lith":"CONGLOMERATE"}},{"type":"Feature","id":1626,"geometry":{"type":"Point","coordinates":[-105.30471,57.64561]},"properties":{"cps":250,"y":"1980","lith":"SANDSTONE"}},{"type":"Feature","id":1627,"geometry":{"type":"Point","coordinates":[-105.60467,57.34345]},"properties":{"cps":125,"y":"1977","lith":"CONGLOMERATE"}},{"type":"Feature","id":1628,"geometry":{"type":"Point","coordinates":[-106.16139,56.89634]},"properties":{"cps":50,"y":"2005","lith":"GRANITE"}},{"type":"Feature","id":1629,"geometry":{"type":"Point","coordinates":[-105.26813,57.66816]},"properties":{"cps":200,"y":"1982","lith":"QUARTZ SANDSTONE"}},{"type":"Feature","id":1630,"geometry":{"type":"Point","coordinates":[-105.202,57.66267]},"properties":{"cps":0,"y":"1982","lith":" "}},{"type":"Feature","id":1631,"geometry":{"type":"Point","coordinates":[-106.03571,56.95901]},"properties":{"cps":200,"y":"1978","lith":" "}},{"type":"Feature","id":1632,"geometry":{"type":"Point","coordinates":[-105.14038,57.69998]},"properties":{"cps":100,"y":"1982","lith":"SANDSTONE"}},{"type":"Feature","id":1633,"geometry":{"type":"Point","coordinates":[-105.41529,57.36908]},"properties":{"cps":380,"y":"1981","lith":"SANDSTONE"}},{"type":"Feature","id":1634,"geometry":{"type":"Point","coordinates":[-105.20015,57.66592]},"properties":{"cps":0,"y":"1982","lith":" "}},{"type":"Feature","id":1635,"geometry":{"type":"Point","coordinates":[-105.30653,57.64449]},"properties":{"cps":270,"y":"1980","lith":"SANDSTONE"}},{"type":"Feature","id":1636,"geometry":{"type":"Point","coordinates":[-105.20384,57.66624]},"properties":{"cps":400,"y":"1982","lith":"SANDSTONE"}},{"type":"Feature","id":1637,"geometry":{"type":"Point","coordinates":[-105.22357,57.65689]},"properties":{"cps":200,"y":"1982","lith":"SANDSTONE"}},{"type":"Feature","id":1638,"geometry":{"type":"Point","coordinates":[-105.25095,57.64485]},"properties":{"cps":0,"y":"1982","lith":" "}},{"type":"Feature","id":1639,"geometry":{"type":"Point","coordinates":[-105.40019,57.45033]},"properties":{"cps":150,"y":"1982","lith":"SANDSTONE"}},{"type":"Feature","id":1640,"geometry":{"type":"Point","coordinates":[-105.61325,57.34461]},"properties":{"cps":50,"y":"1977","lith":"CONGLOMERATE"}},{"type":"Feature","id":1641,"geometry":{"type":"Point","coordinates":[-104.95478,57.33207]},"properties":{"cps":400,"y":"1981","lith":"CONGLOMERATE"}},{"type":"Feature","id":1642,"geometry":{"type":"Point","coordinates":[-105.14697,57.70502]},"properties":{"cps":250,"y":"1982","lith":"SANDSTONE"}},{"type":"Feature","id":1643,"geometry":{"type":"Point","coordinates":[-105.60284,57.34252]},"properties":{"cps":250,"y":"1977","lith":"GRANITE"}},{"type":"Feature","id":1644,"geometry":{"type":"Point","coordinates":[-105.15293,57.70135]},"properties":{"cps":250,"y":"1982","lith":"SANDSTONE"}},{"type":"Feature","id":1645,"geometry":{"type":"Point","coordinates":[-104.95254,57.45328]},"properties":{"cps":400,"y":"1981","lith":"CONGLOMERATE"}},{"type":"Feature","id":1646,"geometry":{"type":"Point","coordinates":[-104.9465,57.44776]},"properties":{"cps":400,"y":"1981","lith":"CONGLOMERATE"}},{"type":"Feature","id":1647,"geometry":{"type":"Point","coordinates":[-105.20676,57.66242]},"properties":{"cps":0,"y":"1982","lith":" "}},{"type":"Feature","id":1648,"geometry":{"type":"Point","coordinates":[-106.00901,57.06475]},"properties":{"cps":200,"y":"1985","lith":" "}},{"type":"Feature","id":1649,"geometry":{"type":"Point","coordinates":[-104.95767,57.33568]},"properties":{"cps":400,"y":"1981","lith":"CONGLOMERATE"}},{"type":"Feature","id":1650,"geometry":{"type":"Point","coordinates":[-105.34568,57.6271]},"properties":{"cps":370,"y":"1980","lith":"SANDSTONE"}},{"type":"Feature","id":1651,"geometry":{"type":"Point","coordinates":[-104.99022,57.31724]},"properties":{"cps":400,"y":"1981","lith":"CONGLOMERATE"}},{"type":"Feature","id":1652,"geometry":{"type":"Point","coordinates":[-105.03983,57.68188]},"properties":{"cps":270,"y":"1982","lith":"SANDSTONE"}},{"type":"Feature","id":1653,"geometry":{"type":"Point","coordinates":[-105.23122,57.27546]},"properties":{"cps":400,"y":"1981","lith":"CONGLOMERATE"}},{"type":"Feature","id":1654,"geometry":{"type":"Point","coordinates":[-104.0179,57.88275]},"properties":{"cps":350,"y":"1975","lith":"META-SEDIMENT"}},{"type":"Feature","id":1655,"geometry":{"type":"Point","coordinates":[-103.99605,57.87531]},"properties":{"cps":290,"y":"1975","lith":"META-SEDIMENT"}},{"type":"Feature","id":1656,"geometry":{"type":"Point","coordinates":[-105.20438,57.66302]},"properties":{"cps":275,"y":"1982","lith":"SANDSTONE"}},{"type":"Feature","id":1657,"geometry":{"type":"Point","coordinates":[-105.20115,57.66445]},"properties":{"cps":0,"y":"1982","lith":" "}},{"type":"Feature","id":1658,"geometry":{"type":"Point","coordinates":[-105.42902,57.29001]},"properties":{"cps":260,"y":"1979","lith":"SANDSTONE"}},{"type":"Feature","id":1659,"geometry":{"type":"Point","coordinates":[-104.97758,57.31818]},"properties":{"cps":400,"y":"1981","lith":"CONGLOMERATE"}},{"type":"Feature","id":1660,"geometry":{"type":"Point","coordinates":[-105.15063,57.70279]},"properties":{"cps":300,"y":"1982","lith":"SANDSTONE"}},{"type":"Feature","id":1661,"geometry":{"type":"Point","coordinates":[-105.16372,57.67978]},"properties":{"cps":300,"y":"1982","lith":"SANDSTONE"}},{"type":"Feature","id":1662,"geometry":{"type":"Point","coordinates":[-105.3472,57.62582]},"properties":{"cps":110,"y":"1980","lith":"SANDSTONE"}},{"type":"Feature","id":1663,"geometry":{"type":"Point","coordinates":[-105.13884,57.70024]},"properties":{"cps":100,"y":"1982","lith":"SANDSTONE"}},{"type":"Feature","id":1664,"geometry":{"type":"Point","coordinates":[-105.14484,57.70191]},"properties":{"cps":0,"y":"1982","lith":" "}},{"type":"Feature","id":1665,"geometry":{"type":"Point","coordinates":[-105.33343,57.63159]},"properties":{"cps":290,"y":"1980","lith":"SANDSTONE"}},{"type":"Feature","id":1666,"geometry":{"type":"Point","coordinates":[-106.61559,59.13402]},"properties":{"cps":250,"y":"1979","lith":"SANDSTONE"}},{"type":"Feature","id":1667,"geometry":{"type":"Point","coordinates":[-105.20458,57.66473]},"properties":{"cps":0,"y":"1982","lith":" "}},{"type":"Feature","id":1668,"geometry":{"type":"Point","coordinates":[-104.95931,57.33732]},"properties":{"cps":400,"y":"1981","lith":"CONGLOMERATE"}},{"type":"Feature","id":1669,"geometry":{"type":"Point","coordinates":[-105.30682,57.64436]},"properties":{"cps":160,"y":"1980","lith":"SANDSTONE"}},{"type":"Feature","id":1670,"geometry":{"type":"Point","coordinates":[-105.1734,57.67988]},"properties":{"cps":400,"y":"1982","lith":"SANDSTONE"}},{"type":"Feature","id":1671,"geometry":{"type":"Point","coordinates":[-105.15454,57.70115]},"properties":{"cps":0,"y":"1982","lith":" "}},{"type":"Feature","id":1672,"geometry":{"type":"Point","coordinates":[-105.13965,57.69916]},"properties":{"cps":200,"y":"1982","lith":"SANDSTONE"}},{"type":"Feature","id":1673,"geometry":{"type":"Point","coordinates":[-105.14611,57.70564]},"properties":{"cps":0,"y":"1982","lith":" "}},{"type":"Feature","id":1674,"geometry":{"type":"Point","coordinates":[-105.22675,57.65628]},"properties":{"cps":200,"y":"1982","lith":"SANDSTONE"}},{"type":"Feature","id":1675,"geometry":{"type":"Point","coordinates":[-105.17638,57.6771]},"properties":{"cps":0,"y":"1982","lith":" "}},{"type":"Feature","id":1676,"geometry":{"type":"Point","coordinates":[-105.41395,57.44454]},"properties":{"cps":140,"y":"1982","lith":"SANDSTONE"}},{"type":"Feature","id":1677,"geometry":{"type":"Point","coordinates":[-105.2375,57.27232]},"properties":{"cps":400,"y":"1981","lith":"CONGLOMERATE"}},{"type":"Feature","id":1678,"geometry":{"type":"Point","coordinates":[-105.21299,57.28502]},"properties":{"cps":400,"y":"1981","lith":"CONGLOMERATE"}},{"type":"Feature","id":1679,"geometry":{"type":"Point","coordinates":[-105.16753,57.6839]},"properties":{"cps":250,"y":"1982","lith":"SANDSTONE"}},{"type":"Feature","id":1680,"geometry":{"type":"Point","coordinates":[-105.1712,57.67989]},"properties":{"cps":400,"y":"1982","lith":"SANDSTONE"}},{"type":"Feature","id":1681,"geometry":{"type":"Point","coordinates":[-105.20131,57.29447]},"properties":{"cps":400,"y":"1981","lith":"CONGLOMERATE"}},{"type":"Feature","id":1682,"geometry":{"type":"Point","coordinates":[-105.03942,57.68227]},"properties":{"cps":400,"y":"1982","lith":"SANDSTONE"}},{"type":"Feature","id":1683,"geometry":{"type":"Point","coordinates":[-105.02818,57.69035]},"properties":{"cps":280,"y":"1982","lith":"SANDSTONE"}},{"type":"Feature","id":1684,"geometry":{"type":"Point","coordinates":[-105.42025,57.37193]},"properties":{"cps":300,"y":"1981","lith":"SANDSTONE"}},{"type":"Feature","id":1685,"geometry":{"type":"Point","coordinates":[-105.1569,57.70044]},"properties":{"cps":0,"y":"1982","lith":" "}},{"type":"Feature","id":1686,"geometry":{"type":"Point","coordinates":[-105.23714,57.65415]},"properties":{"cps":0,"y":"1982","lith":" "}},{"type":"Feature","id":1687,"geometry":{"type":"Point","coordinates":[-103.96142,57.88203]},"properties":{"cps":250,"y":"1975","lith":"META-SEDIMENT"}},{"type":"Feature","id":1688,"geometry":{"type":"Point","coordinates":[-104.95795,57.32937]},"properties":{"cps":400,"y":"1981","lith":"CONGLOMERATE"}},{"type":"Feature","id":1689,"geometry":{"type":"Point","coordinates":[-105.32209,57.64078]},"properties":{"cps":300,"y":"1980","lith":"SANDSTONE"}},{"type":"Feature","id":1690,"geometry":{"type":"Point","coordinates":[-105.19845,57.66409]},"properties":{"cps":0,"y":"1982","lith":" "}},{"type":"Feature","id":1691,"geometry":{"type":"Point","coordinates":[-104.97826,57.32748]},"properties":{"cps":400,"y":"1981","lith":"CONGLOMERATE"}},{"type":"Feature","id":1692,"geometry":{"type":"Point","coordinates":[-105.25047,57.64431]},"properties":{"cps":0,"y":"1982","lith":" "}},{"type":"Feature","id":1693,"geometry":{"type":"Point","coordinates":[-105.1375,57.70125]},"properties":{"cps":400,"y":"1982","lith":"SANDSTONE"}},{"type":"Feature","id":1694,"geometry":{"type":"Point","coordinates":[-105.4202,57.30681]},"properties":{"cps":150,"y":"1979","lith":"SANDSTONE"}},{"type":"Feature","id":1695,"geometry":{"type":"Point","coordinates":[-105.17138,57.69091]},"properties":{"cps":0,"y":"1982","lith":" "}},{"type":"Feature","id":1696,"geometry":{"type":"Point","coordinates":[-105.15169,57.70219]},"properties":{"cps":250,"y":"1982","lith":"SANDSTONE"}},{"type":"Feature","id":1697,"geometry":{"type":"Point","coordinates":[-105.20968,57.29083]},"properties":{"cps":400,"y":"1981","lith":"CONGLOMERATE"}},{"type":"Feature","id":1698,"geometry":{"type":"Point","coordinates":[-105.26806,57.66829]},"properties":{"cps":400,"y":"1982","lith":"QUARTZ SANDSTONE"}},{"type":"Feature","id":1699,"geometry":{"type":"Point","coordinates":[-105.20235,57.66486]},"properties":{"cps":0,"y":"1982","lith":" "}},{"type":"Feature","id":1700,"geometry":{"type":"Point","coordinates":[-105.42312,57.30673]},"properties":{"cps":280,"y":"1979","lith":"GNEISS"}},{"type":"Feature","id":1701,"geometry":{"type":"Point","coordinates":[-104.93995,57.45542]},"properties":{"cps":400,"y":"1981","lith":"CONGLOMERATE"}},{"type":"Feature","id":1702,"geometry":{"type":"Point","coordinates":[-104.97752,57.3282]},"properties":{"cps":400,"y":"1981","lith":"CONGLOMERATE"}},{"type":"Feature","id":1703,"geometry":{"type":"Point","coordinates":[-105.19815,57.66492]},"properties":{"cps":0,"y":"1982","lith":" "}},{"type":"Feature","id":1704,"geometry":{"type":"Point","coordinates":[-104.96641,57.32537]},"properties":{"cps":400,"y":"1981","lith":"CONGLOMERATE"}},{"type":"Feature","id":1705,"geometry":{"type":"Point","coordinates":[-105.14773,57.70138]},"properties":{"cps":275,"y":"1982","lith":"SANDSTONE"}},{"type":"Feature","id":1706,"geometry":{"type":"Point","coordinates":[-105.1511,57.70253]},"properties":{"cps":250,"y":"1982","lith":"SANDSTONE"}},{"type":"Feature","id":1707,"geometry":{"type":"Point","coordinates":[-104.94605,57.45262]},"properties":{"cps":400,"y":"1981","lith":"CONGLOMERATE"}},{"type":"Feature","id":1708,"geometry":{"type":"Point","coordinates":[-105.19875,57.6652]},"properties":{"cps":275,"y":"1982","lith":"SANDSTONE"}},{"type":"Feature","id":1709,"geometry":{"type":"Point","coordinates":[-105.36791,57.46933]},"properties":{"cps":165,"y":"1982","lith":"SANDSTONE"}},{"type":"Feature","id":1710,"geometry":{"type":"Point","coordinates":[-105.15902,57.6971]},"properties":{"cps":0,"y":"1982","lith":" "}},{"type":"Feature","id":1711,"geometry":{"type":"Point","coordinates":[-105.04671,57.67801]},"properties":{"cps":250,"y":"1982","lith":"SANDSTONE"}},{"type":"Feature","id":1712,"geometry":{"type":"Point","coordinates":[-105.20254,57.66513]},"properties":{"cps":0,"y":"1982","lith":" "}},{"type":"Feature","id":1713,"geometry":{"type":"Point","coordinates":[-103.93271,57.54851]},"properties":{"cps":130,"y":"1979","lith":"CALC SILICATE GNEISS"}},{"type":"Feature","id":1714,"geometry":{"type":"Point","coordinates":[-105.20473,57.66463]},"properties":{"cps":0,"y":"1982","lith":" "}},{"type":"Feature","id":1715,"geometry":{"type":"Point","coordinates":[-105.19522,57.66768]},"properties":{"cps":300,"y":"1982","lith":"SANDSTONE"}},{"type":"Feature","id":1716,"geometry":{"type":"Point","coordinates":[-105.16974,57.68042]},"properties":{"cps":0,"y":"1982","lith":" "}},{"type":"Feature","id":1717,"geometry":{"type":"Point","coordinates":[-105.04045,57.68196]},"properties":{"cps":300,"y":"1982","lith":"SANDSTONE"}},{"type":"Feature","id":1718,"geometry":{"type":"Point","coordinates":[-105.23881,57.27384]},"properties":{"cps":400,"y":"1981","lith":"CONGLOMERATE"}},{"type":"Feature","id":1719,"geometry":{"type":"Point","coordinates":[-105.00932,57.29824]},"properties":{"cps":400,"y":"1981","lith":"CONGLOMERATE"}},{"type":"Feature","id":1720,"geometry":{"type":"Point","coordinates":[-103.58576,58.437]},"properties":{"cps":150,"y":"2006","lith":"BIOTITE SCHIST"}},{"type":"Feature","id":1721,"geometry":{"type":"Point","coordinates":[-104.97941,57.31579]},"properties":{"cps":400,"y":"1981","lith":"CONGLOMERATE"}},{"type":"Feature","id":1722,"geometry":{"type":"Point","coordinates":[-105.49123,57.38371]},"properties":{"cps":150,"y":"1982","lith":"SANDSTONE"}},{"type":"Feature","id":1723,"geometry":{"type":"Point","coordinates":[-105.19852,57.66381]},"properties":{"cps":0,"y":"1982","lith":" "}},{"type":"Feature","id":1724,"geometry":{"type":"Point","coordinates":[-105.15869,57.6878]},"properties":{"cps":250,"y":"1982","lith":"SANDSTONE"}},{"type":"Feature","id":1725,"geometry":{"type":"Point","coordinates":[-105.29518,57.64894]},"properties":{"cps":115,"y":"1980","lith":"SANDSTONE"}},{"type":"Feature","id":1726,"geometry":{"type":"Point","coordinates":[-105.23998,57.65414]},"properties":{"cps":0,"y":"1982","lith":" "}},{"type":"Feature","id":1727,"geometry":{"type":"Point","coordinates":[-104.97728,57.31716]},"properties":{"cps":400,"y":"1981","lith":"CONGLOMERATE"}},{"type":"Feature","id":1728,"geometry":{"type":"Point","coordinates":[-103.906,57.55277]},"properties":{"cps":300,"y":"1979","lith":"GRANITIC GNEISS WITH DIOPSIDE"}},{"type":"Feature","id":1729,"geometry":{"type":"Point","coordinates":[-105.22379,57.28143]},"properties":{"cps":400,"y":"1981","lith":"CONGLOMERATE"}},{"type":"Feature","id":1730,"geometry":{"type":"Point","coordinates":[-105.19976,57.29365]},"properties":{"cps":400,"y":"1981","lith":"CONGLOMERATE"}},{"type":"Feature","id":1731,"geometry":{"type":"Point","coordinates":[-106.6273,59.12322]},"properties":{"cps":250,"y":"1979","lith":"SANDSTONE"}},{"type":"Feature","id":1732,"geometry":{"type":"Point","coordinates":[-105.24129,57.65277]},"properties":{"cps":0,"y":"1982","lith":" "}},{"type":"Feature","id":1733,"geometry":{"type":"Point","coordinates":[-105.30459,57.64537]},"properties":{"cps":150,"y":"1980","lith":"SANDSTONE"}},{"type":"Feature","id":1734,"geometry":{"type":"Point","coordinates":[-105.22963,57.65555]},"properties":{"cps":0,"y":"1982","lith":" "}},{"type":"Feature","id":1735,"geometry":{"type":"Point","coordinates":[-105.15473,57.70105]},"properties":{"cps":0,"y":"1982","lith":" "}},{"type":"Feature","id":1736,"geometry":{"type":"Point","coordinates":[-105.14267,57.71077]},"properties":{"cps":0,"y":"1982","lith":" "}},{"type":"Feature","id":1737,"geometry":{"type":"Point","coordinates":[-105.15317,57.7002]},"properties":{"cps":220,"y":"1982","lith":"SANDSTONE"}},{"type":"Feature","id":1738,"geometry":{"type":"Point","coordinates":[-105.22623,57.65602]},"properties":{"cps":0,"y":"1982","lith":" "}},{"type":"Feature","id":1739,"geometry":{"type":"Point","coordinates":[-105.19504,57.66607]},"properties":{"cps":350,"y":"1982","lith":"SANDSTONE"}},{"type":"Feature","id":1740,"geometry":{"type":"Point","coordinates":[-105.13252,57.70108]},"properties":{"cps":150,"y":"1982","lith":"SANDSTONE"}},{"type":"Feature","id":1741,"geometry":{"type":"Point","coordinates":[-105.20322,57.66624]},"properties":{"cps":250,"y":"1982","lith":"SANDSTONE"}},{"type":"Feature","id":1742,"geometry":{"type":"Point","coordinates":[-105.43896,57.29594]},"properties":{"cps":120,"y":"1979","lith":"SANDSTONE"}},{"type":"Feature","id":1743,"geometry":{"type":"Point","coordinates":[-104.9938,57.31491]},"properties":{"cps":400,"y":"1981","lith":"CONGLOMERATE"}},{"type":"Feature","id":1744,"geometry":{"type":"Point","coordinates":[-105.62014,57.3434]},"properties":{"cps":250,"y":"1977","lith":"GRANITE"}},{"type":"Feature","id":1745,"geometry":{"type":"Point","coordinates":[-105.20309,57.66689]},"properties":{"cps":300,"y":"1982","lith":"SANDSTONE"}},{"type":"Feature","id":1746,"geometry":{"type":"Point","coordinates":[-105.15111,57.70251]},"properties":{"cps":0,"y":"1982","lith":" "}},{"type":"Feature","id":1747,"geometry":{"type":"Point","coordinates":[-105.21355,57.66062]},"properties":{"cps":0,"y":"1982","lith":" "}},{"type":"Feature","id":1748,"geometry":{"type":"Point","coordinates":[-105.42916,57.31145]},"properties":{"cps":120,"y":"1979","lith":"GNEISS"}},{"type":"Feature","id":1749,"geometry":{"type":"Point","coordinates":[-105.21616,57.65892]},"properties":{"cps":250,"y":"1982","lith":"SANDSTONE"}},{"type":"Feature","id":1750,"geometry":{"type":"Point","coordinates":[-105.3348,57.63468]},"properties":{"cps":100,"y":"1980","lith":"SANDSTONE"}},{"type":"Feature","id":1751,"geometry":{"type":"Point","coordinates":[-106.63747,57.24091]},"properties":{"cps":250,"y":"2007","lith":"PEGMATITE"}},{"type":"Feature","id":1752,"geometry":{"type":"Point","coordinates":[-105.15126,57.70237]},"properties":{"cps":250,"y":"1982","lith":"SANDSTONE"}},{"type":"Feature","id":1753,"geometry":{"type":"Point","coordinates":[-105.154,57.70021]},"properties":{"cps":0,"y":"1982","lith":" "}},{"type":"Feature","id":1754,"geometry":{"type":"Point","coordinates":[-105.1496,57.70353]},"properties":{"cps":0,"y":"1982","lith":" "}},{"type":"Feature","id":1755,"geometry":{"type":"Point","coordinates":[-104.95827,57.33193]},"properties":{"cps":400,"y":"1981","lith":"CONGLOMERATE"}},{"type":"Feature","id":1756,"geometry":{"type":"Point","coordinates":[-105.20232,57.66506]},"properties":{"cps":0,"y":"1982","lith":" "}},{"type":"Feature","id":1757,"geometry":{"type":"Point","coordinates":[-105.44874,57.31868]},"properties":{"cps":200,"y":"1979","lith":"GRANITE"}},{"type":"Feature","id":1758,"geometry":{"type":"Point","coordinates":[-105.16161,57.6962]},"properties":{"cps":250,"y":"1982","lith":" "}},{"type":"Feature","id":1759,"geometry":{"type":"Point","coordinates":[-105.33625,57.63105]},"properties":{"cps":100,"y":"1980","lith":"SANDSTONE"}},{"type":"Feature","id":1760,"geometry":{"type":"Point","coordinates":[-104.94066,57.45591]},"properties":{"cps":400,"y":"1981","lith":"CONGLOMERATE"}},{"type":"Feature","id":1761,"geometry":{"type":"Point","coordinates":[-105.45856,57.30459]},"properties":{"cps":120,"y":"1979","lith":"SANDSTONE"}},{"type":"Feature","id":1762,"geometry":{"type":"Point","coordinates":[-105.15867,57.70006]},"properties":{"cps":350,"y":"1982","lith":"SANDSTONE"}},{"type":"Feature","id":1763,"geometry":{"type":"Point","coordinates":[-105.28509,57.66098]},"properties":{"cps":150,"y":"1982","lith":" "}},{"type":"Feature","id":1764,"geometry":{"type":"Point","coordinates":[-105.19788,57.66503]},"properties":{"cps":0,"y":"1982","lith":" "}},{"type":"Feature","id":1765,"geometry":{"type":"Point","coordinates":[-105.24507,57.65197]},"properties":{"cps":0,"y":"1982","lith":" "}},{"type":"Feature","id":1766,"geometry":{"type":"Point","coordinates":[-105.14153,57.70158]},"properties":{"cps":0,"y":"1982","lith":" "}},{"type":"Feature","id":1767,"geometry":{"type":"Point","coordinates":[-104.02489,57.88367]},"properties":{"cps":175,"y":"1975","lith":"QUARTZITE"}},{"type":"Feature","id":1768,"geometry":{"type":"Point","coordinates":[-105.44603,57.29014]},"properties":{"cps":170,"y":"1979","lith":"SANDSTONE"}},{"type":"Feature","id":1769,"geometry":{"type":"Point","coordinates":[-105.44861,57.29118]},"properties":{"cps":180,"y":"1979","lith":"GNEISS"}},{"type":"Feature","id":1770,"geometry":{"type":"Point","coordinates":[-105.13902,57.69929]},"properties":{"cps":100,"y":"1982","lith":"SANDSTONE"}},{"type":"Feature","id":1771,"geometry":{"type":"Point","coordinates":[-104.97812,57.31613]},"properties":{"cps":400,"y":"1981","lith":"CONGLOMERATE"}},{"type":"Feature","id":1772,"geometry":{"type":"Point","coordinates":[-105.45247,57.28843]},"properties":{"cps":320,"y":"1979","lith":"SANDSTONE"}},{"type":"Feature","id":1773,"geometry":{"type":"Point","coordinates":[-105.22875,57.65582]},"properties":{"cps":0,"y":"1982","lith":" "}},{"type":"Feature","id":1774,"geometry":{"type":"Point","coordinates":[-105.34961,57.62522]},"properties":{"cps":270,"y":"1980","lith":"SANDSTONE"}},{"type":"Feature","id":1775,"geometry":{"type":"Point","coordinates":[-105.22814,57.65612]},"properties":{"cps":0,"y":"1982","lith":" "}},{"type":"Feature","id":1776,"geometry":{"type":"Point","coordinates":[-105.44961,57.30837]},"properties":{"cps":210,"y":"1979","lith":"GRANITE"}},{"type":"Feature","id":1777,"geometry":{"type":"Point","coordinates":[-105.43668,57.31151]},"properties":{"cps":210,"y":"1979","lith":"GRANITE"}},{"type":"Feature","id":1778,"geometry":{"type":"Point","coordinates":[-105.0361,57.68478]},"properties":{"cps":350,"y":"1982","lith":"SANDSTONE"}},{"type":"Feature","id":1779,"geometry":{"type":"Point","coordinates":[-105.18185,57.67322]},"properties":{"cps":0,"y":"1982","lith":" "}},{"type":"Feature","id":1780,"geometry":{"type":"Point","coordinates":[-105.19672,57.66518]},"properties":{"cps":0,"y":"1982","lith":" "}},{"type":"Feature","id":1781,"geometry":{"type":"Point","coordinates":[-104.93571,57.45645]},"properties":{"cps":400,"y":"1981","lith":"CONGLOMERATE"}},{"type":"Feature","id":1782,"geometry":{"type":"Point","coordinates":[-105.1984,57.66392]},"properties":{"cps":0,"y":"1982","lith":" "}},{"type":"Feature","id":1783,"geometry":{"type":"Point","coordinates":[-105.45316,57.30824]},"properties":{"cps":150,"y":"1979","lith":"SANDSTONE"}},{"type":"Feature","id":1784,"geometry":{"type":"Point","coordinates":[-105.23232,57.65336]},"properties":{"cps":0,"y":"1982","lith":" "}},{"type":"Feature","id":1785,"geometry":{"type":"Point","coordinates":[-105.13919,57.70231]},"properties":{"cps":100,"y":"1982","lith":"SANDSTONE"}},{"type":"Feature","id":1786,"geometry":{"type":"Point","coordinates":[-105.93912,57.27462]},"properties":{"cps":375,"y":"1981","lith":"CONGLOMERATE"}},{"type":"Feature","id":1787,"geometry":{"type":"Point","coordinates":[-105.44382,57.31877]},"properties":{"cps":110,"y":"1979","lith":"SANDSTONE"}},{"type":"Feature","id":1788,"geometry":{"type":"Point","coordinates":[-105.22206,57.28444]},"properties":{"cps":400,"y":"1981","lith":"CONGLOMERATE"}},{"type":"Feature","id":1789,"geometry":{"type":"Point","coordinates":[-104.94068,57.45648]},"properties":{"cps":400,"y":"1981","lith":"CONGLOMERATE"}},{"type":"Feature","id":1790,"geometry":{"type":"Point","coordinates":[-105.60438,57.34348]},"properties":{"cps":100,"y":"1977","lith":"CONGLOMERATE"}},{"type":"Feature","id":1791,"geometry":{"type":"Point","coordinates":[-105.44765,57.29047]},"properties":{"cps":150,"y":"1979","lith":"SANDSTONE"}},{"type":"Feature","id":1792,"geometry":{"type":"Point","coordinates":[-105.1475,57.70534]},"properties":{"cps":400,"y":"1982","lith":"SANDSTONE"}},{"type":"Feature","id":1793,"geometry":{"type":"Point","coordinates":[-105.18166,57.67242]},"properties":{"cps":0,"y":"1982","lith":" "}},{"type":"Feature","id":1794,"geometry":{"type":"Point","coordinates":[-105.19775,57.66537]},"properties":{"cps":0,"y":"1982","lith":" "}},{"type":"Feature","id":1795,"geometry":{"type":"Point","coordinates":[-105.20317,57.66619]},"properties":{"cps":225,"y":"1982","lith":"SANDSTONE"}},{"type":"Feature","id":1796,"geometry":{"type":"Point","coordinates":[-105.00018,57.30914]},"properties":{"cps":400,"y":"1981","lith":"CONGLOMERATE"}},{"type":"Feature","id":1797,"geometry":{"type":"Point","coordinates":[-105.45952,57.4143]},"properties":{"cps":400,"y":"1982","lith":"CONGLOMERATE"}},{"type":"Feature","id":1798,"geometry":{"type":"Point","coordinates":[-105.1916,57.66679]},"properties":{"cps":0,"y":"1982","lith":" "}},{"type":"Feature","id":1799,"geometry":{"type":"Point","coordinates":[-105.13286,57.70125]},"properties":{"cps":150,"y":"1982","lith":"SANDSTONE"}},{"type":"Feature","id":1800,"geometry":{"type":"Point","coordinates":[-105.30494,57.64592]},"properties":{"cps":105,"y":"1980","lith":"SANDSTONE"}},{"type":"Feature","id":1801,"geometry":{"type":"Point","coordinates":[-105.30668,57.64446]},"properties":{"cps":140,"y":"1980","lith":"SANDSTONE"}},{"type":"Feature","id":1802,"geometry":{"type":"Point","coordinates":[-105.42004,57.36851]},"properties":{"cps":300,"y":"1981","lith":"SANDSTONE"}},{"type":"Feature","id":1803,"geometry":{"type":"Point","coordinates":[-105.2083,57.29265]},"properties":{"cps":400,"y":"1981","lith":"CONGLOMERATE"}},{"type":"Feature","id":1804,"geometry":{"type":"Point","coordinates":[-105.15858,57.69703]},"properties":{"cps":0,"y":"1982","lith":" "}},{"type":"Feature","id":1805,"geometry":{"type":"Point","coordinates":[-104.96528,57.32562]},"properties":{"cps":400,"y":"1981","lith":"CONGLOMERATE"}},{"type":"Feature","id":1806,"geometry":{"type":"Point","coordinates":[-105.44324,57.30743]},"properties":{"cps":150,"y":"1979","lith":" "}},{"type":"Feature","id":1807,"geometry":{"type":"Point","coordinates":[-105.22025,57.28426]},"properties":{"cps":400,"y":"1981","lith":"CONGLOMERATE"}},{"type":"Feature","id":1808,"geometry":{"type":"Point","coordinates":[-105.25072,57.64598]},"properties":{"cps":0,"y":"1982","lith":" "}},{"type":"Feature","id":1809,"geometry":{"type":"Point","coordinates":[-105.26635,57.46102]},"properties":{"cps":240,"y":"1982","lith":"SANDSTONE"}},{"type":"Feature","id":1810,"geometry":{"type":"Point","coordinates":[-105.42333,57.30653]},"properties":{"cps":260,"y":"1979","lith":"SANDSTONE"}},{"type":"Feature","id":1811,"geometry":{"type":"Point","coordinates":[-105.44951,57.30044]},"properties":{"cps":120,"y":"1979","lith":"SANDSTONE"}},{"type":"Feature","id":1812,"geometry":{"type":"Point","coordinates":[-105.29498,57.64899]},"properties":{"cps":100,"y":"1980","lith":"SANDSTONE"}},{"type":"Feature","id":1813,"geometry":{"type":"Point","coordinates":[-103.9661,57.87695]},"properties":{"cps":200,"y":"1975","lith":" "}},{"type":"Feature","id":1814,"geometry":{"type":"Point","coordinates":[-105.02612,57.29527]},"properties":{"cps":340,"y":"1981","lith":"PEGMATITE"}},{"type":"Feature","id":1815,"geometry":{"type":"Point","coordinates":[-105.14553,57.7073]},"properties":{"cps":0,"y":"1982","lith":" "}},{"type":"Feature","id":1816,"geometry":{"type":"Point","coordinates":[-105.20932,57.66177]},"properties":{"cps":0,"y":"1982","lith":" "}},{"type":"Feature","id":1817,"geometry":{"type":"Point","coordinates":[-105.24845,57.65196]},"properties":{"cps":0,"y":"1982","lith":" "}},{"type":"Feature","id":1818,"geometry":{"type":"Point","coordinates":[-105.17798,57.67539]},"properties":{"cps":400,"y":"1982","lith":"SANDSTONE"}},{"type":"Feature","id":1819,"geometry":{"type":"Point","coordinates":[-105.41897,57.37246]},"properties":{"cps":360,"y":"1981","lith":"SANDSTONE"}},{"type":"Feature","id":1820,"geometry":{"type":"Point","coordinates":[-105.30479,57.6456]},"properties":{"cps":120,"y":"1980","lith":"SANDSTONE"}},{"type":"Feature","id":1821,"geometry":{"type":"Point","coordinates":[-105.34395,57.62908]},"properties":{"cps":100,"y":"1980","lith":"SANDSTONE"}},{"type":"Feature","id":1822,"geometry":{"type":"Point","coordinates":[-105.30495,57.64588]},"properties":{"cps":110,"y":"1980","lith":"SANDSTONE"}},{"type":"Feature","id":1823,"geometry":{"type":"Point","coordinates":[-105.33504,57.63088]},"properties":{"cps":105,"y":"1980","lith":"SANDSTONE"}},{"type":"Feature","id":1824,"geometry":{"type":"Point","coordinates":[-106.02748,57.0644]},"properties":{"cps":200,"y":"1985","lith":" "}},{"type":"Feature","id":1825,"geometry":{"type":"Point","coordinates":[-103.89695,57.55252]},"properties":{"cps":140,"y":"1979","lith":"BIOTITE GNEISS/CALCIC ARKOSE WITH DIOPSIDE"}},{"type":"Feature","id":1826,"geometry":{"type":"Point","coordinates":[-105.34638,57.62673]},"properties":{"cps":380,"y":"1980","lith":"SANDSTONE"}},{"type":"Feature","id":1827,"geometry":{"type":"Point","coordinates":[-103.91229,57.5622]},"properties":{"cps":165,"y":"1979","lith":"BIOTITE GNEISS"}},{"type":"Feature","id":1828,"geometry":{"type":"Point","coordinates":[-105.32807,57.63879]},"properties":{"cps":320,"y":"1980","lith":"SANDSTONE"}},{"type":"Feature","id":1829,"geometry":{"type":"Point","coordinates":[-105.23888,57.65425]},"properties":{"cps":0,"y":"1982","lith":" "}},{"type":"Feature","id":1830,"geometry":{"type":"Point","coordinates":[-105.15748,57.6984]},"properties":{"cps":0,"y":"1982","lith":" "}},{"type":"Feature","id":1831,"geometry":{"type":"Point","coordinates":[-106.02481,57.0649]},"properties":{"cps":380,"y":"1985","lith":" "}},{"type":"Feature","id":1832,"geometry":{"type":"Point","coordinates":[-105.17112,57.67989]},"properties":{"cps":0,"y":"1982","lith":" "}},{"type":"Feature","id":1833,"geometry":{"type":"Point","coordinates":[-105.03101,57.68818]},"properties":{"cps":300,"y":"1982","lith":"SANDSTONE"}},{"type":"Feature","id":1834,"geometry":{"type":"Point","coordinates":[-104.94669,57.44614]},"properties":{"cps":400,"y":"1981","lith":"CONGLOMERATE"}},{"type":"Feature","id":1835,"geometry":{"type":"Point","coordinates":[-105.14484,57.70809]},"properties":{"cps":250,"y":"1982","lith":"SANDSTONE"}},{"type":"Feature","id":1836,"geometry":{"type":"Point","coordinates":[-105.2059,57.66522]},"properties":{"cps":250,"y":"1982","lith":"SANDSTONE"}},{"type":"Feature","id":1837,"geometry":{"type":"Point","coordinates":[-105.6021,57.33891]},"properties":{"cps":75,"y":"1977","lith":"GNIESS"}},{"type":"Feature","id":1838,"geometry":{"type":"Point","coordinates":[-105.24249,57.6526]},"properties":{"cps":0,"y":"1982","lith":" "}},{"type":"Feature","id":1839,"geometry":{"type":"Point","coordinates":[-105.16692,57.68418]},"properties":{"cps":0,"y":"1982","lith":" "}},{"type":"Feature","id":1840,"geometry":{"type":"Point","coordinates":[-105.19472,57.66436]},"properties":{"cps":0,"y":"1982","lith":" "}},{"type":"Feature","id":1841,"geometry":{"type":"Point","coordinates":[-105.28264,57.66209]},"properties":{"cps":400,"y":"1982","lith":"QUARTZ SANDSTONE"}},{"type":"Feature","id":1842,"geometry":{"type":"Point","coordinates":[-105.32192,57.64062]},"properties":{"cps":115,"y":"1980","lith":"SANDSTONE"}},{"type":"Feature","id":1843,"geometry":{"type":"Point","coordinates":[-105.13759,57.70172]},"properties":{"cps":0,"y":"1982","lith":" "}},{"type":"Feature","id":1844,"geometry":{"type":"Point","coordinates":[-105.1432,57.71117]},"properties":{"cps":270,"y":"1982","lith":"SANDSTONE"}},{"type":"Feature","id":1845,"geometry":{"type":"Point","coordinates":[-105.19834,57.66369]},"properties":{"cps":0,"y":"1982","lith":" "}},{"type":"Feature","id":1846,"geometry":{"type":"Point","coordinates":[-105.21353,57.2906]},"properties":{"cps":400,"y":"1981","lith":"CONGLOMERATE"}},{"type":"Feature","id":1847,"geometry":{"type":"Point","coordinates":[-105.33203,57.46937]},"properties":{"cps":275,"y":"1982","lith":"CONGLOMERATE"}},{"type":"Feature","id":1848,"geometry":{"type":"Point","coordinates":[-105.15961,57.68872]},"properties":{"cps":200,"y":"1982","lith":"SANDSTONE"}},{"type":"Feature","id":1849,"geometry":{"type":"Point","coordinates":[-105.30489,57.64538]},"properties":{"cps":100,"y":"1980","lith":"SANDSTONE"}},{"type":"Feature","id":1850,"geometry":{"type":"Point","coordinates":[-105.03374,57.68635]},"properties":{"cps":400,"y":"1982","lith":"SANDSTONE"}},{"type":"Feature","id":1851,"geometry":{"type":"Point","coordinates":[-105.4462,57.32056]},"properties":{"cps":150,"y":"1979","lith":"GNEISS"}},{"type":"Feature","id":1852,"geometry":{"type":"Point","coordinates":[-105.13178,57.70051]},"properties":{"cps":300,"y":"1982","lith":"SANDSTONE"}},{"type":"Feature","id":1853,"geometry":{"type":"Point","coordinates":[-105.1595,57.69038]},"properties":{"cps":0,"y":"1982","lith":" "}},{"type":"Feature","id":1854,"geometry":{"type":"Point","coordinates":[-105.157,57.70056]},"properties":{"cps":0,"y":"1982","lith":" "}},{"type":"Feature","id":1855,"geometry":{"type":"Point","coordinates":[-105.14368,57.7084]},"properties":{"cps":0,"y":"1982","lith":" "}},{"type":"Feature","id":1856,"geometry":{"type":"Point","coordinates":[-105.46386,57.29166]},"properties":{"cps":120,"y":"1979","lith":"GRANITE"}},{"type":"Feature","id":1857,"geometry":{"type":"Point","coordinates":[-105.61943,57.34437]},"properties":{"cps":250,"y":"1977","lith":"GRANITE"}},{"type":"Feature","id":1858,"geometry":{"type":"Point","coordinates":[-105.14611,57.70494]},"properties":{"cps":0,"y":"1982","lith":" "}},{"type":"Feature","id":1859,"geometry":{"type":"Point","coordinates":[-105.4362,57.31169]},"properties":{"cps":350,"y":"1979","lith":"GNEISS"}},{"type":"Feature","id":1860,"geometry":{"type":"Point","coordinates":[-105.43635,57.31153]},"properties":{"cps":170,"y":"1979","lith":"GRANITE"}},{"type":"Feature","id":1861,"geometry":{"type":"Point","coordinates":[-105.19964,57.29426]},"properties":{"cps":400,"y":"1981","lith":"CONGLOMERATE"}},{"type":"Feature","id":1862,"geometry":{"type":"Point","coordinates":[-105.22714,57.65593]},"properties":{"cps":0,"y":"1982","lith":" "}},{"type":"Feature","id":1863,"geometry":{"type":"Point","coordinates":[-105.22107,57.28227]},"properties":{"cps":400,"y":"1981","lith":"CONGLOMERATE"}},{"type":"Feature","id":1864,"geometry":{"type":"Point","coordinates":[-106.48076,57.22309]},"properties":{"cps":200,"y":"2007","lith":"SANDSTONE"}},{"type":"Feature","id":1865,"geometry":{"type":"Point","coordinates":[-105.13828,57.70165]},"properties":{"cps":250,"y":"1982","lith":"SANDSTONE"}},{"type":"Feature","id":1866,"geometry":{"type":"Point","coordinates":[-105.13957,57.70108]},"properties":{"cps":100,"y":"1982","lith":"SANDSTONE"}},{"type":"Feature","id":1867,"geometry":{"type":"Point","coordinates":[-105.1984,57.6636]},"properties":{"cps":0,"y":"1982","lith":" "}},{"type":"Feature","id":1868,"geometry":{"type":"Point","coordinates":[-105.60266,57.33911]},"properties":{"cps":75,"y":"1977","lith":"SANDSTONE"}},{"type":"Feature","id":1869,"geometry":{"type":"Point","coordinates":[-105.03537,57.68512]},"properties":{"cps":250,"y":"1982","lith":"SANDSTONE"}},{"type":"Feature","id":1870,"geometry":{"type":"Point","coordinates":[-104.9825,57.31388]},"properties":{"cps":400,"y":"1981","lith":"CONGLOMERATE"}},{"type":"Feature","id":1871,"geometry":{"type":"Point","coordinates":[-105.19974,57.66399]},"properties":{"cps":0,"y":"1982","lith":" "}},{"type":"Feature","id":1872,"geometry":{"type":"Point","coordinates":[-105.24625,57.6514]},"properties":{"cps":0,"y":"1982","lith":" "}},{"type":"Feature","id":1873,"geometry":{"type":"Point","coordinates":[-105.19878,57.6653]},"properties":{"cps":275,"y":"1982","lith":"SANDSTONE"}},{"type":"Feature","id":1874,"geometry":{"type":"Point","coordinates":[-104.97715,57.31918]},"properties":{"cps":400,"y":"1981","lith":"CONGLOMERATE"}},{"type":"Feature","id":1875,"geometry":{"type":"Point","coordinates":[-105.16118,57.69603]},"properties":{"cps":0,"y":"1982","lith":" "}},{"type":"Feature","id":1876,"geometry":{"type":"Point","coordinates":[-105.14931,57.70382]},"properties":{"cps":0,"y":"1982","lith":" "}},{"type":"Feature","id":1877,"geometry":{"type":"Point","coordinates":[-105.44785,57.30796]},"properties":{"cps":150,"y":"1979","lith":"SANDSTONE"}},{"type":"Feature","id":1878,"geometry":{"type":"Point","coordinates":[-105.22111,57.2831]},"properties":{"cps":400,"y":"1981","lith":"CONGLOMERATE"}},{"type":"Feature","id":1879,"geometry":{"type":"Point","coordinates":[-105.0359,57.68496]},"properties":{"cps":200,"y":"1982","lith":"SANDSTONE"}},{"type":"Feature","id":1880,"geometry":{"type":"Point","coordinates":[-105.16786,57.68158]},"properties":{"cps":250,"y":"1982","lith":"SANDSTONE"}},{"type":"Feature","id":1881,"geometry":{"type":"Point","coordinates":[-105.15675,57.69985]},"properties":{"cps":0,"y":"1982","lith":" "}},{"type":"Feature","id":1882,"geometry":{"type":"Point","coordinates":[-105.15914,57.68734]},"properties":{"cps":250,"y":"1982","lith":"SANDSTONE"}},{"type":"Feature","id":1883,"geometry":{"type":"Point","coordinates":[-105.19632,57.66544]},"properties":{"cps":0,"y":"1982","lith":" "}},{"type":"Feature","id":1884,"geometry":{"type":"Point","coordinates":[-105.25046,57.64642]},"properties":{"cps":0,"y":"1982","lith":" "}},{"type":"Feature","id":1885,"geometry":{"type":"Point","coordinates":[-105.14406,57.70809]},"properties":{"cps":0,"y":"1982","lith":" "}},{"type":"Feature","id":1886,"geometry":{"type":"Point","coordinates":[-105.17145,57.67988]},"properties":{"cps":275,"y":"1982","lith":"SANDSTONE"}},{"type":"Feature","id":1887,"geometry":{"type":"Point","coordinates":[-105.32181,57.64076]},"properties":{"cps":160,"y":"1980","lith":"SANDSTONE"}},{"type":"Feature","id":1888,"geometry":{"type":"Point","coordinates":[-105.19835,57.66524]},"properties":{"cps":0,"y":"1982","lith":" "}},{"type":"Feature","id":1889,"geometry":{"type":"Point","coordinates":[-105.13941,57.70086]},"properties":{"cps":100,"y":"1982","lith":"SANDSTONE"}},{"type":"Feature","id":1890,"geometry":{"type":"Point","coordinates":[-105.44199,57.40597]},"properties":{"cps":280,"y":"1982","lith":"CONGLOMERATE"}},{"type":"Feature","id":1891,"geometry":{"type":"Point","coordinates":[-106.53538,57.17714]},"properties":{"cps":250,"y":"2007","lith":"PEGMATITE"}},{"type":"Feature","id":1892,"geometry":{"type":"Point","coordinates":[-106.37412,59.11664]},"properties":{"cps":400,"y":"1979","lith":"SANDSTONE"}},{"type":"Feature","id":1893,"geometry":{"type":"Point","coordinates":[-105.19815,57.66484]},"properties":{"cps":0,"y":"1982","lith":" "}},{"type":"Feature","id":1894,"geometry":{"type":"Point","coordinates":[-105.13809,57.70288]},"properties":{"cps":100,"y":"1982","lith":"SANDSTONE"}},{"type":"Feature","id":1895,"geometry":{"type":"Point","coordinates":[-105.16503,57.68395]},"properties":{"cps":0,"y":"1982","lith":" "}},{"type":"Feature","id":1896,"geometry":{"type":"Point","coordinates":[-105.1426,57.7095]},"properties":{"cps":0,"y":"1982","lith":" "}},{"type":"Feature","id":1897,"geometry":{"type":"Point","coordinates":[-105.16862,57.6797]},"properties":{"cps":0,"y":"1982","lith":" "}},{"type":"Feature","id":1898,"geometry":{"type":"Point","coordinates":[-105.17097,57.67971]},"properties":{"cps":0,"y":"1982","lith":" "}},{"type":"Feature","id":1899,"geometry":{"type":"Point","coordinates":[-105.34025,57.63026]},"properties":{"cps":125,"y":"1980","lith":"SANDSTONE"}},{"type":"Feature","id":1900,"geometry":{"type":"Point","coordinates":[-105.19989,57.66596]},"properties":{"cps":0,"y":"1982","lith":" "}},{"type":"Feature","id":1901,"geometry":{"type":"Point","coordinates":[-105.13879,57.70042]},"properties":{"cps":100,"y":"1982","lith":"SANDSTONE"}},{"type":"Feature","id":1902,"geometry":{"type":"Point","coordinates":[-105.20215,57.66531]},"properties":{"cps":0,"y":"1982","lith":" "}},{"type":"Feature","id":1903,"geometry":{"type":"Point","coordinates":[-105.22809,57.28406]},"properties":{"cps":400,"y":"1981","lith":"CONGLOMERATE"}},{"type":"Feature","id":1904,"geometry":{"type":"Point","coordinates":[-105.24119,57.65392]},"properties":{"cps":0,"y":"1982","lith":" "}},{"type":"Feature","id":1905,"geometry":{"type":"Point","coordinates":[-105.14406,57.70232]},"properties":{"cps":0,"y":"1982","lith":" "}},{"type":"Feature","id":1906,"geometry":{"type":"Point","coordinates":[-105.04026,57.68185]},"properties":{"cps":400,"y":"1982","lith":"SANDSTONE"}},{"type":"Feature","id":1907,"geometry":{"type":"Point","coordinates":[-105.15126,57.70247]},"properties":{"cps":0,"y":"1982","lith":" "}},{"type":"Feature","id":1908,"geometry":{"type":"Point","coordinates":[-105.21113,57.66052]},"properties":{"cps":400,"y":"1982","lith":"SANDSTONE"}},{"type":"Feature","id":1909,"geometry":{"type":"Point","coordinates":[-105.628,57.33843]},"properties":{"cps":100,"y":"1977","lith":"SANDSTONE"}},{"type":"Feature","id":1910,"geometry":{"type":"Point","coordinates":[-104.95699,57.33609]},"properties":{"cps":400,"y":"1981","lith":"CONGLOMERATE"}},{"type":"Feature","id":1911,"geometry":{"type":"Point","coordinates":[-105.4297,57.31125]},"properties":{"cps":105,"y":"1979","lith":"GRANITE"}},{"type":"Feature","id":1912,"geometry":{"type":"Point","coordinates":[-105.14898,57.70307]},"properties":{"cps":0,"y":"1982","lith":" "}},{"type":"Feature","id":1913,"geometry":{"type":"Point","coordinates":[-105.02761,57.69115]},"properties":{"cps":280,"y":"1982","lith":"SANDSTONE"}},{"type":"Feature","id":1914,"geometry":{"type":"Point","coordinates":[-105.44936,57.30801]},"properties":{"cps":200,"y":"1979","lith":"SANDSTONE"}},{"type":"Feature","id":1915,"geometry":{"type":"Point","coordinates":[-103.90629,57.55295]},"properties":{"cps":150,"y":"1979","lith":" "}},{"type":"Feature","id":1916,"geometry":{"type":"Point","coordinates":[-105.45706,57.30024]},"properties":{"cps":200,"y":"1979","lith":"GRANITE"}},{"type":"Feature","id":1917,"geometry":{"type":"Point","coordinates":[-105.30489,57.6451]},"properties":{"cps":110,"y":"1980","lith":"SANDSTONE"}},{"type":"Feature","id":1918,"geometry":{"type":"Point","coordinates":[-105.15192,57.70213]},"properties":{"cps":220,"y":"1982","lith":"SANDSTONE"}},{"type":"Feature","id":1919,"geometry":{"type":"Point","coordinates":[-105.30465,57.64569]},"properties":{"cps":170,"y":"1980","lith":"SANDSTONE"}},{"type":"Feature","id":1920,"geometry":{"type":"Point","coordinates":[-103.78746,58.63425]},"properties":{"cps":300,"y":"2007","lith":"BACKGROUND"}},{"type":"Feature","id":1921,"geometry":{"type":"Point","coordinates":[-105.22167,57.28205]},"properties":{"cps":400,"y":"1981","lith":"CONGLOMERATE"}},{"type":"Feature","id":1922,"geometry":{"type":"Point","coordinates":[-103.11698,58.54158]},"properties":{"cps":300,"y":"1978","lith":" "}},{"type":"Feature","id":1923,"geometry":{"type":"Point","coordinates":[-105.60214,57.34084]},"properties":{"cps":75,"y":"1977","lith":"SANDSTONE"}},{"type":"Feature","id":1924,"geometry":{"type":"Point","coordinates":[-105.20855,57.28571]},"properties":{"cps":400,"y":"1981","lith":"CONGLOMERATE"}},{"type":"Feature","id":1925,"geometry":{"type":"Point","coordinates":[-104.94612,57.45037]},"properties":{"cps":400,"y":"1981","lith":"CONGLOMERATE"}},{"type":"Feature","id":1926,"geometry":{"type":"Point","coordinates":[-104.94795,57.44783]},"properties":{"cps":400,"y":"1981","lith":"CONGLOMERATE"}},{"type":"Feature","id":1927,"geometry":{"type":"Point","coordinates":[-103.96358,57.86584]},"properties":{"cps":175,"y":"1975","lith":"GRANITE"}},{"type":"Feature","id":1928,"geometry":{"type":"Point","coordinates":[-105.42235,57.41371]},"properties":{"cps":225,"y":"1982","lith":"CONGLOMERATE"}},{"type":"Feature","id":1929,"geometry":{"type":"Point","coordinates":[-104.98714,57.3159]},"properties":{"cps":400,"y":"1981","lith":"CONGLOMERATE"}},{"type":"Feature","id":1930,"geometry":{"type":"Point","coordinates":[-105.16268,57.68475]},"properties":{"cps":400,"y":"1982","lith":"SANDSTONE"}},{"type":"Feature","id":1931,"geometry":{"type":"Point","coordinates":[-105.21264,57.6594]},"properties":{"cps":0,"y":"1982","lith":" "}},{"type":"Feature","id":1932,"geometry":{"type":"Point","coordinates":[-105.2058,57.66261]},"properties":{"cps":0,"y":"1982","lith":" "}},{"type":"Feature","id":1933,"geometry":{"type":"Point","coordinates":[-105.36971,57.46063]},"properties":{"cps":250,"y":"1982","lith":"SANDSTONE"}},{"type":"Feature","id":1934,"geometry":{"type":"Point","coordinates":[-104.98613,57.31774]},"properties":{"cps":400,"y":"1981","lith":"CONGLOMERATE"}},{"type":"Feature","id":1935,"geometry":{"type":"Point","coordinates":[-105.23309,57.27621]},"properties":{"cps":400,"y":"1981","lith":"CONGLOMERATE"}},{"type":"Feature","id":1936,"geometry":{"type":"Point","coordinates":[-105.33935,57.47345]},"properties":{"cps":280,"y":"1982","lith":"CONGLOMERATE"}},{"type":"Feature","id":1937,"geometry":{"type":"Point","coordinates":[-103.79269,58.63216]},"properties":{"cps":400,"y":"2007","lith":"GRANITIC GNEISS"}},{"type":"Feature","id":1938,"geometry":{"type":"Point","coordinates":[-103.96145,57.8664]},"properties":{"cps":150,"y":"1975","lith":"PEGMATITE"}},{"type":"Feature","id":1939,"geometry":{"type":"Point","coordinates":[-105.21004,57.2842]},"properties":{"cps":400,"y":"1981","lith":"CONGLOMERATE"}},{"type":"Feature","id":1940,"geometry":{"type":"Point","coordinates":[-105.4429,57.30765]},"properties":{"cps":190,"y":"1979","lith":" "}},{"type":"Feature","id":1941,"geometry":{"type":"Point","coordinates":[-105.45173,57.39519]},"properties":{"cps":320,"y":"1982","lith":"CONGLOMERATE"}},{"type":"Feature","id":1942,"geometry":{"type":"Point","coordinates":[-105.22476,57.65604]},"properties":{"cps":0,"y":"1982","lith":" "}},{"type":"Feature","id":1943,"geometry":{"type":"Point","coordinates":[-105.22188,57.28496]},"properties":{"cps":400,"y":"1981","lith":"CONGLOMERATE"}},{"type":"Feature","id":1944,"geometry":{"type":"Point","coordinates":[-105.14633,57.70263]},"properties":{"cps":250,"y":"1982","lith":"SANDSTONE"}},{"type":"Feature","id":1945,"geometry":{"type":"Point","coordinates":[-104.95623,57.33479]},"properties":{"cps":400,"y":"1981","lith":"CONGLOMERATE"}},{"type":"Feature","id":1946,"geometry":{"type":"Point","coordinates":[-105.13795,57.70206]},"properties":{"cps":0,"y":"1982","lith":" "}},{"type":"Feature","id":1947,"geometry":{"type":"Point","coordinates":[-105.16535,57.68315]},"properties":{"cps":0,"y":"1982","lith":" "}},{"type":"Feature","id":1948,"geometry":{"type":"Point","coordinates":[-105.24778,57.651]},"properties":{"cps":0,"y":"1982","lith":" "}},{"type":"Feature","id":1949,"geometry":{"type":"Point","coordinates":[-105.16363,57.68278]},"properties":{"cps":0,"y":"1982","lith":" "}},{"type":"Feature","id":1950,"geometry":{"type":"Point","coordinates":[-105.04105,57.6812]},"properties":{"cps":400,"y":"1982","lith":"SANDSTONE"}},{"type":"Feature","id":1951,"geometry":{"type":"Point","coordinates":[-105.14788,57.70621]},"properties":{"cps":220,"y":"1982","lith":"SANDSTONE"}},{"type":"Feature","id":1952,"geometry":{"type":"Point","coordinates":[-105.20801,57.28538]},"properties":{"cps":360,"y":"1981","lith":"PEGMATITE"}},{"type":"Feature","id":1953,"geometry":{"type":"Point","coordinates":[-105.22889,57.65582]},"properties":{"cps":235,"y":"1982","lith":"SANDSTONE"}},{"type":"Feature","id":1954,"geometry":{"type":"Point","coordinates":[-105.32418,57.63998]},"properties":{"cps":100,"y":"1980","lith":"SANDSTONE"}},{"type":"Feature","id":1955,"geometry":{"type":"Point","coordinates":[-103.92109,57.55583]},"properties":{"cps":183,"y":"1979","lith":"PINK FOLIATED GRANITIC ROCK"}},{"type":"Feature","id":1956,"geometry":{"type":"Point","coordinates":[-106.63795,57.23986]},"properties":{"cps":300,"y":"2007","lith":"PEGMATITE"}},{"type":"Feature","id":1957,"geometry":{"type":"Point","coordinates":[-105.03191,57.68788]},"properties":{"cps":280,"y":"1982","lith":"SANDSTONE"}},{"type":"Feature","id":1958,"geometry":{"type":"Point","coordinates":[-105.2095,57.28449]},"properties":{"cps":400,"y":"1981","lith":"CONGLOMERATE"}},{"type":"Feature","id":1959,"geometry":{"type":"Point","coordinates":[-105.45183,57.30236]},"properties":{"cps":100,"y":"1979","lith":"SANDSTONE"}},{"type":"Feature","id":1960,"geometry":{"type":"Point","coordinates":[-105.42298,57.36748]},"properties":{"cps":300,"y":"1981","lith":"SANDSTONE"}},{"type":"Feature","id":1961,"geometry":{"type":"Point","coordinates":[-105.41356,57.44247]},"properties":{"cps":150,"y":"1982","lith":"SANDSTONE"}},{"type":"Feature","id":1962,"geometry":{"type":"Point","coordinates":[-102.8182,58.01708]},"properties":{"cps":400,"y":"1975","lith":"PEGMATITE"}},{"type":"Feature","id":1963,"geometry":{"type":"Point","coordinates":[-105.20985,57.28426]},"properties":{"cps":400,"y":"1981","lith":"CONGLOMERATE"}},{"type":"Feature","id":1964,"geometry":{"type":"Point","coordinates":[-105.19902,57.66519]},"properties":{"cps":0,"y":"1982","lith":" "}},{"type":"Feature","id":1965,"geometry":{"type":"Point","coordinates":[-105.34825,57.62574]},"properties":{"cps":105,"y":"1980","lith":"SANDSTONE"}},{"type":"Feature","id":1966,"geometry":{"type":"Point","coordinates":[-105.15452,57.70095]},"properties":{"cps":0,"y":"1982","lith":" "}},{"type":"Feature","id":1967,"geometry":{"type":"Point","coordinates":[-105.61818,57.33671]},"properties":{"cps":150,"y":"1977","lith":"PEGMATITE"}},{"type":"Feature","id":1968,"geometry":{"type":"Point","coordinates":[-105.23992,57.65388]},"properties":{"cps":0,"y":"1982","lith":" "}},{"type":"Feature","id":1969,"geometry":{"type":"Point","coordinates":[-105.15468,57.70087]},"properties":{"cps":0,"y":"1982","lith":" "}},{"type":"Feature","id":1970,"geometry":{"type":"Point","coordinates":[-103.57158,58.46495]},"properties":{"cps":200,"y":"2006","lith":"BIOTITE SCHIST"}},{"type":"Feature","id":1971,"geometry":{"type":"Point","coordinates":[-105.25046,57.65167]},"properties":{"cps":0,"y":"1982","lith":" "}},{"type":"Feature","id":1972,"geometry":{"type":"Point","coordinates":[-105.02607,57.29671]},"properties":{"cps":310,"y":"1981","lith":"BASEMENT"}},{"type":"Feature","id":1973,"geometry":{"type":"Point","coordinates":[-105.20934,57.66228]},"properties":{"cps":354,"y":"1981","lith":"SANDSTONE"}},{"type":"Feature","id":1974,"geometry":{"type":"Point","coordinates":[-105.30423,57.64572]},"properties":{"cps":300,"y":"1980","lith":"SANDSTONE"}},{"type":"Feature","id":1975,"geometry":{"type":"Point","coordinates":[-104.96107,57.32789]},"properties":{"cps":400,"y":"1981","lith":"CONGLOMERATE"}},{"type":"Feature","id":1976,"geometry":{"type":"Point","coordinates":[-105.22498,57.28302]},"properties":{"cps":400,"y":"1981","lith":"CONGLOMERATE"}},{"type":"Feature","id":1977,"geometry":{"type":"Point","coordinates":[-105.30551,57.64518]},"properties":{"cps":180,"y":"1980","lith":"SANDSTONE"}},{"type":"Feature","id":1978,"geometry":{"type":"Point","coordinates":[-105.18683,57.67058]},"properties":{"cps":250,"y":"1982","lith":"SANDSTONE"}},{"type":"Feature","id":1979,"geometry":{"type":"Point","coordinates":[-105.19896,57.66336]},"properties":{"cps":0,"y":"1982","lith":" "}},{"type":"Feature","id":1980,"geometry":{"type":"Point","coordinates":[-105.45991,57.29105]},"properties":{"cps":140,"y":"1979","lith":"SANDSTONE"}},{"type":"Feature","id":1981,"geometry":{"type":"Point","coordinates":[-105.20851,57.66198]},"properties":{"cps":300,"y":"1982","lith":"SANDSTONE"}},{"type":"Feature","id":1982,"geometry":{"type":"Point","coordinates":[-105.13256,57.70177]},"properties":{"cps":100,"y":"1982","lith":"SANDSTONE"}},{"type":"Feature","id":1983,"geometry":{"type":"Point","coordinates":[-105.04462,57.6794]},"properties":{"cps":210,"y":"1982","lith":"SANDSTONE"}},{"type":"Feature","id":1984,"geometry":{"type":"Point","coordinates":[-105.35039,57.62809]},"properties":{"cps":110,"y":"1980","lith":"SANDSTONE"}},{"type":"Feature","id":1985,"geometry":{"type":"Point","coordinates":[-105.30927,57.64359]},"properties":{"cps":105,"y":"1980","lith":"SANDSTONE"}},{"type":"Feature","id":1986,"geometry":{"type":"Point","coordinates":[-105.14752,57.70581]},"properties":{"cps":0,"y":"1982","lith":" "}},{"type":"Feature","id":1987,"geometry":{"type":"Point","coordinates":[-105.15058,57.70301]},"properties":{"cps":0,"y":"1982","lith":" "}},{"type":"Feature","id":1988,"geometry":{"type":"Point","coordinates":[-104.95632,57.33294]},"properties":{"cps":400,"y":"1981","lith":"CONGLOMERATE"}},{"type":"Feature","id":1989,"geometry":{"type":"Point","coordinates":[-105.02649,57.69205]},"properties":{"cps":250,"y":"1982","lith":"SANDSTONE"}},{"type":"Feature","id":1990,"geometry":{"type":"Point","coordinates":[-105.15609,57.69897]},"properties":{"cps":0,"y":"1982","lith":" "}},{"type":"Feature","id":1991,"geometry":{"type":"Point","coordinates":[-105.16538,57.68243]},"properties":{"cps":250,"y":"1982","lith":"SANDSTONE"}},{"type":"Feature","id":1992,"geometry":{"type":"Point","coordinates":[-105.20759,57.66526]},"properties":{"cps":350,"y":"1982","lith":"SANDSTONE"}},{"type":"Feature","id":1993,"geometry":{"type":"Point","coordinates":[-105.26795,57.66825]},"properties":{"cps":290,"y":"1982","lith":"QUARTZ SANDSTONE"}},{"type":"Feature","id":1994,"geometry":{"type":"Point","coordinates":[-105.02808,57.69009]},"properties":{"cps":400,"y":"1982","lith":"SANDSTONE"}},{"type":"Feature","id":1995,"geometry":{"type":"Point","coordinates":[-105.60157,57.34195]},"properties":{"cps":75,"y":"1977","lith":"CONGLOMERATE"}},{"type":"Feature","id":1996,"geometry":{"type":"Point","coordinates":[-103.94188,57.55436]},"properties":{"cps":75,"y":"1979","lith":"QUARTZITE/GARNETE/GRAPHITE"}},{"type":"Feature","id":1997,"geometry":{"type":"Point","coordinates":[-103.9239,57.88871]},"properties":{"cps":300,"y":"1975","lith":"PEGMATITE"}},{"type":"Feature","id":1998,"geometry":{"type":"Point","coordinates":[-104.96804,57.32299]},"properties":{"cps":400,"y":"1981","lith":"CONGLOMERATE"}},{"type":"Feature","id":1999,"geometry":{"type":"Point","coordinates":[-105.02841,57.69004]},"properties":{"cps":200,"y":"1982","lith":"SANDSTONE"}},{"type":"Feature","id":2000,"geometry":{"type":"Point","coordinates":[-105.15528,57.6997]},"properties":{"cps":0,"y":"1982","lith":" "}},{"type":"Feature","id":2001,"geometry":{"type":"Point","coordinates":[-105.19482,57.6659]},"properties":{"cps":0,"y":"1982","lith":" "}},{"type":"Feature","id":2002,"geometry":{"type":"Point","coordinates":[-105.23368,57.65246]},"properties":{"cps":0,"y":"1982","lith":" "}},{"type":"Feature","id":2003,"geometry":{"type":"Point","coordinates":[-105.19935,57.66662]},"properties":{"cps":0,"y":"1982","lith":" "}},{"type":"Feature","id":2004,"geometry":{"type":"Point","coordinates":[-105.26832,57.44989]},"properties":{"cps":0,"y":"1979","lith":" "}},{"type":"Feature","id":2005,"geometry":{"type":"Point","coordinates":[-105.43193,57.40418]},"properties":{"cps":0,"y":"1979","lith":" "}},{"type":"Feature","id":2006,"geometry":{"type":"Point","coordinates":[-105.29039,57.46809]},"properties":{"cps":0,"y":"1979","lith":" "}},{"type":"Feature","id":2007,"geometry":{"type":"Point","coordinates":[-105.43172,57.40526]},"properties":{"cps":0,"y":"1979","lith":" "}},{"type":"Feature","id":2008,"geometry":{"type":"Point","coordinates":[-105.30084,57.44051]},"properties":{"cps":0,"y":"1979","lith":" "}},{"type":"Feature","id":2009,"geometry":{"type":"Point","coordinates":[-105.30599,57.44408]},"properties":{"cps":0,"y":"1979","lith":" "}},{"type":"Feature","id":2010,"geometry":{"type":"Point","coordinates":[-105.34199,57.46742]},"properties":{"cps":0,"y":"1979","lith":" "}},{"type":"Feature","id":2011,"geometry":{"type":"Point","coordinates":[-105.30657,57.44516]},"properties":{"cps":0,"y":"1979","lith":" "}},{"type":"Feature","id":2012,"geometry":{"type":"Point","coordinates":[-105.19391,57.6662]},"properties":{"cps":0,"y":"1982","lith":" "}},{"type":"Feature","id":2013,"geometry":{"type":"Point","coordinates":[-105.15342,57.70081]},"properties":{"cps":0,"y":"1982","lith":" "}},{"type":"Feature","id":2014,"geometry":{"type":"Point","coordinates":[-105.16606,57.6845]},"properties":{"cps":0,"y":"1982","lith":" "}},{"type":"Feature","id":2015,"geometry":{"type":"Point","coordinates":[-105.40769,57.43399]},"properties":{"cps":0,"y":"1979","lith":" "}},{"type":"Feature","id":2016,"geometry":{"type":"Point","coordinates":[-105.34059,57.47103]},"properties":{"cps":0,"y":"1979","lith":" "}},{"type":"Feature","id":2017,"geometry":{"type":"Point","coordinates":[-105.15272,57.70187]},"properties":{"cps":0,"y":"1982","lith":" "}},{"type":"Feature","id":2018,"geometry":{"type":"Point","coordinates":[-105.13942,57.69915]},"properties":{"cps":0,"y":"1982","lith":" "}},{"type":"Feature","id":2019,"geometry":{"type":"Point","coordinates":[-105.26381,57.45001]},"properties":{"cps":0,"y":"1979","lith":" "}},{"type":"Feature","id":2020,"geometry":{"type":"Point","coordinates":[-105.22831,57.6561]},"properties":{"cps":0,"y":"1982","lith":" "}},{"type":"Feature","id":2021,"geometry":{"type":"Point","coordinates":[-105.43427,57.40677]},"properties":{"cps":0,"y":"1979","lith":" "}},{"type":"Feature","id":2022,"geometry":{"type":"Point","coordinates":[-105.22862,57.65596]},"properties":{"cps":0,"y":"1982","lith":" "}},{"type":"Feature","id":2023,"geometry":{"type":"Point","coordinates":[-105.43893,57.42158]},"properties":{"cps":0,"y":"1979","lith":" "}},{"type":"Feature","id":2024,"geometry":{"type":"Point","coordinates":[-105.43878,57.42286]},"properties":{"cps":0,"y":"1979","lith":" "}},{"type":"Feature","id":2025,"geometry":{"type":"Point","coordinates":[-105.15787,57.69571]},"properties":{"cps":0,"y":"1982","lith":" "}},{"type":"Feature","id":2026,"geometry":{"type":"Point","coordinates":[-105.33895,57.45073]},"properties":{"cps":0,"y":"1979","lith":" "}},{"type":"Feature","id":2027,"geometry":{"type":"Point","coordinates":[-105.20458,57.66468]},"properties":{"cps":0,"y":"1982","lith":" "}},{"type":"Feature","id":2028,"geometry":{"type":"Point","coordinates":[-104.90656,57.65528]},"properties":{"cps":0,"y":"1984","lith":"SANDSTONE"}},{"type":"Feature","id":2029,"geometry":{"type":"Point","coordinates":[-105.20503,57.6654]},"properties":{"cps":0,"y":"1982","lith":" "}},{"type":"Feature","id":2030,"geometry":{"type":"Point","coordinates":[-105.2055,57.66525]},"properties":{"cps":0,"y":"1982","lith":" "}},{"type":"Feature","id":2031,"geometry":{"type":"Point","coordinates":[-105.13111,57.70345]},"properties":{"cps":0,"y":"1982","lith":" "}},{"type":"Feature","id":2032,"geometry":{"type":"Point","coordinates":[-105.25059,57.64415]},"properties":{"cps":0,"y":"1982","lith":" "}},{"type":"Feature","id":2033,"geometry":{"type":"Point","coordinates":[-105.19783,57.66407]},"properties":{"cps":0,"y":"1982","lith":" "}},{"type":"Feature","id":2034,"geometry":{"type":"Point","coordinates":[-104.69681,57.63783]},"properties":{"cps":0,"y":"1979","lith":" "}},{"type":"Feature","id":2035,"geometry":{"type":"Point","coordinates":[-105.24664,57.65122]},"properties":{"cps":0,"y":"1982","lith":" "}},{"type":"Feature","id":2036,"geometry":{"type":"Point","coordinates":[-105.26826,57.4513]},"properties":{"cps":0,"y":"1979","lith":" "}},{"type":"Feature","id":2037,"geometry":{"type":"Point","coordinates":[-105.43331,57.43331]},"properties":{"cps":0,"y":"1979","lith":" "}},{"type":"Feature","id":2038,"geometry":{"type":"Point","coordinates":[-105.26881,57.44869]},"properties":{"cps":0,"y":"1979","lith":" "}},{"type":"Feature","id":2039,"geometry":{"type":"Point","coordinates":[-105.30263,57.43794]},"properties":{"cps":0,"y":"1979","lith":" "}},{"type":"Feature","id":2040,"geometry":{"type":"Point","coordinates":[-105.23699,57.65425]},"properties":{"cps":0,"y":"1982","lith":" "}},{"type":"Feature","id":2041,"geometry":{"type":"Point","coordinates":[-105.23708,57.4675]},"properties":{"cps":0,"y":"1979","lith":" "}},{"type":"Feature","id":2042,"geometry":{"type":"Point","coordinates":[-105.43447,57.43466]},"properties":{"cps":0,"y":"1979","lith":" "}},{"type":"Feature","id":2043,"geometry":{"type":"Point","coordinates":[-105.34368,57.46755]},"properties":{"cps":0,"y":"1979","lith":" "}},{"type":"Feature","id":2044,"geometry":{"type":"Point","coordinates":[-105.26252,57.45107]},"properties":{"cps":0,"y":"1979","lith":" "}},{"type":"Feature","id":2045,"geometry":{"type":"Point","coordinates":[-105.14891,57.70296]},"properties":{"cps":0,"y":"1982","lith":" "}},{"type":"Feature","id":2046,"geometry":{"type":"Point","coordinates":[-104.88965,57.66763]},"properties":{"cps":0,"y":"1984","lith":"SANDSTONE"}},{"type":"Feature","id":2047,"geometry":{"type":"Point","coordinates":[-105.15727,57.7004]},"properties":{"cps":0,"y":"1982","lith":" "}},{"type":"Feature","id":2048,"geometry":{"type":"Point","coordinates":[-105.34067,57.46858]},"properties":{"cps":0,"y":"1979","lith":" "}},{"type":"Feature","id":2049,"geometry":{"type":"Point","coordinates":[-105.26512,57.45094]},"properties":{"cps":0,"y":"1979","lith":" "}},{"type":"Feature","id":2050,"geometry":{"type":"Point","coordinates":[-105.25264,57.45828]},"properties":{"cps":0,"y":"1979","lith":" "}},{"type":"Feature","id":2051,"geometry":{"type":"Point","coordinates":[-105.19946,57.66631]},"properties":{"cps":0,"y":"1982","lith":" "}},{"type":"Feature","id":2052,"geometry":{"type":"Point","coordinates":[-105.26854,57.44977]},"properties":{"cps":0,"y":"1979","lith":" "}},{"type":"Feature","id":2053,"geometry":{"type":"Point","coordinates":[-105.3514,57.42014]},"properties":{"cps":0,"y":"1979","lith":" "}},{"type":"Feature","id":2054,"geometry":{"type":"Point","coordinates":[-105.24644,57.65154]},"properties":{"cps":0,"y":"1982","lith":" "}},{"type":"Feature","id":2055,"geometry":{"type":"Point","coordinates":[-105.33655,57.4246]},"properties":{"cps":0,"y":"1979","lith":" "}},{"type":"Feature","id":2056,"geometry":{"type":"Point","coordinates":[-105.34979,57.42376]},"properties":{"cps":0,"y":"1979","lith":" "}},{"type":"Feature","id":2057,"geometry":{"type":"Point","coordinates":[-105.23888,57.65393]},"properties":{"cps":0,"y":"1982","lith":" "}},{"type":"Feature","id":2058,"geometry":{"type":"Point","coordinates":[-105.26808,57.45004]},"properties":{"cps":0,"y":"1979","lith":" "}},{"type":"Feature","id":2059,"geometry":{"type":"Point","coordinates":[-105.24661,57.46184]},"properties":{"cps":0,"y":"1979","lith":" "}},{"type":"Feature","id":2060,"geometry":{"type":"Point","coordinates":[-105.34507,57.42241]},"properties":{"cps":0,"y":"1979","lith":" "}},{"type":"Feature","id":2061,"geometry":{"type":"Point","coordinates":[-105.25075,57.45544]},"properties":{"cps":0,"y":"1979","lith":" "}},{"type":"Feature","id":2062,"geometry":{"type":"Point","coordinates":[-105.30149,57.44527]},"properties":{"cps":0,"y":"1979","lith":" "}},{"type":"Feature","id":2063,"geometry":{"type":"Point","coordinates":[-105.22787,57.65579]},"properties":{"cps":0,"y":"1982","lith":" "}},{"type":"Feature","id":2064,"geometry":{"type":"Point","coordinates":[-104.89396,57.66593]},"properties":{"cps":0,"y":"1984","lith":"SANDSTONE"}},{"type":"Feature","id":2065,"geometry":{"type":"Point","coordinates":[-105.14213,57.70934]},"properties":{"cps":0,"y":"1982","lith":" "}},{"type":"Feature","id":2066,"geometry":{"type":"Point","coordinates":[-105.16389,57.68358]},"properties":{"cps":0,"y":"1982","lith":" "}},{"type":"Feature","id":2067,"geometry":{"type":"Point","coordinates":[-105.30321,57.44548]},"properties":{"cps":0,"y":"1979","lith":" "}},{"type":"Feature","id":2068,"geometry":{"type":"Point","coordinates":[-105.14965,57.70262]},"properties":{"cps":0,"y":"1982","lith":" "}},{"type":"Feature","id":2069,"geometry":{"type":"Point","coordinates":[-105.19739,57.66536]},"properties":{"cps":0,"y":"1982","lith":" "}},{"type":"Feature","id":2070,"geometry":{"type":"Point","coordinates":[-105.27092,57.44349]},"properties":{"cps":0,"y":"1979","lith":" "}},{"type":"Feature","id":2071,"geometry":{"type":"Point","coordinates":[-105.43801,57.4213]},"properties":{"cps":0,"y":"1979","lith":" "}},{"type":"Feature","id":2072,"geometry":{"type":"Point","coordinates":[-105.1525,57.70214]},"properties":{"cps":0,"y":"1982","lith":" "}},{"type":"Feature","id":2073,"geometry":{"type":"Point","coordinates":[-105.40018,57.42691]},"properties":{"cps":0,"y":"1979","lith":" "}},{"type":"Feature","id":2074,"geometry":{"type":"Point","coordinates":[-105.30231,57.44358]},"properties":{"cps":0,"y":"1979","lith":" "}},{"type":"Feature","id":2075,"geometry":{"type":"Point","coordinates":[-105.30154,57.44588]},"properties":{"cps":0,"y":"1979","lith":" "}},{"type":"Feature","id":2076,"geometry":{"type":"Point","coordinates":[-105.4348,57.43454]},"properties":{"cps":0,"y":"1979","lith":" "}},{"type":"Feature","id":2077,"geometry":{"type":"Point","coordinates":[-105.31378,57.44183]},"properties":{"cps":0,"y":"1979","lith":" "}},{"type":"Feature","id":2078,"geometry":{"type":"Point","coordinates":[-105.45753,57.40206]},"properties":{"cps":0,"y":"1979","lith":" "}},{"type":"Feature","id":2079,"geometry":{"type":"Point","coordinates":[-104.90637,57.65475]},"properties":{"cps":0,"y":"1984","lith":"SANDSTONE"}},{"type":"Feature","id":2080,"geometry":{"type":"Point","coordinates":[-105.3275,57.47907]},"properties":{"cps":0,"y":"1979","lith":" "}},{"type":"Feature","id":2081,"geometry":{"type":"Point","coordinates":[-105.19765,57.66537]},"properties":{"cps":0,"y":"1982","lith":" "}},{"type":"Feature","id":2082,"geometry":{"type":"Point","coordinates":[-104.69746,57.63765]},"properties":{"cps":0,"y":"1979","lith":" "}},{"type":"Feature","id":2083,"geometry":{"type":"Point","coordinates":[-105.40273,57.43051]},"properties":{"cps":0,"y":"1979","lith":" "}},{"type":"Feature","id":2084,"geometry":{"type":"Point","coordinates":[-105.15337,57.701]},"properties":{"cps":0,"y":"1982","lith":" "}},{"type":"Feature","id":2085,"geometry":{"type":"Point","coordinates":[-104.83849,57.69684]},"properties":{"cps":0,"y":"1984","lith":"BRECCIA"}},{"type":"Feature","id":2086,"geometry":{"type":"Point","coordinates":[-105.30702,57.44404]},"properties":{"cps":0,"y":"1979","lith":" "}},{"type":"Feature","id":2087,"geometry":{"type":"Point","coordinates":[-105.22975,57.65545]},"properties":{"cps":0,"y":"1982","lith":" "}},{"type":"Feature","id":2088,"geometry":{"type":"Point","coordinates":[-105.4318,57.43356]},"properties":{"cps":0,"y":"1979","lith":" "}},{"type":"Feature","id":2089,"geometry":{"type":"Point","coordinates":[-105.24569,57.46232]},"properties":{"cps":0,"y":"1979","lith":" "}},{"type":"Feature","id":2090,"geometry":{"type":"Point","coordinates":[-105.22927,57.65563]},"properties":{"cps":0,"y":"1982","lith":" "}},{"type":"Feature","id":2091,"geometry":{"type":"Point","coordinates":[-105.42459,57.4018]},"properties":{"cps":0,"y":"1979","lith":" "}},{"type":"Feature","id":2092,"geometry":{"type":"Point","coordinates":[-105.34118,57.42102]},"properties":{"cps":0,"y":"1979","lith":" "}},{"type":"Feature","id":2093,"geometry":{"type":"Point","coordinates":[-105.2501,57.6434]},"properties":{"cps":0,"y":"1982","lith":" "}},{"type":"Feature","id":2094,"geometry":{"type":"Point","coordinates":[-105.20163,57.66454]},"properties":{"cps":0,"y":"1982","lith":" "}},{"type":"Feature","id":2095,"geometry":{"type":"Point","coordinates":[-105.42589,57.41919]},"properties":{"cps":0,"y":"1979","lith":" "}},{"type":"Feature","id":2096,"geometry":{"type":"Point","coordinates":[-105.31514,57.44033]},"properties":{"cps":0,"y":"1979","lith":" "}},{"type":"Feature","id":2097,"geometry":{"type":"Point","coordinates":[-105.26647,57.45046]},"properties":{"cps":0,"y":"1979","lith":" "}},{"type":"Feature","id":2098,"geometry":{"type":"Point","coordinates":[-105.30525,57.44357]},"properties":{"cps":0,"y":"1979","lith":" "}},{"type":"Feature","id":2099,"geometry":{"type":"Point","coordinates":[-105.23732,57.46763]},"properties":{"cps":0,"y":"1979","lith":" "}},{"type":"Feature","id":2100,"geometry":{"type":"Point","coordinates":[-105.2437,57.65242]},"properties":{"cps":0,"y":"1982","lith":" "}},{"type":"Feature","id":2101,"geometry":{"type":"Point","coordinates":[-105.24262,57.65261]},"properties":{"cps":0,"y":"1982","lith":" "}},{"type":"Feature","id":2102,"geometry":{"type":"Point","coordinates":[-105.19844,57.66491]},"properties":{"cps":0,"y":"1982","lith":" "}},{"type":"Feature","id":2103,"geometry":{"type":"Point","coordinates":[-105.33843,57.42266]},"properties":{"cps":0,"y":"1979","lith":" "}},{"type":"Feature","id":2104,"geometry":{"type":"Point","coordinates":[-105.16894,57.68059]},"properties":{"cps":0,"y":"1982","lith":" "}},{"type":"Feature","id":2105,"geometry":{"type":"Point","coordinates":[-105.25227,57.45469]},"properties":{"cps":0,"y":"1979","lith":" "}},{"type":"Feature","id":2106,"geometry":{"type":"Point","coordinates":[-105.21288,57.65901]},"properties":{"cps":0,"y":"1982","lith":" "}},{"type":"Feature","id":2107,"geometry":{"type":"Point","coordinates":[-105.22885,57.65642]},"properties":{"cps":0,"y":"1982","lith":" "}},{"type":"Feature","id":2108,"geometry":{"type":"Point","coordinates":[-105.2501,57.65146]},"properties":{"cps":0,"y":"1982","lith":" "}},{"type":"Feature","id":2109,"geometry":{"type":"Point","coordinates":[-105.1459,57.70727]},"properties":{"cps":0,"y":"1982","lith":" "}},{"type":"Feature","id":2110,"geometry":{"type":"Point","coordinates":[-105.19951,57.66524]},"properties":{"cps":0,"y":"1982","lith":" "}},{"type":"Feature","id":2111,"geometry":{"type":"Point","coordinates":[-105.44244,57.42323]},"properties":{"cps":0,"y":"1979","lith":" "}},{"type":"Feature","id":2112,"geometry":{"type":"Point","coordinates":[-105.23336,57.4691]},"properties":{"cps":0,"y":"1979","lith":" "}},{"type":"Feature","id":2113,"geometry":{"type":"Point","coordinates":[-105.1983,57.66487]},"properties":{"cps":0,"y":"1982","lith":" "}},{"type":"Feature","id":2114,"geometry":{"type":"Point","coordinates":[-104.88909,57.66812]},"properties":{"cps":0,"y":"1984","lith":"SANDSTONE"}},{"type":"Feature","id":2115,"geometry":{"type":"Point","coordinates":[-105.33851,57.42314]},"properties":{"cps":0,"y":"1979","lith":" "}},{"type":"Feature","id":2116,"geometry":{"type":"Point","coordinates":[-105.39096,57.43723]},"properties":{"cps":0,"y":"1979","lith":" "}},{"type":"Feature","id":2117,"geometry":{"type":"Point","coordinates":[-105.24264,57.65277]},"properties":{"cps":0,"y":"1982","lith":" "}},{"type":"Feature","id":2118,"geometry":{"type":"Point","coordinates":[-105.43168,57.40143]},"properties":{"cps":0,"y":"1979","lith":" "}},{"type":"Feature","id":2119,"geometry":{"type":"Point","coordinates":[-105.46145,57.40006]},"properties":{"cps":0,"y":"1979","lith":" "}},{"type":"Feature","id":2120,"geometry":{"type":"Point","coordinates":[-105.30358,57.44004]},"properties":{"cps":0,"y":"1979","lith":" "}},{"type":"Feature","id":2121,"geometry":{"type":"Point","coordinates":[-105.25054,57.64848]},"properties":{"cps":0,"y":"1982","lith":" "}},{"type":"Feature","id":2122,"geometry":{"type":"Point","coordinates":[-105.43805,57.43051]},"properties":{"cps":0,"y":"1979","lith":" "}},{"type":"Feature","id":2123,"geometry":{"type":"Point","coordinates":[-105.15164,57.70201]},"properties":{"cps":0,"y":"1982","lith":" "}},{"type":"Feature","id":2124,"geometry":{"type":"Point","coordinates":[-104.84645,57.69495]},"properties":{"cps":0,"y":"1984","lith":"BRECCIA"}},{"type":"Feature","id":2125,"geometry":{"type":"Point","coordinates":[-105.16572,57.68412]},"properties":{"cps":0,"y":"1982","lith":" "}},{"type":"Feature","id":2126,"geometry":{"type":"Point","coordinates":[-104.89257,57.66618]},"properties":{"cps":0,"y":"1984","lith":"BRECCIA"}},{"type":"Feature","id":2127,"geometry":{"type":"Point","coordinates":[-105.34982,57.42045]},"properties":{"cps":0,"y":"1979","lith":" "}},{"type":"Feature","id":2128,"geometry":{"type":"Point","coordinates":[-105.31473,57.44183]},"properties":{"cps":0,"y":"1979","lith":" "}},{"type":"Feature","id":2129,"geometry":{"type":"Point","coordinates":[-105.39541,57.43647]},"properties":{"cps":0,"y":"1979","lith":" "}},{"type":"Feature","id":2130,"geometry":{"type":"Point","coordinates":[-105.27273,57.45853]},"properties":{"cps":0,"y":"1979","lith":" "}},{"type":"Feature","id":2131,"geometry":{"type":"Point","coordinates":[-105.30899,57.44492]},"properties":{"cps":0,"y":"1979","lith":" "}},{"type":"Feature","id":2132,"geometry":{"type":"Point","coordinates":[-105.37529,57.46118]},"properties":{"cps":0,"y":"1979","lith":" "}},{"type":"Feature","id":2133,"geometry":{"type":"Point","coordinates":[-105.19938,57.66667]},"properties":{"cps":0,"y":"1982","lith":" "}},{"type":"Feature","id":2134,"geometry":{"type":"Point","coordinates":[-105.43249,57.40528]},"properties":{"cps":0,"y":"1979","lith":" "}},{"type":"Feature","id":2135,"geometry":{"type":"Point","coordinates":[-105.16427,57.68242]},"properties":{"cps":0,"y":"1982","lith":" "}},{"type":"Feature","id":2136,"geometry":{"type":"Point","coordinates":[-105.30225,57.44463]},"properties":{"cps":0,"y":"1979","lith":" "}},{"type":"Feature","id":2137,"geometry":{"type":"Point","coordinates":[-105.3408,57.4684]},"properties":{"cps":0,"y":"1979","lith":" "}},{"type":"Feature","id":2138,"geometry":{"type":"Point","coordinates":[-105.43672,57.40535]},"properties":{"cps":0,"y":"1979","lith":" "}},{"type":"Feature","id":2139,"geometry":{"type":"Point","coordinates":[-105.27813,57.46152]},"properties":{"cps":0,"y":"1979","lith":" "}},{"type":"Feature","id":2140,"geometry":{"type":"Point","coordinates":[-105.30371,57.43778]},"properties":{"cps":0,"y":"1979","lith":" "}},{"type":"Feature","id":2141,"geometry":{"type":"Point","coordinates":[-105.34732,57.42325]},"properties":{"cps":0,"y":"1979","lith":" "}},{"type":"Feature","id":2142,"geometry":{"type":"Point","coordinates":[-104.83934,57.69334]},"properties":{"cps":0,"y":"1984","lith":"SANDSTONE"}},{"type":"Feature","id":2143,"geometry":{"type":"Point","coordinates":[-105.14559,57.7069]},"properties":{"cps":0,"y":"1982","lith":" "}},{"type":"Feature","id":2144,"geometry":{"type":"Point","coordinates":[-105.16225,57.68387]},"properties":{"cps":0,"y":"1982","lith":" "}},{"type":"Feature","id":2145,"geometry":{"type":"Point","coordinates":[-104.89428,57.66528]},"properties":{"cps":0,"y":"1984","lith":"SANDSTONE"}},{"type":"Feature","id":2146,"geometry":{"type":"Point","coordinates":[-105.38394,57.46602]},"properties":{"cps":0,"y":"1979","lith":" "}},{"type":"Feature","id":2147,"geometry":{"type":"Point","coordinates":[-105.25012,57.45888]},"properties":{"cps":0,"y":"1979","lith":" "}},{"type":"Feature","id":2148,"geometry":{"type":"Point","coordinates":[-105.4355,57.43182]},"properties":{"cps":0,"y":"1979","lith":" "}},{"type":"Feature","id":2149,"geometry":{"type":"Point","coordinates":[-104.83957,57.69315]},"properties":{"cps":0,"y":"1984","lith":"SANDSTONE"}},{"type":"Feature","id":2150,"geometry":{"type":"Point","coordinates":[-105.23089,57.47099]},"properties":{"cps":0,"y":"1979","lith":" "}},{"type":"Feature","id":2151,"geometry":{"type":"Point","coordinates":[-105.39885,57.43747]},"properties":{"cps":0,"y":"1979","lith":" "}},{"type":"Feature","id":2152,"geometry":{"type":"Point","coordinates":[-105.29878,57.44657]},"properties":{"cps":0,"y":"1979","lith":" "}},{"type":"Feature","id":2153,"geometry":{"type":"Point","coordinates":[-105.31296,57.43932]},"properties":{"cps":0,"y":"1979","lith":" "}},{"type":"Feature","id":2154,"geometry":{"type":"Point","coordinates":[-105.29952,57.44459]},"properties":{"cps":0,"y":"1979","lith":" "}},{"type":"Feature","id":2155,"geometry":{"type":"Point","coordinates":[-105.24965,57.46024]},"properties":{"cps":0,"y":"1979","lith":" "}},{"type":"Feature","id":2156,"geometry":{"type":"Point","coordinates":[-105.43989,57.42193]},"properties":{"cps":0,"y":"1979","lith":" "}},{"type":"Feature","id":2157,"geometry":{"type":"Point","coordinates":[-105.30417,57.44354]},"properties":{"cps":0,"y":"1979","lith":" "}},{"type":"Feature","id":2158,"geometry":{"type":"Point","coordinates":[-105.43378,57.43212]},"properties":{"cps":0,"y":"1979","lith":" "}},{"type":"Feature","id":2159,"geometry":{"type":"Point","coordinates":[-105.14615,57.70524]},"properties":{"cps":0,"y":"1982","lith":" "}},{"type":"Feature","id":2160,"geometry":{"type":"Point","coordinates":[-105.32211,57.44339]},"properties":{"cps":0,"y":"1979","lith":" "}},{"type":"Feature","id":2161,"geometry":{"type":"Point","coordinates":[-105.44605,57.40801]},"properties":{"cps":0,"y":"1979","lith":" "}},{"type":"Feature","id":2162,"geometry":{"type":"Point","coordinates":[-105.15824,57.69796]},"properties":{"cps":0,"y":"1982","lith":" "}},{"type":"Feature","id":2163,"geometry":{"type":"Point","coordinates":[-105.33785,57.45124]},"properties":{"cps":0,"y":"1979","lith":" "}},{"type":"Feature","id":2164,"geometry":{"type":"Point","coordinates":[-105.42592,57.40226]},"properties":{"cps":0,"y":"1979","lith":" "}},{"type":"Feature","id":2165,"geometry":{"type":"Point","coordinates":[-105.25173,57.458]},"properties":{"cps":0,"y":"1979","lith":" "}},{"type":"Feature","id":2166,"geometry":{"type":"Point","coordinates":[-105.34233,57.45876]},"properties":{"cps":0,"y":"1979","lith":" "}},{"type":"Feature","id":2167,"geometry":{"type":"Point","coordinates":[-105.13759,57.69905]},"properties":{"cps":0,"y":"1982","lith":" "}},{"type":"Feature","id":2168,"geometry":{"type":"Point","coordinates":[-104.6935,57.63856]},"properties":{"cps":0,"y":"1979","lith":" "}},{"type":"Feature","id":2169,"geometry":{"type":"Point","coordinates":[-105.30252,57.44572]},"properties":{"cps":0,"y":"1979","lith":" "}},{"type":"Feature","id":2170,"geometry":{"type":"Point","coordinates":[-105.44484,57.40595]},"properties":{"cps":0,"y":"1979","lith":" "}},{"type":"Feature","id":2171,"geometry":{"type":"Point","coordinates":[-105.3399,57.46634]},"properties":{"cps":0,"y":"1979","lith":" "}},{"type":"Feature","id":2172,"geometry":{"type":"Point","coordinates":[-105.15974,57.68591]},"properties":{"cps":0,"y":"1982","lith":" "}},{"type":"Feature","id":2173,"geometry":{"type":"Point","coordinates":[-105.30612,57.44457]},"properties":{"cps":0,"y":"1979","lith":" "}},{"type":"Feature","id":2174,"geometry":{"type":"Point","coordinates":[-105.3182,57.47944]},"properties":{"cps":0,"y":"1979","lith":" "}},{"type":"Feature","id":2175,"geometry":{"type":"Point","coordinates":[-105.15489,57.70135]},"properties":{"cps":0,"y":"1982","lith":" "}},{"type":"Feature","id":2176,"geometry":{"type":"Point","coordinates":[-105.35224,57.41959]},"properties":{"cps":0,"y":"1979","lith":" "}},{"type":"Feature","id":2177,"geometry":{"type":"Point","coordinates":[-105.43353,57.40267]},"properties":{"cps":0,"y":"1979","lith":" "}},{"type":"Feature","id":2178,"geometry":{"type":"Point","coordinates":[-105.46147,57.40024]},"properties":{"cps":0,"y":"1979","lith":" "}},{"type":"Feature","id":2179,"geometry":{"type":"Point","coordinates":[-105.43214,57.40519]},"properties":{"cps":0,"y":"1979","lith":" "}},{"type":"Feature","id":2180,"geometry":{"type":"Point","coordinates":[-105.42961,57.40521]},"properties":{"cps":0,"y":"1979","lith":" "}},{"type":"Feature","id":2181,"geometry":{"type":"Point","coordinates":[-104.8911,57.66653]},"properties":{"cps":0,"y":"1984","lith":"SANDSTONE"}},{"type":"Feature","id":2182,"geometry":{"type":"Point","coordinates":[-105.25037,57.64686]},"properties":{"cps":0,"y":"1982","lith":" "}},{"type":"Feature","id":2183,"geometry":{"type":"Point","coordinates":[-105.22767,57.65602]},"properties":{"cps":0,"y":"1982","lith":" "}},{"type":"Feature","id":2184,"geometry":{"type":"Point","coordinates":[-105.45315,57.40655]},"properties":{"cps":0,"y":"1979","lith":" "}},{"type":"Feature","id":2185,"geometry":{"type":"Point","coordinates":[-105.36654,57.4564]},"properties":{"cps":0,"y":"1979","lith":" "}},{"type":"Feature","id":2186,"geometry":{"type":"Point","coordinates":[-105.34294,57.41899]},"properties":{"cps":0,"y":"1979","lith":" "}},{"type":"Feature","id":2187,"geometry":{"type":"Point","coordinates":[-105.43365,57.43284]},"properties":{"cps":0,"y":"1979","lith":" "}},{"type":"Feature","id":2188,"geometry":{"type":"Point","coordinates":[-104.89446,57.66503]},"properties":{"cps":0,"y":"1984","lith":"SANDSTONE"}},{"type":"Feature","id":2189,"geometry":{"type":"Point","coordinates":[-104.907,57.65439]},"properties":{"cps":0,"y":"1984","lith":"SANDSTONE"}},{"type":"Feature","id":2190,"geometry":{"type":"Point","coordinates":[-105.40986,57.44833]},"properties":{"cps":0,"y":"1979","lith":" "}},{"type":"Feature","id":2191,"geometry":{"type":"Point","coordinates":[-105.30417,57.44331]},"properties":{"cps":0,"y":"1979","lith":" "}},{"type":"Feature","id":2192,"geometry":{"type":"Point","coordinates":[-105.42986,57.40506]},"properties":{"cps":0,"y":"1979","lith":" "}},{"type":"Feature","id":2193,"geometry":{"type":"Point","coordinates":[-105.16003,57.68799]},"properties":{"cps":0,"y":"1982","lith":" "}},{"type":"Feature","id":2194,"geometry":{"type":"Point","coordinates":[-105.33526,57.42405]},"properties":{"cps":0,"y":"1979","lith":" "}},{"type":"Feature","id":2195,"geometry":{"type":"Point","coordinates":[-105.21451,57.66015]},"properties":{"cps":0,"y":"1982","lith":" "}},{"type":"Feature","id":2196,"geometry":{"type":"Point","coordinates":[-105.23305,57.65294]},"properties":{"cps":0,"y":"1982","lith":" "}},{"type":"Feature","id":2197,"geometry":{"type":"Point","coordinates":[-105.30041,57.44562]},"properties":{"cps":0,"y":"1979","lith":" "}},{"type":"Feature","id":2198,"geometry":{"type":"Point","coordinates":[-105.26497,57.45045]},"properties":{"cps":0,"y":"1979","lith":" "}},{"type":"Feature","id":2199,"geometry":{"type":"Point","coordinates":[-105.30919,57.44532]},"properties":{"cps":0,"y":"1979","lith":" "}},{"type":"Feature","id":2200,"geometry":{"type":"Point","coordinates":[-105.23468,57.46812]},"properties":{"cps":0,"y":"1979","lith":" "}},{"type":"Feature","id":2201,"geometry":{"type":"Point","coordinates":[-105.35072,57.42534]},"properties":{"cps":0,"y":"1979","lith":" "}},{"type":"Feature","id":2202,"geometry":{"type":"Point","coordinates":[-105.24175,57.65274]},"properties":{"cps":0,"y":"1982","lith":" "}},{"type":"Feature","id":2203,"geometry":{"type":"Point","coordinates":[-105.25049,57.64825]},"properties":{"cps":0,"y":"1982","lith":" "}},{"type":"Feature","id":2204,"geometry":{"type":"Point","coordinates":[-105.19862,57.66385]},"properties":{"cps":0,"y":"1982","lith":" "}},{"type":"Feature","id":2205,"geometry":{"type":"Point","coordinates":[-105.35634,57.42117]},"properties":{"cps":0,"y":"1979","lith":" "}},{"type":"Feature","id":2206,"geometry":{"type":"Point","coordinates":[-104.67493,57.66308]},"properties":{"cps":0,"y":"1979","lith":" "}},{"type":"Feature","id":2207,"geometry":{"type":"Point","coordinates":[-105.146,57.70718]},"properties":{"cps":0,"y":"1982","lith":" "}},{"type":"Feature","id":2208,"geometry":{"type":"Point","coordinates":[-105.31958,57.43906]},"properties":{"cps":0,"y":"1979","lith":" "}},{"type":"Feature","id":2209,"geometry":{"type":"Point","coordinates":[-105.22301,57.65638]},"properties":{"cps":0,"y":"1982","lith":" "}},{"type":"Feature","id":2210,"geometry":{"type":"Point","coordinates":[-105.3413,57.47097]},"properties":{"cps":0,"y":"1979","lith":" "}},{"type":"Feature","id":2211,"geometry":{"type":"Point","coordinates":[-105.30107,57.44477]},"properties":{"cps":0,"y":"1979","lith":" "}},{"type":"Feature","id":2212,"geometry":{"type":"Point","coordinates":[-105.15183,57.70215]},"properties":{"cps":0,"y":"1982","lith":" "}},{"type":"Feature","id":2213,"geometry":{"type":"Point","coordinates":[-105.15842,57.6964]},"properties":{"cps":0,"y":"1982","lith":" "}},{"type":"Feature","id":2214,"geometry":{"type":"Point","coordinates":[-105.34435,57.45791]},"properties":{"cps":0,"y":"1979","lith":" "}},{"type":"Feature","id":2215,"geometry":{"type":"Point","coordinates":[-105.22771,57.65623]},"properties":{"cps":0,"y":"1982","lith":" "}},{"type":"Feature","id":2216,"geometry":{"type":"Point","coordinates":[-105.25196,57.45457]},"properties":{"cps":0,"y":"1979","lith":" "}},{"type":"Feature","id":2217,"geometry":{"type":"Point","coordinates":[-105.23145,57.47065]},"properties":{"cps":0,"y":"1979","lith":" "}},{"type":"Feature","id":2218,"geometry":{"type":"Point","coordinates":[-105.34979,57.42107]},"properties":{"cps":0,"y":"1979","lith":" "}},{"type":"Feature","id":2219,"geometry":{"type":"Point","coordinates":[-105.23683,57.46738]},"properties":{"cps":0,"y":"1979","lith":" "}},{"type":"Feature","id":2220,"geometry":{"type":"Point","coordinates":[-105.20952,57.66174]},"properties":{"cps":0,"y":"1982","lith":" "}},{"type":"Feature","id":2221,"geometry":{"type":"Point","coordinates":[-105.2016,57.6641]},"properties":{"cps":0,"y":"1982","lith":" "}},{"type":"Feature","id":2222,"geometry":{"type":"Point","coordinates":[-105.23504,57.46824]},"properties":{"cps":0,"y":"1979","lith":" "}},{"type":"Feature","id":2223,"geometry":{"type":"Point","coordinates":[-105.4329,57.40421]},"properties":{"cps":0,"y":"1979","lith":" "}},{"type":"Feature","id":2224,"geometry":{"type":"Point","coordinates":[-105.24762,57.45646]},"properties":{"cps":0,"y":"1979","lith":" "}},{"type":"Feature","id":2225,"geometry":{"type":"Point","coordinates":[-105.36608,57.45652]},"properties":{"cps":0,"y":"1979","lith":" "}},{"type":"Feature","id":2226,"geometry":{"type":"Point","coordinates":[-105.20123,57.66564]},"properties":{"cps":0,"y":"1982","lith":" "}},{"type":"Feature","id":2227,"geometry":{"type":"Point","coordinates":[-105.2001,57.66597]},"properties":{"cps":0,"y":"1982","lith":" "}},{"type":"Feature","id":2228,"geometry":{"type":"Point","coordinates":[-105.30524,57.4417]},"properties":{"cps":0,"y":"1979","lith":" "}},{"type":"Feature","id":2229,"geometry":{"type":"Point","coordinates":[-105.34137,57.46809]},"properties":{"cps":0,"y":"1979","lith":" "}},{"type":"Feature","id":2230,"geometry":{"type":"Point","coordinates":[-105.24821,57.65077]},"properties":{"cps":0,"y":"1982","lith":" "}},{"type":"Feature","id":2231,"geometry":{"type":"Point","coordinates":[-104.89039,57.66598]},"properties":{"cps":0,"y":"1984","lith":"SANDSTONE"}},{"type":"Feature","id":2232,"geometry":{"type":"Point","coordinates":[-105.22908,57.65638]},"properties":{"cps":0,"y":"1982","lith":" "}},{"type":"Feature","id":2233,"geometry":{"type":"Point","coordinates":[-105.39168,57.43607]},"properties":{"cps":0,"y":"1979","lith":" "}},{"type":"Feature","id":2234,"geometry":{"type":"Point","coordinates":[-105.25062,57.65216]},"properties":{"cps":0,"y":"1982","lith":" "}},{"type":"Feature","id":2235,"geometry":{"type":"Point","coordinates":[-105.30843,57.43826]},"properties":{"cps":0,"y":"1979","lith":" "}},{"type":"Feature","id":2236,"geometry":{"type":"Point","coordinates":[-105.30361,57.43741]},"properties":{"cps":0,"y":"1979","lith":" "}},{"type":"Feature","id":2237,"geometry":{"type":"Point","coordinates":[-105.19063,57.66862]},"properties":{"cps":0,"y":"1982","lith":" "}},{"type":"Feature","id":2238,"geometry":{"type":"Point","coordinates":[-105.3032,57.44412]},"properties":{"cps":0,"y":"1979","lith":" "}},{"type":"Feature","id":2239,"geometry":{"type":"Point","coordinates":[-105.32765,57.47871]},"properties":{"cps":0,"y":"1979","lith":" "}},{"type":"Feature","id":2240,"geometry":{"type":"Point","coordinates":[-105.21115,57.66005]},"properties":{"cps":0,"y":"1982","lith":" "}},{"type":"Feature","id":2241,"geometry":{"type":"Point","coordinates":[-105.23285,57.47006]},"properties":{"cps":0,"y":"1979","lith":" "}},{"type":"Feature","id":2242,"geometry":{"type":"Point","coordinates":[-105.30361,57.4376]},"properties":{"cps":0,"y":"1979","lith":" "}},{"type":"Feature","id":2243,"geometry":{"type":"Point","coordinates":[-105.2302,57.65559]},"properties":{"cps":0,"y":"1982","lith":" "}},{"type":"Feature","id":2244,"geometry":{"type":"Point","coordinates":[-105.17279,57.67972]},"properties":{"cps":0,"y":"1982","lith":" "}},{"type":"Feature","id":2245,"geometry":{"type":"Point","coordinates":[-105.43332,57.40373]},"properties":{"cps":0,"y":"1979","lith":" "}},{"type":"Feature","id":2246,"geometry":{"type":"Point","coordinates":[-105.24131,57.65309]},"properties":{"cps":0,"y":"1982","lith":" "}},{"type":"Feature","id":2247,"geometry":{"type":"Point","coordinates":[-105.3042,57.43744]},"properties":{"cps":0,"y":"1979","lith":" "}},{"type":"Feature","id":2248,"geometry":{"type":"Point","coordinates":[-105.15727,57.68677]},"properties":{"cps":0,"y":"1982","lith":" "}},{"type":"Feature","id":2249,"geometry":{"type":"Point","coordinates":[-104.69471,57.63843]},"properties":{"cps":0,"y":"1979","lith":" "}},{"type":"Feature","id":2250,"geometry":{"type":"Point","coordinates":[-105.34243,57.42126]},"properties":{"cps":0,"y":"1979","lith":" "}},{"type":"Feature","id":2251,"geometry":{"type":"Point","coordinates":[-105.33916,57.42257]},"properties":{"cps":0,"y":"1979","lith":" "}},{"type":"Feature","id":2252,"geometry":{"type":"Point","coordinates":[-105.20022,57.66598]},"properties":{"cps":0,"y":"1982","lith":" "}},{"type":"Feature","id":2253,"geometry":{"type":"Point","coordinates":[-105.30612,57.44507]},"properties":{"cps":0,"y":"1979","lith":" "}},{"type":"Feature","id":2254,"geometry":{"type":"Point","coordinates":[-105.14418,57.70309]},"properties":{"cps":0,"y":"1982","lith":" "}},{"type":"Feature","id":2255,"geometry":{"type":"Point","coordinates":[-105.34062,57.46877]},"properties":{"cps":0,"y":"1979","lith":" "}},{"type":"Feature","id":2256,"geometry":{"type":"Point","coordinates":[-104.69477,57.63906]},"properties":{"cps":0,"y":"1979","lith":" "}},{"type":"Feature","id":2257,"geometry":{"type":"Point","coordinates":[-105.43466,57.4333]},"properties":{"cps":0,"y":"1979","lith":" "}},{"type":"Feature","id":2258,"geometry":{"type":"Point","coordinates":[-105.31355,57.43868]},"properties":{"cps":0,"y":"1979","lith":" "}},{"type":"Feature","id":2259,"geometry":{"type":"Point","coordinates":[-105.19766,57.66482]},"properties":{"cps":0,"y":"1982","lith":" "}},{"type":"Feature","id":2260,"geometry":{"type":"Point","coordinates":[-105.27911,57.46223]},"properties":{"cps":0,"y":"1979","lith":" "}},{"type":"Feature","id":2261,"geometry":{"type":"Point","coordinates":[-104.69625,57.63833]},"properties":{"cps":0,"y":"1979","lith":" "}},{"type":"Feature","id":2262,"geometry":{"type":"Point","coordinates":[-105.24845,57.65068]},"properties":{"cps":0,"y":"1982","lith":" "}},{"type":"Feature","id":2263,"geometry":{"type":"Point","coordinates":[-105.24646,57.45935]},"properties":{"cps":0,"y":"1979","lith":" "}},{"type":"Feature","id":2264,"geometry":{"type":"Point","coordinates":[-105.24979,57.65362]},"properties":{"cps":0,"y":"1982","lith":" "}},{"type":"Feature","id":2265,"geometry":{"type":"Point","coordinates":[-105.43944,57.42941]},"properties":{"cps":0,"y":"1979","lith":" "}},{"type":"Feature","id":2266,"geometry":{"type":"Point","coordinates":[-105.23116,57.47085]},"properties":{"cps":0,"y":"1979","lith":" "}},{"type":"Feature","id":2267,"geometry":{"type":"Point","coordinates":[-105.1633,57.68278]},"properties":{"cps":0,"y":"1982","lith":" "}},{"type":"Feature","id":2268,"geometry":{"type":"Point","coordinates":[-105.16004,57.69883]},"properties":{"cps":0,"y":"1982","lith":" "}},{"type":"Feature","id":2269,"geometry":{"type":"Point","coordinates":[-104.89467,57.66581]},"properties":{"cps":0,"y":"1984","lith":"SANDSTONE"}},{"type":"Feature","id":2270,"geometry":{"type":"Point","coordinates":[-105.21121,57.66211]},"properties":{"cps":0,"y":"1982","lith":" "}},{"type":"Feature","id":2271,"geometry":{"type":"Point","coordinates":[-105.23202,57.65505]},"properties":{"cps":0,"y":"1982","lith":" "}},{"type":"Feature","id":2272,"geometry":{"type":"Point","coordinates":[-105.40781,57.44718]},"properties":{"cps":0,"y":"1979","lith":" "}},{"type":"Feature","id":2273,"geometry":{"type":"Point","coordinates":[-105.19456,57.66544]},"properties":{"cps":0,"y":"1982","lith":" "}},{"type":"Feature","id":2274,"geometry":{"type":"Point","coordinates":[-105.15699,57.6951]},"properties":{"cps":0,"y":"1982","lith":" "}},{"type":"Feature","id":2275,"geometry":{"type":"Point","coordinates":[-105.44222,57.42351]},"properties":{"cps":0,"y":"1979","lith":" "}},{"type":"Feature","id":2276,"geometry":{"type":"Point","coordinates":[-105.43614,57.40004]},"properties":{"cps":0,"y":"1979","lith":" "}},{"type":"Feature","id":2277,"geometry":{"type":"Point","coordinates":[-105.33978,57.47133]},"properties":{"cps":0,"y":"1979","lith":" "}},{"type":"Feature","id":2278,"geometry":{"type":"Point","coordinates":[-105.27344,57.45837]},"properties":{"cps":0,"y":"1979","lith":" "}},{"type":"Feature","id":2279,"geometry":{"type":"Point","coordinates":[-105.2461,57.4578]},"properties":{"cps":0,"y":"1979","lith":" "}},{"type":"Feature","id":2280,"geometry":{"type":"Point","coordinates":[-105.2322,57.46896]},"properties":{"cps":0,"y":"1979","lith":" "}},{"type":"Feature","id":2281,"geometry":{"type":"Point","coordinates":[-104.83585,57.69804]},"properties":{"cps":0,"y":"1984","lith":"BRECCIA"}},{"type":"Feature","id":2282,"geometry":{"type":"Point","coordinates":[-105.31805,57.44045]},"properties":{"cps":0,"y":"1979","lith":" "}},{"type":"Feature","id":2283,"geometry":{"type":"Point","coordinates":[-105.14693,57.70111]},"properties":{"cps":0,"y":"1982","lith":" "}},{"type":"Feature","id":2284,"geometry":{"type":"Point","coordinates":[-104.8448,57.70334]},"properties":{"cps":0,"y":"1984","lith":"BRECCIA"}},{"type":"Feature","id":2285,"geometry":{"type":"Point","coordinates":[-105.19857,57.66539]},"properties":{"cps":0,"y":"1982","lith":" "}},{"type":"Feature","id":2286,"geometry":{"type":"Point","coordinates":[-105.43296,57.40445]},"properties":{"cps":0,"y":"1979","lith":" "}},{"type":"Feature","id":2287,"geometry":{"type":"Point","coordinates":[-105.42453,57.42104]},"properties":{"cps":0,"y":"1979","lith":" "}},{"type":"Feature","id":2288,"geometry":{"type":"Point","coordinates":[-105.30612,57.44473]},"properties":{"cps":0,"y":"1979","lith":" "}},{"type":"Feature","id":2289,"geometry":{"type":"Point","coordinates":[-104.83973,57.69339]},"properties":{"cps":0,"y":"1984","lith":"SANDSTONE"}},{"type":"Feature","id":2290,"geometry":{"type":"Point","coordinates":[-105.21353,57.65952]},"properties":{"cps":0,"y":"1982","lith":" "}},{"type":"Feature","id":2291,"geometry":{"type":"Point","coordinates":[-105.31607,57.44088]},"properties":{"cps":0,"y":"1979","lith":" "}},{"type":"Feature","id":2292,"geometry":{"type":"Point","coordinates":[-105.34597,57.42028]},"properties":{"cps":0,"y":"1979","lith":" "}},{"type":"Feature","id":2293,"geometry":{"type":"Point","coordinates":[-105.30502,57.44537]},"properties":{"cps":0,"y":"1979","lith":" "}},{"type":"Feature","id":2294,"geometry":{"type":"Point","coordinates":[-105.43384,57.40462]},"properties":{"cps":0,"y":"1979","lith":" "}},{"type":"Feature","id":2295,"geometry":{"type":"Point","coordinates":[-105.43081,57.43435]},"properties":{"cps":0,"y":"1979","lith":" "}},{"type":"Feature","id":2296,"geometry":{"type":"Point","coordinates":[-105.16604,57.68461]},"properties":{"cps":0,"y":"1982","lith":" "}},{"type":"Feature","id":2297,"geometry":{"type":"Point","coordinates":[-105.14231,57.71122]},"properties":{"cps":0,"y":"1982","lith":" "}},{"type":"Feature","id":2298,"geometry":{"type":"Point","coordinates":[-105.34111,57.46954]},"properties":{"cps":0,"y":"1979","lith":" "}},{"type":"Feature","id":2299,"geometry":{"type":"Point","coordinates":[-105.43976,57.42906]},"properties":{"cps":0,"y":"1979","lith":" "}},{"type":"Feature","id":2300,"geometry":{"type":"Point","coordinates":[-105.24998,57.46369]},"properties":{"cps":0,"y":"1979","lith":" "}},{"type":"Feature","id":2301,"geometry":{"type":"Point","coordinates":[-105.19935,57.66678]},"properties":{"cps":0,"y":"1982","lith":" "}},{"type":"Feature","id":2302,"geometry":{"type":"Point","coordinates":[-105.39508,57.43516]},"properties":{"cps":0,"y":"1979","lith":" "}},{"type":"Feature","id":2303,"geometry":{"type":"Point","coordinates":[-105.35367,57.42134]},"properties":{"cps":0,"y":"1979","lith":" "}},{"type":"Feature","id":2304,"geometry":{"type":"Point","coordinates":[-105.14572,57.70661]},"properties":{"cps":0,"y":"1982","lith":" "}},{"type":"Feature","id":2305,"geometry":{"type":"Point","coordinates":[-105.43911,57.40596]},"properties":{"cps":0,"y":"1979","lith":" "}},{"type":"Feature","id":2306,"geometry":{"type":"Point","coordinates":[-105.19667,57.66442]},"properties":{"cps":0,"y":"1982","lith":" "}},{"type":"Feature","id":2307,"geometry":{"type":"Point","coordinates":[-105.20367,57.66526]},"properties":{"cps":0,"y":"1982","lith":" "}},{"type":"Feature","id":2308,"geometry":{"type":"Point","coordinates":[-105.14605,57.70283]},"properties":{"cps":0,"y":"1982","lith":" "}},{"type":"Feature","id":2309,"geometry":{"type":"Point","coordinates":[-105.14465,57.70775]},"properties":{"cps":0,"y":"1982","lith":" "}},{"type":"Feature","id":2310,"geometry":{"type":"Point","coordinates":[-105.38446,57.41512]},"properties":{"cps":0,"y":"1979","lith":" "}},{"type":"Feature","id":2311,"geometry":{"type":"Point","coordinates":[-105.43019,57.40515]},"properties":{"cps":0,"y":"1979","lith":" "}},{"type":"Feature","id":2312,"geometry":{"type":"Point","coordinates":[-105.44128,57.42821]},"properties":{"cps":0,"y":"1979","lith":" "}},{"type":"Feature","id":2313,"geometry":{"type":"Point","coordinates":[-105.34101,57.47108]},"properties":{"cps":0,"y":"1979","lith":" "}},{"type":"Feature","id":2314,"geometry":{"type":"Point","coordinates":[-105.24276,57.6531]},"properties":{"cps":0,"y":"1982","lith":" "}},{"type":"Feature","id":2315,"geometry":{"type":"Point","coordinates":[-105.26593,57.44482]},"properties":{"cps":0,"y":"1979","lith":" "}},{"type":"Feature","id":2316,"geometry":{"type":"Point","coordinates":[-105.30658,57.44445]},"properties":{"cps":0,"y":"1979","lith":" "}},{"type":"Feature","id":2317,"geometry":{"type":"Point","coordinates":[-104.83754,57.69777]},"properties":{"cps":0,"y":"1984","lith":"BRECCIA"}},{"type":"Feature","id":2318,"geometry":{"type":"Point","coordinates":[-104.83941,57.69351]},"properties":{"cps":0,"y":"1984","lith":"SANDSTONE"}},{"type":"Feature","id":2319,"geometry":{"type":"Point","coordinates":[-105.33523,57.42481]},"properties":{"cps":0,"y":"1979","lith":" "}},{"type":"Feature","id":2320,"geometry":{"type":"Point","coordinates":[-105.43901,57.42998]},"properties":{"cps":0,"y":"1979","lith":" "}},{"type":"Feature","id":2321,"geometry":{"type":"Point","coordinates":[-105.15929,57.69612]},"properties":{"cps":0,"y":"1982","lith":" "}},{"type":"Feature","id":2322,"geometry":{"type":"Point","coordinates":[-105.14571,57.7034]},"properties":{"cps":0,"y":"1982","lith":" "}},{"type":"Feature","id":2323,"geometry":{"type":"Point","coordinates":[-105.3084,57.44451]},"properties":{"cps":0,"y":"1979","lith":" "}},{"type":"Feature","id":2324,"geometry":{"type":"Point","coordinates":[-105.25051,57.45843]},"properties":{"cps":0,"y":"1979","lith":" "}},{"type":"Feature","id":2325,"geometry":{"type":"Point","coordinates":[-105.20287,57.6653]},"properties":{"cps":0,"y":"1982","lith":" "}},{"type":"Feature","id":2326,"geometry":{"type":"Point","coordinates":[-105.35026,57.41878]},"properties":{"cps":0,"y":"1979","lith":" "}},{"type":"Feature","id":2327,"geometry":{"type":"Point","coordinates":[-105.162,57.68403]},"properties":{"cps":0,"y":"1982","lith":" "}},{"type":"Feature","id":2328,"geometry":{"type":"Point","coordinates":[-105.14304,57.70894]},"properties":{"cps":0,"y":"1982","lith":" "}},{"type":"Feature","id":2329,"geometry":{"type":"Point","coordinates":[-105.33712,57.47058]},"properties":{"cps":0,"y":"1979","lith":" "}},{"type":"Feature","id":2330,"geometry":{"type":"Point","coordinates":[-105.31481,57.44031]},"properties":{"cps":0,"y":"1979","lith":" "}},{"type":"Feature","id":2331,"geometry":{"type":"Point","coordinates":[-105.23242,57.46872]},"properties":{"cps":0,"y":"1979","lith":" "}},{"type":"Feature","id":2332,"geometry":{"type":"Point","coordinates":[-105.33484,57.42529]},"properties":{"cps":0,"y":"1979","lith":" "}},{"type":"Feature","id":2333,"geometry":{"type":"Point","coordinates":[-105.27856,57.46106]},"properties":{"cps":0,"y":"1979","lith":" "}},{"type":"Feature","id":2334,"geometry":{"type":"Point","coordinates":[-105.14275,57.70854]},"properties":{"cps":0,"y":"1982","lith":" "}},{"type":"Feature","id":2335,"geometry":{"type":"Point","coordinates":[-105.24182,57.65289]},"properties":{"cps":0,"y":"1982","lith":" "}},{"type":"Feature","id":2336,"geometry":{"type":"Point","coordinates":[-105.34165,57.47005]},"properties":{"cps":0,"y":"1979","lith":" "}},{"type":"Feature","id":2337,"geometry":{"type":"Point","coordinates":[-105.3129,57.44093]},"properties":{"cps":0,"y":"1979","lith":" "}},{"type":"Feature","id":2338,"geometry":{"type":"Point","coordinates":[-105.15726,57.70015]},"properties":{"cps":0,"y":"1982","lith":" "}},{"type":"Feature","id":2339,"geometry":{"type":"Point","coordinates":[-105.30502,57.445]},"properties":{"cps":0,"y":"1979","lith":" "}},{"type":"Feature","id":2340,"geometry":{"type":"Point","coordinates":[-105.3429,57.46795]},"properties":{"cps":0,"y":"1979","lith":" "}},{"type":"Feature","id":2341,"geometry":{"type":"Point","coordinates":[-105.43384,57.40439]},"properties":{"cps":0,"y":"1979","lith":" "}},{"type":"Feature","id":2342,"geometry":{"type":"Point","coordinates":[-105.33937,57.45646]},"properties":{"cps":0,"y":"1979","lith":" "}},{"type":"Feature","id":2343,"geometry":{"type":"Point","coordinates":[-105.43257,57.40689]},"properties":{"cps":0,"y":"1979","lith":" "}},{"type":"Feature","id":2344,"geometry":{"type":"Point","coordinates":[-105.38913,57.43844]},"properties":{"cps":0,"y":"1979","lith":" "}},{"type":"Feature","id":2345,"geometry":{"type":"Point","coordinates":[-105.33365,57.48297]},"properties":{"cps":0,"y":"1979","lith":" "}},{"type":"Feature","id":2346,"geometry":{"type":"Point","coordinates":[-105.26431,57.45049]},"properties":{"cps":0,"y":"1979","lith":" "}},{"type":"Feature","id":2347,"geometry":{"type":"Point","coordinates":[-105.30492,57.43919]},"properties":{"cps":0,"y":"1979","lith":" "}},{"type":"Feature","id":2348,"geometry":{"type":"Point","coordinates":[-105.19933,57.66644]},"properties":{"cps":0,"y":"1982","lith":" "}},{"type":"Feature","id":2349,"geometry":{"type":"Point","coordinates":[-105.24907,57.65363]},"properties":{"cps":0,"y":"1982","lith":" "}},{"type":"Feature","id":2350,"geometry":{"type":"Point","coordinates":[-105.23436,57.46886]},"properties":{"cps":0,"y":"1979","lith":" "}},{"type":"Feature","id":2351,"geometry":{"type":"Point","coordinates":[-105.43475,57.43221]},"properties":{"cps":0,"y":"1979","lith":" "}},{"type":"Feature","id":2352,"geometry":{"type":"Point","coordinates":[-105.2866,57.46613]},"properties":{"cps":0,"y":"1979","lith":" "}},{"type":"Feature","id":2353,"geometry":{"type":"Point","coordinates":[-105.35051,57.42341]},"properties":{"cps":0,"y":"1979","lith":" "}},{"type":"Feature","id":2354,"geometry":{"type":"Point","coordinates":[-105.25136,57.64523]},"properties":{"cps":0,"y":"1982","lith":" "}},{"type":"Feature","id":2355,"geometry":{"type":"Point","coordinates":[-105.43861,57.43124]},"properties":{"cps":0,"y":"1979","lith":" "}},{"type":"Feature","id":2356,"geometry":{"type":"Point","coordinates":[-105.33201,57.45314]},"properties":{"cps":0,"y":"1979","lith":" "}},{"type":"Feature","id":2357,"geometry":{"type":"Point","coordinates":[-105.15653,57.68649]},"properties":{"cps":0,"y":"1982","lith":" "}},{"type":"Feature","id":2358,"geometry":{"type":"Point","coordinates":[-105.15464,57.70105]},"properties":{"cps":0,"y":"1982","lith":" "}},{"type":"Feature","id":2359,"geometry":{"type":"Point","coordinates":[-105.41796,57.41554]},"properties":{"cps":0,"y":"1979","lith":" "}},{"type":"Feature","id":2360,"geometry":{"type":"Point","coordinates":[-105.20997,57.66142]},"properties":{"cps":0,"y":"1982","lith":" "}},{"type":"Feature","id":2361,"geometry":{"type":"Point","coordinates":[-105.2027,57.6656]},"properties":{"cps":0,"y":"1982","lith":" "}},{"type":"Feature","id":2362,"geometry":{"type":"Point","coordinates":[-105.42331,57.42012]},"properties":{"cps":0,"y":"1979","lith":" "}},{"type":"Feature","id":2363,"geometry":{"type":"Point","coordinates":[-105.48356,57.39956]},"properties":{"cps":0,"y":"1979","lith":" "}},{"type":"Feature","id":2364,"geometry":{"type":"Point","coordinates":[-105.33848,57.42393]},"properties":{"cps":0,"y":"1979","lith":" "}},{"type":"Feature","id":2365,"geometry":{"type":"Point","coordinates":[-105.19495,57.66427]},"properties":{"cps":0,"y":"1982","lith":" "}},{"type":"Feature","id":2366,"geometry":{"type":"Point","coordinates":[-105.34482,57.45563]},"properties":{"cps":0,"y":"1979","lith":" "}},{"type":"Feature","id":2367,"geometry":{"type":"Point","coordinates":[-105.39887,57.43153]},"properties":{"cps":0,"y":"1979","lith":" "}},{"type":"Feature","id":2368,"geometry":{"type":"Point","coordinates":[-105.14696,57.70142]},"properties":{"cps":0,"y":"1982","lith":" "}},{"type":"Feature","id":2369,"geometry":{"type":"Point","coordinates":[-105.17686,57.67537]},"properties":{"cps":0,"y":"1982","lith":" "}},{"type":"Feature","id":2370,"geometry":{"type":"Point","coordinates":[-105.21638,57.65846]},"properties":{"cps":0,"y":"1982","lith":" "}},{"type":"Feature","id":2371,"geometry":{"type":"Point","coordinates":[-105.3161,57.44032]},"properties":{"cps":0,"y":"1979","lith":" "}},{"type":"Feature","id":2372,"geometry":{"type":"Point","coordinates":[-105.30201,57.44594]},"properties":{"cps":0,"y":"1979","lith":" "}},{"type":"Feature","id":2373,"geometry":{"type":"Point","coordinates":[-105.42862,57.40708]},"properties":{"cps":0,"y":"1979","lith":" "}},{"type":"Feature","id":2374,"geometry":{"type":"Point","coordinates":[-105.15099,57.70251]},"properties":{"cps":0,"y":"1982","lith":" "}},{"type":"Feature","id":2375,"geometry":{"type":"Point","coordinates":[-105.22954,57.65627]},"properties":{"cps":0,"y":"1982","lith":" "}},{"type":"Feature","id":2376,"geometry":{"type":"Point","coordinates":[-104.84314,57.69619]},"properties":{"cps":0,"y":"1984","lith":"BRECCIA"}},{"type":"Feature","id":2377,"geometry":{"type":"Point","coordinates":[-105.39991,57.4383]},"properties":{"cps":0,"y":"1979","lith":" "}},{"type":"Feature","id":2378,"geometry":{"type":"Point","coordinates":[-105.16341,57.68414]},"properties":{"cps":0,"y":"1982","lith":" "}},{"type":"Feature","id":2379,"geometry":{"type":"Point","coordinates":[-104.90554,57.65593]},"properties":{"cps":0,"y":"1984","lith":"SANDSTONE"}},{"type":"Feature","id":2380,"geometry":{"type":"Point","coordinates":[-104.89425,57.66547]},"properties":{"cps":0,"y":"1984","lith":"SANDSTONE"}},{"type":"Feature","id":2381,"geometry":{"type":"Point","coordinates":[-105.23217,57.65345]},"properties":{"cps":0,"y":"1982","lith":" "}},{"type":"Feature","id":2382,"geometry":{"type":"Point","coordinates":[-105.31921,57.43907]},"properties":{"cps":0,"y":"1979","lith":" "}},{"type":"Feature","id":2383,"geometry":{"type":"Point","coordinates":[-105.31654,57.44053]},"properties":{"cps":0,"y":"1979","lith":" "}},{"type":"Feature","id":2384,"geometry":{"type":"Point","coordinates":[-105.33959,57.45972]},"properties":{"cps":0,"y":"1979","lith":" "}},{"type":"Feature","id":2385,"geometry":{"type":"Point","coordinates":[-105.14775,57.7057]},"properties":{"cps":0,"y":"1982","lith":" "}},{"type":"Feature","id":2386,"geometry":{"type":"Point","coordinates":[-105.23355,57.46937]},"properties":{"cps":0,"y":"1979","lith":" "}},{"type":"Feature","id":2387,"geometry":{"type":"Point","coordinates":[-105.44009,57.40506]},"properties":{"cps":0,"y":"1979","lith":" "}},{"type":"Feature","id":2388,"geometry":{"type":"Point","coordinates":[-105.20907,57.66342]},"properties":{"cps":0,"y":"1982","lith":" "}},{"type":"Feature","id":2389,"geometry":{"type":"Point","coordinates":[-105.31626,57.44159]},"properties":{"cps":0,"y":"1979","lith":" "}},{"type":"Feature","id":2390,"geometry":{"type":"Point","coordinates":[-105.1991,57.6666]},"properties":{"cps":0,"y":"1982","lith":" "}},{"type":"Feature","id":2391,"geometry":{"type":"Point","coordinates":[-105.30772,57.43886]},"properties":{"cps":0,"y":"1979","lith":" "}},{"type":"Feature","id":2392,"geometry":{"type":"Point","coordinates":[-105.2345,57.65503]},"properties":{"cps":0,"y":"1982","lith":" "}},{"type":"Feature","id":2393,"geometry":{"type":"Point","coordinates":[-105.34233,57.45853]},"properties":{"cps":0,"y":"1979","lith":" "}},{"type":"Feature","id":2394,"geometry":{"type":"Point","coordinates":[-105.19525,57.66602]},"properties":{"cps":0,"y":"1982","lith":" "}},{"type":"Feature","id":2395,"geometry":{"type":"Point","coordinates":[-105.1571,57.68665]},"properties":{"cps":0,"y":"1982","lith":" "}},{"type":"Feature","id":2396,"geometry":{"type":"Point","coordinates":[-105.24306,57.65255]},"properties":{"cps":0,"y":"1982","lith":" "}},{"type":"Feature","id":2397,"geometry":{"type":"Point","coordinates":[-105.2348,57.46905]},"properties":{"cps":0,"y":"1979","lith":" "}},{"type":"Feature","id":2398,"geometry":{"type":"Point","coordinates":[-105.30225,57.44277]},"properties":{"cps":0,"y":"1979","lith":" "}},{"type":"Feature","id":2399,"geometry":{"type":"Point","coordinates":[-105.43384,57.40388]},"properties":{"cps":0,"y":"1979","lith":" "}},{"type":"Feature","id":2400,"geometry":{"type":"Point","coordinates":[-105.31634,57.44105]},"properties":{"cps":0,"y":"1979","lith":" "}},{"type":"Feature","id":2401,"geometry":{"type":"Point","coordinates":[-105.34025,57.46005]},"properties":{"cps":0,"y":"1979","lith":" "}},{"type":"Feature","id":2402,"geometry":{"type":"Point","coordinates":[-105.21369,57.66016]},"properties":{"cps":0,"y":"1982","lith":" "}},{"type":"Feature","id":2403,"geometry":{"type":"Point","coordinates":[-105.23126,57.47039]},"properties":{"cps":0,"y":"1979","lith":" "}},{"type":"Feature","id":2404,"geometry":{"type":"Point","coordinates":[-105.17094,57.67994]},"properties":{"cps":0,"y":"1982","lith":" "}},{"type":"Feature","id":2405,"geometry":{"type":"Point","coordinates":[-104.88823,57.66746]},"properties":{"cps":0,"y":"1984","lith":"SANDSTONE"}},{"type":"Feature","id":2406,"geometry":{"type":"Point","coordinates":[-104.69621,57.63789]},"properties":{"cps":0,"y":"1979","lith":" "}},{"type":"Feature","id":2407,"geometry":{"type":"Point","coordinates":[-104.84306,57.69575]},"properties":{"cps":0,"y":"1984","lith":"BRECCIA"}},{"type":"Feature","id":2408,"geometry":{"type":"Point","coordinates":[-105.43152,57.43483]},"properties":{"cps":0,"y":"1979","lith":" "}},{"type":"Feature","id":2409,"geometry":{"type":"Point","coordinates":[-105.16787,57.68419]},"properties":{"cps":0,"y":"1982","lith":" "}},{"type":"Feature","id":2410,"geometry":{"type":"Point","coordinates":[-105.33822,57.47138]},"properties":{"cps":0,"y":"1979","lith":" "}},{"type":"Feature","id":2411,"geometry":{"type":"Point","coordinates":[-105.20004,57.66439]},"properties":{"cps":0,"y":"1982","lith":" "}},{"type":"Feature","id":2412,"geometry":{"type":"Point","coordinates":[-105.34338,57.45599]},"properties":{"cps":0,"y":"1979","lith":" "}},{"type":"Feature","id":2413,"geometry":{"type":"Point","coordinates":[-105.30523,57.44057]},"properties":{"cps":0,"y":"1979","lith":" "}},{"type":"Feature","id":2414,"geometry":{"type":"Point","coordinates":[-105.42002,57.41895]},"properties":{"cps":0,"y":"1979","lith":" "}},{"type":"Feature","id":2415,"geometry":{"type":"Point","coordinates":[-105.33999,57.47166]},"properties":{"cps":0,"y":"1979","lith":" "}},{"type":"Feature","id":2416,"geometry":{"type":"Point","coordinates":[-104.88017,57.66322]},"properties":{"cps":0,"y":"1984","lith":"BRECCIA"}},{"type":"Feature","id":2417,"geometry":{"type":"Point","coordinates":[-105.25027,57.45591]},"properties":{"cps":0,"y":"1979","lith":" "}},{"type":"Feature","id":2418,"geometry":{"type":"Point","coordinates":[-105.43874,57.4214]},"properties":{"cps":0,"y":"1979","lith":" "}},{"type":"Feature","id":2419,"geometry":{"type":"Point","coordinates":[-105.15007,57.70311]},"properties":{"cps":0,"y":"1982","lith":" "}},{"type":"Feature","id":2420,"geometry":{"type":"Point","coordinates":[-105.2336,57.65241]},"properties":{"cps":0,"y":"1982","lith":" "}},{"type":"Feature","id":2421,"geometry":{"type":"Point","coordinates":[-105.19842,57.66471]},"properties":{"cps":0,"y":"1982","lith":" "}},{"type":"Feature","id":2422,"geometry":{"type":"Point","coordinates":[-105.23092,57.47143]},"properties":{"cps":0,"y":"1979","lith":" "}},{"type":"Feature","id":2423,"geometry":{"type":"Point","coordinates":[-105.43533,57.40427]},"properties":{"cps":0,"y":"1979","lith":" "}},{"type":"Feature","id":2424,"geometry":{"type":"Point","coordinates":[-105.3154,57.44008]},"properties":{"cps":0,"y":"1979","lith":" "}},{"type":"Feature","id":2425,"geometry":{"type":"Point","coordinates":[-105.30769,57.44504]},"properties":{"cps":0,"y":"1979","lith":" "}},{"type":"Feature","id":2426,"geometry":{"type":"Point","coordinates":[-105.27569,57.46027]},"properties":{"cps":0,"y":"1979","lith":" "}},{"type":"Feature","id":2427,"geometry":{"type":"Point","coordinates":[-105.19098,57.66744]},"properties":{"cps":0,"y":"1982","lith":" "}},{"type":"Feature","id":2428,"geometry":{"type":"Point","coordinates":[-105.31737,57.44627]},"properties":{"cps":0,"y":"1979","lith":" "}},{"type":"Feature","id":2429,"geometry":{"type":"Point","coordinates":[-105.31711,57.43834]},"properties":{"cps":0,"y":"1979","lith":" "}},{"type":"Feature","id":2430,"geometry":{"type":"Point","coordinates":[-105.33802,57.42069]},"properties":{"cps":0,"y":"1979","lith":" "}},{"type":"Feature","id":2431,"geometry":{"type":"Point","coordinates":[-105.19524,57.66625]},"properties":{"cps":0,"y":"1982","lith":" "}},{"type":"Feature","id":2432,"geometry":{"type":"Point","coordinates":[-105.15057,57.70242]},"properties":{"cps":0,"y":"1982","lith":" "}},{"type":"Feature","id":2433,"geometry":{"type":"Point","coordinates":[-105.14025,57.71883]},"properties":{"cps":0,"y":"1982","lith":" "}},{"type":"Feature","id":2434,"geometry":{"type":"Point","coordinates":[-105.23101,57.4706]},"properties":{"cps":0,"y":"1979","lith":" "}},{"type":"Feature","id":2435,"geometry":{"type":"Point","coordinates":[-105.3087,57.44558]},"properties":{"cps":0,"y":"1979","lith":" "}},{"type":"Feature","id":2436,"geometry":{"type":"Point","coordinates":[-105.43261,57.40475]},"properties":{"cps":0,"y":"1979","lith":" "}},{"type":"Feature","id":2437,"geometry":{"type":"Point","coordinates":[-105.33922,57.46657]},"properties":{"cps":0,"y":"1979","lith":" "}},{"type":"Feature","id":2438,"geometry":{"type":"Point","coordinates":[-105.40368,57.43097]},"properties":{"cps":0,"y":"1979","lith":" "}},{"type":"Feature","id":2439,"geometry":{"type":"Point","coordinates":[-105.4606,57.39983]},"properties":{"cps":0,"y":"1979","lith":" "}},{"type":"Feature","id":2440,"geometry":{"type":"Point","coordinates":[-105.44013,57.42932]},"properties":{"cps":0,"y":"1979","lith":" "}},{"type":"Feature","id":2441,"geometry":{"type":"Point","coordinates":[-105.17292,57.67894]},"properties":{"cps":0,"y":"1982","lith":" "}},{"type":"Feature","id":2442,"geometry":{"type":"Point","coordinates":[-105.32646,57.45446]},"properties":{"cps":0,"y":"1979","lith":" "}},{"type":"Feature","id":2443,"geometry":{"type":"Point","coordinates":[-105.34306,57.41465]},"properties":{"cps":0,"y":"1979","lith":" "}},{"type":"Feature","id":2444,"geometry":{"type":"Point","coordinates":[-105.4365,57.43136]},"properties":{"cps":0,"y":"1979","lith":" "}},{"type":"Feature","id":2445,"geometry":{"type":"Point","coordinates":[-105.35089,57.4184]},"properties":{"cps":0,"y":"1979","lith":" "}},{"type":"Feature","id":2446,"geometry":{"type":"Point","coordinates":[-105.3109,57.4414]},"properties":{"cps":0,"y":"1979","lith":" "}},{"type":"Feature","id":2447,"geometry":{"type":"Point","coordinates":[-105.33826,57.42163]},"properties":{"cps":0,"y":"1979","lith":" "}},{"type":"Feature","id":2448,"geometry":{"type":"Point","coordinates":[-105.23713,57.46869]},"properties":{"cps":0,"y":"1979","lith":" "}},{"type":"Feature","id":2449,"geometry":{"type":"Point","coordinates":[-105.39846,57.43132]},"properties":{"cps":0,"y":"1979","lith":" "}},{"type":"Feature","id":2450,"geometry":{"type":"Point","coordinates":[-105.24644,57.65502]},"properties":{"cps":0,"y":"1982","lith":" "}},{"type":"Feature","id":2451,"geometry":{"type":"Point","coordinates":[-105.33417,57.45305]},"properties":{"cps":0,"y":"1979","lith":" "}},{"type":"Feature","id":2452,"geometry":{"type":"Point","coordinates":[-104.90617,57.65414]},"properties":{"cps":0,"y":"1984","lith":"SANDSTONE"}},{"type":"Feature","id":2453,"geometry":{"type":"Point","coordinates":[-105.22404,57.65611]},"properties":{"cps":0,"y":"1982","lith":" "}},{"type":"Feature","id":2454,"geometry":{"type":"Point","coordinates":[-105.27066,57.44859]},"properties":{"cps":0,"y":"1979","lith":" "}},{"type":"Feature","id":2455,"geometry":{"type":"Point","coordinates":[-105.3863,57.44398]},"properties":{"cps":0,"y":"1979","lith":" "}},{"type":"Feature","id":2456,"geometry":{"type":"Point","coordinates":[-105.14605,57.70523]},"properties":{"cps":0,"y":"1982","lith":" "}},{"type":"Feature","id":2457,"geometry":{"type":"Point","coordinates":[-105.34445,57.4544]},"properties":{"cps":0,"y":"1979","lith":" "}},{"type":"Feature","id":2458,"geometry":{"type":"Point","coordinates":[-105.20099,57.66403]},"properties":{"cps":0,"y":"1982","lith":" "}},{"type":"Feature","id":2459,"geometry":{"type":"Point","coordinates":[-105.13733,57.7018]},"properties":{"cps":0,"y":"1982","lith":" "}},{"type":"Feature","id":2460,"geometry":{"type":"Point","coordinates":[-105.34081,57.4713]},"properties":{"cps":0,"y":"1979","lith":" "}},{"type":"Feature","id":2461,"geometry":{"type":"Point","coordinates":[-105.31456,57.44144]},"properties":{"cps":0,"y":"1979","lith":" "}},{"type":"Feature","id":2462,"geometry":{"type":"Point","coordinates":[-105.30292,57.44658]},"properties":{"cps":0,"y":"1979","lith":" "}},{"type":"Feature","id":2463,"geometry":{"type":"Point","coordinates":[-105.44006,57.4019]},"properties":{"cps":0,"y":"1979","lith":" "}},{"type":"Feature","id":2464,"geometry":{"type":"Point","coordinates":[-105.41881,57.41539]},"properties":{"cps":0,"y":"1979","lith":" "}},{"type":"Feature","id":2465,"geometry":{"type":"Point","coordinates":[-105.14655,57.7031]},"properties":{"cps":0,"y":"1982","lith":" "}},{"type":"Feature","id":2466,"geometry":{"type":"Point","coordinates":[-105.20353,57.66515]},"properties":{"cps":0,"y":"1982","lith":" "}},{"type":"Feature","id":2467,"geometry":{"type":"Point","coordinates":[-105.14264,57.70874]},"properties":{"cps":0,"y":"1982","lith":" "}},{"type":"Feature","id":2468,"geometry":{"type":"Point","coordinates":[-105.30316,57.44012]},"properties":{"cps":0,"y":"1979","lith":" "}},{"type":"Feature","id":2469,"geometry":{"type":"Point","coordinates":[-105.24201,57.65259]},"properties":{"cps":0,"y":"1982","lith":" "}},{"type":"Feature","id":2470,"geometry":{"type":"Point","coordinates":[-105.39895,57.43108]},"properties":{"cps":0,"y":"1979","lith":" "}},{"type":"Feature","id":2471,"geometry":{"type":"Point","coordinates":[-105.13686,57.70132]},"properties":{"cps":0,"y":"1982","lith":" "}},{"type":"Feature","id":2472,"geometry":{"type":"Point","coordinates":[-105.22773,57.65648]},"properties":{"cps":0,"y":"1982","lith":" "}},{"type":"Feature","id":2473,"geometry":{"type":"Point","coordinates":[-105.3261,57.47909]},"properties":{"cps":0,"y":"1979","lith":" "}},{"type":"Feature","id":2474,"geometry":{"type":"Point","coordinates":[-105.34436,57.45553]},"properties":{"cps":0,"y":"1979","lith":" "}},{"type":"Feature","id":2475,"geometry":{"type":"Point","coordinates":[-105.24955,57.65138]},"properties":{"cps":0,"y":"1982","lith":" "}},{"type":"Feature","id":2476,"geometry":{"type":"Point","coordinates":[-105.16612,57.69146]},"properties":{"cps":0,"y":"1982","lith":" "}},{"type":"Feature","id":2477,"geometry":{"type":"Point","coordinates":[-105.43658,57.43112]},"properties":{"cps":0,"y":"1979","lith":" "}},{"type":"Feature","id":2478,"geometry":{"type":"Point","coordinates":[-105.3045,57.44447]},"properties":{"cps":0,"y":"1979","lith":" "}},{"type":"Feature","id":2479,"geometry":{"type":"Point","coordinates":[-105.274,57.45832]},"properties":{"cps":0,"y":"1979","lith":" "}},{"type":"Feature","id":2480,"geometry":{"type":"Point","coordinates":[-105.30189,57.4466]},"properties":{"cps":0,"y":"1979","lith":" "}},{"type":"Feature","id":2481,"geometry":{"type":"Point","coordinates":[-105.15101,57.70262]},"properties":{"cps":0,"y":"1982","lith":" "}},{"type":"Feature","id":2482,"geometry":{"type":"Point","coordinates":[-105.13736,57.70105]},"properties":{"cps":0,"y":"1982","lith":" "}},{"type":"Feature","id":2483,"geometry":{"type":"Point","coordinates":[-105.43518,57.4054]},"properties":{"cps":0,"y":"1979","lith":" "}},{"type":"Feature","id":2484,"geometry":{"type":"Point","coordinates":[-105.27324,57.45812]},"properties":{"cps":0,"y":"1979","lith":" "}},{"type":"Feature","id":2485,"geometry":{"type":"Point","coordinates":[-105.158,57.6964]},"properties":{"cps":0,"y":"1982","lith":" "}},{"type":"Feature","id":2486,"geometry":{"type":"Point","coordinates":[-105.3402,57.42508]},"properties":{"cps":0,"y":"1979","lith":" "}},{"type":"Feature","id":2487,"geometry":{"type":"Point","coordinates":[-105.39708,57.43706]},"properties":{"cps":0,"y":"1979","lith":" "}},{"type":"Feature","id":2488,"geometry":{"type":"Point","coordinates":[-105.31997,57.43963]},"properties":{"cps":0,"y":"1979","lith":" "}},{"type":"Feature","id":2489,"geometry":{"type":"Point","coordinates":[-105.15632,57.68647]},"properties":{"cps":0,"y":"1982","lith":" "}},{"type":"Feature","id":2490,"geometry":{"type":"Point","coordinates":[-105.26686,57.44419]},"properties":{"cps":0,"y":"1979","lith":" "}},{"type":"Feature","id":2491,"geometry":{"type":"Point","coordinates":[-105.19574,57.66628]},"properties":{"cps":0,"y":"1982","lith":" "}},{"type":"Feature","id":2492,"geometry":{"type":"Point","coordinates":[-105.15793,57.68747]},"properties":{"cps":0,"y":"1982","lith":" "}},{"type":"Feature","id":2493,"geometry":{"type":"Point","coordinates":[-105.26192,57.45283]},"properties":{"cps":0,"y":"1979","lith":" "}},{"type":"Feature","id":2494,"geometry":{"type":"Point","coordinates":[-105.42996,57.40697]},"properties":{"cps":0,"y":"1979","lith":" "}},{"type":"Feature","id":2495,"geometry":{"type":"Point","coordinates":[-105.44344,57.40098]},"properties":{"cps":0,"y":"1979","lith":" "}},{"type":"Feature","id":2496,"geometry":{"type":"Point","coordinates":[-105.3571,57.42193]},"properties":{"cps":0,"y":"1979","lith":" "}},{"type":"Feature","id":2497,"geometry":{"type":"Point","coordinates":[-105.21839,57.65765]},"properties":{"cps":0,"y":"1982","lith":" "}},{"type":"Feature","id":2498,"geometry":{"type":"Point","coordinates":[-105.40529,57.40183]},"properties":{"cps":0,"y":"1979","lith":" "}},{"type":"Feature","id":2499,"geometry":{"type":"Point","coordinates":[-105.15756,57.69742]},"properties":{"cps":0,"y":"1982","lith":" "}},{"type":"Feature","id":2500,"geometry":{"type":"Point","coordinates":[-105.23244,57.46694]},"properties":{"cps":0,"y":"1979","lith":" "}},{"type":"Feature","id":2501,"geometry":{"type":"Point","coordinates":[-105.43398,57.40797]},"properties":{"cps":0,"y":"1979","lith":" "}},{"type":"Feature","id":2502,"geometry":{"type":"Point","coordinates":[-105.43354,57.43318]},"properties":{"cps":0,"y":"1979","lith":" "}},{"type":"Feature","id":2503,"geometry":{"type":"Point","coordinates":[-105.34231,57.45647]},"properties":{"cps":0,"y":"1979","lith":" "}},{"type":"Feature","id":2504,"geometry":{"type":"Point","coordinates":[-105.3708,57.45732]},"properties":{"cps":0,"y":"1979","lith":" "}},{"type":"Feature","id":2505,"geometry":{"type":"Point","coordinates":[-105.42933,57.40703]},"properties":{"cps":0,"y":"1979","lith":" "}},{"type":"Feature","id":2506,"geometry":{"type":"Point","coordinates":[-105.30811,57.43873]},"properties":{"cps":0,"y":"1979","lith":" "}},{"type":"Feature","id":2507,"geometry":{"type":"Point","coordinates":[-105.43376,57.4055]},"properties":{"cps":0,"y":"1979","lith":" "}},{"type":"Feature","id":2508,"geometry":{"type":"Point","coordinates":[-105.20005,57.66594]},"properties":{"cps":0,"y":"1982","lith":" "}},{"type":"Feature","id":2509,"geometry":{"type":"Point","coordinates":[-105.37164,57.4591]},"properties":{"cps":0,"y":"1979","lith":" "}},{"type":"Feature","id":2510,"geometry":{"type":"Point","coordinates":[-105.25186,57.45847]},"properties":{"cps":0,"y":"1979","lith":" "}},{"type":"Feature","id":2511,"geometry":{"type":"Point","coordinates":[-105.34468,57.42234]},"properties":{"cps":0,"y":"1979","lith":" "}},{"type":"Feature","id":2512,"geometry":{"type":"Point","coordinates":[-105.43128,57.40565]},"properties":{"cps":0,"y":"1979","lith":" "}},{"type":"Feature","id":2513,"geometry":{"type":"Point","coordinates":[-105.24577,57.46048]},"properties":{"cps":0,"y":"1979","lith":" "}},{"type":"Feature","id":2514,"geometry":{"type":"Point","coordinates":[-105.27011,57.4497]},"properties":{"cps":0,"y":"1979","lith":" "}},{"type":"Feature","id":2515,"geometry":{"type":"Point","coordinates":[-105.14111,57.70017]},"properties":{"cps":0,"y":"1982","lith":" "}},{"type":"Feature","id":2516,"geometry":{"type":"Point","coordinates":[-105.17669,57.67545]},"properties":{"cps":0,"y":"1982","lith":" "}},{"type":"Feature","id":2517,"geometry":{"type":"Point","coordinates":[-105.4702,57.40021]},"properties":{"cps":0,"y":"1979","lith":" "}},{"type":"Feature","id":2518,"geometry":{"type":"Point","coordinates":[-105.23298,57.65463]},"properties":{"cps":0,"y":"1982","lith":" "}},{"type":"Feature","id":2519,"geometry":{"type":"Point","coordinates":[-105.2349,57.46841]},"properties":{"cps":0,"y":"1979","lith":" "}},{"type":"Feature","id":2520,"geometry":{"type":"Point","coordinates":[-105.20002,57.66448]},"properties":{"cps":0,"y":"1982","lith":" "}},{"type":"Feature","id":2521,"geometry":{"type":"Point","coordinates":[-105.19539,57.66422]},"properties":{"cps":0,"y":"1982","lith":" "}},{"type":"Feature","id":2522,"geometry":{"type":"Point","coordinates":[-105.33067,57.45278]},"properties":{"cps":0,"y":"1979","lith":" "}},{"type":"Feature","id":2523,"geometry":{"type":"Point","coordinates":[-105.14507,57.70762]},"properties":{"cps":0,"y":"1982","lith":" "}},{"type":"Feature","id":2524,"geometry":{"type":"Point","coordinates":[-105.23152,57.46641]},"properties":{"cps":0,"y":"1979","lith":" "}},{"type":"Feature","id":2525,"geometry":{"type":"Point","coordinates":[-105.19754,57.66546]},"properties":{"cps":0,"y":"1982","lith":" "}},{"type":"Feature","id":2526,"geometry":{"type":"Point","coordinates":[-105.19622,57.66447]},"properties":{"cps":0,"y":"1982","lith":" "}},{"type":"Feature","id":2527,"geometry":{"type":"Point","coordinates":[-105.17155,57.67941]},"properties":{"cps":0,"y":"1982","lith":" "}},{"type":"Feature","id":2528,"geometry":{"type":"Point","coordinates":[-105.299,57.44643]},"properties":{"cps":0,"y":"1979","lith":" "}},{"type":"Feature","id":2529,"geometry":{"type":"Point","coordinates":[-105.45269,57.4076]},"properties":{"cps":0,"y":"1979","lith":" "}},{"type":"Feature","id":2530,"geometry":{"type":"Point","coordinates":[-105.41251,57.43216]},"properties":{"cps":0,"y":"1979","lith":" "}},{"type":"Feature","id":2531,"geometry":{"type":"Point","coordinates":[-105.19344,57.66663]},"properties":{"cps":0,"y":"1982","lith":" "}},{"type":"Feature","id":2532,"geometry":{"type":"Point","coordinates":[-105.30495,57.44574]},"properties":{"cps":0,"y":"1979","lith":" "}},{"type":"Feature","id":2533,"geometry":{"type":"Point","coordinates":[-105.34231,57.45992]},"properties":{"cps":0,"y":"1979","lith":" "}},{"type":"Feature","id":2534,"geometry":{"type":"Point","coordinates":[-105.48457,57.39952]},"properties":{"cps":0,"y":"1979","lith":" "}},{"type":"Feature","id":2535,"geometry":{"type":"Point","coordinates":[-105.44161,57.42281]},"properties":{"cps":0,"y":"1979","lith":" "}},{"type":"Feature","id":2536,"geometry":{"type":"Point","coordinates":[-105.14537,57.70259]},"properties":{"cps":0,"y":"1982","lith":" "}},{"type":"Feature","id":2537,"geometry":{"type":"Point","coordinates":[-105.13366,57.70034]},"properties":{"cps":0,"y":"1982","lith":" "}},{"type":"Feature","id":2538,"geometry":{"type":"Point","coordinates":[-105.44432,57.40094]},"properties":{"cps":0,"y":"1979","lith":" "}},{"type":"Feature","id":2539,"geometry":{"type":"Point","coordinates":[-104.69555,57.63878]},"properties":{"cps":0,"y":"1979","lith":" "}},{"type":"Feature","id":2540,"geometry":{"type":"Point","coordinates":[-105.3049,57.43901]},"properties":{"cps":0,"y":"1979","lith":" "}},{"type":"Feature","id":2541,"geometry":{"type":"Point","coordinates":[-105.19775,57.66415]},"properties":{"cps":0,"y":"1982","lith":" "}},{"type":"Feature","id":2542,"geometry":{"type":"Point","coordinates":[-105.31448,57.44015]},"properties":{"cps":0,"y":"1979","lith":" "}},{"type":"Feature","id":2543,"geometry":{"type":"Point","coordinates":[-105.17596,57.67564]},"properties":{"cps":0,"y":"1982","lith":" "}},{"type":"Feature","id":2544,"geometry":{"type":"Point","coordinates":[-105.16116,57.68386]},"properties":{"cps":0,"y":"1982","lith":" "}},{"type":"Feature","id":2545,"geometry":{"type":"Point","coordinates":[-104.6924,57.63872]},"properties":{"cps":0,"y":"1979","lith":" "}},{"type":"Feature","id":2546,"geometry":{"type":"Point","coordinates":[-105.30306,57.44517]},"properties":{"cps":0,"y":"1979","lith":" "}},{"type":"Feature","id":2547,"geometry":{"type":"Point","coordinates":[-105.32993,57.45431]},"properties":{"cps":0,"y":"1979","lith":" "}},{"type":"Feature","id":2548,"geometry":{"type":"Point","coordinates":[-105.43689,57.43178]},"properties":{"cps":0,"y":"1979","lith":" "}},{"type":"Feature","id":2549,"geometry":{"type":"Point","coordinates":[-105.39804,57.42629]},"properties":{"cps":0,"y":"1979","lith":" "}},{"type":"Feature","id":2550,"geometry":{"type":"Point","coordinates":[-105.32053,57.44547]},"properties":{"cps":0,"y":"1979","lith":" "}},{"type":"Feature","id":2551,"geometry":{"type":"Point","coordinates":[-105.15112,57.70262]},"properties":{"cps":0,"y":"1982","lith":" "}},{"type":"Feature","id":2552,"geometry":{"type":"Point","coordinates":[-105.39947,57.43831]},"properties":{"cps":0,"y":"1979","lith":" "}},{"type":"Feature","id":2553,"geometry":{"type":"Point","coordinates":[-105.37308,57.45902]},"properties":{"cps":0,"y":"1979","lith":" "}},{"type":"Feature","id":2554,"geometry":{"type":"Point","coordinates":[-105.40794,57.44751]},"properties":{"cps":0,"y":"1979","lith":" "}},{"type":"Feature","id":2555,"geometry":{"type":"Point","coordinates":[-105.1452,57.70606]},"properties":{"cps":0,"y":"1982","lith":" "}},{"type":"Feature","id":2556,"geometry":{"type":"Point","coordinates":[-105.25127,57.64554]},"properties":{"cps":0,"y":"1982","lith":" "}},{"type":"Feature","id":2557,"geometry":{"type":"Point","coordinates":[-105.40682,57.43574]},"properties":{"cps":0,"y":"1979","lith":" "}},{"type":"Feature","id":2558,"geometry":{"type":"Point","coordinates":[-105.45414,57.40283]},"properties":{"cps":0,"y":"1979","lith":" "}},{"type":"Feature","id":2559,"geometry":{"type":"Point","coordinates":[-105.20818,57.66214]},"properties":{"cps":0,"y":"1982","lith":" "}},{"type":"Feature","id":2560,"geometry":{"type":"Point","coordinates":[-105.45224,57.40062]},"properties":{"cps":0,"y":"1979","lith":" "}},{"type":"Feature","id":2561,"geometry":{"type":"Point","coordinates":[-105.14765,57.70591]},"properties":{"cps":0,"y":"1982","lith":" "}},{"type":"Feature","id":2562,"geometry":{"type":"Point","coordinates":[-105.42199,57.41763]},"properties":{"cps":0,"y":"1979","lith":" "}},{"type":"Feature","id":2563,"geometry":{"type":"Point","coordinates":[-105.41954,57.4155]},"properties":{"cps":0,"y":"1979","lith":" "}},{"type":"Feature","id":2564,"geometry":{"type":"Point","coordinates":[-105.31806,57.47997]},"properties":{"cps":0,"y":"1979","lith":" "}},{"type":"Feature","id":2565,"geometry":{"type":"Point","coordinates":[-105.1556,57.69946]},"properties":{"cps":0,"y":"1982","lith":" "}},{"type":"Feature","id":2566,"geometry":{"type":"Point","coordinates":[-104.89765,57.6635]},"properties":{"cps":0,"y":"1984","lith":"SANDSTONE"}},{"type":"Feature","id":2567,"geometry":{"type":"Point","coordinates":[-105.39351,57.43518]},"properties":{"cps":0,"y":"1979","lith":" "}},{"type":"Feature","id":2568,"geometry":{"type":"Point","coordinates":[-105.30209,57.44679]},"properties":{"cps":0,"y":"1979","lith":" "}},{"type":"Feature","id":2569,"geometry":{"type":"Point","coordinates":[-105.3435,57.41894]},"properties":{"cps":0,"y":"1979","lith":" "}},{"type":"Feature","id":2570,"geometry":{"type":"Point","coordinates":[-105.19985,57.6661]},"properties":{"cps":0,"y":"1982","lith":" "}},{"type":"Feature","id":2571,"geometry":{"type":"Point","coordinates":[-104.89493,57.66536]},"properties":{"cps":0,"y":"1984","lith":"SANDSTONE"}},{"type":"Feature","id":2572,"geometry":{"type":"Point","coordinates":[-105.30654,57.44464]},"properties":{"cps":0,"y":"1979","lith":" "}},{"type":"Feature","id":2573,"geometry":{"type":"Point","coordinates":[-105.32947,57.4544]},"properties":{"cps":0,"y":"1979","lith":" "}},{"type":"Feature","id":2574,"geometry":{"type":"Point","coordinates":[-104.88723,57.66868]},"properties":{"cps":0,"y":"1984","lith":"SANDSTONE"}},{"type":"Feature","id":2575,"geometry":{"type":"Point","coordinates":[-105.39324,57.43546]},"properties":{"cps":0,"y":"1979","lith":" "}},{"type":"Feature","id":2576,"geometry":{"type":"Point","coordinates":[-105.25102,57.46254]},"properties":{"cps":0,"y":"1979","lith":" "}},{"type":"Feature","id":2577,"geometry":{"type":"Point","coordinates":[-105.34042,57.42423]},"properties":{"cps":0,"y":"1979","lith":" "}},{"type":"Feature","id":2578,"geometry":{"type":"Point","coordinates":[-105.35513,57.42254]},"properties":{"cps":0,"y":"1979","lith":" "}},{"type":"Feature","id":2579,"geometry":{"type":"Point","coordinates":[-105.40296,57.42963]},"properties":{"cps":0,"y":"1979","lith":" "}},{"type":"Feature","id":2580,"geometry":{"type":"Point","coordinates":[-105.30913,57.44369]},"properties":{"cps":0,"y":"1979","lith":" "}},{"type":"Feature","id":2581,"geometry":{"type":"Point","coordinates":[-104.83814,57.69737]},"properties":{"cps":0,"y":"1984","lith":"BRECCIA"}},{"type":"Feature","id":2582,"geometry":{"type":"Point","coordinates":[-104.89051,57.66669]},"properties":{"cps":0,"y":"1984","lith":"SANDSTONE"}},{"type":"Feature","id":2583,"geometry":{"type":"Point","coordinates":[-105.3134,57.43926]},"properties":{"cps":0,"y":"1979","lith":" "}},{"type":"Feature","id":2584,"geometry":{"type":"Point","coordinates":[-105.33976,57.46867]},"properties":{"cps":0,"y":"1979","lith":" "}},{"type":"Feature","id":2585,"geometry":{"type":"Point","coordinates":[-105.3118,57.44257]},"properties":{"cps":0,"y":"1979","lith":" "}},{"type":"Feature","id":2586,"geometry":{"type":"Point","coordinates":[-105.21136,57.66229]},"properties":{"cps":0,"y":"1982","lith":" "}},{"type":"Feature","id":2587,"geometry":{"type":"Point","coordinates":[-105.24619,57.6523]},"properties":{"cps":0,"y":"1982","lith":" "}},{"type":"Feature","id":2588,"geometry":{"type":"Point","coordinates":[-105.43801,57.43042]},"properties":{"cps":0,"y":"1979","lith":" "}},{"type":"Feature","id":2589,"geometry":{"type":"Point","coordinates":[-105.15196,57.70317]},"properties":{"cps":0,"y":"1982","lith":" "}},{"type":"Feature","id":2590,"geometry":{"type":"Point","coordinates":[-105.28182,57.4629]},"properties":{"cps":0,"y":"1979","lith":" "}},{"type":"Feature","id":2591,"geometry":{"type":"Point","coordinates":[-104.67416,57.66394]},"properties":{"cps":0,"y":"1979","lith":" "}},{"type":"Feature","id":2592,"geometry":{"type":"Point","coordinates":[-105.23502,57.46885]},"properties":{"cps":0,"y":"1979","lith":" "}},{"type":"Feature","id":2593,"geometry":{"type":"Point","coordinates":[-105.31762,57.43981]},"properties":{"cps":0,"y":"1979","lith":" "}},{"type":"Feature","id":2594,"geometry":{"type":"Point","coordinates":[-105.18747,57.66955]},"properties":{"cps":0,"y":"1982","lith":" "}},{"type":"Feature","id":2595,"geometry":{"type":"Point","coordinates":[-105.43765,57.43041]},"properties":{"cps":0,"y":"1979","lith":" "}},{"type":"Feature","id":2596,"geometry":{"type":"Point","coordinates":[-105.2033,57.66463]},"properties":{"cps":0,"y":"1982","lith":" "}},{"type":"Feature","id":2597,"geometry":{"type":"Point","coordinates":[-105.34373,57.45475]},"properties":{"cps":0,"y":"1979","lith":" "}},{"type":"Feature","id":2598,"geometry":{"type":"Point","coordinates":[-105.33592,57.42437]},"properties":{"cps":0,"y":"1979","lith":" "}},{"type":"Feature","id":2599,"geometry":{"type":"Point","coordinates":[-105.23136,57.47151]},"properties":{"cps":0,"y":"1979","lith":" "}},{"type":"Feature","id":2600,"geometry":{"type":"Point","coordinates":[-105.31291,57.44192]},"properties":{"cps":0,"y":"1979","lith":" "}},{"type":"Feature","id":2601,"geometry":{"type":"Point","coordinates":[-105.23214,57.47122]},"properties":{"cps":0,"y":"1979","lith":" "}},{"type":"Feature","id":2602,"geometry":{"type":"Point","coordinates":[-105.24335,57.65275]},"properties":{"cps":0,"y":"1982","lith":" "}},{"type":"Feature","id":2603,"geometry":{"type":"Point","coordinates":[-105.1763,57.67656]},"properties":{"cps":0,"y":"1982","lith":" "}},{"type":"Feature","id":2604,"geometry":{"type":"Point","coordinates":[-104.8986,57.66246]},"properties":{"cps":0,"y":"1984","lith":"SANDSTONE"}},{"type":"Feature","id":2605,"geometry":{"type":"Point","coordinates":[-105.14396,57.70811]},"properties":{"cps":0,"y":"1982","lith":" "}},{"type":"Feature","id":2606,"geometry":{"type":"Point","coordinates":[-105.23368,57.46922]},"properties":{"cps":0,"y":"1979","lith":" "}},{"type":"Feature","id":2607,"geometry":{"type":"Point","coordinates":[-105.14551,57.70419]},"properties":{"cps":0,"y":"1982","lith":" "}},{"type":"Feature","id":2608,"geometry":{"type":"Point","coordinates":[-105.25104,57.45951]},"properties":{"cps":0,"y":"1979","lith":" "}},{"type":"Feature","id":2609,"geometry":{"type":"Point","coordinates":[-105.42854,57.40677]},"properties":{"cps":0,"y":"1979","lith":" "}},{"type":"Feature","id":2610,"geometry":{"type":"Point","coordinates":[-105.15412,57.70194]},"properties":{"cps":0,"y":"1982","lith":" "}},{"type":"Feature","id":2611,"geometry":{"type":"Point","coordinates":[-105.18567,57.67049]},"properties":{"cps":0,"y":"1982","lith":" "}},{"type":"Feature","id":2612,"geometry":{"type":"Point","coordinates":[-105.16614,57.69207]},"properties":{"cps":0,"y":"1982","lith":" "}},{"type":"Feature","id":2613,"geometry":{"type":"Point","coordinates":[-105.30221,57.44619]},"properties":{"cps":0,"y":"1979","lith":" "}},{"type":"Feature","id":2614,"geometry":{"type":"Point","coordinates":[-105.31418,57.4422]},"properties":{"cps":0,"y":"1979","lith":" "}},{"type":"Feature","id":2615,"geometry":{"type":"Point","coordinates":[-105.30256,57.44438]},"properties":{"cps":0,"y":"1979","lith":" "}},{"type":"Feature","id":2616,"geometry":{"type":"Point","coordinates":[-105.16498,57.69473]},"properties":{"cps":0,"y":"1982","lith":" "}},{"type":"Feature","id":2617,"geometry":{"type":"Point","coordinates":[-105.31486,57.44125]},"properties":{"cps":0,"y":"1979","lith":" "}},{"type":"Feature","id":2618,"geometry":{"type":"Point","coordinates":[-105.31272,57.43895]},"properties":{"cps":0,"y":"1979","lith":" "}},{"type":"Feature","id":2619,"geometry":{"type":"Point","coordinates":[-105.31328,57.43797]},"properties":{"cps":0,"y":"1979","lith":" "}},{"type":"Feature","id":2620,"geometry":{"type":"Point","coordinates":[-105.24698,57.65476]},"properties":{"cps":0,"y":"1982","lith":" "}},{"type":"Feature","id":2621,"geometry":{"type":"Point","coordinates":[-105.43964,57.42139]},"properties":{"cps":0,"y":"1979","lith":" "}},{"type":"Feature","id":2622,"geometry":{"type":"Point","coordinates":[-105.36526,57.45575]},"properties":{"cps":0,"y":"1979","lith":" "}},{"type":"Feature","id":2623,"geometry":{"type":"Point","coordinates":[-105.44167,57.40801]},"properties":{"cps":0,"y":"1979","lith":" "}},{"type":"Feature","id":2624,"geometry":{"type":"Point","coordinates":[-105.24277,57.65268]},"properties":{"cps":0,"y":"1982","lith":" "}},{"type":"Feature","id":2625,"geometry":{"type":"Point","coordinates":[-105.23231,57.46962]},"properties":{"cps":0,"y":"1979","lith":" "}},{"type":"Feature","id":2626,"geometry":{"type":"Point","coordinates":[-105.1986,57.66469]},"properties":{"cps":0,"y":"1982","lith":" "}},{"type":"Feature","id":2627,"geometry":{"type":"Point","coordinates":[-105.2304,57.47161]},"properties":{"cps":0,"y":"1979","lith":" "}},{"type":"Feature","id":2628,"geometry":{"type":"Point","coordinates":[-105.3491,57.42391]},"properties":{"cps":0,"y":"1979","lith":" "}},{"type":"Feature","id":2629,"geometry":{"type":"Point","coordinates":[-105.17075,57.67996]},"properties":{"cps":0,"y":"1982","lith":" "}},{"type":"Feature","id":2630,"geometry":{"type":"Point","coordinates":[-105.1708,57.67974]},"properties":{"cps":0,"y":"1982","lith":" "}},{"type":"Feature","id":2631,"geometry":{"type":"Point","coordinates":[-105.34308,57.42346]},"properties":{"cps":0,"y":"1979","lith":" "}},{"type":"Feature","id":2632,"geometry":{"type":"Point","coordinates":[-105.39524,57.43665]},"properties":{"cps":0,"y":"1979","lith":" "}},{"type":"Feature","id":2633,"geometry":{"type":"Point","coordinates":[-105.1426,57.71078]},"properties":{"cps":0,"y":"1982","lith":" "}},{"type":"Feature","id":2634,"geometry":{"type":"Point","coordinates":[-105.33881,57.42393]},"properties":{"cps":0,"y":"1979","lith":" "}},{"type":"Feature","id":2635,"geometry":{"type":"Point","coordinates":[-105.45423,57.40672]},"properties":{"cps":0,"y":"1979","lith":" "}},{"type":"Feature","id":2636,"geometry":{"type":"Point","coordinates":[-105.34309,57.45264]},"properties":{"cps":0,"y":"1979","lith":" "}},{"type":"Feature","id":2637,"geometry":{"type":"Point","coordinates":[-105.19412,57.6662]},"properties":{"cps":0,"y":"1982","lith":" "}},{"type":"Feature","id":2638,"geometry":{"type":"Point","coordinates":[-105.43997,57.4056]},"properties":{"cps":0,"y":"1979","lith":" "}},{"type":"Feature","id":2639,"geometry":{"type":"Point","coordinates":[-105.24307,57.65265]},"properties":{"cps":0,"y":"1982","lith":" "}},{"type":"Feature","id":2640,"geometry":{"type":"Point","coordinates":[-105.26916,57.44955]},"properties":{"cps":0,"y":"1979","lith":" "}},{"type":"Feature","id":2641,"geometry":{"type":"Point","coordinates":[-105.14842,57.70438]},"properties":{"cps":0,"y":"1982","lith":" "}},{"type":"Feature","id":2642,"geometry":{"type":"Point","coordinates":[-105.39071,57.43706]},"properties":{"cps":0,"y":"1979","lith":" "}},{"type":"Feature","id":2643,"geometry":{"type":"Point","coordinates":[-104.83699,57.69764]},"properties":{"cps":0,"y":"1984","lith":"BRECCIA"}},{"type":"Feature","id":2644,"geometry":{"type":"Point","coordinates":[-105.43659,57.40834]},"properties":{"cps":0,"y":"1979","lith":" "}},{"type":"Feature","id":2645,"geometry":{"type":"Point","coordinates":[-105.46717,57.40249]},"properties":{"cps":0,"y":"1979","lith":" "}},{"type":"Feature","id":2646,"geometry":{"type":"Point","coordinates":[-105.31009,57.44039]},"properties":{"cps":0,"y":"1979","lith":" "}},{"type":"Feature","id":2647,"geometry":{"type":"Point","coordinates":[-105.14501,57.70771]},"properties":{"cps":0,"y":"1982","lith":" "}},{"type":"Feature","id":2648,"geometry":{"type":"Point","coordinates":[-105.23579,57.46964]},"properties":{"cps":0,"y":"1979","lith":" "}},{"type":"Feature","id":2649,"geometry":{"type":"Point","coordinates":[-105.32653,57.47693]},"properties":{"cps":0,"y":"1979","lith":" "}},{"type":"Feature","id":2650,"geometry":{"type":"Point","coordinates":[-105.29949,57.44677]},"properties":{"cps":0,"y":"1979","lith":" "}},{"type":"Feature","id":2651,"geometry":{"type":"Point","coordinates":[-105.2146,57.66038]},"properties":{"cps":0,"y":"1982","lith":" "}},{"type":"Feature","id":2652,"geometry":{"type":"Point","coordinates":[-105.30422,57.44031]},"properties":{"cps":0,"y":"1979","lith":" "}},{"type":"Feature","id":2653,"geometry":{"type":"Point","coordinates":[-105.16565,57.6821]},"properties":{"cps":0,"y":"1982","lith":" "}},{"type":"Feature","id":2654,"geometry":{"type":"Point","coordinates":[-105.14112,57.7187]},"properties":{"cps":0,"y":"1982","lith":" "}},{"type":"Feature","id":2655,"geometry":{"type":"Point","coordinates":[-105.2664,57.4451]},"properties":{"cps":0,"y":"1979","lith":" "}},{"type":"Feature","id":2656,"geometry":{"type":"Point","coordinates":[-105.24687,57.65132]},"properties":{"cps":0,"y":"1982","lith":" "}},{"type":"Feature","id":2657,"geometry":{"type":"Point","coordinates":[-105.34108,57.47019]},"properties":{"cps":0,"y":"1979","lith":" "}},{"type":"Feature","id":2658,"geometry":{"type":"Point","coordinates":[-105.30619,57.4444]},"properties":{"cps":0,"y":"1979","lith":" "}},{"type":"Feature","id":2659,"geometry":{"type":"Point","coordinates":[-105.15359,57.70027]},"properties":{"cps":0,"y":"1982","lith":" "}},{"type":"Feature","id":2660,"geometry":{"type":"Point","coordinates":[-104.88055,57.66333]},"properties":{"cps":0,"y":"1984","lith":"BRECCIA"}},{"type":"Feature","id":2661,"geometry":{"type":"Point","coordinates":[-105.42095,57.41597]},"properties":{"cps":0,"y":"1979","lith":" "}},{"type":"Feature","id":2662,"geometry":{"type":"Point","coordinates":[-105.26362,57.45017]},"properties":{"cps":0,"y":"1979","lith":" "}},{"type":"Feature","id":2663,"geometry":{"type":"Point","coordinates":[-105.26885,57.44846]},"properties":{"cps":0,"y":"1979","lith":" "}},{"type":"Feature","id":2664,"geometry":{"type":"Point","coordinates":[-105.34219,57.46971]},"properties":{"cps":0,"y":"1979","lith":" "}},{"type":"Feature","id":2665,"geometry":{"type":"Point","coordinates":[-105.14952,57.70357]},"properties":{"cps":0,"y":"1982","lith":" "}},{"type":"Feature","id":2666,"geometry":{"type":"Point","coordinates":[-105.42926,57.40535]},"properties":{"cps":0,"y":"1979","lith":" "}},{"type":"Feature","id":2667,"geometry":{"type":"Point","coordinates":[-105.25005,57.46179]},"properties":{"cps":0,"y":"1979","lith":" "}},{"type":"Feature","id":2668,"geometry":{"type":"Point","coordinates":[-105.19061,57.66844]},"properties":{"cps":0,"y":"1982","lith":" "}},{"type":"Feature","id":2669,"geometry":{"type":"Point","coordinates":[-105.27591,57.46036]},"properties":{"cps":0,"y":"1979","lith":" "}},{"type":"Feature","id":2670,"geometry":{"type":"Point","coordinates":[-105.3443,57.45572]},"properties":{"cps":0,"y":"1979","lith":" "}},{"type":"Feature","id":2671,"geometry":{"type":"Point","coordinates":[-105.33814,57.44763]},"properties":{"cps":0,"y":"1979","lith":" "}},{"type":"Feature","id":2672,"geometry":{"type":"Point","coordinates":[-105.3002,57.44589]},"properties":{"cps":0,"y":"1979","lith":" "}},{"type":"Feature","id":2673,"geometry":{"type":"Point","coordinates":[-105.30307,57.44057]},"properties":{"cps":0,"y":"1979","lith":" "}},{"type":"Feature","id":2674,"geometry":{"type":"Point","coordinates":[-105.40817,57.43487]},"properties":{"cps":0,"y":"1979","lith":" "}},{"type":"Feature","id":2675,"geometry":{"type":"Point","coordinates":[-105.23177,57.65357]},"properties":{"cps":0,"y":"1982","lith":" "}},{"type":"Feature","id":2676,"geometry":{"type":"Point","coordinates":[-105.20393,57.66525]},"properties":{"cps":0,"y":"1982","lith":" "}},{"type":"Feature","id":2677,"geometry":{"type":"Point","coordinates":[-105.336,57.45301]},"properties":{"cps":0,"y":"1979","lith":" "}},{"type":"Feature","id":2678,"geometry":{"type":"Point","coordinates":[-105.30262,57.43995]},"properties":{"cps":0,"y":"1979","lith":" "}},{"type":"Feature","id":2679,"geometry":{"type":"Point","coordinates":[-105.19852,57.66388]},"properties":{"cps":0,"y":"1982","lith":" "}},{"type":"Feature","id":2680,"geometry":{"type":"Point","coordinates":[-105.34808,57.4208]},"properties":{"cps":0,"y":"1979","lith":" "}},{"type":"Feature","id":2681,"geometry":{"type":"Point","coordinates":[-105.26861,57.44916]},"properties":{"cps":0,"y":"1979","lith":" "}},{"type":"Feature","id":2682,"geometry":{"type":"Point","coordinates":[-105.4433,57.39944]},"properties":{"cps":0,"y":"1979","lith":" "}},{"type":"Feature","id":2683,"geometry":{"type":"Point","coordinates":[-105.33734,57.41793]},"properties":{"cps":0,"y":"1979","lith":" "}},{"type":"Feature","id":2684,"geometry":{"type":"Point","coordinates":[-105.44864,57.40819]},"properties":{"cps":0,"y":"1979","lith":" "}},{"type":"Feature","id":2685,"geometry":{"type":"Point","coordinates":[-105.16468,57.68821]},"properties":{"cps":0,"y":"1982","lith":" "}},{"type":"Feature","id":2686,"geometry":{"type":"Point","coordinates":[-104.84625,57.69472]},"properties":{"cps":0,"y":"1984","lith":"BRECCIA"}},{"type":"Feature","id":2687,"geometry":{"type":"Point","coordinates":[-105.39315,57.434]},"properties":{"cps":0,"y":"1979","lith":" "}},{"type":"Feature","id":2688,"geometry":{"type":"Point","coordinates":[-105.34655,57.42251]},"properties":{"cps":0,"y":"1979","lith":" "}},{"type":"Feature","id":2689,"geometry":{"type":"Point","coordinates":[-105.20003,57.66585]},"properties":{"cps":0,"y":"1982","lith":" "}},{"type":"Feature","id":2690,"geometry":{"type":"Point","coordinates":[-105.25011,57.45709]},"properties":{"cps":0,"y":"1979","lith":" "}},{"type":"Feature","id":2691,"geometry":{"type":"Point","coordinates":[-105.20428,57.66253]},"properties":{"cps":0,"y":"1982","lith":" "}},{"type":"Feature","id":2692,"geometry":{"type":"Point","coordinates":[-105.30557,57.43775]},"properties":{"cps":0,"y":"1979","lith":" "}},{"type":"Feature","id":2693,"geometry":{"type":"Point","coordinates":[-105.23357,57.65251]},"properties":{"cps":0,"y":"1982","lith":" "}},{"type":"Feature","id":2694,"geometry":{"type":"Point","coordinates":[-105.15446,57.70134]},"properties":{"cps":0,"y":"1982","lith":" "}},{"type":"Feature","id":2695,"geometry":{"type":"Point","coordinates":[-105.26755,57.45057]},"properties":{"cps":0,"y":"1979","lith":" "}},{"type":"Feature","id":2696,"geometry":{"type":"Point","coordinates":[-105.24742,57.65093]},"properties":{"cps":0,"y":"1982","lith":" "}},{"type":"Feature","id":2697,"geometry":{"type":"Point","coordinates":[-105.14604,57.70555]},"properties":{"cps":0,"y":"1982","lith":" "}},{"type":"Feature","id":2698,"geometry":{"type":"Point","coordinates":[-105.30331,57.43736]},"properties":{"cps":0,"y":"1979","lith":" "}},{"type":"Feature","id":2699,"geometry":{"type":"Point","coordinates":[-105.30016,57.44108]},"properties":{"cps":0,"y":"1979","lith":" "}},{"type":"Feature","id":2700,"geometry":{"type":"Point","coordinates":[-105.302,57.44506]},"properties":{"cps":0,"y":"1979","lith":" "}},{"type":"Feature","id":2701,"geometry":{"type":"Point","coordinates":[-105.34409,57.45415]},"properties":{"cps":0,"y":"1979","lith":" "}},{"type":"Feature","id":2702,"geometry":{"type":"Point","coordinates":[-105.34353,57.45733]},"properties":{"cps":0,"y":"1979","lith":" "}},{"type":"Feature","id":2703,"geometry":{"type":"Point","coordinates":[-105.34316,57.45646]},"properties":{"cps":0,"y":"1979","lith":" "}},{"type":"Feature","id":2704,"geometry":{"type":"Point","coordinates":[-105.2496,57.64956]},"properties":{"cps":0,"y":"1982","lith":" "}},{"type":"Feature","id":2705,"geometry":{"type":"Point","coordinates":[-105.17692,57.67526]},"properties":{"cps":0,"y":"1982","lith":" "}},{"type":"Feature","id":2706,"geometry":{"type":"Point","coordinates":[-105.44484,57.40798]},"properties":{"cps":0,"y":"1979","lith":" "}},{"type":"Feature","id":2707,"geometry":{"type":"Point","coordinates":[-105.31704,57.44668]},"properties":{"cps":0,"y":"1979","lith":" "}},{"type":"Feature","id":2708,"geometry":{"type":"Point","coordinates":[-104.69364,57.63801]},"properties":{"cps":0,"y":"1979","lith":" "}},{"type":"Feature","id":2709,"geometry":{"type":"Point","coordinates":[-105.43379,57.40481]},"properties":{"cps":0,"y":"1979","lith":" "}},{"type":"Feature","id":2710,"geometry":{"type":"Point","coordinates":[-105.14229,57.70947]},"properties":{"cps":0,"y":"1982","lith":" "}},{"type":"Feature","id":2711,"geometry":{"type":"Point","coordinates":[-104.89573,57.66517]},"properties":{"cps":0,"y":"1984","lith":"SANDSTONE"}},{"type":"Feature","id":2712,"geometry":{"type":"Point","coordinates":[-105.34076,57.42191]},"properties":{"cps":0,"y":"1979","lith":" "}},{"type":"Feature","id":2713,"geometry":{"type":"Point","coordinates":[-105.429,57.40674]},"properties":{"cps":0,"y":"1979","lith":" "}},{"type":"Feature","id":2714,"geometry":{"type":"Point","coordinates":[-105.43345,57.40529]},"properties":{"cps":0,"y":"1979","lith":" "}},{"type":"Feature","id":2715,"geometry":{"type":"Point","coordinates":[-105.30936,57.44099]},"properties":{"cps":0,"y":"1979","lith":" "}},{"type":"Feature","id":2716,"geometry":{"type":"Point","coordinates":[-105.14787,57.70572]},"properties":{"cps":0,"y":"1982","lith":" "}},{"type":"Feature","id":2717,"geometry":{"type":"Point","coordinates":[-105.34001,57.46657]},"properties":{"cps":0,"y":"1979","lith":" "}},{"type":"Feature","id":2718,"geometry":{"type":"Point","coordinates":[-105.33525,57.42297]},"properties":{"cps":0,"y":"1979","lith":" "}},{"type":"Feature","id":2719,"geometry":{"type":"Point","coordinates":[-105.15767,57.69551]},"properties":{"cps":0,"y":"1982","lith":" "}},{"type":"Feature","id":2720,"geometry":{"type":"Point","coordinates":[-105.33821,57.41652]},"properties":{"cps":0,"y":"1979","lith":" "}},{"type":"Feature","id":2721,"geometry":{"type":"Point","coordinates":[-105.39112,57.43472]},"properties":{"cps":0,"y":"1979","lith":" "}},{"type":"Feature","id":2722,"geometry":{"type":"Point","coordinates":[-105.32546,57.47861]},"properties":{"cps":0,"y":"1979","lith":" "}},{"type":"Feature","id":2723,"geometry":{"type":"Point","coordinates":[-105.20052,57.66576]},"properties":{"cps":0,"y":"1982","lith":" "}},{"type":"Feature","id":2724,"geometry":{"type":"Point","coordinates":[-105.35067,57.42307]},"properties":{"cps":0,"y":"1979","lith":" "}},{"type":"Feature","id":2725,"geometry":{"type":"Point","coordinates":[-105.24168,57.65339]},"properties":{"cps":0,"y":"1982","lith":" "}},{"type":"Feature","id":2726,"geometry":{"type":"Point","coordinates":[-105.18577,57.6704]},"properties":{"cps":0,"y":"1982","lith":" "}},{"type":"Feature","id":2727,"geometry":{"type":"Point","coordinates":[-105.41845,57.43555]},"properties":{"cps":0,"y":"1979","lith":" "}},{"type":"Feature","id":2728,"geometry":{"type":"Point","coordinates":[-105.30701,57.44498]},"properties":{"cps":0,"y":"1979","lith":" "}},{"type":"Feature","id":2729,"geometry":{"type":"Point","coordinates":[-105.41442,57.41391]},"properties":{"cps":0,"y":"1979","lith":" "}},{"type":"Feature","id":2730,"geometry":{"type":"Point","coordinates":[-105.24308,57.65231]},"properties":{"cps":0,"y":"1982","lith":" "}},{"type":"Feature","id":2731,"geometry":{"type":"Point","coordinates":[-104.88652,57.66942]},"properties":{"cps":0,"y":"1984","lith":"SANDSTONE"}},{"type":"Feature","id":2732,"geometry":{"type":"Point","coordinates":[-105.15704,57.7003]},"properties":{"cps":0,"y":"1982","lith":" "}},{"type":"Feature","id":2733,"geometry":{"type":"Point","coordinates":[-105.1952,57.6656]},"properties":{"cps":0,"y":"1982","lith":" "}},{"type":"Feature","id":2734,"geometry":{"type":"Point","coordinates":[-105.41783,57.41648]},"properties":{"cps":0,"y":"1979","lith":" "}},{"type":"Feature","id":2735,"geometry":{"type":"Point","coordinates":[-105.43027,57.407]},"properties":{"cps":0,"y":"1979","lith":" "}},{"type":"Feature","id":2736,"geometry":{"type":"Point","coordinates":[-105.21223,57.65933]},"properties":{"cps":0,"y":"1982","lith":" "}},{"type":"Feature","id":2737,"geometry":{"type":"Point","coordinates":[-105.26833,57.45022]},"properties":{"cps":0,"y":"1979","lith":" "}},{"type":"Feature","id":2738,"geometry":{"type":"Point","coordinates":[-105.42879,57.4075]},"properties":{"cps":0,"y":"1979","lith":" "}},{"type":"Feature","id":2739,"geometry":{"type":"Point","coordinates":[-105.43511,57.43166]},"properties":{"cps":0,"y":"1979","lith":" "}},{"type":"Feature","id":2740,"geometry":{"type":"Point","coordinates":[-105.38167,57.41597]},"properties":{"cps":0,"y":"1979","lith":" "}},{"type":"Feature","id":2741,"geometry":{"type":"Point","coordinates":[-105.43396,57.43322]},"properties":{"cps":0,"y":"1979","lith":" "}},{"type":"Feature","id":2742,"geometry":{"type":"Point","coordinates":[-105.31907,57.43935]},"properties":{"cps":0,"y":"1979","lith":" "}},{"type":"Feature","id":2743,"geometry":{"type":"Point","coordinates":[-105.23163,57.47106]},"properties":{"cps":0,"y":"1979","lith":" "}},{"type":"Feature","id":2744,"geometry":{"type":"Point","coordinates":[-104.67371,57.66335]},"properties":{"cps":0,"y":"1979","lith":" "}},{"type":"Feature","id":2745,"geometry":{"type":"Point","coordinates":[-105.14808,57.70406]},"properties":{"cps":0,"y":"1982","lith":" "}},{"type":"Feature","id":2746,"geometry":{"type":"Point","coordinates":[-105.33908,57.42094]},"properties":{"cps":0,"y":"1979","lith":" "}},{"type":"Feature","id":2747,"geometry":{"type":"Point","coordinates":[-105.45322,57.40727]},"properties":{"cps":0,"y":"1979","lith":" "}},{"type":"Feature","id":2748,"geometry":{"type":"Point","coordinates":[-105.27376,57.45795]},"properties":{"cps":0,"y":"1979","lith":" "}},{"type":"Feature","id":2749,"geometry":{"type":"Point","coordinates":[-105.19038,57.66741]},"properties":{"cps":0,"y":"1982","lith":" "}},{"type":"Feature","id":2750,"geometry":{"type":"Point","coordinates":[-105.31352,57.44147]},"properties":{"cps":0,"y":"1979","lith":" "}},{"type":"Feature","id":2751,"geometry":{"type":"Point","coordinates":[-105.166,57.69137]},"properties":{"cps":0,"y":"1982","lith":" "}},{"type":"Feature","id":2752,"geometry":{"type":"Point","coordinates":[-105.14897,57.70289]},"properties":{"cps":0,"y":"1982","lith":" "}},{"type":"Feature","id":2753,"geometry":{"type":"Point","coordinates":[-105.45808,57.40202]},"properties":{"cps":0,"y":"1979","lith":" "}},{"type":"Feature","id":2754,"geometry":{"type":"Point","coordinates":[-105.24173,57.65313]},"properties":{"cps":0,"y":"1982","lith":" "}},{"type":"Feature","id":2755,"geometry":{"type":"Point","coordinates":[-105.32944,57.45421]},"properties":{"cps":0,"y":"1979","lith":" "}},{"type":"Feature","id":2756,"geometry":{"type":"Point","coordinates":[-105.20794,57.66212]},"properties":{"cps":0,"y":"1982","lith":" "}},{"type":"Feature","id":2757,"geometry":{"type":"Point","coordinates":[-105.22557,57.65587]},"properties":{"cps":0,"y":"1982","lith":" "}},{"type":"Feature","id":2758,"geometry":{"type":"Point","coordinates":[-105.20116,57.6656]},"properties":{"cps":0,"y":"1982","lith":" "}},{"type":"Feature","id":2759,"geometry":{"type":"Point","coordinates":[-105.30465,57.44509]},"properties":{"cps":0,"y":"1979","lith":" "}},{"type":"Feature","id":2760,"geometry":{"type":"Point","coordinates":[-105.30308,57.44498]},"properties":{"cps":0,"y":"1979","lith":" "}},{"type":"Feature","id":2761,"geometry":{"type":"Point","coordinates":[-105.43277,57.40385]},"properties":{"cps":0,"y":"1979","lith":" "}},{"type":"Feature","id":2762,"geometry":{"type":"Point","coordinates":[-105.26965,57.44958]},"properties":{"cps":0,"y":"1979","lith":" "}},{"type":"Feature","id":2763,"geometry":{"type":"Point","coordinates":[-105.42945,57.40574]},"properties":{"cps":0,"y":"1979","lith":" "}},{"type":"Feature","id":2764,"geometry":{"type":"Point","coordinates":[-105.4343,57.40439]},"properties":{"cps":0,"y":"1979","lith":" "}},{"type":"Feature","id":2765,"geometry":{"type":"Point","coordinates":[-105.24903,57.45982]},"properties":{"cps":0,"y":"1979","lith":" "}},{"type":"Feature","id":2766,"geometry":{"type":"Point","coordinates":[-105.14134,57.70166]},"properties":{"cps":0,"y":"1982","lith":" "}},{"type":"Feature","id":2767,"geometry":{"type":"Point","coordinates":[-105.43576,57.40387]},"properties":{"cps":0,"y":"1979","lith":" "}},{"type":"Feature","id":2768,"geometry":{"type":"Point","coordinates":[-105.14647,57.70545]},"properties":{"cps":0,"y":"1982","lith":" "}},{"type":"Feature","id":2769,"geometry":{"type":"Point","coordinates":[-105.43514,57.40407]},"properties":{"cps":0,"y":"1979","lith":" "}},{"type":"Feature","id":2770,"geometry":{"type":"Point","coordinates":[-105.43898,57.40212]},"properties":{"cps":0,"y":"1979","lith":" "}},{"type":"Feature","id":2771,"geometry":{"type":"Point","coordinates":[-105.43541,57.40386]},"properties":{"cps":0,"y":"1979","lith":" "}},{"type":"Feature","id":2772,"geometry":{"type":"Point","coordinates":[-105.18823,57.66907]},"properties":{"cps":0,"y":"1982","lith":" "}},{"type":"Feature","id":2773,"geometry":{"type":"Point","coordinates":[-105.31917,57.44634]},"properties":{"cps":0,"y":"1979","lith":" "}},{"type":"Feature","id":2774,"geometry":{"type":"Point","coordinates":[-105.13734,57.70306]},"properties":{"cps":0,"y":"1982","lith":" "}},{"type":"Feature","id":2775,"geometry":{"type":"Point","coordinates":[-105.43817,57.43107]},"properties":{"cps":0,"y":"1979","lith":" "}},{"type":"Feature","id":2776,"geometry":{"type":"Point","coordinates":[-105.18769,57.66774]},"properties":{"cps":0,"y":"1982","lith":" "}},{"type":"Feature","id":2777,"geometry":{"type":"Point","coordinates":[-105.14655,57.70706]},"properties":{"cps":0,"y":"1982","lith":" "}},{"type":"Feature","id":2778,"geometry":{"type":"Point","coordinates":[-105.27559,57.46006]},"properties":{"cps":0,"y":"1979","lith":" "}},{"type":"Feature","id":2779,"geometry":{"type":"Point","coordinates":[-104.84027,57.6964]},"properties":{"cps":0,"y":"1984","lith":"BRECCIA"}},{"type":"Feature","id":2780,"geometry":{"type":"Point","coordinates":[-105.27532,57.44138]},"properties":{"cps":0,"y":"1979","lith":" "}},{"type":"Feature","id":2781,"geometry":{"type":"Point","coordinates":[-105.1667,57.6839]},"properties":{"cps":0,"y":"1982","lith":" "}},{"type":"Feature","id":2782,"geometry":{"type":"Point","coordinates":[-105.34473,57.42418]},"properties":{"cps":0,"y":"1979","lith":" "}},{"type":"Feature","id":2783,"geometry":{"type":"Point","coordinates":[-105.27062,57.44886]},"properties":{"cps":0,"y":"1979","lith":" "}},{"type":"Feature","id":2784,"geometry":{"type":"Point","coordinates":[-105.20052,57.66438]},"properties":{"cps":0,"y":"1982","lith":" "}},{"type":"Feature","id":2785,"geometry":{"type":"Point","coordinates":[-105.46809,57.3996]},"properties":{"cps":0,"y":"1979","lith":" "}},{"type":"Feature","id":2786,"geometry":{"type":"Point","coordinates":[-105.21783,57.65789]},"properties":{"cps":0,"y":"1982","lith":" "}},{"type":"Feature","id":2787,"geometry":{"type":"Point","coordinates":[-105.31954,57.44482]},"properties":{"cps":0,"y":"1979","lith":" "}},{"type":"Feature","id":2788,"geometry":{"type":"Point","coordinates":[-105.42567,57.40158]},"properties":{"cps":0,"y":"1979","lith":" "}},{"type":"Feature","id":2789,"geometry":{"type":"Point","coordinates":[-105.33122,57.45272]},"properties":{"cps":0,"y":"1979","lith":" "}},{"type":"Feature","id":2790,"geometry":{"type":"Point","coordinates":[-105.25096,57.6446]},"properties":{"cps":0,"y":"1982","lith":" "}},{"type":"Feature","id":2791,"geometry":{"type":"Point","coordinates":[-105.23165,57.65352]},"properties":{"cps":0,"y":"1982","lith":" "}},{"type":"Feature","id":2792,"geometry":{"type":"Point","coordinates":[-105.30764,57.44182]},"properties":{"cps":0,"y":"1979","lith":" "}},{"type":"Feature","id":2793,"geometry":{"type":"Point","coordinates":[-105.24608,57.65172]},"properties":{"cps":0,"y":"1982","lith":" "}},{"type":"Feature","id":2794,"geometry":{"type":"Point","coordinates":[-105.16107,57.69728]},"properties":{"cps":0,"y":"1982","lith":" "}},{"type":"Feature","id":2795,"geometry":{"type":"Point","coordinates":[-105.39222,57.43654]},"properties":{"cps":0,"y":"1979","lith":" "}},{"type":"Feature","id":2796,"geometry":{"type":"Point","coordinates":[-105.23015,57.65543]},"properties":{"cps":0,"y":"1982","lith":" "}},{"type":"Feature","id":2797,"geometry":{"type":"Point","coordinates":[-105.15073,57.70283]},"properties":{"cps":0,"y":"1982","lith":" "}},{"type":"Feature","id":2798,"geometry":{"type":"Point","coordinates":[-105.30537,57.44562]},"properties":{"cps":0,"y":"1979","lith":" "}},{"type":"Feature","id":2799,"geometry":{"type":"Point","coordinates":[-104.89284,57.66539]},"properties":{"cps":0,"y":"1984","lith":"BRECCIA"}},{"type":"Feature","id":2800,"geometry":{"type":"Point","coordinates":[-105.35079,57.4189]},"properties":{"cps":0,"y":"1979","lith":" "}},{"type":"Feature","id":2801,"geometry":{"type":"Point","coordinates":[-105.43198,57.40394]},"properties":{"cps":0,"y":"1979","lith":" "}},{"type":"Feature","id":2802,"geometry":{"type":"Point","coordinates":[-105.45888,57.40038]},"properties":{"cps":0,"y":"1979","lith":" "}},{"type":"Feature","id":2803,"geometry":{"type":"Point","coordinates":[-105.15661,57.69791]},"properties":{"cps":0,"y":"1982","lith":" "}},{"type":"Feature","id":2804,"geometry":{"type":"Point","coordinates":[-105.20067,57.66579]},"properties":{"cps":0,"y":"1982","lith":" "}},{"type":"Feature","id":2805,"geometry":{"type":"Point","coordinates":[-105.15787,57.69857]},"properties":{"cps":0,"y":"1982","lith":" "}},{"type":"Feature","id":2806,"geometry":{"type":"Point","coordinates":[-105.26771,57.44924]},"properties":{"cps":0,"y":"1979","lith":" "}},{"type":"Feature","id":2807,"geometry":{"type":"Point","coordinates":[-104.89183,57.6668]},"properties":{"cps":0,"y":"1984","lith":"SANDSTONE"}},{"type":"Feature","id":2808,"geometry":{"type":"Point","coordinates":[-105.34647,57.45013]},"properties":{"cps":0,"y":"1979","lith":" "}},{"type":"Feature","id":2809,"geometry":{"type":"Point","coordinates":[-105.15144,57.7017]},"properties":{"cps":0,"y":"1982","lith":" "}},{"type":"Feature","id":2810,"geometry":{"type":"Point","coordinates":[-105.24597,57.65166]},"properties":{"cps":0,"y":"1982","lith":" "}},{"type":"Feature","id":2811,"geometry":{"type":"Point","coordinates":[-104.6955,57.63815]},"properties":{"cps":0,"y":"1979","lith":" "}},{"type":"Feature","id":2812,"geometry":{"type":"Point","coordinates":[-105.30187,57.44617]},"properties":{"cps":0,"y":"1979","lith":" "}},{"type":"Feature","id":2813,"geometry":{"type":"Point","coordinates":[-104.89629,57.66446]},"properties":{"cps":0,"y":"1984","lith":"SANDSTONE"}},{"type":"Feature","id":2814,"geometry":{"type":"Point","coordinates":[-105.31938,57.43931]},"properties":{"cps":0,"y":"1979","lith":" "}},{"type":"Feature","id":2815,"geometry":{"type":"Point","coordinates":[-105.25031,57.45472]},"properties":{"cps":0,"y":"1979","lith":" "}},{"type":"Feature","id":2816,"geometry":{"type":"Point","coordinates":[-104.89169,57.66478]},"properties":{"cps":0,"y":"1984","lith":"BRECCIA"}},{"type":"Feature","id":2817,"geometry":{"type":"Point","coordinates":[-105.40528,57.44699]},"properties":{"cps":0,"y":"1979","lith":" "}},{"type":"Feature","id":2818,"geometry":{"type":"Point","coordinates":[-105.14587,57.70546]},"properties":{"cps":0,"y":"1982","lith":" "}},{"type":"Feature","id":2819,"geometry":{"type":"Point","coordinates":[-104.89485,57.66506]},"properties":{"cps":0,"y":"1984","lith":"BRECCIA"}},{"type":"Feature","id":2820,"geometry":{"type":"Point","coordinates":[-105.21502,57.65904]},"properties":{"cps":0,"y":"1982","lith":" "}},{"type":"Feature","id":2821,"geometry":{"type":"Point","coordinates":[-105.26575,57.45388]},"properties":{"cps":0,"y":"1979","lith":" "}},{"type":"Feature","id":2822,"geometry":{"type":"Point","coordinates":[-105.33171,57.4529]},"properties":{"cps":0,"y":"1979","lith":" "}},{"type":"Feature","id":2823,"geometry":{"type":"Point","coordinates":[-105.13754,57.69942]},"properties":{"cps":0,"y":"1982","lith":" "}},{"type":"Feature","id":2824,"geometry":{"type":"Point","coordinates":[-105.19966,57.66638]},"properties":{"cps":0,"y":"1982","lith":" "}},{"type":"Feature","id":2825,"geometry":{"type":"Point","coordinates":[-105.34023,57.42482]},"properties":{"cps":0,"y":"1979","lith":" "}},{"type":"Feature","id":2826,"geometry":{"type":"Point","coordinates":[-105.318,57.4409]},"properties":{"cps":0,"y":"1979","lith":" "}},{"type":"Feature","id":2827,"geometry":{"type":"Point","coordinates":[-105.43561,57.40521]},"properties":{"cps":0,"y":"1979","lith":" "}},{"type":"Feature","id":2828,"geometry":{"type":"Point","coordinates":[-105.20511,57.66531]},"properties":{"cps":0,"y":"1982","lith":" "}},{"type":"Feature","id":2829,"geometry":{"type":"Point","coordinates":[-105.42067,57.4366]},"properties":{"cps":0,"y":"1979","lith":" "}},{"type":"Feature","id":2830,"geometry":{"type":"Point","coordinates":[-105.43798,57.43088]},"properties":{"cps":0,"y":"1979","lith":" "}},{"type":"Feature","id":2831,"geometry":{"type":"Point","coordinates":[-105.34811,57.42331]},"properties":{"cps":0,"y":"1979","lith":" "}},{"type":"Feature","id":2832,"geometry":{"type":"Point","coordinates":[-105.3143,57.44112]},"properties":{"cps":0,"y":"1979","lith":" "}},{"type":"Feature","id":2833,"geometry":{"type":"Point","coordinates":[-105.45332,57.40675]},"properties":{"cps":0,"y":"1979","lith":" "}},{"type":"Feature","id":2834,"geometry":{"type":"Point","coordinates":[-105.30721,57.43891]},"properties":{"cps":0,"y":"1979","lith":" "}},{"type":"Feature","id":2835,"geometry":{"type":"Point","coordinates":[-105.19822,57.66498]},"properties":{"cps":0,"y":"1982","lith":" "}},{"type":"Feature","id":2836,"geometry":{"type":"Point","coordinates":[-105.29956,57.44264]},"properties":{"cps":0,"y":"1979","lith":" "}},{"type":"Feature","id":2837,"geometry":{"type":"Point","coordinates":[-104.87989,57.66688]},"properties":{"cps":0,"y":"1984","lith":"BRECCIA"}},{"type":"Feature","id":2838,"geometry":{"type":"Point","coordinates":[-105.23299,57.46942]},"properties":{"cps":0,"y":"1979","lith":" "}},{"type":"Feature","id":2839,"geometry":{"type":"Point","coordinates":[-105.30009,57.44521]},"properties":{"cps":0,"y":"1979","lith":" "}},{"type":"Feature","id":2840,"geometry":{"type":"Point","coordinates":[-105.44638,57.40093]},"properties":{"cps":0,"y":"1979","lith":" "}},{"type":"Feature","id":2841,"geometry":{"type":"Point","coordinates":[-105.21513,57.65919]},"properties":{"cps":0,"y":"1982","lith":" "}},{"type":"Feature","id":2842,"geometry":{"type":"Point","coordinates":[-105.14363,57.70856]},"properties":{"cps":0,"y":"1982","lith":" "}},{"type":"Feature","id":2843,"geometry":{"type":"Point","coordinates":[-105.25026,57.45363]},"properties":{"cps":0,"y":"1979","lith":" "}},{"type":"Feature","id":2844,"geometry":{"type":"Point","coordinates":[-105.19999,57.66593]},"properties":{"cps":0,"y":"1982","lith":" "}},{"type":"Feature","id":2845,"geometry":{"type":"Point","coordinates":[-105.15196,57.70134]},"properties":{"cps":0,"y":"1982","lith":" "}},{"type":"Feature","id":2846,"geometry":{"type":"Point","coordinates":[-105.23153,57.47131]},"properties":{"cps":0,"y":"1979","lith":" "}},{"type":"Feature","id":2847,"geometry":{"type":"Point","coordinates":[-105.35573,57.42312]},"properties":{"cps":0,"y":"1979","lith":" "}},{"type":"Feature","id":2848,"geometry":{"type":"Point","coordinates":[-105.33192,57.48202]},"properties":{"cps":0,"y":"1979","lith":" "}},{"type":"Feature","id":2849,"geometry":{"type":"Point","coordinates":[-105.14684,57.70567]},"properties":{"cps":0,"y":"1982","lith":" "}},{"type":"Feature","id":2850,"geometry":{"type":"Point","coordinates":[-105.37498,57.46007]},"properties":{"cps":0,"y":"1979","lith":" "}},{"type":"Feature","id":2851,"geometry":{"type":"Point","coordinates":[-105.24169,57.65388]},"properties":{"cps":0,"y":"1982","lith":" "}},{"type":"Feature","id":2852,"geometry":{"type":"Point","coordinates":[-105.30514,57.44434]},"properties":{"cps":0,"y":"1979","lith":" "}},{"type":"Feature","id":2853,"geometry":{"type":"Point","coordinates":[-105.43753,57.40126]},"properties":{"cps":0,"y":"1979","lith":" "}},{"type":"Feature","id":2854,"geometry":{"type":"Point","coordinates":[-105.33454,57.42499]},"properties":{"cps":0,"y":"1979","lith":" "}},{"type":"Feature","id":2855,"geometry":{"type":"Point","coordinates":[-105.30766,57.43872]},"properties":{"cps":0,"y":"1979","lith":" "}},{"type":"Feature","id":2856,"geometry":{"type":"Point","coordinates":[-105.3402,57.47136]},"properties":{"cps":0,"y":"1979","lith":" "}},{"type":"Feature","id":2857,"geometry":{"type":"Point","coordinates":[-105.17464,57.67851]},"properties":{"cps":0,"y":"1982","lith":" "}},{"type":"Feature","id":2858,"geometry":{"type":"Point","coordinates":[-105.33868,57.42422]},"properties":{"cps":0,"y":"1979","lith":" "}},{"type":"Feature","id":2859,"geometry":{"type":"Point","coordinates":[-105.38231,57.41624]},"properties":{"cps":0,"y":"1979","lith":" "}},{"type":"Feature","id":2860,"geometry":{"type":"Point","coordinates":[-105.35056,57.41862]},"properties":{"cps":0,"y":"1979","lith":" "}},{"type":"Feature","id":2861,"geometry":{"type":"Point","coordinates":[-105.13833,57.70263]},"properties":{"cps":0,"y":"1982","lith":" "}},{"type":"Feature","id":2862,"geometry":{"type":"Point","coordinates":[-105.26401,57.44987]},"properties":{"cps":0,"y":"1979","lith":" "}},{"type":"Feature","id":2863,"geometry":{"type":"Point","coordinates":[-105.32004,57.43849]},"properties":{"cps":0,"y":"1979","lith":" "}},{"type":"Feature","id":2864,"geometry":{"type":"Point","coordinates":[-105.26652,57.64969]},"properties":{"cps":0,"y":"1982","lith":" "}},{"type":"Feature","id":2865,"geometry":{"type":"Point","coordinates":[-105.30285,57.44322]},"properties":{"cps":0,"y":"1979","lith":" "}},{"type":"Feature","id":2866,"geometry":{"type":"Point","coordinates":[-105.16343,57.68422]},"properties":{"cps":0,"y":"1982","lith":" "}},{"type":"Feature","id":2867,"geometry":{"type":"Point","coordinates":[-105.19908,57.66415]},"properties":{"cps":0,"y":"1982","lith":" "}},{"type":"Feature","id":2868,"geometry":{"type":"Point","coordinates":[-105.15286,57.70083]},"properties":{"cps":0,"y":"1982","lith":" "}},{"type":"Feature","id":2869,"geometry":{"type":"Point","coordinates":[-105.35412,57.41942]},"properties":{"cps":0,"y":"1979","lith":" "}},{"type":"Feature","id":2870,"geometry":{"type":"Point","coordinates":[-105.37487,57.46193]},"properties":{"cps":0,"y":"1979","lith":" "}},{"type":"Feature","id":2871,"geometry":{"type":"Point","coordinates":[-104.69302,57.63878]},"properties":{"cps":0,"y":"1979","lith":" "}},{"type":"Feature","id":2872,"geometry":{"type":"Point","coordinates":[-105.43883,57.43018]},"properties":{"cps":0,"y":"1979","lith":" "}},{"type":"Feature","id":2873,"geometry":{"type":"Point","coordinates":[-105.16444,57.68385]},"properties":{"cps":0,"y":"1982","lith":" "}},{"type":"Feature","id":2874,"geometry":{"type":"Point","coordinates":[-105.23723,57.65407]},"properties":{"cps":0,"y":"1982","lith":" "}},{"type":"Feature","id":2875,"geometry":{"type":"Point","coordinates":[-105.14881,57.70298]},"properties":{"cps":0,"y":"1982","lith":" "}},{"type":"Feature","id":2876,"geometry":{"type":"Point","coordinates":[-105.30671,57.43848]},"properties":{"cps":0,"y":"1979","lith":" "}},{"type":"Feature","id":2877,"geometry":{"type":"Point","coordinates":[-105.43959,57.40593]},"properties":{"cps":0,"y":"1979","lith":" "}},{"type":"Feature","id":2878,"geometry":{"type":"Point","coordinates":[-105.15814,57.68643]},"properties":{"cps":0,"y":"1982","lith":" "}},{"type":"Feature","id":2879,"geometry":{"type":"Point","coordinates":[-105.34183,57.46969]},"properties":{"cps":0,"y":"1979","lith":" "}},{"type":"Feature","id":2880,"geometry":{"type":"Point","coordinates":[-105.14133,57.70152]},"properties":{"cps":0,"y":"1982","lith":" "}},{"type":"Feature","id":2881,"geometry":{"type":"Point","coordinates":[-105.31841,57.43987]},"properties":{"cps":0,"y":"1979","lith":" "}},{"type":"Feature","id":2882,"geometry":{"type":"Point","coordinates":[-105.34109,57.47143]},"properties":{"cps":0,"y":"1979","lith":" "}},{"type":"Feature","id":2883,"geometry":{"type":"Point","coordinates":[-105.14646,57.70337]},"properties":{"cps":0,"y":"1982","lith":" "}},{"type":"Feature","id":2884,"geometry":{"type":"Point","coordinates":[-105.13705,57.69962]},"properties":{"cps":0,"y":"1982","lith":" "}},{"type":"Feature","id":2885,"geometry":{"type":"Point","coordinates":[-105.25212,57.45824]},"properties":{"cps":0,"y":"1979","lith":" "}},{"type":"Feature","id":2886,"geometry":{"type":"Point","coordinates":[-105.43467,57.4326]},"properties":{"cps":0,"y":"1979","lith":" "}},{"type":"Feature","id":2887,"geometry":{"type":"Point","coordinates":[-105.34146,57.46966]},"properties":{"cps":0,"y":"1979","lith":" "}},{"type":"Feature","id":2888,"geometry":{"type":"Point","coordinates":[-105.32303,57.44337]},"properties":{"cps":0,"y":"1979","lith":" "}},{"type":"Feature","id":2889,"geometry":{"type":"Point","coordinates":[-105.14624,57.70271]},"properties":{"cps":0,"y":"1982","lith":" "}},{"type":"Feature","id":2890,"geometry":{"type":"Point","coordinates":[-105.43442,57.4318]},"properties":{"cps":0,"y":"1979","lith":" "}},{"type":"Feature","id":2891,"geometry":{"type":"Point","coordinates":[-105.30071,57.44597]},"properties":{"cps":0,"y":"1979","lith":" "}},{"type":"Feature","id":2892,"geometry":{"type":"Point","coordinates":[-105.3318,57.45144]},"properties":{"cps":0,"y":"1979","lith":" "}},{"type":"Feature","id":2893,"geometry":{"type":"Point","coordinates":[-105.31548,57.44158]},"properties":{"cps":0,"y":"1979","lith":" "}},{"type":"Feature","id":2894,"geometry":{"type":"Point","coordinates":[-105.23173,57.47174]},"properties":{"cps":0,"y":"1979","lith":" "}},{"type":"Feature","id":2895,"geometry":{"type":"Point","coordinates":[-105.34131,57.45123]},"properties":{"cps":0,"y":"1979","lith":" "}},{"type":"Feature","id":2896,"geometry":{"type":"Point","coordinates":[-105.34524,57.41959]},"properties":{"cps":0,"y":"1979","lith":" "}},{"type":"Feature","id":2897,"geometry":{"type":"Point","coordinates":[-105.35708,57.42287]},"properties":{"cps":0,"y":"1979","lith":" "}},{"type":"Feature","id":2898,"geometry":{"type":"Point","coordinates":[-105.3095,57.44377]},"properties":{"cps":0,"y":"1979","lith":" "}},{"type":"Feature","id":2899,"geometry":{"type":"Point","coordinates":[-105.19657,57.66558]},"properties":{"cps":0,"y":"1982","lith":" "}},{"type":"Feature","id":2900,"geometry":{"type":"Point","coordinates":[-105.24848,57.45589]},"properties":{"cps":0,"y":"1979","lith":" "}},{"type":"Feature","id":2901,"geometry":{"type":"Point","coordinates":[-105.22563,57.65611]},"properties":{"cps":0,"y":"1982","lith":" "}},{"type":"Feature","id":2902,"geometry":{"type":"Point","coordinates":[-104.88513,57.67068]},"properties":{"cps":0,"y":"1984","lith":"BRECCIA"}},{"type":"Feature","id":2903,"geometry":{"type":"Point","coordinates":[-105.43954,57.42206]},"properties":{"cps":0,"y":"1979","lith":" "}},{"type":"Feature","id":2904,"geometry":{"type":"Point","coordinates":[-105.19947,57.66396]},"properties":{"cps":0,"y":"1982","lith":" "}},{"type":"Feature","id":2905,"geometry":{"type":"Point","coordinates":[-105.14285,57.70849]},"properties":{"cps":0,"y":"1982","lith":" "}},{"type":"Feature","id":2906,"geometry":{"type":"Point","coordinates":[-104.84548,57.70007]},"properties":{"cps":0,"y":"1984","lith":"BRECCIA"}},{"type":"Feature","id":2907,"geometry":{"type":"Point","coordinates":[-105.33787,57.45054]},"properties":{"cps":0,"y":"1979","lith":" "}},{"type":"Feature","id":2908,"geometry":{"type":"Point","coordinates":[-105.3228,57.44284]},"properties":{"cps":0,"y":"1979","lith":" "}},{"type":"Feature","id":2909,"geometry":{"type":"Point","coordinates":[-105.16618,57.68457]},"properties":{"cps":0,"y":"1982","lith":" "}},{"type":"Feature","id":2910,"geometry":{"type":"Point","coordinates":[-104.89003,57.6674]},"properties":{"cps":0,"y":"1984","lith":"SANDSTONE"}},{"type":"Feature","id":2911,"geometry":{"type":"Point","coordinates":[-105.43774,57.40789]},"properties":{"cps":0,"y":"1979","lith":" "}},{"type":"Feature","id":2912,"geometry":{"type":"Point","coordinates":[-105.15087,57.70276]},"properties":{"cps":0,"y":"1982","lith":" "}},{"type":"Feature","id":2913,"geometry":{"type":"Point","coordinates":[-105.30659,57.43816]},"properties":{"cps":0,"y":"1979","lith":" "}},{"type":"Feature","id":2914,"geometry":{"type":"Point","coordinates":[-105.25004,57.65154]},"properties":{"cps":0,"y":"1982","lith":" "}},{"type":"Feature","id":2915,"geometry":{"type":"Point","coordinates":[-105.3015,57.44671]},"properties":{"cps":0,"y":"1979","lith":" "}},{"type":"Feature","id":2916,"geometry":{"type":"Point","coordinates":[-105.30353,57.43706]},"properties":{"cps":0,"y":"1979","lith":" "}},{"type":"Feature","id":2917,"geometry":{"type":"Point","coordinates":[-105.34602,57.45157]},"properties":{"cps":0,"y":"1979","lith":" "}},{"type":"Feature","id":2918,"geometry":{"type":"Point","coordinates":[-105.23134,57.65368]},"properties":{"cps":0,"y":"1982","lith":" "}},{"type":"Feature","id":2919,"geometry":{"type":"Point","coordinates":[-105.453,57.40707]},"properties":{"cps":0,"y":"1979","lith":" "}},{"type":"Feature","id":2920,"geometry":{"type":"Point","coordinates":[-105.43602,57.43139]},"properties":{"cps":0,"y":"1979","lith":" "}},{"type":"Feature","id":2921,"geometry":{"type":"Point","coordinates":[-105.43715,57.4207]},"properties":{"cps":0,"y":"1979","lith":" "}},{"type":"Feature","id":2922,"geometry":{"type":"Point","coordinates":[-105.25243,57.45198]},"properties":{"cps":0,"y":"1979","lith":" "}},{"type":"Feature","id":2923,"geometry":{"type":"Point","coordinates":[-105.17258,57.6797]},"properties":{"cps":0,"y":"1982","lith":" "}},{"type":"Feature","id":2924,"geometry":{"type":"Point","coordinates":[-105.35151,57.41812]},"properties":{"cps":0,"y":"1979","lith":" "}},{"type":"Feature","id":2925,"geometry":{"type":"Point","coordinates":[-105.41892,57.43481]},"properties":{"cps":0,"y":"1979","lith":" "}},{"type":"Feature","id":2926,"geometry":{"type":"Point","coordinates":[-105.34079,57.45441]},"properties":{"cps":0,"y":"1979","lith":" "}},{"type":"Feature","id":2927,"geometry":{"type":"Point","coordinates":[-105.1462,57.70545]},"properties":{"cps":0,"y":"1982","lith":" "}},{"type":"Feature","id":2928,"geometry":{"type":"Point","coordinates":[-105.14991,57.70325]},"properties":{"cps":0,"y":"1982","lith":" "}},{"type":"Feature","id":2929,"geometry":{"type":"Point","coordinates":[-105.14587,57.70528]},"properties":{"cps":0,"y":"1982","lith":" "}},{"type":"Feature","id":2930,"geometry":{"type":"Point","coordinates":[-105.26959,57.44848]},"properties":{"cps":0,"y":"1979","lith":" "}},{"type":"Feature","id":2931,"geometry":{"type":"Point","coordinates":[-105.14828,57.70446]},"properties":{"cps":0,"y":"1982","lith":" "}},{"type":"Feature","id":2932,"geometry":{"type":"Point","coordinates":[-105.16385,57.69619]},"properties":{"cps":0,"y":"1982","lith":" "}},{"type":"Feature","id":2933,"geometry":{"type":"Point","coordinates":[-105.44003,57.40589]},"properties":{"cps":0,"y":"1979","lith":" "}},{"type":"Feature","id":2934,"geometry":{"type":"Point","coordinates":[-105.20039,57.66438]},"properties":{"cps":0,"y":"1982","lith":" "}},{"type":"Feature","id":2935,"geometry":{"type":"Point","coordinates":[-105.33197,57.4824]},"properties":{"cps":0,"y":"1979","lith":" "}},{"type":"Feature","id":2936,"geometry":{"type":"Point","coordinates":[-105.23262,57.46901]},"properties":{"cps":0,"y":"1979","lith":" "}},{"type":"Feature","id":2937,"geometry":{"type":"Point","coordinates":[-105.14302,57.70833]},"properties":{"cps":0,"y":"1982","lith":" "}},{"type":"Feature","id":2938,"geometry":{"type":"Point","coordinates":[-105.30582,57.44431]},"properties":{"cps":0,"y":"1979","lith":" "}},{"type":"Feature","id":2939,"geometry":{"type":"Point","coordinates":[-105.37947,57.41711]},"properties":{"cps":0,"y":"1979","lith":" "}},{"type":"Feature","id":2940,"geometry":{"type":"Point","coordinates":[-105.3353,57.4244]},"properties":{"cps":0,"y":"1979","lith":" "}},{"type":"Feature","id":2941,"geometry":{"type":"Point","coordinates":[-105.15689,57.69974]},"properties":{"cps":0,"y":"1982","lith":" "}},{"type":"Feature","id":2942,"geometry":{"type":"Point","coordinates":[-105.19922,57.66452]},"properties":{"cps":0,"y":"1982","lith":" "}},{"type":"Feature","id":2943,"geometry":{"type":"Point","coordinates":[-105.25116,57.64566]},"properties":{"cps":0,"y":"1982","lith":" "}},{"type":"Feature","id":2944,"geometry":{"type":"Point","coordinates":[-105.3433,57.46789]},"properties":{"cps":0,"y":"1979","lith":" "}},{"type":"Feature","id":2945,"geometry":{"type":"Point","coordinates":[-105.23512,57.46917]},"properties":{"cps":0,"y":"1979","lith":" "}},{"type":"Feature","id":2946,"geometry":{"type":"Point","coordinates":[-105.38326,57.46632]},"properties":{"cps":0,"y":"1979","lith":" "}},{"type":"Feature","id":2947,"geometry":{"type":"Point","coordinates":[-105.20866,57.66116]},"properties":{"cps":0,"y":"1982","lith":" "}},{"type":"Feature","id":2948,"geometry":{"type":"Point","coordinates":[-105.24159,57.65301]},"properties":{"cps":0,"y":"1982","lith":" "}},{"type":"Feature","id":2949,"geometry":{"type":"Point","coordinates":[-105.30617,57.44498]},"properties":{"cps":0,"y":"1979","lith":" "}},{"type":"Feature","id":2950,"geometry":{"type":"Point","coordinates":[-105.21261,57.65918]},"properties":{"cps":0,"y":"1982","lith":" "}},{"type":"Feature","id":2951,"geometry":{"type":"Point","coordinates":[-105.12962,57.70067]},"properties":{"cps":0,"y":"1982","lith":" "}},{"type":"Feature","id":2952,"geometry":{"type":"Point","coordinates":[-105.2419,57.65375]},"properties":{"cps":0,"y":"1982","lith":" "}},{"type":"Feature","id":2953,"geometry":{"type":"Point","coordinates":[-105.20786,57.66134]},"properties":{"cps":0,"y":"1982","lith":" "}},{"type":"Feature","id":2954,"geometry":{"type":"Point","coordinates":[-104.8364,57.69821]},"properties":{"cps":0,"y":"1984","lith":"BRECCIA"}},{"type":"Feature","id":2955,"geometry":{"type":"Point","coordinates":[-105.31695,57.43881]},"properties":{"cps":0,"y":"1979","lith":" "}},{"type":"Feature","id":2956,"geometry":{"type":"Point","coordinates":[-105.16252,57.67982]},"properties":{"cps":0,"y":"1982","lith":" "}},{"type":"Feature","id":2957,"geometry":{"type":"Point","coordinates":[-105.42888,57.40705]},"properties":{"cps":0,"y":"1979","lith":" "}},{"type":"Feature","id":2958,"geometry":{"type":"Point","coordinates":[-105.20258,57.66537]},"properties":{"cps":0,"y":"1982","lith":" "}},{"type":"Feature","id":2959,"geometry":{"type":"Point","coordinates":[-105.20927,57.66337]},"properties":{"cps":0,"y":"1982","lith":" "}},{"type":"Feature","id":2960,"geometry":{"type":"Point","coordinates":[-105.20607,57.66233]},"properties":{"cps":0,"y":"1982","lith":" "}},{"type":"Feature","id":2961,"geometry":{"type":"Point","coordinates":[-105.2451,57.65262]},"properties":{"cps":0,"y":"1982","lith":" "}},{"type":"Feature","id":2962,"geometry":{"type":"Point","coordinates":[-105.23983,57.65384]},"properties":{"cps":0,"y":"1982","lith":" "}},{"type":"Feature","id":2963,"geometry":{"type":"Point","coordinates":[-105.25027,57.45554]},"properties":{"cps":0,"y":"1979","lith":" "}},{"type":"Feature","id":2964,"geometry":{"type":"Point","coordinates":[-105.34406,57.41918]},"properties":{"cps":0,"y":"1979","lith":" "}},{"type":"Feature","id":2965,"geometry":{"type":"Point","coordinates":[-105.31902,57.44465]},"properties":{"cps":0,"y":"1979","lith":" "}},{"type":"Feature","id":2966,"geometry":{"type":"Point","coordinates":[-105.3447,57.45364]},"properties":{"cps":0,"y":"1979","lith":" "}},{"type":"Feature","id":2967,"geometry":{"type":"Point","coordinates":[-105.3014,57.44646]},"properties":{"cps":0,"y":"1979","lith":" "}},{"type":"Feature","id":2968,"geometry":{"type":"Point","coordinates":[-105.31728,57.47998]},"properties":{"cps":0,"y":"1979","lith":" "}},{"type":"Feature","id":2969,"geometry":{"type":"Point","coordinates":[-104.83963,57.69684]},"properties":{"cps":0,"y":"1984","lith":"BRECCIA"}},{"type":"Feature","id":2970,"geometry":{"type":"Point","coordinates":[-105.37751,57.46384]},"properties":{"cps":0,"y":"1979","lith":" "}},{"type":"Feature","id":2971,"geometry":{"type":"Point","coordinates":[-105.19937,57.66394]},"properties":{"cps":0,"y":"1982","lith":" "}},{"type":"Feature","id":2972,"geometry":{"type":"Point","coordinates":[-105.19802,57.66521]},"properties":{"cps":0,"y":"1982","lith":" "}},{"type":"Feature","id":2973,"geometry":{"type":"Point","coordinates":[-105.33643,57.47103]},"properties":{"cps":0,"y":"1979","lith":" "}},{"type":"Feature","id":2974,"geometry":{"type":"Point","coordinates":[-105.24848,57.46172]},"properties":{"cps":0,"y":"1979","lith":" "}},{"type":"Feature","id":2975,"geometry":{"type":"Point","coordinates":[-105.44458,57.40811]},"properties":{"cps":0,"y":"1979","lith":" "}},{"type":"Feature","id":2976,"geometry":{"type":"Point","coordinates":[-105.44608,57.40833]},"properties":{"cps":0,"y":"1979","lith":" "}},{"type":"Feature","id":2977,"geometry":{"type":"Point","coordinates":[-105.43045,57.40865]},"properties":{"cps":0,"y":"1979","lith":" "}},{"type":"Feature","id":2978,"geometry":{"type":"Point","coordinates":[-105.16962,57.6801]},"properties":{"cps":0,"y":"1982","lith":" "}},{"type":"Feature","id":2979,"geometry":{"type":"Point","coordinates":[-105.14736,57.70426]},"properties":{"cps":0,"y":"1982","lith":" "}},{"type":"Feature","id":2980,"geometry":{"type":"Point","coordinates":[-105.33687,57.41741]},"properties":{"cps":0,"y":"1979","lith":" "}},{"type":"Feature","id":2981,"geometry":{"type":"Point","coordinates":[-105.44281,57.42361]},"properties":{"cps":0,"y":"1979","lith":" "}},{"type":"Feature","id":2982,"geometry":{"type":"Point","coordinates":[-105.23346,57.46965]},"properties":{"cps":0,"y":"1979","lith":" "}},{"type":"Feature","id":2983,"geometry":{"type":"Point","coordinates":[-105.30292,57.44023]},"properties":{"cps":0,"y":"1979","lith":" "}},{"type":"Feature","id":2984,"geometry":{"type":"Point","coordinates":[-104.89508,57.66479]},"properties":{"cps":0,"y":"1984","lith":"BRECCIA"}},{"type":"Feature","id":2985,"geometry":{"type":"Point","coordinates":[-105.34028,57.46815]},"properties":{"cps":0,"y":"1979","lith":" "}},{"type":"Feature","id":2986,"geometry":{"type":"Point","coordinates":[-105.39717,57.42565]},"properties":{"cps":0,"y":"1979","lith":" "}},{"type":"Feature","id":2987,"geometry":{"type":"Point","coordinates":[-105.24585,57.45954]},"properties":{"cps":0,"y":"1979","lith":" "}},{"type":"Feature","id":2988,"geometry":{"type":"Point","coordinates":[-105.29963,57.44578]},"properties":{"cps":0,"y":"1979","lith":" "}},{"type":"Feature","id":2989,"geometry":{"type":"Point","coordinates":[-105.34451,57.45408]},"properties":{"cps":0,"y":"1979","lith":" "}},{"type":"Feature","id":2990,"geometry":{"type":"Point","coordinates":[-105.19651,57.66521]},"properties":{"cps":0,"y":"1982","lith":" "}},{"type":"Feature","id":2991,"geometry":{"type":"Point","coordinates":[-105.26391,57.4503]},"properties":{"cps":0,"y":"1979","lith":" "}},{"type":"Feature","id":2992,"geometry":{"type":"Point","coordinates":[-105.16857,57.68042]},"properties":{"cps":0,"y":"1982","lith":" "}},{"type":"Feature","id":2993,"geometry":{"type":"Point","coordinates":[-105.43171,57.40581]},"properties":{"cps":0,"y":"1979","lith":" "}},{"type":"Feature","id":2994,"geometry":{"type":"Point","coordinates":[-105.45437,57.40656]},"properties":{"cps":0,"y":"1979","lith":" "}},{"type":"Feature","id":2995,"geometry":{"type":"Point","coordinates":[-105.30332,57.43766]},"properties":{"cps":0,"y":"1979","lith":" "}},{"type":"Feature","id":2996,"geometry":{"type":"Point","coordinates":[-105.16534,57.68219]},"properties":{"cps":0,"y":"1982","lith":" "}},{"type":"Feature","id":2997,"geometry":{"type":"Point","coordinates":[-105.21365,57.66067]},"properties":{"cps":0,"y":"1982","lith":" "}},{"type":"Feature","id":2998,"geometry":{"type":"Point","coordinates":[-105.28162,57.46252]},"properties":{"cps":0,"y":"1979","lith":" "}},{"type":"Feature","id":2999,"geometry":{"type":"Point","coordinates":[-105.26382,57.45428]},"properties":{"cps":0,"y":"1979","lith":" "}},{"type":"Feature","id":3000,"geometry":{"type":"Point","coordinates":[-105.17723,58.92928]},"properties":{"cps":40,"y":"2008","lith":" "}},{"type":"Feature","id":3001,"geometry":{"type":"Point","coordinates":[-109.93031,57.98299]},"properties":{"cps":750,"y":"1980","lith":"GRANITIC ROCK"}},{"type":"Feature","id":3002,"geometry":{"type":"Point","coordinates":[-104.86006,57.68644]},"properties":{"cps":0,"y":"1984","lith":"BRECCIA"}},{"type":"Feature","id":3003,"geometry":{"type":"Point","coordinates":[-105.14937,57.73617]},"properties":{"cps":1900,"y":"1983","lith":"SANDSTONE"}},{"type":"Feature","id":3004,"geometry":{"type":"Point","coordinates":[-105.02648,57.69089]},"properties":{"cps":0,"y":"1984","lith":"SANDSTONE"}},{"type":"Feature","id":3005,"geometry":{"type":"Point","coordinates":[-105.02776,57.69063]},"properties":{"cps":0,"y":"1984","lith":"SANDSTONE"}},{"type":"Feature","id":3006,"geometry":{"type":"Point","coordinates":[-105.34505,57.45251]},"properties":{"cps":0,"y":"1979","lith":" "}},{"type":"Feature","id":3007,"geometry":{"type":"Point","coordinates":[-105.30412,57.43758]},"properties":{"cps":0,"y":"1979","lith":" "}},{"type":"Feature","id":3008,"geometry":{"type":"Point","coordinates":[-104.87381,57.67992]},"properties":{"cps":0,"y":"1984","lith":"BRECCIA"}},{"type":"Feature","id":3009,"geometry":{"type":"Point","coordinates":[-104.86204,57.68355]},"properties":{"cps":0,"y":"1984","lith":"SANDSTONE"}},{"type":"Feature","id":3010,"geometry":{"type":"Point","coordinates":[-109.64483,58.3593]},"properties":{"cps":3000,"y":"1982","lith":"Basement"}},{"type":"Feature","id":3011,"geometry":{"type":"Point","coordinates":[-105.02718,57.69107]},"properties":{"cps":0,"y":"1984","lith":"SANDSTONE"}},{"type":"Feature","id":3012,"geometry":{"type":"Point","coordinates":[-105.15506,58.93192]},"properties":{"cps":40,"y":"2008","lith":" "}},{"type":"Feature","id":3013,"geometry":{"type":"Point","coordinates":[-105.02604,57.69107]},"properties":{"cps":0,"y":"1984","lith":"SANDSTONE"}},{"type":"Feature","id":3014,"geometry":{"type":"Point","coordinates":[-105.27293,57.45863]},"properties":{"cps":0,"y":"1979","lith":" "}},{"type":"Feature","id":3015,"geometry":{"type":"Point","coordinates":[-109.63577,58.36681]},"properties":{"cps":320,"y":"1982","lith":"Pegmatoid"}},{"type":"Feature","id":3016,"geometry":{"type":"Point","coordinates":[-105.12264,57.02882]},"properties":{"cps":1583.33,"y":"1979","lith":" "}},{"type":"Feature","id":3017,"geometry":{"type":"Point","coordinates":[-105.33363,57.45099]},"properties":{"cps":0,"y":"1979","lith":" "}},{"type":"Feature","id":3018,"geometry":{"type":"Point","coordinates":[-105.01133,57.68958]},"properties":{"cps":0,"y":"1984","lith":"SANDSTONE"}},{"type":"Feature","id":3019,"geometry":{"type":"Point","coordinates":[-105.17267,57.72642]},"properties":{"cps":5200,"y":"1983","lith":"SANDSTONE"}},{"type":"Feature","id":3020,"geometry":{"type":"Point","coordinates":[-104.85517,57.70184]},"properties":{"cps":0,"y":"1984","lith":"BRECCIA"}},{"type":"Feature","id":3021,"geometry":{"type":"Point","coordinates":[-105.24353,57.65275]},"properties":{"cps":0,"y":"1982","lith":" "}},{"type":"Feature","id":3022,"geometry":{"type":"Point","coordinates":[-105.1466,57.70491]},"properties":{"cps":1100,"y":"1982","lith":"SANDSTONE"}},{"type":"Feature","id":3023,"geometry":{"type":"Point","coordinates":[-105.31811,57.47969]},"properties":{"cps":0,"y":"1979","lith":" "}},{"type":"Feature","id":3024,"geometry":{"type":"Point","coordinates":[-105.43078,57.40877]},"properties":{"cps":0,"y":"1979","lith":" "}},{"type":"Feature","id":3025,"geometry":{"type":"Point","coordinates":[-105.42053,57.43702]},"properties":{"cps":0,"y":"1979","lith":" "}},{"type":"Feature","id":3026,"geometry":{"type":"Point","coordinates":[-109.62999,58.50026]},"properties":{"cps":95,"y":"1981","lith":"Conglomerate"}},{"type":"Feature","id":3027,"geometry":{"type":"Point","coordinates":[-105.23444,57.46911]},"properties":{"cps":0,"y":"1979","lith":" "}},{"type":"Feature","id":3028,"geometry":{"type":"Point","coordinates":[-104.9213,57.63755]},"properties":{"cps":0,"y":"1984","lith":"SANDSTONE"}},{"type":"Feature","id":3029,"geometry":{"type":"Point","coordinates":[-105.0278,57.6909]},"properties":{"cps":0,"y":"1984","lith":"SANDSTONE"}},{"type":"Feature","id":3030,"geometry":{"type":"Point","coordinates":[-105.02661,57.69086]},"properties":{"cps":0,"y":"1984","lith":"SANDSTONE"}},{"type":"Feature","id":3031,"geometry":{"type":"Point","coordinates":[-104.93444,57.16366]},"properties":{"cps":0,"y":"1980","lith":" "}},{"type":"Feature","id":3032,"geometry":{"type":"Point","coordinates":[-103.56612,58.46914]},"properties":{"cps":2500,"y":"2006","lith":"Biotite in Felsic Gneiss"}},{"type":"Feature","id":3033,"geometry":{"type":"Point","coordinates":[-104.37131,57.15702]},"properties":{"cps":0,"y":"2005","lith":" "}},{"type":"Feature","id":3034,"geometry":{"type":"Point","coordinates":[-105.19809,57.6655]},"properties":{"cps":1500,"y":"1982","lith":"SANDSTONE"}},{"type":"Feature","id":3035,"geometry":{"type":"Point","coordinates":[-104.82907,57.701]},"properties":{"cps":0,"y":"1984","lith":"BRECCIA"}},{"type":"Feature","id":3036,"geometry":{"type":"Point","coordinates":[-105.02584,57.69181]},"properties":{"cps":0,"y":"1984","lith":"SANDSTONE"}},{"type":"Feature","id":3037,"geometry":{"type":"Point","coordinates":[-105.26372,57.45044]},"properties":{"cps":0,"y":"1979","lith":" "}},{"type":"Feature","id":3038,"geometry":{"type":"Point","coordinates":[-104.82827,57.70399]},"properties":{"cps":0,"y":"1984","lith":"BRECCIA"}},{"type":"Feature","id":3039,"geometry":{"type":"Point","coordinates":[-105.25031,57.64914]},"properties":{"cps":0,"y":"1982","lith":" "}},{"type":"Feature","id":3040,"geometry":{"type":"Point","coordinates":[-105.20538,57.66567]},"properties":{"cps":1700,"y":"1982","lith":"SANDSTONE"}},{"type":"Feature","id":3041,"geometry":{"type":"Point","coordinates":[-104.25528,59.1252]},"properties":{"cps":340,"y":"1998","lith":" "}},{"type":"Feature","id":3042,"geometry":{"type":"Point","coordinates":[-105.04075,57.68107]},"properties":{"cps":400,"y":"1982","lith":"SANDSTONE"}},{"type":"Feature","id":3043,"geometry":{"type":"Point","coordinates":[-104.86511,57.68297]},"properties":{"cps":0,"y":"1984","lith":"BRECCIA"}},{"type":"Feature","id":3044,"geometry":{"type":"Point","coordinates":[-103.81205,57.74694]},"properties":{"cps":200,"y":"2012","lith":"Calc-silicate Arkose"}},{"type":"Feature","id":3045,"geometry":{"type":"Point","coordinates":[-104.41973,57.12947]},"properties":{"cps":0,"y":"2005","lith":" "}},{"type":"Feature","id":3046,"geometry":{"type":"Point","coordinates":[-109.50195,58.17162]},"properties":{"cps":160,"y":"1980","lith":"GRANITE GNEISS"}},{"type":"Feature","id":3047,"geometry":{"type":"Point","coordinates":[-105.02507,57.6931]},"properties":{"cps":0,"y":"1984","lith":"SANDSTONE"}},{"type":"Feature","id":3048,"geometry":{"type":"Point","coordinates":[-103.80682,58.61456]},"properties":{"cps":500,"y":"2007","lith":"PEGMATITE"}},{"type":"Feature","id":3049,"geometry":{"type":"Point","coordinates":[-105.23126,57.4712]},"properties":{"cps":0,"y":"1979","lith":" "}},{"type":"Feature","id":3050,"geometry":{"type":"Point","coordinates":[-104.83577,57.69854]},"properties":{"cps":0,"y":"1984","lith":"BRECCIA"}},{"type":"Feature","id":3051,"geometry":{"type":"Point","coordinates":[-105.14533,57.70292]},"properties":{"cps":20000,"y":"1982","lith":"SANDSTONE"}},{"type":"Feature","id":3052,"geometry":{"type":"Point","coordinates":[-104.90589,57.65618]},"properties":{"cps":0,"y":"1984","lith":"SANDSTONE"}},{"type":"Feature","id":3053,"geometry":{"type":"Point","coordinates":[-105.16087,58.9092]},"properties":{"cps":68,"y":"2008","lith":" "}},{"type":"Feature","id":3054,"geometry":{"type":"Point","coordinates":[-105.27145,57.44387]},"properties":{"cps":0,"y":"1979","lith":" "}},{"type":"Feature","id":3055,"geometry":{"type":"Point","coordinates":[-105.20759,57.66429]},"properties":{"cps":0,"y":"1982","lith":" "}},{"type":"Feature","id":3056,"geometry":{"type":"Point","coordinates":[-105.19752,57.29512]},"properties":{"cps":550,"y":"1981","lith":"CONGLOMERATE"}},{"type":"Feature","id":3057,"geometry":{"type":"Point","coordinates":[-104.85793,57.68801]},"properties":{"cps":0,"y":"1984","lith":"SANDSTONE"}},{"type":"Feature","id":3058,"geometry":{"type":"Point","coordinates":[-105.13636,58.92251]},"properties":{"cps":40,"y":"2008","lith":" "}},{"type":"Feature","id":3059,"geometry":{"type":"Point","coordinates":[-104.83893,57.69707]},"properties":{"cps":0,"y":"1984","lith":"BRECCIA"}},{"type":"Feature","id":3060,"geometry":{"type":"Point","coordinates":[-104.94046,57.45601]},"properties":{"cps":400,"y":"1981","lith":"CONGLOMERATE"}},{"type":"Feature","id":3061,"geometry":{"type":"Point","coordinates":[-105.02799,57.69045]},"properties":{"cps":0,"y":"1984","lith":"SANDSTONE"}},{"type":"Feature","id":3062,"geometry":{"type":"Point","coordinates":[-109.65235,58.36158]},"properties":{"cps":340,"y":"1982","lith":"Pegmatoid"}},{"type":"Feature","id":3063,"geometry":{"type":"Point","coordinates":[-103.3129,58.33707]},"properties":{"cps":1500,"y":"1978","lith":" "}},{"type":"Feature","id":3064,"geometry":{"type":"Point","coordinates":[-105.14338,57.71105]},"properties":{"cps":600,"y":"1982","lith":"SANDSTONE"}},{"type":"Feature","id":3065,"geometry":{"type":"Point","coordinates":[-105.2748,57.66507]},"properties":{"cps":680,"y":"1982","lith":"QUARTZ SANDSTONE"}},{"type":"Feature","id":3066,"geometry":{"type":"Point","coordinates":[-105.40626,57.39923]},"properties":{"cps":0,"y":"1979","lith":" "}},{"type":"Feature","id":3067,"geometry":{"type":"Point","coordinates":[-104.85813,57.68724]},"properties":{"cps":0,"y":"1984","lith":"SANDSTONE"}},{"type":"Feature","id":3068,"geometry":{"type":"Point","coordinates":[-105.01615,57.6855]},"properties":{"cps":0,"y":"1984","lith":"SANDSTONE"}},{"type":"Feature","id":3069,"geometry":{"type":"Point","coordinates":[-105.43134,57.40412]},"properties":{"cps":0,"y":"1979","lith":" "}},{"type":"Feature","id":3070,"geometry":{"type":"Point","coordinates":[-105.21661,57.65843]},"properties":{"cps":0,"y":"1982","lith":" "}},{"type":"Feature","id":3071,"geometry":{"type":"Point","coordinates":[-104.93946,58.89578]},"properties":{"cps":40,"y":"2008","lith":" "}},{"type":"Feature","id":3072,"geometry":{"type":"Point","coordinates":[-105.02831,57.6904]},"properties":{"cps":0,"y":"1984","lith":"SANDSTONE"}},{"type":"Feature","id":3073,"geometry":{"type":"Point","coordinates":[-105.02662,57.69124]},"properties":{"cps":0,"y":"1984","lith":"SANDSTONE"}},{"type":"Feature","id":3074,"geometry":{"type":"Point","coordinates":[-104.18631,57.8367]},"properties":{"cps":900,"y":"1980","lith":"PEGMATITE"}},{"type":"Feature","id":3075,"geometry":{"type":"Point","coordinates":[-105.34037,57.42258]},"properties":{"cps":0,"y":"1979","lith":" "}},{"type":"Feature","id":3076,"geometry":{"type":"Point","coordinates":[-105.31638,57.43921]},"properties":{"cps":0,"y":"1979","lith":" "}},{"type":"Feature","id":3077,"geometry":{"type":"Point","coordinates":[-105.21012,57.28764]},"properties":{"cps":525,"y":"1981","lith":"SANDSTONE"}},{"type":"Feature","id":3078,"geometry":{"type":"Point","coordinates":[-105.02786,57.6902]},"properties":{"cps":0,"y":"1984","lith":"SANDSTONE"}},{"type":"Feature","id":3079,"geometry":{"type":"Point","coordinates":[-103.56036,58.47611]},"properties":{"cps":5400,"y":"2006","lith":"PEGMATITE"}},{"type":"Feature","id":3080,"geometry":{"type":"Point","coordinates":[-104.24858,59.12325]},"properties":{"cps":250,"y":"1998","lith":" "}},{"type":"Feature","id":3081,"geometry":{"type":"Point","coordinates":[-105.02589,57.69144]},"properties":{"cps":0,"y":"1984","lith":"SANDSTONE"}},{"type":"Feature","id":3082,"geometry":{"type":"Point","coordinates":[-105.02533,57.69293]},"properties":{"cps":0,"y":"1984","lith":"SANDSTONE"}},{"type":"Feature","id":3083,"geometry":{"type":"Point","coordinates":[-106.55742,59.11221]},"properties":{"cps":4300,"y":"1979","lith":"SANDSTONE"}},{"type":"Feature","id":3084,"geometry":{"type":"Point","coordinates":[-104.29852,59.12834]},"properties":{"cps":720,"y":"1998","lith":" "}},{"type":"Feature","id":3085,"geometry":{"type":"Point","coordinates":[-105.17588,58.9326]},"properties":{"cps":40,"y":"2008","lith":" "}},{"type":"Feature","id":3086,"geometry":{"type":"Point","coordinates":[-105.03651,57.68395]},"properties":{"cps":0,"y":"1984","lith":"SANDSTONE"}},{"type":"Feature","id":3087,"geometry":{"type":"Point","coordinates":[-109.44365,57.60816]},"properties":{"cps":2520,"y":"2011","lith":"Massive pitchblende pebble"}},{"type":"Feature","id":3088,"geometry":{"type":"Point","coordinates":[-105.02769,57.69029]},"properties":{"cps":0,"y":"1984","lith":"SANDSTONE"}},{"type":"Feature","id":3089,"geometry":{"type":"Point","coordinates":[-105.02669,57.69064]},"properties":{"cps":0,"y":"1984","lith":"SANDSTONE"}},{"type":"Feature","id":3090,"geometry":{"type":"Point","coordinates":[-104.25524,59.1272]},"properties":{"cps":225,"y":"1998","lith":" "}},{"type":"Feature","id":3091,"geometry":{"type":"Point","coordinates":[-105.0318,57.68755]},"properties":{"cps":0,"y":"1984","lith":"SANDSTONE"}},{"type":"Feature","id":3092,"geometry":{"type":"Point","coordinates":[-105.02823,57.69005]},"properties":{"cps":0,"y":"1984","lith":"SANDSTONE"}},{"type":"Feature","id":3093,"geometry":{"type":"Point","coordinates":[-104.8768,57.67434]},"properties":{"cps":0,"y":"1984","lith":"SANDSTONE"}},{"type":"Feature","id":3094,"geometry":{"type":"Point","coordinates":[-105.15175,57.70215]},"properties":{"cps":2500,"y":"1982","lith":"SANDSTONE"}},{"type":"Feature","id":3095,"geometry":{"type":"Point","coordinates":[-105.02635,57.69212]},"properties":{"cps":0,"y":"1984","lith":"SANDSTONE"}},{"type":"Feature","id":3096,"geometry":{"type":"Point","coordinates":[-105.24893,57.65187]},"properties":{"cps":0,"y":"1982","lith":" "}},{"type":"Feature","id":3097,"geometry":{"type":"Point","coordinates":[-105.02484,57.69327]},"properties":{"cps":0,"y":"1984","lith":"SANDSTONE"}},{"type":"Feature","id":3098,"geometry":{"type":"Point","coordinates":[-104.92252,57.63687]},"properties":{"cps":0,"y":"1984","lith":"SANDSTONE"}},{"type":"Feature","id":3099,"geometry":{"type":"Point","coordinates":[-105.43775,57.43109]},"properties":{"cps":0,"y":"1979","lith":" "}},{"type":"Feature","id":3100,"geometry":{"type":"Point","coordinates":[-109.59185,58.39996]},"properties":{"cps":350,"y":"1982","lith":"Pegmatoid"}},{"type":"Feature","id":3101,"geometry":{"type":"Point","coordinates":[-109.63191,58.36308]},"properties":{"cps":450,"y":"1982","lith":"Pegmatoid"}},{"type":"Feature","id":3102,"geometry":{"type":"Point","coordinates":[-104.86067,57.67972]},"properties":{"cps":0,"y":"1984","lith":"SANDSTONE"}},{"type":"Feature","id":3103,"geometry":{"type":"Point","coordinates":[-103.81399,57.74969]},"properties":{"cps":3200,"y":"2012","lith":"Granite. pink"}},{"type":"Feature","id":3104,"geometry":{"type":"Point","coordinates":[-105.03184,57.67347]},"properties":{"cps":0,"y":"1984","lith":"SANDSTONE"}},{"type":"Feature","id":3105,"geometry":{"type":"Point","coordinates":[-104.86345,57.68404]},"properties":{"cps":0,"y":"1984","lith":"BRECCIA"}},{"type":"Feature","id":3106,"geometry":{"type":"Point","coordinates":[-103.54814,58.46991]},"properties":{"cps":3000,"y":"2006","lith":"GRANITE"}},{"type":"Feature","id":3107,"geometry":{"type":"Point","coordinates":[-104.86171,57.67702]},"properties":{"cps":0,"y":"1984","lith":"BRECCIA"}},{"type":"Feature","id":3108,"geometry":{"type":"Point","coordinates":[-104.90103,57.65062]},"properties":{"cps":0,"y":"1984","lith":"SANDSTONE"}},{"type":"Feature","id":3109,"geometry":{"type":"Point","coordinates":[-104.87523,57.68013]},"properties":{"cps":0,"y":"1984","lith":"BRECCIA"}},{"type":"Feature","id":3110,"geometry":{"type":"Point","coordinates":[-104.88109,57.65694]},"properties":{"cps":0,"y":"1984","lith":"SANDSTONE"}},{"type":"Feature","id":3111,"geometry":{"type":"Point","coordinates":[-106.00156,57.04924]},"properties":{"cps":1500,"y":"1985","lith":" "}},{"type":"Feature","id":3112,"geometry":{"type":"Point","coordinates":[-104.55701,57.05809]},"properties":{"cps":0,"y":"2005","lith":" "}},{"type":"Feature","id":3113,"geometry":{"type":"Point","coordinates":[-105.02787,57.69046]},"properties":{"cps":0,"y":"1984","lith":"SANDSTONE"}},{"type":"Feature","id":3114,"geometry":{"type":"Point","coordinates":[-105.02687,57.69157]},"properties":{"cps":0,"y":"1984","lith":"SANDSTONE"}},{"type":"Feature","id":3115,"geometry":{"type":"Point","coordinates":[-105.31995,57.43882]},"properties":{"cps":0,"y":"1979","lith":" "}},{"type":"Feature","id":3116,"geometry":{"type":"Point","coordinates":[-105.02658,57.69143]},"properties":{"cps":0,"y":"1984","lith":"SANDSTONE"}},{"type":"Feature","id":3117,"geometry":{"type":"Point","coordinates":[-105.46192,57.40048]},"properties":{"cps":0,"y":"1979","lith":" "}},{"type":"Feature","id":3118,"geometry":{"type":"Point","coordinates":[-104.91914,57.63934]},"properties":{"cps":0,"y":"1984","lith":"SANDSTONE"}},{"type":"Feature","id":3119,"geometry":{"type":"Point","coordinates":[-105.21394,57.65943]},"properties":{"cps":8000,"y":"1982","lith":"SANDSTONE"}},{"type":"Feature","id":3120,"geometry":{"type":"Point","coordinates":[-105.30294,57.4369]},"properties":{"cps":0,"y":"1979","lith":" "}},{"type":"Feature","id":3121,"geometry":{"type":"Point","coordinates":[-104.89889,57.66339]},"properties":{"cps":0,"y":"1984","lith":"BRECCIA"}},{"type":"Feature","id":3122,"geometry":{"type":"Point","coordinates":[-105.11464,58.88065]},"properties":{"cps":40,"y":"2008","lith":" "}},{"type":"Feature","id":3123,"geometry":{"type":"Point","coordinates":[-104.85804,57.68846]},"properties":{"cps":0,"y":"1984","lith":"SANDSTONE"}},{"type":"Feature","id":3124,"geometry":{"type":"Point","coordinates":[-109.6058,58.36648]},"properties":{"cps":340,"y":"1982","lith":"Pegmatoid"}},{"type":"Feature","id":3125,"geometry":{"type":"Point","coordinates":[-105.0613,58.88927]},"properties":{"cps":68,"y":"2008","lith":" "}},{"type":"Feature","id":3126,"geometry":{"type":"Point","coordinates":[-105.14415,58.90182]},"properties":{"cps":40,"y":"2008","lith":" "}},{"type":"Feature","id":3127,"geometry":{"type":"Point","coordinates":[-104.83506,57.69877]},"properties":{"cps":0,"y":"1984","lith":"BRECCIA"}},{"type":"Feature","id":3128,"geometry":{"type":"Point","coordinates":[-109.61615,58.50171]},"properties":{"cps":400,"y":"1981","lith":"Granite"}},{"type":"Feature","id":3129,"geometry":{"type":"Point","coordinates":[-104.91238,57.65657]},"properties":{"cps":0,"y":"1984","lith":"SANDSTONE"}},{"type":"Feature","id":3130,"geometry":{"type":"Point","coordinates":[-103.10633,58.58624]},"properties":{"cps":5000,"y":"1978","lith":" "}},{"type":"Feature","id":3131,"geometry":{"type":"Point","coordinates":[-105.43349,57.43196]},"properties":{"cps":0,"y":"1979","lith":" "}},{"type":"Feature","id":3132,"geometry":{"type":"Point","coordinates":[-109.43368,57.62182]},"properties":{"cps":2304,"y":"2012","lith":"Massive Pitchblende"}},{"type":"Feature","id":3133,"geometry":{"type":"Point","coordinates":[-105.43728,57.40495]},"properties":{"cps":0,"y":"1979","lith":" "}},{"type":"Feature","id":3134,"geometry":{"type":"Point","coordinates":[-103.52064,57.60483]},"properties":{"cps":800,"y":"1979","lith":"Granite"}},{"type":"Feature","id":3135,"geometry":{"type":"Point","coordinates":[-109.60744,58.37784]},"properties":{"cps":1600,"y":"1982","lith":"Pegmatoid"}},{"type":"Feature","id":3136,"geometry":{"type":"Point","coordinates":[-104.87388,57.67247]},"properties":{"cps":0,"y":"1984","lith":"BRECCIA"}},{"type":"Feature","id":3137,"geometry":{"type":"Point","coordinates":[-104.90214,57.6498]},"properties":{"cps":0,"y":"1984","lith":"SANDSTONE"}},{"type":"Feature","id":3138,"geometry":{"type":"Point","coordinates":[-105.41907,57.41564]},"properties":{"cps":0,"y":"1979","lith":" "}},{"type":"Feature","id":3139,"geometry":{"type":"Point","coordinates":[-105.3437,57.46789]},"properties":{"cps":0,"y":"1979","lith":" "}},{"type":"Feature","id":3140,"geometry":{"type":"Point","coordinates":[-103.58074,58.4621]},"properties":{"cps":1033,"y":"2006","lith":"PEGMATITE"}},{"type":"Feature","id":3141,"geometry":{"type":"Point","coordinates":[-105.12434,58.91473]},"properties":{"cps":68,"y":"2008","lith":" "}},{"type":"Feature","id":3142,"geometry":{"type":"Point","coordinates":[-104.85734,57.68803]},"properties":{"cps":0,"y":"1984","lith":"BRECCIA"}},{"type":"Feature","id":3143,"geometry":{"type":"Point","coordinates":[-106.53508,57.27678]},"properties":{"cps":600,"y":"2007","lith":" "}},{"type":"Feature","id":3144,"geometry":{"type":"Point","coordinates":[-104.91827,57.63948]},"properties":{"cps":0,"y":"1984","lith":"SANDSTONE"}},{"type":"Feature","id":3145,"geometry":{"type":"Point","coordinates":[-105.02912,57.68948]},"properties":{"cps":0,"y":"1984","lith":"SANDSTONE"}},{"type":"Feature","id":3146,"geometry":{"type":"Point","coordinates":[-109.60929,58.14134]},"properties":{"cps":85,"y":"1980","lith":"SANDSTONE"}},{"type":"Feature","id":3147,"geometry":{"type":"Point","coordinates":[-103.18998,57.64376]},"properties":{"cps":0,"y":"1979","lith":"Amphibolite"}},{"type":"Feature","id":3148,"geometry":{"type":"Point","coordinates":[-105.2061,57.29396]},"properties":{"cps":750,"y":"1981","lith":"CONGLOMERATE"}},{"type":"Feature","id":3149,"geometry":{"type":"Point","coordinates":[-105.03214,57.6906]},"properties":{"cps":0,"y":"1984","lith":"SANDSTONE"}},{"type":"Feature","id":3150,"geometry":{"type":"Point","coordinates":[-104.87232,57.67775]},"properties":{"cps":0,"y":"1984","lith":"SANDSTONE"}},{"type":"Feature","id":3151,"geometry":{"type":"Point","coordinates":[-105.26811,57.6682]},"properties":{"cps":1600,"y":"1982","lith":"QUARTZ SANDSTONE"}},{"type":"Feature","id":3152,"geometry":{"type":"Point","coordinates":[-104.9135,57.64704]},"properties":{"cps":0,"y":"1984","lith":"BRECCIA"}},{"type":"Feature","id":3153,"geometry":{"type":"Point","coordinates":[-109.42623,57.61572]},"properties":{"cps":0,"y":"2011","lith":"Massive Pitchblende"}},{"type":"Feature","id":3154,"geometry":{"type":"Point","coordinates":[-105.02585,57.69227]},"properties":{"cps":0,"y":"1984","lith":"SANDSTONE"}},{"type":"Feature","id":3155,"geometry":{"type":"Point","coordinates":[-104.25384,59.165]},"properties":{"cps":400,"y":"1998","lith":" "}},{"type":"Feature","id":3156,"geometry":{"type":"Point","coordinates":[-105.2215,57.28842]},"properties":{"cps":600,"y":"1981","lith":"SANDSTONE"}},{"type":"Feature","id":3157,"geometry":{"type":"Point","coordinates":[-109.60365,58.49074]},"properties":{"cps":385,"y":"1981","lith":"Granite"}},{"type":"Feature","id":3158,"geometry":{"type":"Point","coordinates":[-105.4343,57.40464]},"properties":{"cps":0,"y":"1979","lith":" "}},{"type":"Feature","id":3159,"geometry":{"type":"Point","coordinates":[-106.67774,57.22516]},"properties":{"cps":1200,"y":"2007","lith":"PEGMATITE"}},{"type":"Feature","id":3160,"geometry":{"type":"Point","coordinates":[-104.8574,57.69242]},"properties":{"cps":0,"y":"1984","lith":"SANDSTONE"}},{"type":"Feature","id":3161,"geometry":{"type":"Point","coordinates":[-105.02511,57.69298]},"properties":{"cps":0,"y":"1984","lith":"SANDSTONE"}},{"type":"Feature","id":3162,"geometry":{"type":"Point","coordinates":[-109.62056,58.50528]},"properties":{"cps":300,"y":"1981","lith":"Conglomerate"}},{"type":"Feature","id":3163,"geometry":{"type":"Point","coordinates":[-105.18009,58.93498]},"properties":{"cps":85,"y":"2008","lith":" "}},{"type":"Feature","id":3164,"geometry":{"type":"Point","coordinates":[-104.16336,57.84591]},"properties":{"cps":800,"y":"1980","lith":"CONGLOMERATE"}},{"type":"Feature","id":3165,"geometry":{"type":"Point","coordinates":[-104.96686,58.92971]},"properties":{"cps":40,"y":"2008","lith":" "}},{"type":"Feature","id":3166,"geometry":{"type":"Point","coordinates":[-103.54127,57.59803]},"properties":{"cps":0,"y":"1979","lith":"Quartz Biotite Gneiss"}},{"type":"Feature","id":3167,"geometry":{"type":"Point","coordinates":[-104.16544,57.83078]},"properties":{"cps":1300,"y":"1980","lith":"CONGLOMERATE"}},{"type":"Feature","id":3168,"geometry":{"type":"Point","coordinates":[-105.23319,57.47003]},"properties":{"cps":0,"y":"1979","lith":" "}},{"type":"Feature","id":3169,"geometry":{"type":"Point","coordinates":[-104.90561,57.65698]},"properties":{"cps":0,"y":"1984","lith":"SANDSTONE"}},{"type":"Feature","id":3170,"geometry":{"type":"Point","coordinates":[-109.79572,58.07]},"properties":{"cps":0,"y":"2011","lith":"sandstone"}},{"type":"Feature","id":3171,"geometry":{"type":"Point","coordinates":[-105.21204,57.66227]},"properties":{"cps":500,"y":"1982","lith":"SANDSTONE"}},{"type":"Feature","id":3172,"geometry":{"type":"Point","coordinates":[-105.02554,57.69297]},"properties":{"cps":0,"y":"1984","lith":"SANDSTONE"}},{"type":"Feature","id":3173,"geometry":{"type":"Point","coordinates":[-105.39788,57.42556]},"properties":{"cps":0,"y":"1979","lith":" "}},{"type":"Feature","id":3174,"geometry":{"type":"Point","coordinates":[-105.21486,57.65925]},"properties":{"cps":0,"y":"1982","lith":" "}},{"type":"Feature","id":3175,"geometry":{"type":"Point","coordinates":[-105.20347,57.66469]},"properties":{"cps":4500,"y":"1982","lith":"SANDSTONE"}},{"type":"Feature","id":3176,"geometry":{"type":"Point","coordinates":[-103.51249,57.61221]},"properties":{"cps":160,"y":"1979","lith":"Garnet Biotite Gneiss"}},{"type":"Feature","id":3177,"geometry":{"type":"Point","coordinates":[-103.9437,57.53275]},"properties":{"cps":550,"y":"1979","lith":"PINK GRANITIC ROCK"}},{"type":"Feature","id":3178,"geometry":{"type":"Point","coordinates":[-105.03324,57.68693]},"properties":{"cps":0,"y":"1984","lith":"SANDSTONE"}},{"type":"Feature","id":3179,"geometry":{"type":"Point","coordinates":[-109.60727,58.38738]},"properties":{"cps":400,"y":"1982","lith":"Pegmatoid"}},{"type":"Feature","id":3180,"geometry":{"type":"Point","coordinates":[-105.02682,57.69152]},"properties":{"cps":0,"y":"1984","lith":"SANDSTONE"}},{"type":"Feature","id":3181,"geometry":{"type":"Point","coordinates":[-104.85217,57.69233]},"properties":{"cps":0,"y":"1984","lith":"BRECCIA"}},{"type":"Feature","id":3182,"geometry":{"type":"Point","coordinates":[-109.87108,58.10865]},"properties":{"cps":375,"y":"1980","lith":"AMPHIBOLITE"}},{"type":"Feature","id":3183,"geometry":{"type":"Point","coordinates":[-109.51674,58.16199]},"properties":{"cps":205,"y":"1980","lith":"GRANITE GNEISS"}},{"type":"Feature","id":3184,"geometry":{"type":"Point","coordinates":[-105.15353,57.70147]},"properties":{"cps":500,"y":"1982","lith":"SANDSTONE"}},{"type":"Feature","id":3185,"geometry":{"type":"Point","coordinates":[-104.86298,57.68412]},"properties":{"cps":0,"y":"1984","lith":"BRECCIA"}},{"type":"Feature","id":3186,"geometry":{"type":"Point","coordinates":[-105.19642,57.66511]},"properties":{"cps":0,"y":"1982","lith":" "}},{"type":"Feature","id":3187,"geometry":{"type":"Point","coordinates":[-105.11457,58.90916]},"properties":{"cps":40,"y":"2008","lith":" "}},{"type":"Feature","id":3188,"geometry":{"type":"Point","coordinates":[-104.91851,57.63883]},"properties":{"cps":0,"y":"1984","lith":"SANDSTONE"}},{"type":"Feature","id":3189,"geometry":{"type":"Point","coordinates":[-105.09631,58.89877]},"properties":{"cps":40,"y":"2008","lith":" "}},{"type":"Feature","id":3190,"geometry":{"type":"Point","coordinates":[-105.1472,57.70409]},"properties":{"cps":1300,"y":"1982","lith":"SANDSTONE"}},{"type":"Feature","id":3191,"geometry":{"type":"Point","coordinates":[-104.87464,57.67899]},"properties":{"cps":0,"y":"1984","lith":"SANDSTONE"}},{"type":"Feature","id":3192,"geometry":{"type":"Point","coordinates":[-105.20658,57.28891]},"properties":{"cps":750,"y":"1981","lith":"CONGLOMERATE"}},{"type":"Feature","id":3193,"geometry":{"type":"Point","coordinates":[-104.38477,57.14941]},"properties":{"cps":0,"y":"2005","lith":" "}},{"type":"Feature","id":3194,"geometry":{"type":"Point","coordinates":[-109.45825,57.59916]},"properties":{"cps":10000,"y":"2012","lith":" "}},{"type":"Feature","id":3195,"geometry":{"type":"Point","coordinates":[-105.17712,57.6757]},"properties":{"cps":1400,"y":"1982","lith":"SANDSTONE"}},{"type":"Feature","id":3196,"geometry":{"type":"Point","coordinates":[-105.14401,57.70874]},"properties":{"cps":2400,"y":"1982","lith":"SANDSTONE"}},{"type":"Feature","id":3197,"geometry":{"type":"Point","coordinates":[-107.5327,59.3458]},"properties":{"cps":750,"y":"2005","lith":"SANDSTONE"}},{"type":"Feature","id":3198,"geometry":{"type":"Point","coordinates":[-104.87765,57.67364]},"properties":{"cps":0,"y":"1984","lith":"SANDSTONE"}},{"type":"Feature","id":3199,"geometry":{"type":"Point","coordinates":[-104.87153,57.67173]},"properties":{"cps":0,"y":"1984","lith":"SANDSTONE"}},{"type":"Feature","id":3200,"geometry":{"type":"Point","coordinates":[-105.13164,58.91972]},"properties":{"cps":68,"y":"2008","lith":" "}},{"type":"Feature","id":3201,"geometry":{"type":"Point","coordinates":[-104.93949,57.44946]},"properties":{"cps":400,"y":"1981","lith":"CONGLOMERATE"}},{"type":"Feature","id":3202,"geometry":{"type":"Point","coordinates":[-105.15362,57.7014]},"properties":{"cps":2000,"y":"1982","lith":"SANDSTONE"}},{"type":"Feature","id":3203,"geometry":{"type":"Point","coordinates":[-104.91347,57.6422]},"properties":{"cps":0,"y":"1984","lith":"SANDSTONE"}},{"type":"Feature","id":3204,"geometry":{"type":"Point","coordinates":[-104.62344,57.03166]},"properties":{"cps":8200,"y":"1980","lith":"META-SEDIMENT"}},{"type":"Feature","id":3205,"geometry":{"type":"Point","coordinates":[-105.02767,57.69096]},"properties":{"cps":0,"y":"1984","lith":"SANDSTONE"}},{"type":"Feature","id":3206,"geometry":{"type":"Point","coordinates":[-105.02174,57.69547]},"properties":{"cps":0,"y":"1984","lith":"SANDSTONE"}},{"type":"Feature","id":3207,"geometry":{"type":"Point","coordinates":[-105.02864,57.69046]},"properties":{"cps":0,"y":"1984","lith":"SANDSTONE"}},{"type":"Feature","id":3208,"geometry":{"type":"Point","coordinates":[-105.30811,57.43895]},"properties":{"cps":0,"y":"1979","lith":" "}},{"type":"Feature","id":3209,"geometry":{"type":"Point","coordinates":[-104.90443,57.65818]},"properties":{"cps":0,"y":"1984","lith":"BRECCIA"}},{"type":"Feature","id":3210,"geometry":{"type":"Point","coordinates":[-104.86109,57.68541]},"properties":{"cps":0,"y":"1984","lith":"SANDSTONE"}},{"type":"Feature","id":3211,"geometry":{"type":"Point","coordinates":[-105.0277,57.69082]},"properties":{"cps":0,"y":"1984","lith":"SANDSTONE"}},{"type":"Feature","id":3212,"geometry":{"type":"Point","coordinates":[-105.30532,57.44342]},"properties":{"cps":0,"y":"1979","lith":" "}},{"type":"Feature","id":3213,"geometry":{"type":"Point","coordinates":[-104.6938,57.63872]},"properties":{"cps":0,"y":"1979","lith":" "}},{"type":"Feature","id":3214,"geometry":{"type":"Point","coordinates":[-105.02673,57.69088]},"properties":{"cps":0,"y":"1984","lith":"SANDSTONE"}},{"type":"Feature","id":3215,"geometry":{"type":"Point","coordinates":[-105.30906,57.64366]},"properties":{"cps":13000,"y":"1980","lith":"SANDSTONE"}},{"type":"Feature","id":3216,"geometry":{"type":"Point","coordinates":[-105.19993,57.66466]},"properties":{"cps":1000,"y":"1982","lith":"SANDSTONE"}},{"type":"Feature","id":3217,"geometry":{"type":"Point","coordinates":[-104.88591,57.6612]},"properties":{"cps":0,"y":"1984","lith":"BRECCIA"}},{"type":"Feature","id":3218,"geometry":{"type":"Point","coordinates":[-104.57828,57.04913]},"properties":{"cps":0,"y":"2005","lith":" "}},{"type":"Feature","id":3219,"geometry":{"type":"Point","coordinates":[-105.19846,57.66464]},"properties":{"cps":0,"y":"1982","lith":" "}},{"type":"Feature","id":3220,"geometry":{"type":"Point","coordinates":[-104.90776,57.64624]},"properties":{"cps":0,"y":"1984","lith":"SANDSTONE"}},{"type":"Feature","id":3221,"geometry":{"type":"Point","coordinates":[-104.85953,57.67957]},"properties":{"cps":0,"y":"1984","lith":"BRECCIA"}},{"type":"Feature","id":3222,"geometry":{"type":"Point","coordinates":[-105.34304,57.45391]},"properties":{"cps":0,"y":"1979","lith":" "}},{"type":"Feature","id":3223,"geometry":{"type":"Point","coordinates":[-109.6337,58.36304]},"properties":{"cps":350,"y":"1982","lith":"Granite"}},{"type":"Feature","id":3224,"geometry":{"type":"Point","coordinates":[-104.1068,57.81769]},"properties":{"cps":1000,"y":"1980","lith":"CONGLOMERATE"}},{"type":"Feature","id":3225,"geometry":{"type":"Point","coordinates":[-104.15411,57.85124]},"properties":{"cps":870,"y":"1980","lith":"CONGLOMERATE"}},{"type":"Feature","id":3226,"geometry":{"type":"Point","coordinates":[-103.36697,58.47823]},"properties":{"cps":1600,"y":"1978","lith":" "}},{"type":"Feature","id":3227,"geometry":{"type":"Point","coordinates":[-103.78284,57.72316]},"properties":{"cps":1600,"y":"2012","lith":"Pegmatite"}},{"type":"Feature","id":3228,"geometry":{"type":"Point","coordinates":[-104.83367,57.7021]},"properties":{"cps":0,"y":"1984","lith":"BRECCIA"}},{"type":"Feature","id":3229,"geometry":{"type":"Point","coordinates":[-105.14192,58.90059]},"properties":{"cps":40,"y":"2008","lith":" "}},{"type":"Feature","id":3230,"geometry":{"type":"Point","coordinates":[-109.60443,58.506]},"properties":{"cps":380,"y":"1981","lith":"Conglomerate"}},{"type":"Feature","id":3231,"geometry":{"type":"Point","coordinates":[-105.10051,58.87163]},"properties":{"cps":40,"y":"2008","lith":" "}},{"type":"Feature","id":3232,"geometry":{"type":"Point","coordinates":[-105.13916,58.89621]},"properties":{"cps":68,"y":"2008","lith":" "}},{"type":"Feature","id":3233,"geometry":{"type":"Point","coordinates":[-104.54503,57.06173]},"properties":{"cps":0,"y":"2005","lith":" "}},{"type":"Feature","id":3234,"geometry":{"type":"Point","coordinates":[-105.15997,57.69637]},"properties":{"cps":5000,"y":"1982","lith":" "}},{"type":"Feature","id":3235,"geometry":{"type":"Point","coordinates":[-105.30466,57.44542]},"properties":{"cps":0,"y":"1979","lith":" "}},{"type":"Feature","id":3236,"geometry":{"type":"Point","coordinates":[-105.1071,58.87587]},"properties":{"cps":40,"y":"2008","lith":" "}},{"type":"Feature","id":3237,"geometry":{"type":"Point","coordinates":[-103.92264,57.55115]},"properties":{"cps":800,"y":"1979","lith":"PINK FOLIATED GRANITIC ROCK"}},{"type":"Feature","id":3238,"geometry":{"type":"Point","coordinates":[-103.57924,58.4566]},"properties":{"cps":2300,"y":"2006","lith":"BIOTITE SCHIST"}},{"type":"Feature","id":3239,"geometry":{"type":"Point","coordinates":[-105.31476,57.44107]},"properties":{"cps":0,"y":"1979","lith":" "}},{"type":"Feature","id":3240,"geometry":{"type":"Point","coordinates":[-104.85824,57.68759]},"properties":{"cps":0,"y":"1984","lith":"BRECCIA"}},{"type":"Feature","id":3241,"geometry":{"type":"Point","coordinates":[-105.02569,57.69149]},"properties":{"cps":0,"y":"1984","lith":"SANDSTONE"}},{"type":"Feature","id":3242,"geometry":{"type":"Point","coordinates":[-104.85919,57.68726]},"properties":{"cps":0,"y":"1984","lith":"SANDSTONE"}},{"type":"Feature","id":3243,"geometry":{"type":"Point","coordinates":[-104.86448,57.68267]},"properties":{"cps":0,"y":"1984","lith":"SANDSTONE"}},{"type":"Feature","id":3244,"geometry":{"type":"Point","coordinates":[-105.02743,57.69102]},"properties":{"cps":0,"y":"1984","lith":"SANDSTONE"}},{"type":"Feature","id":3245,"geometry":{"type":"Point","coordinates":[-103.98503,57.86592]},"properties":{"cps":400,"y":"1975","lith":"PEGMATITE"}},{"type":"Feature","id":3246,"geometry":{"type":"Point","coordinates":[-104.2946,59.1344]},"properties":{"cps":250,"y":"1998","lith":" "}},{"type":"Feature","id":3247,"geometry":{"type":"Point","coordinates":[-105.02734,57.69048]},"properties":{"cps":0,"y":"1984","lith":"SANDSTONE"}},{"type":"Feature","id":3248,"geometry":{"type":"Point","coordinates":[-105.04009,57.682]},"properties":{"cps":0,"y":"1984","lith":"SANDSTONE"}},{"type":"Feature","id":3249,"geometry":{"type":"Point","coordinates":[-104.91297,57.65657]},"properties":{"cps":0,"y":"1984","lith":"SANDSTONE"}},{"type":"Feature","id":3250,"geometry":{"type":"Point","coordinates":[-104.86142,57.68096]},"properties":{"cps":0,"y":"1984","lith":"SANDSTONE"}},{"type":"Feature","id":3251,"geometry":{"type":"Point","coordinates":[-105.33924,57.42411]},"properties":{"cps":0,"y":"1979","lith":" "}},{"type":"Feature","id":3252,"geometry":{"type":"Point","coordinates":[-105.00863,57.69164]},"properties":{"cps":0,"y":"1984","lith":"SANDSTONE"}},{"type":"Feature","id":3253,"geometry":{"type":"Point","coordinates":[-105.11867,58.88268]},"properties":{"cps":40,"y":"2008","lith":" "}},{"type":"Feature","id":3254,"geometry":{"type":"Point","coordinates":[-105.15641,57.70125]},"properties":{"cps":1700,"y":"1982","lith":"SANDSTONE"}},{"type":"Feature","id":3255,"geometry":{"type":"Point","coordinates":[-105.1419,57.74278]},"properties":{"cps":21300,"y":"1983","lith":"SANDSTONE"}},{"type":"Feature","id":3256,"geometry":{"type":"Point","coordinates":[-104.87922,57.67293]},"properties":{"cps":0,"y":"1984","lith":"SANDSTONE"}},{"type":"Feature","id":3257,"geometry":{"type":"Point","coordinates":[-105.29934,57.4462]},"properties":{"cps":0,"y":"1979","lith":" "}},{"type":"Feature","id":3258,"geometry":{"type":"Point","coordinates":[-109.43452,57.61399]},"properties":{"cps":2000,"y":"2012","lith":" "}},{"type":"Feature","id":3259,"geometry":{"type":"Point","coordinates":[-105.21537,57.66017]},"properties":{"cps":485,"y":"1982","lith":"SANDSTONE"}},{"type":"Feature","id":3260,"geometry":{"type":"Point","coordinates":[-104.19069,57.8356]},"properties":{"cps":1050,"y":"1980","lith":"CONGLOMERATE"}},{"type":"Feature","id":3261,"geometry":{"type":"Point","coordinates":[-104.91379,57.64169]},"properties":{"cps":0,"y":"1984","lith":"SANDSTONE"}},{"type":"Feature","id":3262,"geometry":{"type":"Point","coordinates":[-103.78384,57.72237]},"properties":{"cps":4100,"y":"2012","lith":"Pegmatite"}},{"type":"Feature","id":3263,"geometry":{"type":"Point","coordinates":[-109.82483,57.99137]},"properties":{"cps":800,"y":"1980","lith":"GRANITE GNEISS"}},{"type":"Feature","id":3264,"geometry":{"type":"Point","coordinates":[-105.02569,57.69248]},"properties":{"cps":2500,"y":"1982","lith":"SANDSTONE"}},{"type":"Feature","id":3265,"geometry":{"type":"Point","coordinates":[-104.90509,57.64788]},"properties":{"cps":0,"y":"1984","lith":"SANDSTONE"}},{"type":"Feature","id":3266,"geometry":{"type":"Point","coordinates":[-103.20086,57.65178]},"properties":{"cps":220,"y":"1979","lith":"Amphibolite"}},{"type":"Feature","id":3267,"geometry":{"type":"Point","coordinates":[-105.24388,57.65275]},"properties":{"cps":0,"y":"1982","lith":" "}},{"type":"Feature","id":3268,"geometry":{"type":"Point","coordinates":[-109.58388,58.3821]},"properties":{"cps":450,"y":"1982","lith":"Pegmatoid"}},{"type":"Feature","id":3269,"geometry":{"type":"Point","coordinates":[-104.9143,57.65722]},"properties":{"cps":0,"y":"1984","lith":"SANDSTONE"}},{"type":"Feature","id":3270,"geometry":{"type":"Point","coordinates":[-103.24816,57.62569]},"properties":{"cps":2000,"y":"1979","lith":"Granite"}},{"type":"Feature","id":3271,"geometry":{"type":"Point","coordinates":[-105.31053,57.43851]},"properties":{"cps":0,"y":"1979","lith":" "}},{"type":"Feature","id":3272,"geometry":{"type":"Point","coordinates":[-105.027,57.69107]},"properties":{"cps":0,"y":"1984","lith":"SANDSTONE"}},{"type":"Feature","id":3273,"geometry":{"type":"Point","coordinates":[-103.10446,58.43131]},"properties":{"cps":2000,"y":"1978","lith":" "}},{"type":"Feature","id":3274,"geometry":{"type":"Point","coordinates":[-105.15666,58.9065]},"properties":{"cps":40,"y":"2008","lith":" "}},{"type":"Feature","id":3275,"geometry":{"type":"Point","coordinates":[-105.21002,57.6615]},"properties":{"cps":0,"y":"1982","lith":" "}},{"type":"Feature","id":3276,"geometry":{"type":"Point","coordinates":[-109.43131,57.61087]},"properties":{"cps":6500,"y":"2012","lith":" "}},{"type":"Feature","id":3277,"geometry":{"type":"Point","coordinates":[-104.89541,57.66453]},"properties":{"cps":0,"y":"1984","lith":"SANDSTONE"}},{"type":"Feature","id":3278,"geometry":{"type":"Point","coordinates":[-103.78091,57.71993]},"properties":{"cps":2600,"y":"2012","lith":"Pegmatite"}},{"type":"Feature","id":3279,"geometry":{"type":"Point","coordinates":[-104.86002,57.68717]},"properties":{"cps":0,"y":"1984","lith":"SANDSTONE"}},{"type":"Feature","id":3280,"geometry":{"type":"Point","coordinates":[-104.90552,57.66124]},"properties":{"cps":0,"y":"1984","lith":"SANDSTONE"}},{"type":"Feature","id":3281,"geometry":{"type":"Point","coordinates":[-105.15979,58.93466]},"properties":{"cps":40,"y":"2008","lith":" "}},{"type":"Feature","id":3282,"geometry":{"type":"Point","coordinates":[-105.10582,58.87516]},"properties":{"cps":40,"y":"2008","lith":" "}},{"type":"Feature","id":3283,"geometry":{"type":"Point","coordinates":[-105.16688,57.68421]},"properties":{"cps":2500,"y":"1982","lith":"SANDSTONE"}},{"type":"Feature","id":3284,"geometry":{"type":"Point","coordinates":[-105.30316,57.44269]},"properties":{"cps":0,"y":"1979","lith":" "}},{"type":"Feature","id":3285,"geometry":{"type":"Point","coordinates":[-104.50952,57.07891]},"properties":{"cps":4200,"y":"1980","lith":"BIOTITE GNEISS"}},{"type":"Feature","id":3286,"geometry":{"type":"Point","coordinates":[-109.64534,58.35506]},"properties":{"cps":380,"y":"1982","lith":"Granite"}},{"type":"Feature","id":3287,"geometry":{"type":"Point","coordinates":[-104.15687,57.85219]},"properties":{"cps":750,"y":"1980","lith":"CONGLOMERATE"}},{"type":"Feature","id":3288,"geometry":{"type":"Point","coordinates":[-105.31564,57.44055]},"properties":{"cps":0,"y":"1979","lith":" "}},{"type":"Feature","id":3289,"geometry":{"type":"Point","coordinates":[-105.02254,57.69504]},"properties":{"cps":600,"y":"1982","lith":"SANDSTONE"}},{"type":"Feature","id":3290,"geometry":{"type":"Point","coordinates":[-105.35076,57.42638]},"properties":{"cps":0,"y":"1979","lith":" "}},{"type":"Feature","id":3291,"geometry":{"type":"Point","coordinates":[-104.91402,57.64201]},"properties":{"cps":0,"y":"1984","lith":"SANDSTONE"}},{"type":"Feature","id":3292,"geometry":{"type":"Point","coordinates":[-105.19841,57.66548]},"properties":{"cps":500,"y":"1982","lith":"SANDSTONE"}},{"type":"Feature","id":3293,"geometry":{"type":"Point","coordinates":[-105.023,57.69493]},"properties":{"cps":0,"y":"1984","lith":"SANDSTONE"}},{"type":"Feature","id":3294,"geometry":{"type":"Point","coordinates":[-109.42329,57.61906]},"properties":{"cps":0,"y":"2011","lith":"Massive Pitchblende"}},{"type":"Feature","id":3295,"geometry":{"type":"Point","coordinates":[-104.87271,57.68034]},"properties":{"cps":0,"y":"1984","lith":"BRECCIA"}},{"type":"Feature","id":3296,"geometry":{"type":"Point","coordinates":[-105.02782,57.69081]},"properties":{"cps":0,"y":"1984","lith":"SANDSTONE"}},{"type":"Feature","id":3297,"geometry":{"type":"Point","coordinates":[-105.14071,58.8989]},"properties":{"cps":68,"y":"2008","lith":" "}},{"type":"Feature","id":3298,"geometry":{"type":"Point","coordinates":[-104.64197,57.02747]},"properties":{"cps":0,"y":"2005","lith":" "}},{"type":"Feature","id":3299,"geometry":{"type":"Point","coordinates":[-104.9208,58.92559]},"properties":{"cps":68,"y":"2008","lith":" "}},{"type":"Feature","id":3300,"geometry":{"type":"Point","coordinates":[-105.00904,57.69117]},"properties":{"cps":0,"y":"1984","lith":"SANDSTONE"}},{"type":"Feature","id":3301,"geometry":{"type":"Point","coordinates":[-105.17871,58.93397]},"properties":{"cps":40,"y":"2008","lith":" "}},{"type":"Feature","id":3302,"geometry":{"type":"Point","coordinates":[-105.03843,57.68292]},"properties":{"cps":1600,"y":"1982","lith":"SANDSTONE"}},{"type":"Feature","id":3303,"geometry":{"type":"Point","coordinates":[-105.11276,58.8795]},"properties":{"cps":68,"y":"2008","lith":" "}},{"type":"Feature","id":3304,"geometry":{"type":"Point","coordinates":[-104.42342,57.12756]},"properties":{"cps":0,"y":"2005","lith":" "}},{"type":"Feature","id":3305,"geometry":{"type":"Point","coordinates":[-105.24581,57.65087]},"properties":{"cps":0,"y":"1982","lith":" "}},{"type":"Feature","id":3306,"geometry":{"type":"Point","coordinates":[-105.16646,58.93319]},"properties":{"cps":40,"y":"2008","lith":" "}},{"type":"Feature","id":3307,"geometry":{"type":"Point","coordinates":[-104.89201,57.66625]},"properties":{"cps":0,"y":"1984","lith":"BRECCIA"}},{"type":"Feature","id":3308,"geometry":{"type":"Point","coordinates":[-105.10899,58.87737]},"properties":{"cps":68,"y":"2008","lith":" "}},{"type":"Feature","id":3309,"geometry":{"type":"Point","coordinates":[-105.34226,57.47033]},"properties":{"cps":0,"y":"1979","lith":" "}},{"type":"Feature","id":3310,"geometry":{"type":"Point","coordinates":[-105.19579,57.66521]},"properties":{"cps":900,"y":"1982","lith":"SANDSTONE"}},{"type":"Feature","id":3311,"geometry":{"type":"Point","coordinates":[-105.1995,57.66479]},"properties":{"cps":2700,"y":"1982","lith":"SANDSTONE"}},{"type":"Feature","id":3312,"geometry":{"type":"Point","coordinates":[-104.87716,57.67704]},"properties":{"cps":0,"y":"1984","lith":"SANDSTONE"}},{"type":"Feature","id":3313,"geometry":{"type":"Point","coordinates":[-105.22749,57.65592]},"properties":{"cps":450,"y":"1982","lith":"SANDSTONE"}},{"type":"Feature","id":3314,"geometry":{"type":"Point","coordinates":[-104.87665,57.67737]},"properties":{"cps":0,"y":"1984","lith":"SANDSTONE"}},{"type":"Feature","id":3315,"geometry":{"type":"Point","coordinates":[-104.83281,57.69991]},"properties":{"cps":0,"y":"1984","lith":"BRECCIA"}},{"type":"Feature","id":3316,"geometry":{"type":"Point","coordinates":[-109.60407,58.3624]},"properties":{"cps":380,"y":"1982","lith":"Pegmatoid"}},{"type":"Feature","id":3317,"geometry":{"type":"Point","coordinates":[-106.02236,57.06484]},"properties":{"cps":600,"y":"1985","lith":" "}},{"type":"Feature","id":3318,"geometry":{"type":"Point","coordinates":[-109.7948,57.96144]},"properties":{"cps":200,"y":"1980","lith":"GRANITIC ROCK"}},{"type":"Feature","id":3319,"geometry":{"type":"Point","coordinates":[-105.10359,58.87379]},"properties":{"cps":40,"y":"2008","lith":" "}},{"type":"Feature","id":3320,"geometry":{"type":"Point","coordinates":[-104.9115,57.64346]},"properties":{"cps":0,"y":"1984","lith":"SANDSTONE"}},{"type":"Feature","id":3321,"geometry":{"type":"Point","coordinates":[-104.86077,57.68692]},"properties":{"cps":0,"y":"1984","lith":"SANDSTONE"}},{"type":"Feature","id":3322,"geometry":{"type":"Point","coordinates":[-105.3128,57.44116]},"properties":{"cps":0,"y":"1979","lith":" "}},{"type":"Feature","id":3323,"geometry":{"type":"Point","coordinates":[-104.85833,57.68698]},"properties":{"cps":0,"y":"1984","lith":"SANDSTONE"}},{"type":"Feature","id":3324,"geometry":{"type":"Point","coordinates":[-105.19941,57.66506]},"properties":{"cps":7000,"y":"1982","lith":"SANDSTONE"}},{"type":"Feature","id":3325,"geometry":{"type":"Point","coordinates":[-104.27712,59.15899]},"properties":{"cps":310,"y":"1998","lith":" "}},{"type":"Feature","id":3326,"geometry":{"type":"Point","coordinates":[-109.98591,57.98789]},"properties":{"cps":350,"y":"1980","lith":"GRANITIC ROCK"}},{"type":"Feature","id":3327,"geometry":{"type":"Point","coordinates":[-104.86963,57.67386]},"properties":{"cps":0,"y":"1984","lith":"BRECCIA"}},{"type":"Feature","id":3328,"geometry":{"type":"Point","coordinates":[-103.08899,58.31691]},"properties":{"cps":1400,"y":"1978","lith":" "}},{"type":"Feature","id":3329,"geometry":{"type":"Point","coordinates":[-105.23488,57.46866]},"properties":{"cps":0,"y":"1979","lith":" "}},{"type":"Feature","id":3330,"geometry":{"type":"Point","coordinates":[-105.15793,57.69729]},"properties":{"cps":1200,"y":"1982","lith":"SANDSTONE"}},{"type":"Feature","id":3331,"geometry":{"type":"Point","coordinates":[-105.19888,57.66523]},"properties":{"cps":800,"y":"1982","lith":"SANDSTONE"}},{"type":"Feature","id":3332,"geometry":{"type":"Point","coordinates":[-104.91314,57.64797]},"properties":{"cps":0,"y":"1984","lith":"BRECCIA"}},{"type":"Feature","id":3333,"geometry":{"type":"Point","coordinates":[-105.19497,57.66633]},"properties":{"cps":1000,"y":"1982","lith":"SANDSTONE"}},{"type":"Feature","id":3334,"geometry":{"type":"Point","coordinates":[-105.28184,57.46269]},"properties":{"cps":0,"y":"1979","lith":" "}},{"type":"Feature","id":3335,"geometry":{"type":"Point","coordinates":[-104.55075,57.06095]},"properties":{"cps":1400,"y":"1980","lith":"GRANITIZED META-ARKOSE"}},{"type":"Feature","id":3336,"geometry":{"type":"Point","coordinates":[-105.02797,57.69084]},"properties":{"cps":400,"y":"1982","lith":"SANDSTONE"}},{"type":"Feature","id":3337,"geometry":{"type":"Point","coordinates":[-106.55949,57.18626]},"properties":{"cps":2700,"y":"2007","lith":"UNDEFINED"}},{"type":"Feature","id":3338,"geometry":{"type":"Point","coordinates":[-104.99657,57.30722]},"properties":{"cps":1000,"y":"1981","lith":"CONGLOMERATE"}},{"type":"Feature","id":3339,"geometry":{"type":"Point","coordinates":[-109.5194,58.5123]},"properties":{"cps":750,"y":"1982","lith":"BASEMENT"}},{"type":"Feature","id":3340,"geometry":{"type":"Point","coordinates":[-104.60185,57.0391]},"properties":{"cps":0,"y":"2005","lith":" "}},{"type":"Feature","id":3341,"geometry":{"type":"Point","coordinates":[-104.88528,57.6603]},"properties":{"cps":0,"y":"1984","lith":"BRECCIA"}},{"type":"Feature","id":3342,"geometry":{"type":"Point","coordinates":[-105.30336,57.44642]},"properties":{"cps":0,"y":"1979","lith":" "}},{"type":"Feature","id":3343,"geometry":{"type":"Point","coordinates":[-105.02691,57.69137]},"properties":{"cps":0,"y":"1984","lith":"SANDSTONE"}},{"type":"Feature","id":3344,"geometry":{"type":"Point","coordinates":[-104.86261,57.67692]},"properties":{"cps":0,"y":"1984","lith":"BRECCIA"}},{"type":"Feature","id":3345,"geometry":{"type":"Point","coordinates":[-105.19882,57.6653]},"properties":{"cps":0,"y":"1982","lith":" "}},{"type":"Feature","id":3346,"geometry":{"type":"Point","coordinates":[-105.27465,57.66511]},"properties":{"cps":2200,"y":"1982","lith":"QUARTZ SANDSTONE"}},{"type":"Feature","id":3347,"geometry":{"type":"Point","coordinates":[-105.22334,57.28423]},"properties":{"cps":900,"y":"1981","lith":"CONGLOMERATE"}},{"type":"Feature","id":3348,"geometry":{"type":"Point","coordinates":[-103.51929,57.60747]},"properties":{"cps":2450,"y":"1979","lith":"Pegmatite"}},{"type":"Feature","id":3349,"geometry":{"type":"Point","coordinates":[-105.04394,58.89486]},"properties":{"cps":40,"y":"2008","lith":" "}},{"type":"Feature","id":3350,"geometry":{"type":"Point","coordinates":[-104.90383,57.64809]},"properties":{"cps":0,"y":"1984","lith":"SANDSTONE"}},{"type":"Feature","id":3351,"geometry":{"type":"Point","coordinates":[-104.31447,59.12831]},"properties":{"cps":400,"y":"1998","lith":" "}},{"type":"Feature","id":3352,"geometry":{"type":"Point","coordinates":[-105.26685,57.66847]},"properties":{"cps":1400,"y":"1982","lith":"SANDSTONE"}},{"type":"Feature","id":3353,"geometry":{"type":"Point","coordinates":[-104.88058,57.67235]},"properties":{"cps":0,"y":"1984","lith":"BRECCIA"}},{"type":"Feature","id":3354,"geometry":{"type":"Point","coordinates":[-105.02689,57.69148]},"properties":{"cps":0,"y":"1984","lith":"SANDSTONE"}},{"type":"Feature","id":3355,"geometry":{"type":"Point","coordinates":[-104.87724,57.67407]},"properties":{"cps":0,"y":"1984","lith":"SANDSTONE"}},{"type":"Feature","id":3356,"geometry":{"type":"Point","coordinates":[-109.63581,58.36371]},"properties":{"cps":400,"y":"1982","lith":"Pegmatoid"}},{"type":"Feature","id":3357,"geometry":{"type":"Point","coordinates":[-105.26578,57.45002]},"properties":{"cps":0,"y":"1979","lith":" "}},{"type":"Feature","id":3358,"geometry":{"type":"Point","coordinates":[-105.16953,57.7256]},"properties":{"cps":1120,"y":"1983","lith":"SANDSTONE"}},{"type":"Feature","id":3359,"geometry":{"type":"Point","coordinates":[-105.16623,58.9377]},"properties":{"cps":40,"y":"2008","lith":" "}},{"type":"Feature","id":3360,"geometry":{"type":"Point","coordinates":[-104.55809,57.05871]},"properties":{"cps":3600,"y":"1980","lith":"RED GRANITE"}},{"type":"Feature","id":3361,"geometry":{"type":"Point","coordinates":[-104.84738,57.68965]},"properties":{"cps":0,"y":"1984","lith":"SANDSTONE"}},{"type":"Feature","id":3362,"geometry":{"type":"Point","coordinates":[-104.85358,57.69201]},"properties":{"cps":0,"y":"1984","lith":"BRECCIA"}},{"type":"Feature","id":3363,"geometry":{"type":"Point","coordinates":[-104.83411,57.70101]},"properties":{"cps":0,"y":"1984","lith":"BRECCIA"}},{"type":"Feature","id":3364,"geometry":{"type":"Point","coordinates":[-105.02654,57.6912]},"properties":{"cps":0,"y":"1984","lith":"SANDSTONE"}},{"type":"Feature","id":3365,"geometry":{"type":"Point","coordinates":[-105.02632,57.69179]},"properties":{"cps":0,"y":"1984","lith":"SANDSTONE"}},{"type":"Feature","id":3366,"geometry":{"type":"Point","coordinates":[-104.90725,57.6459]},"properties":{"cps":0,"y":"1984","lith":"SANDSTONE"}},{"type":"Feature","id":3367,"geometry":{"type":"Point","coordinates":[-105.02648,57.69139]},"properties":{"cps":0,"y":"1984","lith":"SANDSTONE"}},{"type":"Feature","id":3368,"geometry":{"type":"Point","coordinates":[-105.04657,57.67789]},"properties":{"cps":1500,"y":"1982","lith":"SANDSTONE"}},{"type":"Feature","id":3369,"geometry":{"type":"Point","coordinates":[-105.19784,57.66414]},"properties":{"cps":0,"y":"1982","lith":" "}},{"type":"Feature","id":3370,"geometry":{"type":"Point","coordinates":[-104.18303,57.83944]},"properties":{"cps":820,"y":"1980","lith":"CONGLOMERATE"}},{"type":"Feature","id":3371,"geometry":{"type":"Point","coordinates":[-105.40647,57.44812]},"properties":{"cps":0,"y":"1979","lith":" "}},{"type":"Feature","id":3372,"geometry":{"type":"Point","coordinates":[-109.64498,58.36367]},"properties":{"cps":400,"y":"1982","lith":"Pegmatoid"}},{"type":"Feature","id":3373,"geometry":{"type":"Point","coordinates":[-104.90969,57.64506]},"properties":{"cps":0,"y":"1984","lith":"SANDSTONE"}},{"type":"Feature","id":3374,"geometry":{"type":"Point","coordinates":[-105.24386,57.65286]},"properties":{"cps":0,"y":"1982","lith":" "}},{"type":"Feature","id":3375,"geometry":{"type":"Point","coordinates":[-103.56241,58.47153]},"properties":{"cps":6000,"y":"2006","lith":"Biotite in Felsic Gneiss"}},{"type":"Feature","id":3376,"geometry":{"type":"Point","coordinates":[-105.02661,57.69107]},"properties":{"cps":0,"y":"1984","lith":"SANDSTONE"}},{"type":"Feature","id":3377,"geometry":{"type":"Point","coordinates":[-109.60195,58.3725]},"properties":{"cps":500,"y":"1982","lith":"Granite"}},{"type":"Feature","id":3378,"geometry":{"type":"Point","coordinates":[-104.87173,57.67327]},"properties":{"cps":0,"y":"1984","lith":"BRECCIA"}},{"type":"Feature","id":3379,"geometry":{"type":"Point","coordinates":[-104.91465,57.64127]},"properties":{"cps":0,"y":"1984","lith":"SANDSTONE"}},{"type":"Feature","id":3380,"geometry":{"type":"Point","coordinates":[-105.02932,57.68938]},"properties":{"cps":2100,"y":"1982","lith":"SANDSTONE"}},{"type":"Feature","id":3381,"geometry":{"type":"Point","coordinates":[-107.54646,59.34931]},"properties":{"cps":750,"y":"2005","lith":"CONGLOMERATE"}},{"type":"Feature","id":3382,"geometry":{"type":"Point","coordinates":[-106.00771,57.06729]},"properties":{"cps":700,"y":"1985","lith":" "}},{"type":"Feature","id":3383,"geometry":{"type":"Point","coordinates":[-105.18956,57.66844]},"properties":{"cps":0,"y":"1982","lith":" "}},{"type":"Feature","id":3384,"geometry":{"type":"Point","coordinates":[-104.92162,57.65177]},"properties":{"cps":0,"y":"1984","lith":"SANDSTONE"}},{"type":"Feature","id":3385,"geometry":{"type":"Point","coordinates":[-104.88919,57.65349]},"properties":{"cps":0,"y":"1984","lith":"SANDSTONE"}},{"type":"Feature","id":3386,"geometry":{"type":"Point","coordinates":[-105.02378,57.69445]},"properties":{"cps":1000,"y":"1982","lith":"SANDSTONE"}},{"type":"Feature","id":3387,"geometry":{"type":"Point","coordinates":[-105.03719,57.68371]},"properties":{"cps":400,"y":"1982","lith":"SANDSTONE"}},{"type":"Feature","id":3388,"geometry":{"type":"Point","coordinates":[-105.02835,57.69031]},"properties":{"cps":0,"y":"1984","lith":"SANDSTONE"}},{"type":"Feature","id":3389,"geometry":{"type":"Point","coordinates":[-105.13052,58.91902]},"properties":{"cps":40,"y":"2008","lith":" "}},{"type":"Feature","id":3390,"geometry":{"type":"Point","coordinates":[-105.15709,57.69871]},"properties":{"cps":0,"y":"1982","lith":" "}},{"type":"Feature","id":3391,"geometry":{"type":"Point","coordinates":[-109.35817,57.64433]},"properties":{"cps":20,"y":"2011","lith":"Grey soil -sand with trace silt"}},{"type":"Feature","id":3392,"geometry":{"type":"Point","coordinates":[-105.27032,57.66591]},"properties":{"cps":700,"y":"1982","lith":"SANDSTONE"}},{"type":"Feature","id":3393,"geometry":{"type":"Point","coordinates":[-105.02836,57.69023]},"properties":{"cps":0,"y":"1984","lith":"SANDSTONE"}},{"type":"Feature","id":3394,"geometry":{"type":"Point","coordinates":[-107.53591,59.34449]},"properties":{"cps":750,"y":"2005","lith":"SANDSTONE"}},{"type":"Feature","id":3395,"geometry":{"type":"Point","coordinates":[-104.90778,57.65509]},"properties":{"cps":0,"y":"1984","lith":"BRECCIA"}},{"type":"Feature","id":3396,"geometry":{"type":"Point","coordinates":[-104.87881,57.67317]},"properties":{"cps":0,"y":"1984","lith":"BRECCIA"}},{"type":"Feature","id":3397,"geometry":{"type":"Point","coordinates":[-105.1173,58.88193]},"properties":{"cps":40,"y":"2008","lith":" "}},{"type":"Feature","id":3398,"geometry":{"type":"Point","coordinates":[-105.0304,57.67449]},"properties":{"cps":0,"y":"1984","lith":"SANDSTONE"}},{"type":"Feature","id":3399,"geometry":{"type":"Point","coordinates":[-105.43705,57.40372]},"properties":{"cps":0,"y":"1979","lith":" "}},{"type":"Feature","id":3400,"geometry":{"type":"Point","coordinates":[-104.91651,57.6552]},"properties":{"cps":0,"y":"1984","lith":"BRECCIA"}},{"type":"Feature","id":3401,"geometry":{"type":"Point","coordinates":[-104.85705,57.69216]},"properties":{"cps":0,"y":"1984","lith":"SANDSTONE"}},{"type":"Feature","id":3402,"geometry":{"type":"Point","coordinates":[-105.15292,58.93072]},"properties":{"cps":68,"y":"2008","lith":" "}},{"type":"Feature","id":3403,"geometry":{"type":"Point","coordinates":[-103.52209,57.60761]},"properties":{"cps":0,"y":"1979","lith":"Biotite Gneiss"}},{"type":"Feature","id":3404,"geometry":{"type":"Point","coordinates":[-105.00901,57.69034]},"properties":{"cps":0,"y":"1984","lith":"SANDSTONE"}},{"type":"Feature","id":3405,"geometry":{"type":"Point","coordinates":[-106.00546,57.02878]},"properties":{"cps":1000,"y":"1977","lith":" "}},{"type":"Feature","id":3406,"geometry":{"type":"Point","coordinates":[-105.12306,58.91398]},"properties":{"cps":68,"y":"2008","lith":" "}},{"type":"Feature","id":3407,"geometry":{"type":"Point","coordinates":[-106.08206,57.34729]},"properties":{"cps":1200,"y":"1982","lith":"GRANITE"}},{"type":"Feature","id":3408,"geometry":{"type":"Point","coordinates":[-105.16009,57.72936]},"properties":{"cps":1150,"y":"1983","lith":"SANDSTONE"}},{"type":"Feature","id":3409,"geometry":{"type":"Point","coordinates":[-103.22771,57.63201]},"properties":{"cps":1646,"y":"1979","lith":"Granite"}},{"type":"Feature","id":3410,"geometry":{"type":"Point","coordinates":[-105.41062,57.4308]},"properties":{"cps":640,"y":"1982","lith":"GRANITE"}},{"type":"Feature","id":3411,"geometry":{"type":"Point","coordinates":[-104.94951,57.44899]},"properties":{"cps":550,"y":"1981","lith":"CONGLOMERATE"}},{"type":"Feature","id":3412,"geometry":{"type":"Point","coordinates":[-104.85622,57.69172]},"properties":{"cps":0,"y":"1984","lith":"BRECCIA"}},{"type":"Feature","id":3413,"geometry":{"type":"Point","coordinates":[-104.39614,57.14215]},"properties":{"cps":0,"y":"2005","lith":" "}},{"type":"Feature","id":3414,"geometry":{"type":"Point","coordinates":[-104.88375,57.6503]},"properties":{"cps":0,"y":"1984","lith":"BRECCIA"}},{"type":"Feature","id":3415,"geometry":{"type":"Point","coordinates":[-104.87122,57.67773]},"properties":{"cps":0,"y":"1984","lith":"SANDSTONE"}},{"type":"Feature","id":3416,"geometry":{"type":"Point","coordinates":[-105.02909,57.6896]},"properties":{"cps":0,"y":"1984","lith":"SANDSTONE"}},{"type":"Feature","id":3417,"geometry":{"type":"Point","coordinates":[-104.88087,57.66352]},"properties":{"cps":0,"y":"1984","lith":"BRECCIA"}},{"type":"Feature","id":3418,"geometry":{"type":"Point","coordinates":[-105.30895,57.4455]},"properties":{"cps":0,"y":"1979","lith":" "}},{"type":"Feature","id":3419,"geometry":{"type":"Point","coordinates":[-104.8569,57.68835]},"properties":{"cps":0,"y":"1984","lith":"BRECCIA"}},{"type":"Feature","id":3420,"geometry":{"type":"Point","coordinates":[-104.86092,57.67746]},"properties":{"cps":0,"y":"1984","lith":"BRECCIA"}},{"type":"Feature","id":3421,"geometry":{"type":"Point","coordinates":[-107.53806,59.34312]},"properties":{"cps":3000,"y":"2005","lith":"SANDSTONE"}},{"type":"Feature","id":3422,"geometry":{"type":"Point","coordinates":[-105.19993,57.66491]},"properties":{"cps":6000,"y":"1982","lith":"SANDSTONE"}},{"type":"Feature","id":3423,"geometry":{"type":"Point","coordinates":[-109.44591,57.60606]},"properties":{"cps":0,"y":"2011","lith":"Massive Pitchblende"}},{"type":"Feature","id":3424,"geometry":{"type":"Point","coordinates":[-105.03095,57.68829]},"properties":{"cps":0,"y":"1984","lith":"SANDSTONE"}},{"type":"Feature","id":3425,"geometry":{"type":"Point","coordinates":[-105.30322,57.44086]},"properties":{"cps":0,"y":"1979","lith":" "}},{"type":"Feature","id":3426,"geometry":{"type":"Point","coordinates":[-104.41932,57.13103]},"properties":{"cps":0,"y":"2005","lith":" "}},{"type":"Feature","id":3427,"geometry":{"type":"Point","coordinates":[-105.02232,57.69508]},"properties":{"cps":0,"y":"1984","lith":"SANDSTONE"}},{"type":"Feature","id":3428,"geometry":{"type":"Point","coordinates":[-105.33487,57.6302]},"properties":{"cps":1300,"y":"1980","lith":"SANDSTONE"}},{"type":"Feature","id":3429,"geometry":{"type":"Point","coordinates":[-105.02622,57.69219]},"properties":{"cps":0,"y":"1984","lith":"SANDSTONE"}},{"type":"Feature","id":3430,"geometry":{"type":"Point","coordinates":[-104.86286,57.68446]},"properties":{"cps":0,"y":"1984","lith":"BRECCIA"}},{"type":"Feature","id":3431,"geometry":{"type":"Point","coordinates":[-104.85734,57.70051]},"properties":{"cps":0,"y":"1984","lith":"BRECCIA"}},{"type":"Feature","id":3432,"geometry":{"type":"Point","coordinates":[-104.83461,57.70221]},"properties":{"cps":0,"y":"1984","lith":"BRECCIA"}},{"type":"Feature","id":3433,"geometry":{"type":"Point","coordinates":[-105.18224,58.93742]},"properties":{"cps":40,"y":"2008","lith":" "}},{"type":"Feature","id":3434,"geometry":{"type":"Point","coordinates":[-105.32976,57.45398]},"properties":{"cps":0,"y":"1979","lith":" "}},{"type":"Feature","id":3435,"geometry":{"type":"Point","coordinates":[-105.34645,57.62723]},"properties":{"cps":800,"y":"1980","lith":"SANDSTONE"}},{"type":"Feature","id":3436,"geometry":{"type":"Point","coordinates":[-104.58061,57.04843]},"properties":{"cps":2700,"y":"1980","lith":"META-ARKOSE RED"}},{"type":"Feature","id":3437,"geometry":{"type":"Point","coordinates":[-105.0403,57.68134]},"properties":{"cps":0,"y":"1984","lith":"SANDSTONE"}},{"type":"Feature","id":3438,"geometry":{"type":"Point","coordinates":[-105.02762,57.69104]},"properties":{"cps":0,"y":"1984","lith":"SANDSTONE"}},{"type":"Feature","id":3439,"geometry":{"type":"Point","coordinates":[-104.11473,57.80886]},"properties":{"cps":1094,"y":"1980","lith":"CONGLOMERATE"}},{"type":"Feature","id":3440,"geometry":{"type":"Point","coordinates":[-109.61849,58.49241]},"properties":{"cps":105,"y":"1981","lith":"Conglomerate"}},{"type":"Feature","id":3441,"geometry":{"type":"Point","coordinates":[-104.90613,57.65652]},"properties":{"cps":0,"y":"1984","lith":"SANDSTONE"}},{"type":"Feature","id":3442,"geometry":{"type":"Point","coordinates":[-104.18201,57.8323]},"properties":{"cps":7600,"y":"1980","lith":"BASEMENT"}},{"type":"Feature","id":3443,"geometry":{"type":"Point","coordinates":[-105.03383,57.68598]},"properties":{"cps":0,"y":"1984","lith":"SANDSTONE"}},{"type":"Feature","id":3444,"geometry":{"type":"Point","coordinates":[-105.44111,57.40876]},"properties":{"cps":0,"y":"1979","lith":" "}},{"type":"Feature","id":3445,"geometry":{"type":"Point","coordinates":[-104.86502,57.67523]},"properties":{"cps":0,"y":"1984","lith":"BRECCIA"}},{"type":"Feature","id":3446,"geometry":{"type":"Point","coordinates":[-105.13726,57.69942]},"properties":{"cps":0,"y":"1982","lith":" "}},{"type":"Feature","id":3447,"geometry":{"type":"Point","coordinates":[-105.3382,57.42222]},"properties":{"cps":0,"y":"1979","lith":" "}},{"type":"Feature","id":3448,"geometry":{"type":"Point","coordinates":[-105.02797,57.69023]},"properties":{"cps":0,"y":"1984","lith":"SANDSTONE"}},{"type":"Feature","id":3449,"geometry":{"type":"Point","coordinates":[-105.35448,57.4226]},"properties":{"cps":0,"y":"1979","lith":" "}},{"type":"Feature","id":3450,"geometry":{"type":"Point","coordinates":[-105.16228,58.93576]},"properties":{"cps":40,"y":"2008","lith":" "}},{"type":"Feature","id":3451,"geometry":{"type":"Point","coordinates":[-104.85919,57.68694]},"properties":{"cps":0,"y":"1984","lith":"BRECCIA"}},{"type":"Feature","id":3452,"geometry":{"type":"Point","coordinates":[-105.02589,57.69178]},"properties":{"cps":0,"y":"1984","lith":"SANDSTONE"}},{"type":"Feature","id":3453,"geometry":{"type":"Point","coordinates":[-105.14106,58.8997]},"properties":{"cps":68,"y":"2008","lith":" "}},{"type":"Feature","id":3454,"geometry":{"type":"Point","coordinates":[-105.43153,57.40502]},"properties":{"cps":0,"y":"1979","lith":" "}},{"type":"Feature","id":3455,"geometry":{"type":"Point","coordinates":[-105.02753,57.69109]},"properties":{"cps":0,"y":"1984","lith":"SANDSTONE"}},{"type":"Feature","id":3456,"geometry":{"type":"Point","coordinates":[-104.96305,58.91804]},"properties":{"cps":40,"y":"2008","lith":" "}},{"type":"Feature","id":3457,"geometry":{"type":"Point","coordinates":[-109.62025,58.36216]},"properties":{"cps":500,"y":"1982","lith":"Granite"}},{"type":"Feature","id":3458,"geometry":{"type":"Point","coordinates":[-109.59193,58.35234]},"properties":{"cps":12000,"y":"1982","lith":"Basement"}},{"type":"Feature","id":3459,"geometry":{"type":"Point","coordinates":[-103.56955,58.46898]},"properties":{"cps":1500,"y":"2006","lith":"PEGMATITE"}},{"type":"Feature","id":3460,"geometry":{"type":"Point","coordinates":[-103.52198,58.29524]},"properties":{"cps":2000,"y":"1978","lith":" "}},{"type":"Feature","id":3461,"geometry":{"type":"Point","coordinates":[-104.87653,57.67902]},"properties":{"cps":0,"y":"1984","lith":"BRECCIA"}},{"type":"Feature","id":3462,"geometry":{"type":"Point","coordinates":[-104.8748,57.6796]},"properties":{"cps":0,"y":"1984","lith":"BRECCIA"}},{"type":"Feature","id":3463,"geometry":{"type":"Point","coordinates":[-104.91324,57.65667]},"properties":{"cps":0,"y":"1984","lith":"SANDSTONE"}},{"type":"Feature","id":3464,"geometry":{"type":"Point","coordinates":[-103.94127,57.53416]},"properties":{"cps":2000,"y":"1979","lith":"ARKOSE"}},{"type":"Feature","id":3465,"geometry":{"type":"Point","coordinates":[-105.2686,57.45002]},"properties":{"cps":0,"y":"1979","lith":" "}},{"type":"Feature","id":3466,"geometry":{"type":"Point","coordinates":[-105.24621,57.4618]},"properties":{"cps":0,"y":"1979","lith":" "}},{"type":"Feature","id":3467,"geometry":{"type":"Point","coordinates":[-104.61372,57.03323]},"properties":{"cps":1650,"y":"1980","lith":"FLASERED GRANITIC GNEISS"}},{"type":"Feature","id":3468,"geometry":{"type":"Point","coordinates":[-104.15493,57.8505]},"properties":{"cps":847,"y":"1980","lith":"CONGLOMERATE"}},{"type":"Feature","id":3469,"geometry":{"type":"Point","coordinates":[-105.14631,58.9275]},"properties":{"cps":40,"y":"2008","lith":" "}},{"type":"Feature","id":3470,"geometry":{"type":"Point","coordinates":[-105.20382,57.66555]},"properties":{"cps":1200,"y":"1982","lith":"SANDSTONE"}},{"type":"Feature","id":3471,"geometry":{"type":"Point","coordinates":[-105.02729,57.69096]},"properties":{"cps":0,"y":"1984","lith":"SANDSTONE"}},{"type":"Feature","id":3472,"geometry":{"type":"Point","coordinates":[-105.03377,57.68626]},"properties":{"cps":0,"y":"1984","lith":"SANDSTONE"}},{"type":"Feature","id":3473,"geometry":{"type":"Point","coordinates":[-104.92295,57.63645]},"properties":{"cps":0,"y":"1984","lith":"SANDSTONE"}},{"type":"Feature","id":3474,"geometry":{"type":"Point","coordinates":[-105.1514,57.70236]},"properties":{"cps":800,"y":"1982","lith":"SANDSTONE"}},{"type":"Feature","id":3475,"geometry":{"type":"Point","coordinates":[-104.90262,57.65968]},"properties":{"cps":0,"y":"1984","lith":"SANDSTONE"}},{"type":"Feature","id":3476,"geometry":{"type":"Point","coordinates":[-104.86486,57.69837]},"properties":{"cps":0,"y":"1984","lith":"BRECCIA"}},{"type":"Feature","id":3477,"geometry":{"type":"Point","coordinates":[-105.03907,57.68326]},"properties":{"cps":2000,"y":"1982","lith":"SANDSTONE"}},{"type":"Feature","id":3478,"geometry":{"type":"Point","coordinates":[-105.02596,57.69136]},"properties":{"cps":0,"y":"1984","lith":"SANDSTONE"}},{"type":"Feature","id":3479,"geometry":{"type":"Point","coordinates":[-104.8573,57.68869]},"properties":{"cps":0,"y":"1984","lith":"SANDSTONE"}},{"type":"Feature","id":3480,"geometry":{"type":"Point","coordinates":[-105.32777,57.63472]},"properties":{"cps":500,"y":"1980","lith":"SANDSTONE"}},{"type":"Feature","id":3481,"geometry":{"type":"Point","coordinates":[-105.11337,58.90836]},"properties":{"cps":40,"y":"2008","lith":" "}},{"type":"Feature","id":3482,"geometry":{"type":"Point","coordinates":[-109.59178,58.35222]},"properties":{"cps":4800,"y":"1982","lith":"Basement (Fault Gouge)"}},{"type":"Feature","id":3483,"geometry":{"type":"Point","coordinates":[-105.14666,57.70171]},"properties":{"cps":700,"y":"1982","lith":"SANDSTONE"}},{"type":"Feature","id":3484,"geometry":{"type":"Point","coordinates":[-104.02812,57.53623]},"properties":{"cps":4400,"y":"2012","lith":"Granite, pink"}},{"type":"Feature","id":3485,"geometry":{"type":"Point","coordinates":[-105.3488,57.63314]},"properties":{"cps":600,"y":"1980","lith":"SANDSTONE"}},{"type":"Feature","id":3486,"geometry":{"type":"Point","coordinates":[-105.02535,57.69282]},"properties":{"cps":0,"y":"1984","lith":"SANDSTONE"}},{"type":"Feature","id":3487,"geometry":{"type":"Point","coordinates":[-105.12838,58.91725]},"properties":{"cps":40,"y":"2008","lith":" "}},{"type":"Feature","id":3488,"geometry":{"type":"Point","coordinates":[-104.55426,57.05884]},"properties":{"cps":0,"y":"2005","lith":" "}},{"type":"Feature","id":3489,"geometry":{"type":"Point","coordinates":[-104.87338,57.67979]},"properties":{"cps":0,"y":"1984","lith":"BRECCIA"}},{"type":"Feature","id":3490,"geometry":{"type":"Point","coordinates":[-105.02627,57.69204]},"properties":{"cps":0,"y":"1984","lith":"SANDSTONE"}},{"type":"Feature","id":3491,"geometry":{"type":"Point","coordinates":[-106.02226,57.06444]},"properties":{"cps":1750,"y":"1985","lith":" "}},{"type":"Feature","id":3492,"geometry":{"type":"Point","coordinates":[-105.23718,57.46853]},"properties":{"cps":0,"y":"1979","lith":" "}},{"type":"Feature","id":3493,"geometry":{"type":"Point","coordinates":[-105.19566,57.66701]},"properties":{"cps":1200,"y":"1982","lith":"SANDSTONE"}},{"type":"Feature","id":3494,"geometry":{"type":"Point","coordinates":[-105.03096,57.67394]},"properties":{"cps":0,"y":"1984","lith":"SANDSTONE"}},{"type":"Feature","id":3495,"geometry":{"type":"Point","coordinates":[-105.19363,57.66583]},"properties":{"cps":3000,"y":"1982","lith":"SANDSTONE"}},{"type":"Feature","id":3496,"geometry":{"type":"Point","coordinates":[-105.15644,58.93258]},"properties":{"cps":68,"y":"2008","lith":" "}},{"type":"Feature","id":3497,"geometry":{"type":"Point","coordinates":[-104.8623,57.67673]},"properties":{"cps":0,"y":"1984","lith":"BRECCIA"}},{"type":"Feature","id":3498,"geometry":{"type":"Point","coordinates":[-109.4457,57.60968]},"properties":{"cps":0,"y":"2011","lith":"Massive Pitchblende"}},{"type":"Feature","id":3499,"geometry":{"type":"Point","coordinates":[-105.02311,57.69484]},"properties":{"cps":0,"y":"1984","lith":"SANDSTONE"}},{"type":"Feature","id":3500,"geometry":{"type":"Point","coordinates":[-104.86247,57.68427]},"properties":{"cps":0,"y":"1984","lith":"BRECCIA"}},{"type":"Feature","id":3501,"geometry":{"type":"Point","coordinates":[-105.23004,57.6558]},"properties":{"cps":8500,"y":"1982","lith":"SANDSTONE"}},{"type":"Feature","id":3502,"geometry":{"type":"Point","coordinates":[-105.20714,57.66528]},"properties":{"cps":1100,"y":"1982","lith":"SANDSTONE"}},{"type":"Feature","id":3503,"geometry":{"type":"Point","coordinates":[-105.14191,57.70004]},"properties":{"cps":4000,"y":"1982","lith":"SANDSTONE"}},{"type":"Feature","id":3504,"geometry":{"type":"Point","coordinates":[-105.14685,57.70497]},"properties":{"cps":800,"y":"1982","lith":"SANDSTONE"}},{"type":"Feature","id":3505,"geometry":{"type":"Point","coordinates":[-104.91836,57.65326]},"properties":{"cps":0,"y":"1984","lith":"BRECCIA"}},{"type":"Feature","id":3506,"geometry":{"type":"Point","coordinates":[-104.88825,57.65375]},"properties":{"cps":0,"y":"1984","lith":"BRECCIA"}},{"type":"Feature","id":3507,"geometry":{"type":"Point","coordinates":[-105.0229,57.69499]},"properties":{"cps":0,"y":"1984","lith":"SANDSTONE"}},{"type":"Feature","id":3508,"geometry":{"type":"Point","coordinates":[-105.34653,57.41983]},"properties":{"cps":0,"y":"1979","lith":" "}},{"type":"Feature","id":3509,"geometry":{"type":"Point","coordinates":[-105.2279,57.65613]},"properties":{"cps":0,"y":"1982","lith":" "}},{"type":"Feature","id":3510,"geometry":{"type":"Point","coordinates":[-105.4248,57.41869]},"properties":{"cps":0,"y":"1979","lith":" "}},{"type":"Feature","id":3511,"geometry":{"type":"Point","coordinates":[-104.87644,57.67415]},"properties":{"cps":0,"y":"1984","lith":"SANDSTONE"}},{"type":"Feature","id":3512,"geometry":{"type":"Point","coordinates":[-107.53948,59.34783]},"properties":{"cps":750,"y":"2005","lith":"SANDSTONE"}},{"type":"Feature","id":3513,"geometry":{"type":"Point","coordinates":[-104.87037,57.67354]},"properties":{"cps":0,"y":"1984","lith":"BRECCIA"}},{"type":"Feature","id":3514,"geometry":{"type":"Point","coordinates":[-104.88188,57.67139]},"properties":{"cps":0,"y":"1984","lith":"BRECCIA"}},{"type":"Feature","id":3515,"geometry":{"type":"Point","coordinates":[-105.14354,57.70892]},"properties":{"cps":0,"y":"1982","lith":" "}},{"type":"Feature","id":3516,"geometry":{"type":"Point","coordinates":[-104.83084,57.70073]},"properties":{"cps":0,"y":"1984","lith":"BRECCIA"}},{"type":"Feature","id":3517,"geometry":{"type":"Point","coordinates":[-104.9051,57.65652]},"properties":{"cps":0,"y":"1984","lith":"SANDSTONE"}},{"type":"Feature","id":3518,"geometry":{"type":"Point","coordinates":[-105.03532,57.68485]},"properties":{"cps":0,"y":"1984","lith":"SANDSTONE"}},{"type":"Feature","id":3519,"geometry":{"type":"Point","coordinates":[-105.0403,57.68116]},"properties":{"cps":0,"y":"1984","lith":"SANDSTONE"}},{"type":"Feature","id":3520,"geometry":{"type":"Point","coordinates":[-104.87162,57.6773]},"properties":{"cps":0,"y":"1984","lith":"SANDSTONE"}},{"type":"Feature","id":3521,"geometry":{"type":"Point","coordinates":[-109.76646,57.97788]},"properties":{"cps":100,"y":"1980","lith":"HORNBLENDE-K-FELDSPARE GNEISS"}},{"type":"Feature","id":3522,"geometry":{"type":"Point","coordinates":[-105.23915,57.6539]},"properties":{"cps":0,"y":"1982","lith":" "}},{"type":"Feature","id":3523,"geometry":{"type":"Point","coordinates":[-104.87314,57.68036]},"properties":{"cps":0,"y":"1984","lith":"BRECCIA"}},{"type":"Feature","id":3524,"geometry":{"type":"Point","coordinates":[-105.02636,57.69138]},"properties":{"cps":0,"y":"1984","lith":"SANDSTONE"}},{"type":"Feature","id":3525,"geometry":{"type":"Point","coordinates":[-105.13178,58.88984]},"properties":{"cps":40,"y":"2008","lith":" "}},{"type":"Feature","id":3526,"geometry":{"type":"Point","coordinates":[-105.02853,57.68999]},"properties":{"cps":0,"y":"1984","lith":"SANDSTONE"}},{"type":"Feature","id":3527,"geometry":{"type":"Point","coordinates":[-104.95507,58.90984]},"properties":{"cps":40,"y":"2008","lith":" "}},{"type":"Feature","id":3528,"geometry":{"type":"Point","coordinates":[-105.23309,57.46967]},"properties":{"cps":0,"y":"1979","lith":" "}},{"type":"Feature","id":3529,"geometry":{"type":"Point","coordinates":[-103.50512,57.61225]},"properties":{"cps":170,"y":"1979","lith":"Biotite Gneiss-Pegmatite contact"}},{"type":"Feature","id":3530,"geometry":{"type":"Point","coordinates":[-105.30675,57.44322]},"properties":{"cps":0,"y":"1979","lith":" "}},{"type":"Feature","id":3531,"geometry":{"type":"Point","coordinates":[-105.01071,57.68959]},"properties":{"cps":0,"y":"1984","lith":"SANDSTONE"}},{"type":"Feature","id":3532,"geometry":{"type":"Point","coordinates":[-104.87582,57.67927]},"properties":{"cps":0,"y":"1984","lith":"BRECCIA"}},{"type":"Feature","id":3533,"geometry":{"type":"Point","coordinates":[-104.24963,59.15905]},"properties":{"cps":320,"y":"1998","lith":" "}},{"type":"Feature","id":3534,"geometry":{"type":"Point","coordinates":[-104.90368,57.65827]},"properties":{"cps":0,"y":"1984","lith":"BRECCIA"}},{"type":"Feature","id":3535,"geometry":{"type":"Point","coordinates":[-105.23146,57.27542]},"properties":{"cps":420,"y":"1981","lith":"PEGMATITE"}},{"type":"Feature","id":3536,"geometry":{"type":"Point","coordinates":[-105.02618,57.69173]},"properties":{"cps":0,"y":"1984","lith":"SANDSTONE"}},{"type":"Feature","id":3537,"geometry":{"type":"Point","coordinates":[-105.21514,57.66019]},"properties":{"cps":413,"y":"1982","lith":"SANDSTONE"}},{"type":"Feature","id":3538,"geometry":{"type":"Point","coordinates":[-105.31797,57.4399]},"properties":{"cps":0,"y":"1979","lith":" "}},{"type":"Feature","id":3539,"geometry":{"type":"Point","coordinates":[-105.16738,57.69208]},"properties":{"cps":1000,"y":"1982","lith":" "}},{"type":"Feature","id":3540,"geometry":{"type":"Point","coordinates":[-104.91461,57.64163]},"properties":{"cps":0,"y":"1984","lith":"SANDSTONE"}},{"type":"Feature","id":3541,"geometry":{"type":"Point","coordinates":[-104.15509,57.85041]},"properties":{"cps":1187,"y":"1980","lith":"CONGLOMERATE"}},{"type":"Feature","id":3542,"geometry":{"type":"Point","coordinates":[-103.79071,57.73759]},"properties":{"cps":15200,"y":"2012","lith":"Granite, pink"}},{"type":"Feature","id":3543,"geometry":{"type":"Point","coordinates":[-105.22995,57.6557]},"properties":{"cps":0,"y":"1982","lith":" "}},{"type":"Feature","id":3544,"geometry":{"type":"Point","coordinates":[-104.54693,57.06127]},"properties":{"cps":0,"y":"2005","lith":" "}},{"type":"Feature","id":3545,"geometry":{"type":"Point","coordinates":[-105.30434,57.64581]},"properties":{"cps":2100,"y":"1980","lith":"SANDSTONE"}},{"type":"Feature","id":3546,"geometry":{"type":"Point","coordinates":[-105.00829,57.69031]},"properties":{"cps":0,"y":"1984","lith":"SANDSTONE"}},{"type":"Feature","id":3547,"geometry":{"type":"Point","coordinates":[-105.15432,57.70155]},"properties":{"cps":0,"y":"1982","lith":" "}},{"type":"Feature","id":3548,"geometry":{"type":"Point","coordinates":[-104.83185,57.70976]},"properties":{"cps":0,"y":"1984","lith":"SANDSTONE"}},{"type":"Feature","id":3549,"geometry":{"type":"Point","coordinates":[-105.19982,57.66658]},"properties":{"cps":0,"y":"1982","lith":" "}},{"type":"Feature","id":3550,"geometry":{"type":"Point","coordinates":[-105.10634,58.90416]},"properties":{"cps":40,"y":"2008","lith":" "}},{"type":"Feature","id":3551,"geometry":{"type":"Point","coordinates":[-105.24207,57.65353]},"properties":{"cps":0,"y":"1982","lith":" "}},{"type":"Feature","id":3552,"geometry":{"type":"Point","coordinates":[-105.2026,57.66717]},"properties":{"cps":4000,"y":"1982","lith":"SANDSTONE"}},{"type":"Feature","id":3553,"geometry":{"type":"Point","coordinates":[-105.026,57.69195]},"properties":{"cps":0,"y":"1984","lith":"SANDSTONE"}},{"type":"Feature","id":3554,"geometry":{"type":"Point","coordinates":[-104.85703,57.69883]},"properties":{"cps":0,"y":"1984","lith":"BRECCIA"}},{"type":"Feature","id":3555,"geometry":{"type":"Point","coordinates":[-104.87686,57.67382]},"properties":{"cps":0,"y":"1984","lith":"SANDSTONE"}},{"type":"Feature","id":3556,"geometry":{"type":"Point","coordinates":[-104.86152,57.68555]},"properties":{"cps":0,"y":"1984","lith":"SANDSTONE"}},{"type":"Feature","id":3557,"geometry":{"type":"Point","coordinates":[-105.02719,57.69111]},"properties":{"cps":0,"y":"1984","lith":"SANDSTONE"}},{"type":"Feature","id":3558,"geometry":{"type":"Point","coordinates":[-104.87547,57.67826]},"properties":{"cps":0,"y":"1984","lith":"SANDSTONE"}},{"type":"Feature","id":3559,"geometry":{"type":"Point","coordinates":[-104.90588,57.64681]},"properties":{"cps":0,"y":"1984","lith":"SANDSTONE"}},{"type":"Feature","id":3560,"geometry":{"type":"Point","coordinates":[-105.15142,57.70354]},"properties":{"cps":450,"y":"1982","lith":"SANDSTONE"}},{"type":"Feature","id":3561,"geometry":{"type":"Point","coordinates":[-104.86041,57.67725]},"properties":{"cps":0,"y":"1984","lith":"SANDSTONE"}},{"type":"Feature","id":3562,"geometry":{"type":"Point","coordinates":[-104.91906,57.65396]},"properties":{"cps":0,"y":"1984","lith":"BRECCIA"}},{"type":"Feature","id":3563,"geometry":{"type":"Point","coordinates":[-103.52781,57.60436]},"properties":{"cps":193,"y":"1979","lith":"Biotite Gneiss"}},{"type":"Feature","id":3564,"geometry":{"type":"Point","coordinates":[-105.33312,57.45312]},"properties":{"cps":0,"y":"1979","lith":" "}},{"type":"Feature","id":3565,"geometry":{"type":"Point","coordinates":[-105.14389,57.70829]},"properties":{"cps":4000,"y":"1982","lith":"SANDSTONE"}},{"type":"Feature","id":3566,"geometry":{"type":"Point","coordinates":[-104.92992,58.93137]},"properties":{"cps":40,"y":"2008","lith":" "}},{"type":"Feature","id":3567,"geometry":{"type":"Point","coordinates":[-103.79675,57.73562]},"properties":{"cps":1100,"y":"2012","lith":"Granite, pink"}},{"type":"Feature","id":3568,"geometry":{"type":"Point","coordinates":[-104.91678,57.63976]},"properties":{"cps":0,"y":"1984","lith":"SANDSTONE"}},{"type":"Feature","id":3569,"geometry":{"type":"Point","coordinates":[-104.85876,57.68675]},"properties":{"cps":0,"y":"1984","lith":"SANDSTONE"}},{"type":"Feature","id":3570,"geometry":{"type":"Point","coordinates":[-105.00632,57.69038]},"properties":{"cps":0,"y":"1984","lith":"SANDSTONE"}},{"type":"Feature","id":3571,"geometry":{"type":"Point","coordinates":[-107.53829,59.34346]},"properties":{"cps":750,"y":"2005","lith":"SANDSTONE"}},{"type":"Feature","id":3572,"geometry":{"type":"Point","coordinates":[-105.19774,57.66481]},"properties":{"cps":0,"y":"1982","lith":" "}},{"type":"Feature","id":3573,"geometry":{"type":"Point","coordinates":[-104.87723,57.67967]},"properties":{"cps":0,"y":"1984","lith":"BRECCIA"}},{"type":"Feature","id":3574,"geometry":{"type":"Point","coordinates":[-104.87339,57.67747]},"properties":{"cps":0,"y":"1984","lith":"SANDSTONE"}},{"type":"Feature","id":3575,"geometry":{"type":"Point","coordinates":[-105.02184,57.69535]},"properties":{"cps":0,"y":"1984","lith":"SANDSTONE"}},{"type":"Feature","id":3576,"geometry":{"type":"Point","coordinates":[-104.87789,57.69874]},"properties":{"cps":0,"y":"1984","lith":"SANDSTONE"}},{"type":"Feature","id":3577,"geometry":{"type":"Point","coordinates":[-105.13846,57.70215]},"properties":{"cps":3000,"y":"1982","lith":"SANDSTONE"}},{"type":"Feature","id":3578,"geometry":{"type":"Point","coordinates":[-105.43785,57.40648]},"properties":{"cps":0,"y":"1979","lith":" "}},{"type":"Feature","id":3579,"geometry":{"type":"Point","coordinates":[-103.2291,57.64245]},"properties":{"cps":290,"y":"1979","lith":"none"}},{"type":"Feature","id":3580,"geometry":{"type":"Point","coordinates":[-105.24145,57.65306]},"properties":{"cps":0,"y":"1982","lith":" "}},{"type":"Feature","id":3581,"geometry":{"type":"Point","coordinates":[-104.88026,57.65719]},"properties":{"cps":0,"y":"1984","lith":"SANDSTONE"}},{"type":"Feature","id":3582,"geometry":{"type":"Point","coordinates":[-105.21562,57.66018]},"properties":{"cps":1300,"y":"1982","lith":"SANDSTONE"}},{"type":"Feature","id":3583,"geometry":{"type":"Point","coordinates":[-105.01459,57.68597]},"properties":{"cps":0,"y":"1984","lith":"SANDSTONE"}},{"type":"Feature","id":3584,"geometry":{"type":"Point","coordinates":[-104.91135,57.64405]},"properties":{"cps":0,"y":"1984","lith":"SANDSTONE"}},{"type":"Feature","id":3585,"geometry":{"type":"Point","coordinates":[-109.44386,58.13218]},"properties":{"cps":160,"y":"1980","lith":"SILTSTONE (ATHABASCA)"}},{"type":"Feature","id":3586,"geometry":{"type":"Point","coordinates":[-104.93337,58.9373]},"properties":{"cps":40,"y":"2008","lith":" "}},{"type":"Feature","id":3587,"geometry":{"type":"Point","coordinates":[-104.90674,57.66109]},"properties":{"cps":0,"y":"1984","lith":"SANDSTONE"}},{"type":"Feature","id":3588,"geometry":{"type":"Point","coordinates":[-104.58032,57.04823]},"properties":{"cps":0,"y":"2005","lith":" "}},{"type":"Feature","id":3589,"geometry":{"type":"Point","coordinates":[-105.30404,57.44209]},"properties":{"cps":0,"y":"1979","lith":" "}},{"type":"Feature","id":3590,"geometry":{"type":"Point","coordinates":[-103.79243,57.73265]},"properties":{"cps":1000,"y":"2012","lith":" "}},{"type":"Feature","id":3591,"geometry":{"type":"Point","coordinates":[-105.32792,57.63463]},"properties":{"cps":3200,"y":"1980","lith":"SANDSTONE"}},{"type":"Feature","id":3592,"geometry":{"type":"Point","coordinates":[-105.15873,57.69059]},"properties":{"cps":550,"y":"1982","lith":"SANDSTONE"}},{"type":"Feature","id":3593,"geometry":{"type":"Point","coordinates":[-105.24315,57.69013]},"properties":{"cps":13600,"y":"1983","lith":"SANDSTONE"}},{"type":"Feature","id":3594,"geometry":{"type":"Point","coordinates":[-103.57093,58.46971]},"properties":{"cps":950,"y":"2006","lith":"BIOTITE SCHIST"}},{"type":"Feature","id":3595,"geometry":{"type":"Point","coordinates":[-105.15884,58.93386]},"properties":{"cps":40,"y":"2008","lith":" "}},{"type":"Feature","id":3596,"geometry":{"type":"Point","coordinates":[-105.16174,57.69597]},"properties":{"cps":7200,"y":"1982","lith":" "}},{"type":"Feature","id":3597,"geometry":{"type":"Point","coordinates":[-105.19515,57.666]},"properties":{"cps":2200,"y":"1982","lith":"SANDSTONE"}},{"type":"Feature","id":3598,"geometry":{"type":"Point","coordinates":[-105.29412,57.65001]},"properties":{"cps":1500,"y":"1980","lith":"SANDSTONE"}},{"type":"Feature","id":3599,"geometry":{"type":"Point","coordinates":[-105.0255,57.6928]},"properties":{"cps":700,"y":"1982","lith":"SANDSTONE"}},{"type":"Feature","id":3600,"geometry":{"type":"Point","coordinates":[-105.39,57.43713]},"properties":{"cps":0,"y":"1979","lith":" "}},{"type":"Feature","id":3601,"geometry":{"type":"Point","coordinates":[-109.61251,58.37598]},"properties":{"cps":330,"y":"1982","lith":"Pegmatoid"}},{"type":"Feature","id":3602,"geometry":{"type":"Point","coordinates":[-105.03197,57.68777]},"properties":{"cps":0,"y":"1984","lith":"SANDSTONE"}},{"type":"Feature","id":3603,"geometry":{"type":"Point","coordinates":[-105.19506,57.6675]},"properties":{"cps":9000,"y":"1982","lith":"SANDSTONE"}},{"type":"Feature","id":3604,"geometry":{"type":"Point","coordinates":[-104.86404,57.68303]},"properties":{"cps":0,"y":"1984","lith":"SANDSTONE"}},{"type":"Feature","id":3605,"geometry":{"type":"Point","coordinates":[-103.79687,57.73007]},"properties":{"cps":280,"y":"2012","lith":" "}},{"type":"Feature","id":3606,"geometry":{"type":"Point","coordinates":[-109.64384,58.48721]},"properties":{"cps":90,"y":"1981","lith":"Conglomerate"}},{"type":"Feature","id":3607,"geometry":{"type":"Point","coordinates":[-105.14175,57.74243]},"properties":{"cps":1500,"y":"1983","lith":"SANDSTONE"}},{"type":"Feature","id":3608,"geometry":{"type":"Point","coordinates":[-104.38845,59.1113]},"properties":{"cps":450,"y":"1998","lith":" "}},{"type":"Feature","id":3609,"geometry":{"type":"Point","coordinates":[-105.02621,57.6922]},"properties":{"cps":500,"y":"1982","lith":"SANDSTONE"}},{"type":"Feature","id":3610,"geometry":{"type":"Point","coordinates":[-105.13727,58.89227]},"properties":{"cps":40,"y":"2008","lith":" "}},{"type":"Feature","id":3611,"geometry":{"type":"Point","coordinates":[-105.15875,57.69486]},"properties":{"cps":550,"y":"1982","lith":"SANDSTONE"}},{"type":"Feature","id":3612,"geometry":{"type":"Point","coordinates":[-105.14107,57.74215]},"properties":{"cps":1200,"y":"1983","lith":"SANDSTONE"}},{"type":"Feature","id":3613,"geometry":{"type":"Point","coordinates":[-104.82962,57.70102]},"properties":{"cps":0,"y":"1984","lith":"BRECCIA"}},{"type":"Feature","id":3614,"geometry":{"type":"Point","coordinates":[-105.07963,56.97002]},"properties":{"cps":0,"y":"1979","lith":" "}},{"type":"Feature","id":3615,"geometry":{"type":"Point","coordinates":[-104.87412,57.68038]},"properties":{"cps":0,"y":"1984","lith":"BRECCIA"}},{"type":"Feature","id":3616,"geometry":{"type":"Point","coordinates":[-104.86077,57.68589]},"properties":{"cps":0,"y":"1984","lith":"SANDSTONE"}},{"type":"Feature","id":3617,"geometry":{"type":"Point","coordinates":[-105.27056,57.4484]},"properties":{"cps":0,"y":"1979","lith":" "}},{"type":"Feature","id":3618,"geometry":{"type":"Point","coordinates":[-104.83319,57.7033]},"properties":{"cps":0,"y":"1984","lith":"BRECCIA"}},{"type":"Feature","id":3619,"geometry":{"type":"Point","coordinates":[-105.20089,57.66339]},"properties":{"cps":2005,"y":"1982","lith":"SANDSTONE"}},{"type":"Feature","id":3620,"geometry":{"type":"Point","coordinates":[-105.06428,58.92611]},"properties":{"cps":40,"y":"2008","lith":" "}},{"type":"Feature","id":3621,"geometry":{"type":"Point","coordinates":[-104.92033,57.65181]},"properties":{"cps":0,"y":"1984","lith":"BRECCIA"}},{"type":"Feature","id":3622,"geometry":{"type":"Point","coordinates":[-105.02873,57.68991]},"properties":{"cps":0,"y":"1984","lith":"SANDSTONE"}},{"type":"Feature","id":3623,"geometry":{"type":"Point","coordinates":[-105.02523,57.69288]},"properties":{"cps":0,"y":"1984","lith":"SANDSTONE"}},{"type":"Feature","id":3624,"geometry":{"type":"Point","coordinates":[-103.94318,57.53452]},"properties":{"cps":0,"y":"1979","lith":"META-ARGILLITE"}},{"type":"Feature","id":3625,"geometry":{"type":"Point","coordinates":[-105.0087,57.69056]},"properties":{"cps":0,"y":"1984","lith":"SANDSTONE"}},{"type":"Feature","id":3626,"geometry":{"type":"Point","coordinates":[-104.86139,57.67736]},"properties":{"cps":0,"y":"1984","lith":"BRECCIA"}},{"type":"Feature","id":3627,"geometry":{"type":"Point","coordinates":[-105.44065,57.4223]},"properties":{"cps":0,"y":"1979","lith":" "}},{"type":"Feature","id":3628,"geometry":{"type":"Point","coordinates":[-104.95413,57.45497]},"properties":{"cps":575,"y":"1981","lith":"SANDSTONE"}},{"type":"Feature","id":3629,"geometry":{"type":"Point","coordinates":[-105.14192,57.7014]},"properties":{"cps":800,"y":"1982","lith":"SANDSTONE"}},{"type":"Feature","id":3630,"geometry":{"type":"Point","coordinates":[-104.88554,57.6706]},"properties":{"cps":0,"y":"1984","lith":"SANDSTONE"}},{"type":"Feature","id":3631,"geometry":{"type":"Point","coordinates":[-104.82776,57.70382]},"properties":{"cps":0,"y":"1984","lith":"BRECCIA"}},{"type":"Feature","id":3632,"geometry":{"type":"Point","coordinates":[-103.83128,57.70772]},"properties":{"cps":2100,"y":"2012","lith":" Granite, pink"}},{"type":"Feature","id":3633,"geometry":{"type":"Point","coordinates":[-105.21292,57.66028]},"properties":{"cps":0,"y":"1982","lith":" "}},{"type":"Feature","id":3634,"geometry":{"type":"Point","coordinates":[-105.33735,57.4716]},"properties":{"cps":0,"y":"1979","lith":" "}},{"type":"Feature","id":3635,"geometry":{"type":"Point","coordinates":[-104.87326,57.67906]},"properties":{"cps":0,"y":"1984","lith":"SANDSTONE"}},{"type":"Feature","id":3636,"geometry":{"type":"Point","coordinates":[-104.85071,57.69146]},"properties":{"cps":0,"y":"1984","lith":"BRECCIA"}},{"type":"Feature","id":3637,"geometry":{"type":"Point","coordinates":[-104.90278,57.65911]},"properties":{"cps":0,"y":"1984","lith":"SANDSTONE"}},{"type":"Feature","id":3638,"geometry":{"type":"Point","coordinates":[-105.43481,57.40439]},"properties":{"cps":0,"y":"1979","lith":" "}},{"type":"Feature","id":3639,"geometry":{"type":"Point","coordinates":[-103.57653,58.4676]},"properties":{"cps":750,"y":"2006","lith":"BIOTITE SCHIST"}},{"type":"Feature","id":3640,"geometry":{"type":"Point","coordinates":[-105.1522,58.90363]},"properties":{"cps":68,"y":"2008","lith":" "}},{"type":"Feature","id":3641,"geometry":{"type":"Point","coordinates":[-105.02268,57.69512]},"properties":{"cps":0,"y":"1984","lith":"SANDSTONE"}},{"type":"Feature","id":3642,"geometry":{"type":"Point","coordinates":[-105.02755,57.69094]},"properties":{"cps":0,"y":"1984","lith":"SANDSTONE"}},{"type":"Feature","id":3643,"geometry":{"type":"Point","coordinates":[-105.14914,58.92878]},"properties":{"cps":40,"y":"2008","lith":" "}},{"type":"Feature","id":3644,"geometry":{"type":"Point","coordinates":[-105.13396,58.92118]},"properties":{"cps":40,"y":"2008","lith":" "}},{"type":"Feature","id":3645,"geometry":{"type":"Point","coordinates":[-105.02224,57.69521]},"properties":{"cps":0,"y":"1984","lith":"SANDSTONE"}},{"type":"Feature","id":3646,"geometry":{"type":"Point","coordinates":[-105.00533,57.69399]},"properties":{"cps":0,"y":"1984","lith":"SANDSTONE"}},{"type":"Feature","id":3647,"geometry":{"type":"Point","coordinates":[-105.02595,57.69199]},"properties":{"cps":0,"y":"1984","lith":"SANDSTONE"}},{"type":"Feature","id":3648,"geometry":{"type":"Point","coordinates":[-109.54646,58.48377]},"properties":{"cps":450,"y":"1982","lith":"BASEMENT"}},{"type":"Feature","id":3649,"geometry":{"type":"Point","coordinates":[-105.14364,57.02627]},"properties":{"cps":1666.7,"y":"1979","lith":" "}},{"type":"Feature","id":3650,"geometry":{"type":"Point","coordinates":[-105.14305,57.71112]},"properties":{"cps":450,"y":"1982","lith":"SANDSTONE"}},{"type":"Feature","id":3651,"geometry":{"type":"Point","coordinates":[-105.03165,57.68792]},"properties":{"cps":0,"y":"1984","lith":"SANDSTONE"}},{"type":"Feature","id":3652,"geometry":{"type":"Point","coordinates":[-104.91718,57.65461]},"properties":{"cps":0,"y":"1984","lith":"BRECCIA"}},{"type":"Feature","id":3653,"geometry":{"type":"Point","coordinates":[-105.02684,57.69169]},"properties":{"cps":0,"y":"1984","lith":"SANDSTONE"}},{"type":"Feature","id":3654,"geometry":{"type":"Point","coordinates":[-104.25344,59.12502]},"properties":{"cps":400,"y":"1998","lith":" "}},{"type":"Feature","id":3655,"geometry":{"type":"Point","coordinates":[-105.37243,57.45971]},"properties":{"cps":0,"y":"1979","lith":" "}},{"type":"Feature","id":3656,"geometry":{"type":"Point","coordinates":[-105.02523,57.69303]},"properties":{"cps":0,"y":"1984","lith":"SANDSTONE"}},{"type":"Feature","id":3657,"geometry":{"type":"Point","coordinates":[-104.69708,57.63818]},"properties":{"cps":0,"y":"1979","lith":" "}},{"type":"Feature","id":3658,"geometry":{"type":"Point","coordinates":[-105.0304,57.6747]},"properties":{"cps":0,"y":"1984","lith":"SANDSTONE"}},{"type":"Feature","id":3659,"geometry":{"type":"Point","coordinates":[-105.45457,57.40205]},"properties":{"cps":0,"y":"1979","lith":" "}},{"type":"Feature","id":3660,"geometry":{"type":"Point","coordinates":[-105.34371,57.41729]},"properties":{"cps":0,"y":"1979","lith":" "}},{"type":"Feature","id":3661,"geometry":{"type":"Point","coordinates":[-104.27544,59.15297]},"properties":{"cps":300,"y":"1998","lith":" "}},{"type":"Feature","id":3662,"geometry":{"type":"Point","coordinates":[-105.19854,57.66547]},"properties":{"cps":650,"y":"1982","lith":"SANDSTONE"}},{"type":"Feature","id":3663,"geometry":{"type":"Point","coordinates":[-105.34766,57.4213]},"properties":{"cps":0,"y":"1979","lith":" "}},{"type":"Feature","id":3664,"geometry":{"type":"Point","coordinates":[-105.02922,57.67616]},"properties":{"cps":0,"y":"1984","lith":"SANDSTONE"}},{"type":"Feature","id":3665,"geometry":{"type":"Point","coordinates":[-105.34154,57.45811]},"properties":{"cps":0,"y":"1979","lith":" "}},{"type":"Feature","id":3666,"geometry":{"type":"Point","coordinates":[-105.11526,58.90995]},"properties":{"cps":40,"y":"2008","lith":" "}},{"type":"Feature","id":3667,"geometry":{"type":"Point","coordinates":[-105.02668,57.69109]},"properties":{"cps":0,"y":"1984","lith":"SANDSTONE"}},{"type":"Feature","id":3668,"geometry":{"type":"Point","coordinates":[-104.84757,57.68996]},"properties":{"cps":0,"y":"1984","lith":"SANDSTONE"}},{"type":"Feature","id":3669,"geometry":{"type":"Point","coordinates":[-105.08928,58.89404]},"properties":{"cps":68,"y":"2008","lith":" "}},{"type":"Feature","id":3670,"geometry":{"type":"Point","coordinates":[-105.43351,57.4334]},"properties":{"cps":0,"y":"1979","lith":" "}},{"type":"Feature","id":3671,"geometry":{"type":"Point","coordinates":[-105.03961,57.6821]},"properties":{"cps":0,"y":"1984","lith":"SANDSTONE"}},{"type":"Feature","id":3672,"geometry":{"type":"Point","coordinates":[-104.82887,57.70079]},"properties":{"cps":0,"y":"1984","lith":"BRECCIA"}},{"type":"Feature","id":3673,"geometry":{"type":"Point","coordinates":[-105.12975,58.91831]},"properties":{"cps":40,"y":"2008","lith":" "}},{"type":"Feature","id":3674,"geometry":{"type":"Point","coordinates":[-105.30129,57.44471]},"properties":{"cps":0,"y":"1979","lith":" "}},{"type":"Feature","id":3675,"geometry":{"type":"Point","coordinates":[-104.9054,57.64731]},"properties":{"cps":0,"y":"1984","lith":"SANDSTONE"}},{"type":"Feature","id":3676,"geometry":{"type":"Point","coordinates":[-104.87724,57.67864]},"properties":{"cps":0,"y":"1984","lith":"BRECCIA"}},{"type":"Feature","id":3677,"geometry":{"type":"Point","coordinates":[-104.83418,57.70183]},"properties":{"cps":0,"y":"1984","lith":"BRECCIA"}},{"type":"Feature","id":3678,"geometry":{"type":"Point","coordinates":[-104.85852,57.68816]},"properties":{"cps":0,"y":"1984","lith":"SANDSTONE"}},{"type":"Feature","id":3679,"geometry":{"type":"Point","coordinates":[-105.42989,57.40582]},"properties":{"cps":0,"y":"1979","lith":" "}},{"type":"Feature","id":3680,"geometry":{"type":"Point","coordinates":[-104.86194,57.67725]},"properties":{"cps":0,"y":"1984","lith":"BRECCIA"}},{"type":"Feature","id":3681,"geometry":{"type":"Point","coordinates":[-103.26142,57.62734]},"properties":{"cps":250,"y":"1979","lith":"Pegmatite"}},{"type":"Feature","id":3682,"geometry":{"type":"Point","coordinates":[-105.03951,57.68226]},"properties":{"cps":0,"y":"1984","lith":"SANDSTONE"}},{"type":"Feature","id":3683,"geometry":{"type":"Point","coordinates":[-105.15847,58.90778]},"properties":{"cps":68,"y":"2008","lith":" "}},{"type":"Feature","id":3684,"geometry":{"type":"Point","coordinates":[-104.86407,57.67502]},"properties":{"cps":0,"y":"1984","lith":"SANDSTONE"}},{"type":"Feature","id":3685,"geometry":{"type":"Point","coordinates":[-105.39845,57.4308]},"properties":{"cps":0,"y":"1979","lith":" "}},{"type":"Feature","id":3686,"geometry":{"type":"Point","coordinates":[-104.87625,57.67956]},"properties":{"cps":0,"y":"1984","lith":"BRECCIA"}},{"type":"Feature","id":3687,"geometry":{"type":"Point","coordinates":[-105.30172,57.44641]},"properties":{"cps":0,"y":"1979","lith":" "}},{"type":"Feature","id":3688,"geometry":{"type":"Point","coordinates":[-104.91316,57.64199]},"properties":{"cps":0,"y":"1984","lith":"SANDSTONE"}},{"type":"Feature","id":3689,"geometry":{"type":"Point","coordinates":[-104.87899,57.67256]},"properties":{"cps":0,"y":"1984","lith":"SANDSTONE"}},{"type":"Feature","id":3690,"geometry":{"type":"Point","coordinates":[-103.5561,58.46076]},"properties":{"cps":3100,"y":"2006","lith":"PELITE"}},{"type":"Feature","id":3691,"geometry":{"type":"Point","coordinates":[-104.94563,57.45851]},"properties":{"cps":400,"y":"1981","lith":"CONGLOMERATE"}},{"type":"Feature","id":3692,"geometry":{"type":"Point","coordinates":[-105.34181,57.46758]},"properties":{"cps":0,"y":"1979","lith":" "}},{"type":"Feature","id":3693,"geometry":{"type":"Point","coordinates":[-104.90178,57.65036]},"properties":{"cps":0,"y":"1984","lith":"SANDSTONE"}},{"type":"Feature","id":3694,"geometry":{"type":"Point","coordinates":[-105.02677,57.67738]},"properties":{"cps":0,"y":"1984","lith":"SANDSTONE"}},{"type":"Feature","id":3695,"geometry":{"type":"Point","coordinates":[-105.12782,57.7412]},"properties":{"cps":9050,"y":"1983","lith":"SANDSTONE"}},{"type":"Feature","id":3696,"geometry":{"type":"Point","coordinates":[-109.59149,58.39469]},"properties":{"cps":1500,"y":"1982","lith":"Pegmatoid"}},{"type":"Feature","id":3697,"geometry":{"type":"Point","coordinates":[-109.85547,57.96699]},"properties":{"cps":300,"y":"1980","lith":"GRANITIC ROCK"}},{"type":"Feature","id":3698,"geometry":{"type":"Point","coordinates":[-104.90109,57.6602]},"properties":{"cps":0,"y":"1984","lith":"SANDSTONE"}},{"type":"Feature","id":3699,"geometry":{"type":"Point","coordinates":[-105.13977,58.89714]},"properties":{"cps":85,"y":"2008","lith":" "}},{"type":"Feature","id":3700,"geometry":{"type":"Point","coordinates":[-105.02185,57.69543]},"properties":{"cps":0,"y":"1984","lith":"SANDSTONE"}},{"type":"Feature","id":3701,"geometry":{"type":"Point","coordinates":[-104.86036,57.67927]},"properties":{"cps":0,"y":"1984","lith":"SANDSTONE"}},{"type":"Feature","id":3702,"geometry":{"type":"Point","coordinates":[-104.92261,57.65103]},"properties":{"cps":0,"y":"1984","lith":"BRECCIA"}},{"type":"Feature","id":3703,"geometry":{"type":"Point","coordinates":[-104.89139,57.667]},"properties":{"cps":0,"y":"1984","lith":"SANDSTONE"}},{"type":"Feature","id":3704,"geometry":{"type":"Point","coordinates":[-105.04131,58.91111]},"properties":{"cps":40,"y":"2008","lith":" "}},{"type":"Feature","id":3705,"geometry":{"type":"Point","coordinates":[-105.02207,57.69532]},"properties":{"cps":0,"y":"1984","lith":"SANDSTONE"}},{"type":"Feature","id":3706,"geometry":{"type":"Point","coordinates":[-105.03828,57.68317]},"properties":{"cps":0,"y":"1984","lith":"SANDSTONE"}},{"type":"Feature","id":3707,"geometry":{"type":"Point","coordinates":[-104.6407,57.02845]},"properties":{"cps":0,"y":"2005","lith":" "}},{"type":"Feature","id":3708,"geometry":{"type":"Point","coordinates":[-105.02672,57.69157]},"properties":{"cps":0,"y":"1984","lith":"SANDSTONE"}},{"type":"Feature","id":3709,"geometry":{"type":"Point","coordinates":[-105.48395,57.39953]},"properties":{"cps":0,"y":"1979","lith":" "}},{"type":"Feature","id":3710,"geometry":{"type":"Point","coordinates":[-109.425,57.62533]},"properties":{"cps":0,"y":"2012","lith":"Massive Pitchblende/Uranium Oxide"}},{"type":"Feature","id":3711,"geometry":{"type":"Point","coordinates":[-105.01669,57.68486]},"properties":{"cps":0,"y":"1984","lith":"SANDSTONE"}},{"type":"Feature","id":3712,"geometry":{"type":"Point","coordinates":[-103.59191,58.46421]},"properties":{"cps":1000,"y":"2006","lith":"PELITE"}},{"type":"Feature","id":3713,"geometry":{"type":"Point","coordinates":[-104.19384,57.82621]},"properties":{"cps":1280,"y":"1980","lith":"PEGMATITE"}},{"type":"Feature","id":3714,"geometry":{"type":"Point","coordinates":[-104.85655,57.68789]},"properties":{"cps":0,"y":"1984","lith":"SANDSTONE"}},{"type":"Feature","id":3715,"geometry":{"type":"Point","coordinates":[-109.44985,57.60071]},"properties":{"cps":0,"y":"2011","lith":"Massive Pitchblende"}},{"type":"Feature","id":3716,"geometry":{"type":"Point","coordinates":[-105.20772,57.66524]},"properties":{"cps":3800,"y":"1982","lith":"SANDSTONE"}},{"type":"Feature","id":3717,"geometry":{"type":"Point","coordinates":[-104.85344,57.70137]},"properties":{"cps":0,"y":"1984","lith":"BRECCIA"}},{"type":"Feature","id":3718,"geometry":{"type":"Point","coordinates":[-105.35403,57.41767]},"properties":{"cps":0,"y":"1979","lith":" "}},{"type":"Feature","id":3719,"geometry":{"type":"Point","coordinates":[-104.8858,57.67079]},"properties":{"cps":0,"y":"1984","lith":"SANDSTONE"}},{"type":"Feature","id":3720,"geometry":{"type":"Point","coordinates":[-105.02635,57.29764]},"properties":{"cps":425,"y":"1981","lith":"BASEMENT"}},{"type":"Feature","id":3721,"geometry":{"type":"Point","coordinates":[-105.42938,57.40736]},"properties":{"cps":0,"y":"1979","lith":" "}},{"type":"Feature","id":3722,"geometry":{"type":"Point","coordinates":[-105.24239,57.26833]},"properties":{"cps":650,"y":"1981","lith":"CONGLOMERATE"}},{"type":"Feature","id":3723,"geometry":{"type":"Point","coordinates":[-104.86537,57.67483]},"properties":{"cps":0,"y":"1984","lith":"SANDSTONE"}},{"type":"Feature","id":3724,"geometry":{"type":"Point","coordinates":[-105.16498,57.68366]},"properties":{"cps":9500,"y":"1982","lith":"SANDSTONE"}},{"type":"Feature","id":3725,"geometry":{"type":"Point","coordinates":[-105.33704,57.42483]},"properties":{"cps":0,"y":"1979","lith":" "}},{"type":"Feature","id":3726,"geometry":{"type":"Point","coordinates":[-105.02948,57.29757]},"properties":{"cps":475,"y":"1981","lith":"PEGMATITE"}},{"type":"Feature","id":3727,"geometry":{"type":"Point","coordinates":[-105.31293,57.44011]},"properties":{"cps":0,"y":"1979","lith":" "}},{"type":"Feature","id":3728,"geometry":{"type":"Point","coordinates":[-103.55466,58.46109]},"properties":{"cps":500,"y":"2006","lith":"PEGMATITE"}},{"type":"Feature","id":3729,"geometry":{"type":"Point","coordinates":[-104.95443,58.90903]},"properties":{"cps":40,"y":"2008","lith":" "}},{"type":"Feature","id":3730,"geometry":{"type":"Point","coordinates":[-105.24846,57.46539]},"properties":{"cps":0,"y":"1979","lith":" "}},{"type":"Feature","id":3731,"geometry":{"type":"Point","coordinates":[-104.9042,57.65854]},"properties":{"cps":0,"y":"1984","lith":"BRECCIA"}},{"type":"Feature","id":3732,"geometry":{"type":"Point","coordinates":[-105.12211,58.91327]},"properties":{"cps":40,"y":"2008","lith":" "}},{"type":"Feature","id":3733,"geometry":{"type":"Point","coordinates":[-105.33493,57.47521]},"properties":{"cps":750,"y":"1982","lith":"GRANITE"}},{"type":"Feature","id":3734,"geometry":{"type":"Point","coordinates":[-104.91391,57.65699]},"properties":{"cps":0,"y":"1984","lith":"SANDSTONE"}},{"type":"Feature","id":3735,"geometry":{"type":"Point","coordinates":[-107.53297,59.34578]},"properties":{"cps":3000,"y":"2005","lith":"SANDSTONE"}},{"type":"Feature","id":3736,"geometry":{"type":"Point","coordinates":[-103.94757,57.53468]},"properties":{"cps":1440,"y":"2012","lith":"Qtz Monzonite"}},{"type":"Feature","id":3737,"geometry":{"type":"Point","coordinates":[-105.34046,57.46908]},"properties":{"cps":0,"y":"1979","lith":" "}},{"type":"Feature","id":3738,"geometry":{"type":"Point","coordinates":[-109.4221,57.6167]},"properties":{"cps":0,"y":"2012","lith":"Massive Pitchblende"}},{"type":"Feature","id":3739,"geometry":{"type":"Point","coordinates":[-104.90666,57.64681]},"properties":{"cps":0,"y":"1984","lith":"SANDSTONE"}},{"type":"Feature","id":3740,"geometry":{"type":"Point","coordinates":[-109.54247,58.48406]},"properties":{"cps":4100,"y":"1982","lith":"SANDSTONE"}},{"type":"Feature","id":3741,"geometry":{"type":"Point","coordinates":[-104.83025,57.70079]},"properties":{"cps":0,"y":"1984","lith":"BRECCIA"}},{"type":"Feature","id":3742,"geometry":{"type":"Point","coordinates":[-103.23673,57.64418]},"properties":{"cps":607,"y":"1979","lith":"Granite-Meta Arkose"}},{"type":"Feature","id":3743,"geometry":{"type":"Point","coordinates":[-109.41978,57.62018]},"properties":{"cps":728,"y":"2012","lith":"Massive Pitchblende"}},{"type":"Feature","id":3744,"geometry":{"type":"Point","coordinates":[-104.18749,57.83819]},"properties":{"cps":3250,"y":"1980","lith":"CONGLOMERATE"}},{"type":"Feature","id":3745,"geometry":{"type":"Point","coordinates":[-106.16018,59.09853]},"properties":{"cps":2800,"y":"1979","lith":"SANDSTONE"}},{"type":"Feature","id":3746,"geometry":{"type":"Point","coordinates":[-107.54786,59.3438]},"properties":{"cps":3000,"y":"2005","lith":"SANDSTONE"}},{"type":"Feature","id":3747,"geometry":{"type":"Point","coordinates":[-105.43999,57.43032]},"properties":{"cps":0,"y":"1979","lith":" "}},{"type":"Feature","id":3748,"geometry":{"type":"Point","coordinates":[-104.85225,57.69191]},"properties":{"cps":0,"y":"1984","lith":"BRECCIA"}},{"type":"Feature","id":3749,"geometry":{"type":"Point","coordinates":[-104.19509,57.83813]},"properties":{"cps":550,"y":"1980","lith":"CONGLOMERATE"}},{"type":"Feature","id":3750,"geometry":{"type":"Point","coordinates":[-105.26389,57.45405]},"properties":{"cps":0,"y":"1979","lith":" "}},{"type":"Feature","id":3751,"geometry":{"type":"Point","coordinates":[-105.12004,58.88321]},"properties":{"cps":40,"y":"2008","lith":" "}},{"type":"Feature","id":3752,"geometry":{"type":"Point","coordinates":[-109.42298,57.61803]},"properties":{"cps":0,"y":"2011","lith":"Massive Pitchblende"}},{"type":"Feature","id":3753,"geometry":{"type":"Point","coordinates":[-105.20399,57.66489]},"properties":{"cps":2000,"y":"1982","lith":"SANDSTONE"}},{"type":"Feature","id":3754,"geometry":{"type":"Point","coordinates":[-104.89399,57.66566]},"properties":{"cps":0,"y":"1984","lith":"SANDSTONE"}},{"type":"Feature","id":3755,"geometry":{"type":"Point","coordinates":[-104.88304,57.65028]},"properties":{"cps":0,"y":"1984","lith":"SANDSTONE"}},{"type":"Feature","id":3756,"geometry":{"type":"Point","coordinates":[-105.19845,57.66557]},"properties":{"cps":600,"y":"1982","lith":"SANDSTONE"}},{"type":"Feature","id":3757,"geometry":{"type":"Point","coordinates":[-105.11627,58.88135]},"properties":{"cps":40,"y":"2008","lith":" "}},{"type":"Feature","id":3758,"geometry":{"type":"Point","coordinates":[-105.02165,57.69547]},"properties":{"cps":0,"y":"1984","lith":"SANDSTONE"}},{"type":"Feature","id":3759,"geometry":{"type":"Point","coordinates":[-105.02623,57.29577]},"properties":{"cps":500,"y":"1981","lith":"PEGMATITE"}},{"type":"Feature","id":3760,"geometry":{"type":"Point","coordinates":[-104.83442,57.7008]},"properties":{"cps":0,"y":"1984","lith":"BRECCIA"}},{"type":"Feature","id":3761,"geometry":{"type":"Point","coordinates":[-105.02678,57.69144]},"properties":{"cps":0,"y":"1984","lith":"SANDSTONE"}},{"type":"Feature","id":3762,"geometry":{"type":"Point","coordinates":[-105.38294,57.4668]},"properties":{"cps":0,"y":"1979","lith":" "}},{"type":"Feature","id":3763,"geometry":{"type":"Point","coordinates":[-109.63847,58.37266]},"properties":{"cps":500,"y":"1982","lith":"Pegmatoid"}},{"type":"Feature","id":3764,"geometry":{"type":"Point","coordinates":[-105.14511,58.92679]},"properties":{"cps":40,"y":"2008","lith":" "}},{"type":"Feature","id":3765,"geometry":{"type":"Point","coordinates":[-104.9053,57.65753]},"properties":{"cps":0,"y":"1984","lith":"SANDSTONE"}},{"type":"Feature","id":3766,"geometry":{"type":"Point","coordinates":[-105.04007,57.68195]},"properties":{"cps":0,"y":"1984","lith":"SANDSTONE"}},{"type":"Feature","id":3767,"geometry":{"type":"Point","coordinates":[-104.40743,57.13872]},"properties":{"cps":0,"y":"2005","lith":" "}},{"type":"Feature","id":3768,"geometry":{"type":"Point","coordinates":[-104.85989,57.6799]},"properties":{"cps":0,"y":"1984","lith":"BRECCIA"}},{"type":"Feature","id":3769,"geometry":{"type":"Point","coordinates":[-104.90512,58.91636]},"properties":{"cps":40,"y":"2008","lith":" "}},{"type":"Feature","id":3770,"geometry":{"type":"Point","coordinates":[-109.73247,57.9686]},"properties":{"cps":230,"y":"1980","lith":"GRANITIC ROCK"}},{"type":"Feature","id":3771,"geometry":{"type":"Point","coordinates":[-104.14661,57.81992]},"properties":{"cps":914,"y":"1980","lith":"CONGLOMERATE"}},{"type":"Feature","id":3772,"geometry":{"type":"Point","coordinates":[-104.86108,57.68574]},"properties":{"cps":0,"y":"1984","lith":"SANDSTONE"}},{"type":"Feature","id":3773,"geometry":{"type":"Point","coordinates":[-105.30573,57.44503]},"properties":{"cps":0,"y":"1979","lith":" "}},{"type":"Feature","id":3774,"geometry":{"type":"Point","coordinates":[-103.24259,57.62981]},"properties":{"cps":1200,"y":"1979","lith":"Granitic Gneiss"}},{"type":"Feature","id":3775,"geometry":{"type":"Point","coordinates":[-105.16216,57.68405]},"properties":{"cps":20000,"y":"1982","lith":"SANDSTONE"}},{"type":"Feature","id":3776,"geometry":{"type":"Point","coordinates":[-105.02611,57.69225]},"properties":{"cps":0,"y":"1984","lith":"SANDSTONE"}},{"type":"Feature","id":3777,"geometry":{"type":"Point","coordinates":[-105.17034,57.68061]},"properties":{"cps":3000,"y":"1982","lith":"SANDSTONE"}},{"type":"Feature","id":3778,"geometry":{"type":"Point","coordinates":[-105.02825,57.6906]},"properties":{"cps":0,"y":"1984","lith":"SANDSTONE"}},{"type":"Feature","id":3779,"geometry":{"type":"Point","coordinates":[-104.63818,57.02873]},"properties":{"cps":0,"y":"2005","lith":" "}},{"type":"Feature","id":3780,"geometry":{"type":"Point","coordinates":[-105.2517,57.45988]},"properties":{"cps":0,"y":"1979","lith":" "}},{"type":"Feature","id":3781,"geometry":{"type":"Point","coordinates":[-105.02567,57.69245]},"properties":{"cps":0,"y":"1984","lith":"SANDSTONE"}},{"type":"Feature","id":3782,"geometry":{"type":"Point","coordinates":[-104.91627,57.64049]},"properties":{"cps":0,"y":"1984","lith":"SANDSTONE"}},{"type":"Feature","id":3783,"geometry":{"type":"Point","coordinates":[-105.00798,57.69138]},"properties":{"cps":0,"y":"1984","lith":"SANDSTONE"}},{"type":"Feature","id":3784,"geometry":{"type":"Point","coordinates":[-109.43316,57.62453]},"properties":{"cps":515,"y":"2011","lith":"Schist"}},{"type":"Feature","id":3785,"geometry":{"type":"Point","coordinates":[-105.14498,57.70178]},"properties":{"cps":0,"y":"1982","lith":" "}},{"type":"Feature","id":3786,"geometry":{"type":"Point","coordinates":[-104.25551,59.1221]},"properties":{"cps":310,"y":"1998","lith":" "}},{"type":"Feature","id":3787,"geometry":{"type":"Point","coordinates":[-105.00824,57.69165]},"properties":{"cps":0,"y":"1984","lith":"SANDSTONE"}},{"type":"Feature","id":3788,"geometry":{"type":"Point","coordinates":[-105.21604,57.65895]},"properties":{"cps":5000,"y":"1982","lith":"SANDSTONE"}},{"type":"Feature","id":3789,"geometry":{"type":"Point","coordinates":[-104.88604,57.67092]},"properties":{"cps":0,"y":"1984","lith":"SANDSTONE"}},{"type":"Feature","id":3790,"geometry":{"type":"Point","coordinates":[-104.37486,59.11797]},"properties":{"cps":420,"y":"1998","lith":" "}},{"type":"Feature","id":3791,"geometry":{"type":"Point","coordinates":[-104.88845,57.65356]},"properties":{"cps":0,"y":"1984","lith":"SANDSTONE"}},{"type":"Feature","id":3792,"geometry":{"type":"Point","coordinates":[-104.86146,57.67936]},"properties":{"cps":0,"y":"1984","lith":"SANDSTONE"}},{"type":"Feature","id":3793,"geometry":{"type":"Point","coordinates":[-105.03564,57.68521]},"properties":{"cps":0,"y":"1984","lith":"SANDSTONE"}},{"type":"Feature","id":3794,"geometry":{"type":"Point","coordinates":[-105.3354,57.42526]},"properties":{"cps":0,"y":"1979","lith":" "}},{"type":"Feature","id":3795,"geometry":{"type":"Point","coordinates":[-105.43954,57.42169]},"properties":{"cps":0,"y":"1979","lith":" "}},{"type":"Feature","id":3796,"geometry":{"type":"Point","coordinates":[-105.20416,57.66524]},"properties":{"cps":600,"y":"1982","lith":"SANDSTONE"}},{"type":"Feature","id":3797,"geometry":{"type":"Point","coordinates":[-105.03152,57.6878]},"properties":{"cps":0,"y":"1984","lith":"SANDSTONE"}},{"type":"Feature","id":3798,"geometry":{"type":"Point","coordinates":[-105.25031,57.45434]},"properties":{"cps":0,"y":"1979","lith":" "}},{"type":"Feature","id":3799,"geometry":{"type":"Point","coordinates":[-105.3394,57.44653]},"properties":{"cps":0,"y":"1979","lith":" "}},{"type":"Feature","id":3800,"geometry":{"type":"Point","coordinates":[-105.28701,57.46583]},"properties":{"cps":0,"y":"1979","lith":" "}},{"type":"Feature","id":3801,"geometry":{"type":"Point","coordinates":[-105.12115,58.88383]},"properties":{"cps":68,"y":"2008","lith":" "}},{"type":"Feature","id":3802,"geometry":{"type":"Point","coordinates":[-104.90115,57.64998]},"properties":{"cps":0,"y":"1984","lith":"SANDSTONE"}},{"type":"Feature","id":3803,"geometry":{"type":"Point","coordinates":[-105.03066,57.68821]},"properties":{"cps":0,"y":"1984","lith":"SANDSTONE"}},{"type":"Feature","id":3804,"geometry":{"type":"Point","coordinates":[-104.91306,57.64886]},"properties":{"cps":0,"y":"1984","lith":"BRECCIA"}},{"type":"Feature","id":3805,"geometry":{"type":"Point","coordinates":[-104.85919,57.68774]},"properties":{"cps":0,"y":"1984","lith":"SANDSTONE"}},{"type":"Feature","id":3806,"geometry":{"type":"Point","coordinates":[-103.11584,58.56536]},"properties":{"cps":1000,"y":"1978","lith":" "}},{"type":"Feature","id":3807,"geometry":{"type":"Point","coordinates":[-105.15561,57.69934]},"properties":{"cps":0,"y":"1982","lith":" "}},{"type":"Feature","id":3808,"geometry":{"type":"Point","coordinates":[-104.90375,57.64769]},"properties":{"cps":0,"y":"1984","lith":"SANDSTONE"}},{"type":"Feature","id":3809,"geometry":{"type":"Point","coordinates":[-104.85565,57.69975]},"properties":{"cps":0,"y":"1984","lith":"BRECCIA"}},{"type":"Feature","id":3810,"geometry":{"type":"Point","coordinates":[-103.92275,57.53824]},"properties":{"cps":0,"y":"1979","lith":"ATHABASCA SANDSTONE"}},{"type":"Feature","id":3811,"geometry":{"type":"Point","coordinates":[-104.83194,57.71013]},"properties":{"cps":0,"y":"1984","lith":"SANDSTONE"}},{"type":"Feature","id":3812,"geometry":{"type":"Point","coordinates":[-105.16687,57.68201]},"properties":{"cps":700,"y":"1982","lith":"SANDSTONE"}},{"type":"Feature","id":3813,"geometry":{"type":"Point","coordinates":[-103.99983,57.54435]},"properties":{"cps":1000,"y":"2012","lith":" "}},{"type":"Feature","id":3814,"geometry":{"type":"Point","coordinates":[-104.87275,57.68059]},"properties":{"cps":0,"y":"1984","lith":"BRECCIA"}},{"type":"Feature","id":3815,"geometry":{"type":"Point","coordinates":[-105.15769,58.90712]},"properties":{"cps":68,"y":"2008","lith":" "}},{"type":"Feature","id":3816,"geometry":{"type":"Point","coordinates":[-105.02498,57.69318]},"properties":{"cps":0,"y":"1984","lith":"SANDSTONE"}},{"type":"Feature","id":3817,"geometry":{"type":"Point","coordinates":[-102.81702,58.016]},"properties":{"cps":1250,"y":"1975","lith":"PEGMATITE AND GRANITE"}},{"type":"Feature","id":3818,"geometry":{"type":"Point","coordinates":[-109.59213,58.37654]},"properties":{"cps":400,"y":"1982","lith":"Pegmatoid"}},{"type":"Feature","id":3819,"geometry":{"type":"Point","coordinates":[-104.41681,57.13258]},"properties":{"cps":0,"y":"2005","lith":" "}},{"type":"Feature","id":3820,"geometry":{"type":"Point","coordinates":[-104.88559,57.66076]},"properties":{"cps":0,"y":"1984","lith":"BRECCIA"}},{"type":"Feature","id":3821,"geometry":{"type":"Point","coordinates":[-105.02628,57.69093]},"properties":{"cps":0,"y":"1984","lith":"SANDSTONE"}},{"type":"Feature","id":3822,"geometry":{"type":"Point","coordinates":[-104.84605,57.70526]},"properties":{"cps":0,"y":"1984","lith":"BRECCIA"}},{"type":"Feature","id":3823,"geometry":{"type":"Point","coordinates":[-105.43573,57.43122]},"properties":{"cps":0,"y":"1979","lith":" "}},{"type":"Feature","id":3824,"geometry":{"type":"Point","coordinates":[-105.14133,58.92494]},"properties":{"cps":68,"y":"2008","lith":" "}},{"type":"Feature","id":3825,"geometry":{"type":"Point","coordinates":[-105.0264,57.69195]},"properties":{"cps":0,"y":"1984","lith":"SANDSTONE"}},{"type":"Feature","id":3826,"geometry":{"type":"Point","coordinates":[-105.26925,57.44864]},"properties":{"cps":0,"y":"1979","lith":" "}},{"type":"Feature","id":3827,"geometry":{"type":"Point","coordinates":[-104.91548,57.6411]},"properties":{"cps":0,"y":"1984","lith":"SANDSTONE"}},{"type":"Feature","id":3828,"geometry":{"type":"Point","coordinates":[-105.10471,58.87441]},"properties":{"cps":40,"y":"2008","lith":" "}},{"type":"Feature","id":3829,"geometry":{"type":"Point","coordinates":[-104.92127,57.65135]},"properties":{"cps":0,"y":"1984","lith":"BRECCIA"}},{"type":"Feature","id":3830,"geometry":{"type":"Point","coordinates":[-104.0845,57.80903]},"properties":{"cps":974,"y":"1980","lith":"CONGLOMERATE"}},{"type":"Feature","id":3831,"geometry":{"type":"Point","coordinates":[-104.90001,57.65097]},"properties":{"cps":0,"y":"1984","lith":"SANDSTONE"}},{"type":"Feature","id":3832,"geometry":{"type":"Point","coordinates":[-105.02608,57.69158]},"properties":{"cps":0,"y":"1984","lith":"SANDSTONE"}},{"type":"Feature","id":3833,"geometry":{"type":"Point","coordinates":[-105.19957,57.66473]},"properties":{"cps":400,"y":"1982","lith":"SANDSTONE"}},{"type":"Feature","id":3834,"geometry":{"type":"Point","coordinates":[-105.02606,57.69166]},"properties":{"cps":0,"y":"1984","lith":"SANDSTONE"}},{"type":"Feature","id":3835,"geometry":{"type":"Point","coordinates":[-105.1403,57.7419]},"properties":{"cps":3100,"y":"1983","lith":"SANDSTONE"}},{"type":"Feature","id":3836,"geometry":{"type":"Point","coordinates":[-104.98136,57.31486]},"properties":{"cps":550,"y":"1981","lith":"CONGLOMERATE"}},{"type":"Feature","id":3837,"geometry":{"type":"Point","coordinates":[-105.44375,57.3993]},"properties":{"cps":0,"y":"1979","lith":" "}},{"type":"Feature","id":3838,"geometry":{"type":"Point","coordinates":[-105.1474,58.90253]},"properties":{"cps":40,"y":"2008","lith":" "}},{"type":"Feature","id":3839,"geometry":{"type":"Point","coordinates":[-105.30193,57.44559]},"properties":{"cps":0,"y":"1979","lith":" "}},{"type":"Feature","id":3840,"geometry":{"type":"Point","coordinates":[-104.84602,57.69497]},"properties":{"cps":0,"y":"1984","lith":"BRECCIA"}},{"type":"Feature","id":3841,"geometry":{"type":"Point","coordinates":[-105.12162,57.03599]},"properties":{"cps":1333.33,"y":"1979","lith":" "}},{"type":"Feature","id":3842,"geometry":{"type":"Point","coordinates":[-104.24659,59.12636]},"properties":{"cps":300,"y":"1998","lith":" "}},{"type":"Feature","id":3843,"geometry":{"type":"Point","coordinates":[-105.0287,57.68971]},"properties":{"cps":0,"y":"1984","lith":"SANDSTONE"}},{"type":"Feature","id":3844,"geometry":{"type":"Point","coordinates":[-105.02781,57.30021]},"properties":{"cps":750,"y":"1981","lith":"CONGLOMERATE"}},{"type":"Feature","id":3845,"geometry":{"type":"Point","coordinates":[-104.91295,57.64831]},"properties":{"cps":0,"y":"1984","lith":"BRECCIA"}},{"type":"Feature","id":3846,"geometry":{"type":"Point","coordinates":[-104.89488,57.66451]},"properties":{"cps":0,"y":"1984","lith":"SANDSTONE"}},{"type":"Feature","id":3847,"geometry":{"type":"Point","coordinates":[-105.02171,57.69538]},"properties":{"cps":0,"y":"1984","lith":"SANDSTONE"}},{"type":"Feature","id":3848,"geometry":{"type":"Point","coordinates":[-105.15612,58.93705]},"properties":{"cps":40,"y":"2008","lith":" "}},{"type":"Feature","id":3849,"geometry":{"type":"Point","coordinates":[-105.28381,57.66142]},"properties":{"cps":1800,"y":"1982","lith":"QUARTZ SANDSTONE"}},{"type":"Feature","id":3850,"geometry":{"type":"Point","coordinates":[-106.00789,56.97498]},"properties":{"cps":400,"y":"1985","lith":" "}},{"type":"Feature","id":3851,"geometry":{"type":"Point","coordinates":[-105.16603,57.6839]},"properties":{"cps":400,"y":"1982","lith":"SANDSTONE"}},{"type":"Feature","id":3852,"geometry":{"type":"Point","coordinates":[-105.14777,58.92799]},"properties":{"cps":40,"y":"2008","lith":" "}},{"type":"Feature","id":3853,"geometry":{"type":"Point","coordinates":[-105.19335,57.66837]},"properties":{"cps":0,"y":"1982","lith":" "}},{"type":"Feature","id":3854,"geometry":{"type":"Point","coordinates":[-105.02607,57.6922]},"properties":{"cps":0,"y":"1984","lith":"SANDSTONE"}},{"type":"Feature","id":3855,"geometry":{"type":"Point","coordinates":[-104.91918,57.63845]},"properties":{"cps":0,"y":"1984","lith":"SANDSTONE"}},{"type":"Feature","id":3856,"geometry":{"type":"Point","coordinates":[-105.02631,57.29658]},"properties":{"cps":460,"y":"1981","lith":"PEGMATITE"}},{"type":"Feature","id":3857,"geometry":{"type":"Point","coordinates":[-105.15967,58.90862]},"properties":{"cps":85,"y":"2008","lith":" "}},{"type":"Feature","id":3858,"geometry":{"type":"Point","coordinates":[-104.88325,57.65587]},"properties":{"cps":0,"y":"1984","lith":"SANDSTONE"}},{"type":"Feature","id":3859,"geometry":{"type":"Point","coordinates":[-105.24755,57.45904]},"properties":{"cps":0,"y":"1979","lith":" "}},{"type":"Feature","id":3860,"geometry":{"type":"Point","coordinates":[-105.13101,58.889]},"properties":{"cps":40,"y":"2008","lith":" "}},{"type":"Feature","id":3861,"geometry":{"type":"Point","coordinates":[-104.85689,57.69252]},"properties":{"cps":0,"y":"1984","lith":"SANDSTONE"}},{"type":"Feature","id":3862,"geometry":{"type":"Point","coordinates":[-105.14286,58.90134]},"properties":{"cps":40,"y":"2008","lith":" "}},{"type":"Feature","id":3863,"geometry":{"type":"Point","coordinates":[-103.52885,57.60652]},"properties":{"cps":0,"y":"1979","lith":"Quartzite"}},{"type":"Feature","id":3864,"geometry":{"type":"Point","coordinates":[-104.15411,57.85077]},"properties":{"cps":930,"y":"1980","lith":"CONGLOMERATE"}},{"type":"Feature","id":3865,"geometry":{"type":"Point","coordinates":[-104.83427,57.69894]},"properties":{"cps":0,"y":"1984","lith":"BRECCIA"}},{"type":"Feature","id":3866,"geometry":{"type":"Point","coordinates":[-105.30657,57.44539]},"properties":{"cps":0,"y":"1979","lith":" "}},{"type":"Feature","id":3867,"geometry":{"type":"Point","coordinates":[-105.13499,58.92184]},"properties":{"cps":68,"y":"2008","lith":" "}},{"type":"Feature","id":3868,"geometry":{"type":"Point","coordinates":[-105.14903,58.90284]},"properties":{"cps":40,"y":"2008","lith":" "}},{"type":"Feature","id":3869,"geometry":{"type":"Point","coordinates":[-105.1833,57.6718]},"properties":{"cps":5500,"y":"1982","lith":"SANDSTONE"}},{"type":"Feature","id":3870,"geometry":{"type":"Point","coordinates":[-104.9446,57.15716]},"properties":{"cps":0,"y":"1980","lith":" "}},{"type":"Feature","id":3871,"geometry":{"type":"Point","coordinates":[-104.83288,57.7032]},"properties":{"cps":0,"y":"1984","lith":"BRECCIA"}},{"type":"Feature","id":3872,"geometry":{"type":"Point","coordinates":[-105.15421,58.93125]},"properties":{"cps":40,"y":"2008","lith":" "}},{"type":"Feature","id":3873,"geometry":{"type":"Point","coordinates":[-105.03156,57.68795]},"properties":{"cps":0,"y":"1984","lith":"SANDSTONE"}},{"type":"Feature","id":3874,"geometry":{"type":"Point","coordinates":[-105.02614,57.69209]},"properties":{"cps":1300,"y":"1982","lith":"SANDSTONE"}},{"type":"Feature","id":3875,"geometry":{"type":"Point","coordinates":[-105.03535,57.68507]},"properties":{"cps":0,"y":"1984","lith":"SANDSTONE"}},{"type":"Feature","id":3876,"geometry":{"type":"Point","coordinates":[-104.87897,57.67759]},"properties":{"cps":0,"y":"1984","lith":"BRECCIA"}},{"type":"Feature","id":3877,"geometry":{"type":"Point","coordinates":[-105.02585,57.69258]},"properties":{"cps":0,"y":"1984","lith":"SANDSTONE"}},{"type":"Feature","id":3878,"geometry":{"type":"Point","coordinates":[-104.87343,57.67707]},"properties":{"cps":0,"y":"1984","lith":"SANDSTONE"}},{"type":"Feature","id":3879,"geometry":{"type":"Point","coordinates":[-105.23339,57.27122]},"properties":{"cps":550,"y":"1981","lith":"CONGLOMERATE"}},{"type":"Feature","id":3880,"geometry":{"type":"Point","coordinates":[-104.8827,57.65614]},"properties":{"cps":0,"y":"1984","lith":"SANDSTONE"}},{"type":"Feature","id":3881,"geometry":{"type":"Point","coordinates":[-105.02772,57.69089]},"properties":{"cps":0,"y":"1984","lith":"SANDSTONE"}},{"type":"Feature","id":3882,"geometry":{"type":"Point","coordinates":[-105.45553,57.40808]},"properties":{"cps":0,"y":"1979","lith":" "}},{"type":"Feature","id":3883,"geometry":{"type":"Point","coordinates":[-105.03204,57.68759]},"properties":{"cps":0,"y":"1984","lith":"SANDSTONE"}},{"type":"Feature","id":3884,"geometry":{"type":"Point","coordinates":[-105.16365,58.93642]},"properties":{"cps":40,"y":"2008","lith":" "}},{"type":"Feature","id":3885,"geometry":{"type":"Point","coordinates":[-105.04423,58.91739]},"properties":{"cps":40,"y":"2008","lith":" "}},{"type":"Feature","id":3886,"geometry":{"type":"Point","coordinates":[-104.67523,57.66362]},"properties":{"cps":0,"y":"1979","lith":" "}},{"type":"Feature","id":3887,"geometry":{"type":"Point","coordinates":[-104.87291,57.67287]},"properties":{"cps":0,"y":"1984","lith":"BRECCIA"}},{"type":"Feature","id":3888,"geometry":{"type":"Point","coordinates":[-105.22146,57.28025]},"properties":{"cps":800,"y":"1981","lith":"CONGLOMERATE"}},{"type":"Feature","id":3889,"geometry":{"type":"Point","coordinates":[-105.2069,57.66543]},"properties":{"cps":4100,"y":"1982","lith":"SANDSTONE"}},{"type":"Feature","id":3890,"geometry":{"type":"Point","coordinates":[-105.22122,57.28366]},"properties":{"cps":550,"y":"1981","lith":"PEGMATITE"}},{"type":"Feature","id":3891,"geometry":{"type":"Point","coordinates":[-105.07311,58.89383]},"properties":{"cps":68,"y":"2008","lith":" "}},{"type":"Feature","id":3892,"geometry":{"type":"Point","coordinates":[-105.18281,57.67425]},"properties":{"cps":2000,"y":"1982","lith":"SANDSTONE"}},{"type":"Feature","id":3893,"geometry":{"type":"Point","coordinates":[-107.54443,59.34141]},"properties":{"cps":3000,"y":"2005","lith":"SANDSTONE"}},{"type":"Feature","id":3894,"geometry":{"type":"Point","coordinates":[-105.14787,57.70557]},"properties":{"cps":900,"y":"1982","lith":"SANDSTONE"}},{"type":"Feature","id":3895,"geometry":{"type":"Point","coordinates":[-105.34391,57.45648]},"properties":{"cps":0,"y":"1979","lith":" "}},{"type":"Feature","id":3896,"geometry":{"type":"Point","coordinates":[-105.33564,57.63016]},"properties":{"cps":750,"y":"1980","lith":"SANDSTONE"}},{"type":"Feature","id":3897,"geometry":{"type":"Point","coordinates":[-105.02665,57.69077]},"properties":{"cps":0,"y":"1984","lith":"SANDSTONE"}},{"type":"Feature","id":3898,"geometry":{"type":"Point","coordinates":[-105.31838,57.44622]},"properties":{"cps":0,"y":"1979","lith":" "}},{"type":"Feature","id":3899,"geometry":{"type":"Point","coordinates":[-105.3553,57.41956]},"properties":{"cps":0,"y":"1979","lith":" "}},{"type":"Feature","id":3900,"geometry":{"type":"Point","coordinates":[-105.16123,57.73092]},"properties":{"cps":1450,"y":"1983","lith":"SANDSTONE"}},{"type":"Feature","id":3901,"geometry":{"type":"Point","coordinates":[-105.01256,57.30422]},"properties":{"cps":650,"y":"1981","lith":"CONGLOMERATE"}},{"type":"Feature","id":3902,"geometry":{"type":"Point","coordinates":[-105.15057,58.90337]},"properties":{"cps":40,"y":"2008","lith":" "}},{"type":"Feature","id":3903,"geometry":{"type":"Point","coordinates":[-103.95987,57.55838]},"properties":{"cps":500,"y":"2012","lith":" Granite, pink"}},{"type":"Feature","id":3904,"geometry":{"type":"Point","coordinates":[-105.15289,58.90438]},"properties":{"cps":40,"y":"2008","lith":" "}},{"type":"Feature","id":3905,"geometry":{"type":"Point","coordinates":[-105.0216,57.69559]},"properties":{"cps":0,"y":"1984","lith":"SANDSTONE"}},{"type":"Feature","id":3906,"geometry":{"type":"Point","coordinates":[-105.14578,58.90218]},"properties":{"cps":40,"y":"2008","lith":" "}},{"type":"Feature","id":3907,"geometry":{"type":"Point","coordinates":[-106.01232,56.97192]},"properties":{"cps":2000,"y":"1977","lith":" "}},{"type":"Feature","id":3908,"geometry":{"type":"Point","coordinates":[-105.20206,57.66546]},"properties":{"cps":0,"y":"1982","lith":" "}},{"type":"Feature","id":3909,"geometry":{"type":"Point","coordinates":[-105.02826,57.69017]},"properties":{"cps":1100,"y":"1982","lith":"SANDSTONE"}},{"type":"Feature","id":3910,"geometry":{"type":"Point","coordinates":[-104.85698,57.6878]},"properties":{"cps":0,"y":"1984","lith":"SANDSTONE"}},{"type":"Feature","id":3911,"geometry":{"type":"Point","coordinates":[-105.0425,58.90562]},"properties":{"cps":40,"y":"2008","lith":" "}},{"type":"Feature","id":3912,"geometry":{"type":"Point","coordinates":[-106.0258,56.98857]},"properties":{"cps":2545,"y":"1985","lith":" "}},{"type":"Feature","id":3913,"geometry":{"type":"Point","coordinates":[-105.0063,57.69062]},"properties":{"cps":0,"y":"1984","lith":"SANDSTONE"}},{"type":"Feature","id":3914,"geometry":{"type":"Point","coordinates":[-105.45356,57.40706]},"properties":{"cps":0,"y":"1979","lith":" "}},{"type":"Feature","id":3915,"geometry":{"type":"Point","coordinates":[-105.40728,57.43298]},"properties":{"cps":0,"y":"1979","lith":" "}},{"type":"Feature","id":3916,"geometry":{"type":"Point","coordinates":[-105.02634,57.69218]},"properties":{"cps":0,"y":"1984","lith":"SANDSTONE"}},{"type":"Feature","id":3917,"geometry":{"type":"Point","coordinates":[-104.8334,57.6997]},"properties":{"cps":0,"y":"1984","lith":"BRECCIA"}},{"type":"Feature","id":3918,"geometry":{"type":"Point","coordinates":[-104.90463,57.65778]},"properties":{"cps":0,"y":"1984","lith":"SANDSTONE"}},{"type":"Feature","id":3919,"geometry":{"type":"Point","coordinates":[-105.03537,57.68513]},"properties":{"cps":0,"y":"1984","lith":"SANDSTONE"}},{"type":"Feature","id":3920,"geometry":{"type":"Point","coordinates":[-106.00759,56.9753]},"properties":{"cps":500,"y":"1985","lith":" "}},{"type":"Feature","id":3921,"geometry":{"type":"Point","coordinates":[-104.86456,57.68334]},"properties":{"cps":0,"y":"1984","lith":"BRECCIA"}},{"type":"Feature","id":3922,"geometry":{"type":"Point","coordinates":[-105.02692,57.29699]},"properties":{"cps":450,"y":"1981","lith":"PEGMATITE"}},{"type":"Feature","id":3923,"geometry":{"type":"Point","coordinates":[-105.02453,57.69338]},"properties":{"cps":0,"y":"1984","lith":"SANDSTONE"}},{"type":"Feature","id":3924,"geometry":{"type":"Point","coordinates":[-103.55545,58.46013]},"properties":{"cps":3500,"y":"2006","lith":"PELITE"}},{"type":"Feature","id":3925,"geometry":{"type":"Point","coordinates":[-104.91605,57.64863]},"properties":{"cps":0,"y":"1984","lith":"BRECCIA"}},{"type":"Feature","id":3926,"geometry":{"type":"Point","coordinates":[-105.15538,58.90575]},"properties":{"cps":40,"y":"2008","lith":" "}},{"type":"Feature","id":3927,"geometry":{"type":"Point","coordinates":[-107.53637,59.34562]},"properties":{"cps":3000,"y":"2005","lith":"BASEMENT"}},{"type":"Feature","id":3928,"geometry":{"type":"Point","coordinates":[-105.44076,57.42873]},"properties":{"cps":0,"y":"1979","lith":" "}},{"type":"Feature","id":3929,"geometry":{"type":"Point","coordinates":[-104.97512,57.31944]},"properties":{"cps":400,"y":"1981","lith":"CONGLOMERATE"}},{"type":"Feature","id":3930,"geometry":{"type":"Point","coordinates":[-105.4336,57.40222]},"properties":{"cps":0,"y":"1979","lith":" "}},{"type":"Feature","id":3931,"geometry":{"type":"Point","coordinates":[-104.85896,57.68608]},"properties":{"cps":0,"y":"1984","lith":"SANDSTONE"}},{"type":"Feature","id":3932,"geometry":{"type":"Point","coordinates":[-105.16125,58.93514]},"properties":{"cps":40,"y":"2008","lith":" "}},{"type":"Feature","id":3933,"geometry":{"type":"Point","coordinates":[-104.83226,57.70001]},"properties":{"cps":0,"y":"1984","lith":"BRECCIA"}},{"type":"Feature","id":3934,"geometry":{"type":"Point","coordinates":[-105.02318,57.6948]},"properties":{"cps":0,"y":"1984","lith":"SANDSTONE"}},{"type":"Feature","id":3935,"geometry":{"type":"Point","coordinates":[-105.25185,57.45702]},"properties":{"cps":0,"y":"1979","lith":" "}},{"type":"Feature","id":3936,"geometry":{"type":"Point","coordinates":[-105.19542,57.66464]},"properties":{"cps":0,"y":"1982","lith":" "}},{"type":"Feature","id":3937,"geometry":{"type":"Point","coordinates":[-104.28931,59.14433]},"properties":{"cps":1100,"y":"1998","lith":" "}},{"type":"Feature","id":3938,"geometry":{"type":"Point","coordinates":[-105.12235,58.88453]},"properties":{"cps":68,"y":"2008","lith":" "}},{"type":"Feature","id":3939,"geometry":{"type":"Point","coordinates":[-104.9133,57.64744]},"properties":{"cps":0,"y":"1984","lith":"BRECCIA"}},{"type":"Feature","id":3940,"geometry":{"type":"Point","coordinates":[-105.04059,57.68199]},"properties":{"cps":0,"y":"1984","lith":"SANDSTONE"}},{"type":"Feature","id":3941,"geometry":{"type":"Point","coordinates":[-109.63544,58.36069]},"properties":{"cps":350,"y":"1982","lith":"Granite"}},{"type":"Feature","id":3942,"geometry":{"type":"Point","coordinates":[-105.33183,57.48299]},"properties":{"cps":0,"y":"1979","lith":" "}},{"type":"Feature","id":3943,"geometry":{"type":"Point","coordinates":[-104.87602,57.67781]},"properties":{"cps":0,"y":"1984","lith":"SANDSTONE"}},{"type":"Feature","id":3944,"geometry":{"type":"Point","coordinates":[-105.2174,57.29244]},"properties":{"cps":650,"y":"1981","lith":"CONGLOMERATE"}},{"type":"Feature","id":3945,"geometry":{"type":"Point","coordinates":[-103.94708,57.53507]},"properties":{"cps":810,"y":"2012","lith":" Pegmatite"}},{"type":"Feature","id":3946,"geometry":{"type":"Point","coordinates":[-104.875,57.67864]},"properties":{"cps":0,"y":"1984","lith":"SANDSTONE"}},{"type":"Feature","id":3947,"geometry":{"type":"Point","coordinates":[-104.85138,57.69136]},"properties":{"cps":0,"y":"1984","lith":"BRECCIA"}},{"type":"Feature","id":3948,"geometry":{"type":"Point","coordinates":[-103.79168,57.73269]},"properties":{"cps":600,"y":"2012","lith":" "}},{"type":"Feature","id":3949,"geometry":{"type":"Point","coordinates":[-105.10231,58.87304]},"properties":{"cps":40,"y":"2008","lith":" "}},{"type":"Feature","id":3950,"geometry":{"type":"Point","coordinates":[-105.12743,58.91667]},"properties":{"cps":40,"y":"2008","lith":" "}},{"type":"Feature","id":3951,"geometry":{"type":"Point","coordinates":[-104.92328,57.65044]},"properties":{"cps":0,"y":"1984","lith":"SANDSTONE"}},{"type":"Feature","id":3952,"geometry":{"type":"Point","coordinates":[-104.92032,57.6382]},"properties":{"cps":0,"y":"1984","lith":"SANDSTONE"}},{"type":"Feature","id":3953,"geometry":{"type":"Point","coordinates":[-105.02812,57.69027]},"properties":{"cps":0,"y":"1984","lith":"SANDSTONE"}},{"type":"Feature","id":3954,"geometry":{"type":"Point","coordinates":[-105.12074,58.91247]},"properties":{"cps":40,"y":"2008","lith":" "}},{"type":"Feature","id":3955,"geometry":{"type":"Point","coordinates":[-104.86144,57.68579]},"properties":{"cps":0,"y":"1984","lith":"SANDSTONE"}},{"type":"Feature","id":3956,"geometry":{"type":"Point","coordinates":[-105.02467,57.69341]},"properties":{"cps":0,"y":"1984","lith":"SANDSTONE"}},{"type":"Feature","id":3957,"geometry":{"type":"Point","coordinates":[-109.58404,58.36369]},"properties":{"cps":400,"y":"1982","lith":"Pegmatoid"}},{"type":"Feature","id":3958,"geometry":{"type":"Point","coordinates":[-105.02622,57.6921]},"properties":{"cps":0,"y":"1984","lith":"SANDSTONE"}},{"type":"Feature","id":3959,"geometry":{"type":"Point","coordinates":[-104.86239,57.68402]},"properties":{"cps":0,"y":"1984","lith":"BRECCIA"}},{"type":"Feature","id":3960,"geometry":{"type":"Point","coordinates":[-105.02684,57.69085]},"properties":{"cps":0,"y":"1984","lith":"SANDSTONE"}},{"type":"Feature","id":3961,"geometry":{"type":"Point","coordinates":[-104.87597,57.68005]},"properties":{"cps":0,"y":"1984","lith":"BRECCIA"}},{"type":"Feature","id":3962,"geometry":{"type":"Point","coordinates":[-104.86085,57.68557]},"properties":{"cps":0,"y":"1984","lith":"SANDSTONE"}},{"type":"Feature","id":3963,"geometry":{"type":"Point","coordinates":[-105.1918,57.66909]},"properties":{"cps":0,"y":"1982","lith":" "}},{"type":"Feature","id":3964,"geometry":{"type":"Point","coordinates":[-106.03682,57.02397]},"properties":{"cps":6000,"y":"1985","lith":" "}},{"type":"Feature","id":3965,"geometry":{"type":"Point","coordinates":[-104.88912,57.65326]},"properties":{"cps":0,"y":"1984","lith":"BRECCIA"}},{"type":"Feature","id":3966,"geometry":{"type":"Point","coordinates":[-104.89721,57.66391]},"properties":{"cps":0,"y":"1984","lith":"SANDSTONE"}},{"type":"Feature","id":3967,"geometry":{"type":"Point","coordinates":[-105.39542,57.43715]},"properties":{"cps":0,"y":"1979","lith":" "}},{"type":"Feature","id":3968,"geometry":{"type":"Point","coordinates":[-105.22953,57.27885]},"properties":{"cps":550,"y":"1981","lith":"CONGLOMERATE"}},{"type":"Feature","id":3969,"geometry":{"type":"Point","coordinates":[-103.24998,57.63775]},"properties":{"cps":270,"y":"1979","lith":"Granite Gneiss"}},{"type":"Feature","id":3970,"geometry":{"type":"Point","coordinates":[-105.15176,57.70209]},"properties":{"cps":0,"y":"1982","lith":" "}},{"type":"Feature","id":3971,"geometry":{"type":"Point","coordinates":[-104.90427,57.65903]},"properties":{"cps":0,"y":"1984","lith":"SANDSTONE"}},{"type":"Feature","id":3972,"geometry":{"type":"Point","coordinates":[-104.86141,57.68343]},"properties":{"cps":0,"y":"1984","lith":"SANDSTONE"}},{"type":"Feature","id":3973,"geometry":{"type":"Point","coordinates":[-104.60799,57.03463]},"properties":{"cps":1500,"y":"1980","lith":"FLASERED GRANITIC GNEISS"}},{"type":"Feature","id":3974,"geometry":{"type":"Point","coordinates":[-104.85852,57.68639]},"properties":{"cps":0,"y":"1984","lith":"SANDSTONE"}},{"type":"Feature","id":3975,"geometry":{"type":"Point","coordinates":[-104.8471,57.69]},"properties":{"cps":0,"y":"1984","lith":"SANDSTONE"}},{"type":"Feature","id":3976,"geometry":{"type":"Point","coordinates":[-105.22921,57.65576]},"properties":{"cps":1500,"y":"1982","lith":"SANDSTONE"}},{"type":"Feature","id":3977,"geometry":{"type":"Point","coordinates":[-104.86083,57.67936]},"properties":{"cps":0,"y":"1984","lith":"SANDSTONE"}},{"type":"Feature","id":3978,"geometry":{"type":"Point","coordinates":[-104.91149,57.64991]},"properties":{"cps":0,"y":"1984","lith":"BRECCIA"}},{"type":"Feature","id":3979,"geometry":{"type":"Point","coordinates":[-105.02677,57.69163]},"properties":{"cps":0,"y":"1984","lith":"SANDSTONE"}},{"type":"Feature","id":3980,"geometry":{"type":"Point","coordinates":[-105.84612,57.08577]},"properties":{"cps":500,"y":"1977","lith":" "}},{"type":"Feature","id":3981,"geometry":{"type":"Point","coordinates":[-105.0224,57.69501]},"properties":{"cps":0,"y":"1984","lith":"SANDSTONE"}},{"type":"Feature","id":3982,"geometry":{"type":"Point","coordinates":[-104.90962,57.64449]},"properties":{"cps":0,"y":"1984","lith":"SANDSTONE"}},{"type":"Feature","id":3983,"geometry":{"type":"Point","coordinates":[-105.02697,57.69131]},"properties":{"cps":0,"y":"1984","lith":"SANDSTONE"}},{"type":"Feature","id":3984,"geometry":{"type":"Point","coordinates":[-105.05143,58.92142]},"properties":{"cps":68,"y":"2008","lith":" "}},{"type":"Feature","id":3985,"geometry":{"type":"Point","coordinates":[-105.39528,57.43573]},"properties":{"cps":0,"y":"1979","lith":" "}},{"type":"Feature","id":3986,"geometry":{"type":"Point","coordinates":[-105.21414,57.6592]},"properties":{"cps":0,"y":"1982","lith":" "}},{"type":"Feature","id":3987,"geometry":{"type":"Point","coordinates":[-105.11353,58.88007]},"properties":{"cps":40,"y":"2008","lith":" "}},{"type":"Feature","id":3988,"geometry":{"type":"Point","coordinates":[-103.26835,57.63907]},"properties":{"cps":2200,"y":"1979","lith":"Granite"}},{"type":"Feature","id":3989,"geometry":{"type":"Point","coordinates":[-105.22767,57.65623]},"properties":{"cps":1200,"y":"1982","lith":"SANDSTONE"}},{"type":"Feature","id":3990,"geometry":{"type":"Point","coordinates":[-105.13831,57.70103]},"properties":{"cps":1500,"y":"1982","lith":"SANDSTONE"}},{"type":"Feature","id":3991,"geometry":{"type":"Point","coordinates":[-105.3407,57.47158]},"properties":{"cps":0,"y":"1979","lith":" "}},{"type":"Feature","id":3992,"geometry":{"type":"Point","coordinates":[-104.85951,57.68597]},"properties":{"cps":0,"y":"1984","lith":"SANDSTONE"}},{"type":"Feature","id":3993,"geometry":{"type":"Point","coordinates":[-104.8612,57.68562]},"properties":{"cps":0,"y":"1984","lith":"SANDSTONE"}},{"type":"Feature","id":3994,"geometry":{"type":"Point","coordinates":[-104.85761,57.68763]},"properties":{"cps":0,"y":"1984","lith":"SANDSTONE"}},{"type":"Feature","id":3995,"geometry":{"type":"Point","coordinates":[-103.23762,57.64284]},"properties":{"cps":1300,"y":"1979","lith":"Pink Granite"}},{"type":"Feature","id":3996,"geometry":{"type":"Point","coordinates":[-107.53897,59.34793]},"properties":{"cps":3000,"y":"2005","lith":"SANDSTONE"}},{"type":"Feature","id":3997,"geometry":{"type":"Point","coordinates":[-104.8618,57.68317]},"properties":{"cps":0,"y":"1984","lith":"SANDSTONE"}},{"type":"Feature","id":3998,"geometry":{"type":"Point","coordinates":[-105.20539,57.66528]},"properties":{"cps":0,"y":"1982","lith":" "}},{"type":"Feature","id":3999,"geometry":{"type":"Point","coordinates":[-105.12649,58.91601]},"properties":{"cps":40,"y":"2008","lith":" "}},{"type":"Feature","id":4000,"geometry":{"type":"Point","coordinates":[-105.15392,57.70031]},"properties":{"cps":0,"y":"1982","lith":" "}},{"type":"Feature","id":4001,"geometry":{"type":"Point","coordinates":[-104.78242,57.41812]},"properties":{"cps":350,"y":"1979","lith":"CONGLOMERATE"}},{"type":"Feature","id":4002,"geometry":{"type":"Point","coordinates":[-104.77371,57.41969]},"properties":{"cps":250,"y":"1979","lith":"SANDSTONE"}},{"type":"Feature","id":4003,"geometry":{"type":"Point","coordinates":[-105.249,57.65415]},"properties":{"cps":0,"y":"1982","lith":" "}},{"type":"Feature","id":4004,"geometry":{"type":"Point","coordinates":[-105.20926,57.66144]},"properties":{"cps":396,"y":"1982","lith":"SANDSTONE"}},{"type":"Feature","id":4005,"geometry":{"type":"Point","coordinates":[-104.04447,58.34054]},"properties":{"cps":144,"y":"2009","lith":"Granite"}},{"type":"Feature","id":4006,"geometry":{"type":"Point","coordinates":[-104.76884,58.98769]},"properties":{"cps":68,"y":"2008","lith":" "}},{"type":"Feature","id":4007,"geometry":{"type":"Point","coordinates":[-105.5981,57.33779]},"properties":{"cps":113,"y":"1977","lith":"PORPHYRITIC GRANITE"}},{"type":"Feature","id":4008,"geometry":{"type":"Point","coordinates":[-104.8889,58.89992]},"properties":{"cps":40,"y":"2008","lith":" "}},{"type":"Feature","id":4009,"geometry":{"type":"Point","coordinates":[-104.13879,57.82428]},"properties":{"cps":500,"y":"1980","lith":"CONGLOMERATE"}},{"type":"Feature","id":4010,"geometry":{"type":"Point","coordinates":[-106.14935,57.02353]},"properties":{"cps":0,"y":"2011","lith":" "}},{"type":"Feature","id":4011,"geometry":{"type":"Point","coordinates":[-104.83632,58.89719]},"properties":{"cps":40,"y":"2008","lith":" "}},{"type":"Feature","id":4012,"geometry":{"type":"Point","coordinates":[-104.92688,58.93006]},"properties":{"cps":40,"y":"2008","lith":" "}},{"type":"Feature","id":4013,"geometry":{"type":"Point","coordinates":[-104.92504,58.92841]},"properties":{"cps":40,"y":"2008","lith":" "}},{"type":"Feature","id":4014,"geometry":{"type":"Point","coordinates":[-105.19916,57.28848]},"properties":{"cps":400,"y":"1981","lith":"CONGLOMERATE"}},{"type":"Feature","id":4015,"geometry":{"type":"Point","coordinates":[-104.10446,57.82345]},"properties":{"cps":650,"y":"1980","lith":"CONGLOMERATE"}},{"type":"Feature","id":4016,"geometry":{"type":"Point","coordinates":[-109.80386,58.09058]},"properties":{"cps":0,"y":"2011","lith":" "}},{"type":"Feature","id":4017,"geometry":{"type":"Point","coordinates":[-105.24117,57.65296]},"properties":{"cps":0,"y":"1982","lith":" "}},{"type":"Feature","id":4018,"geometry":{"type":"Point","coordinates":[-109.58199,58.47669]},"properties":{"cps":450,"y":"1982","lith":"Pegmatoid"}},{"type":"Feature","id":4019,"geometry":{"type":"Point","coordinates":[-109.42285,57.61941]},"properties":{"cps":9283,"y":"2012","lith":"Basement Rock"}},{"type":"Feature","id":4020,"geometry":{"type":"Point","coordinates":[-107.54795,59.34503]},"properties":{"cps":3000,"y":"2005","lith":"SANDSTONE"}},{"type":"Feature","id":4021,"geometry":{"type":"Point","coordinates":[-107.54665,59.34488]},"properties":{"cps":750,"y":"2005","lith":"SANDSTONE"}},{"type":"Feature","id":4022,"geometry":{"type":"Point","coordinates":[-104.76351,58.98538]},"properties":{"cps":40,"y":"2008","lith":" "}},{"type":"Feature","id":4023,"geometry":{"type":"Point","coordinates":[-104.68765,58.98483]},"properties":{"cps":68,"y":"2008","lith":" "}},{"type":"Feature","id":4024,"geometry":{"type":"Point","coordinates":[-104.69902,58.99168]},"properties":{"cps":268,"y":"2008","lith":" "}},{"type":"Feature","id":4025,"geometry":{"type":"Point","coordinates":[-103.50535,57.6125]},"properties":{"cps":130,"y":"1979","lith":"Granitic Gneiss"}},{"type":"Feature","id":4026,"geometry":{"type":"Point","coordinates":[-107.54662,59.34478]},"properties":{"cps":750,"y":"2005","lith":"SANDSTONE"}},{"type":"Feature","id":4027,"geometry":{"type":"Point","coordinates":[-107.54727,59.34488]},"properties":{"cps":750,"y":"2005","lith":"SANDSTONE"}},{"type":"Feature","id":4028,"geometry":{"type":"Point","coordinates":[-103.5135,57.6039]},"properties":{"cps":274,"y":"1979","lith":"Pegmatitic Granite"}},{"type":"Feature","id":4029,"geometry":{"type":"Point","coordinates":[-105.19981,57.66405]},"properties":{"cps":0,"y":"1982","lith":" "}},{"type":"Feature","id":4030,"geometry":{"type":"Point","coordinates":[-104.76127,58.98396]},"properties":{"cps":68,"y":"2008","lith":" "}},{"type":"Feature","id":4031,"geometry":{"type":"Point","coordinates":[-105.81729,57.98804]},"properties":{"cps":800,"y":"1980","lith":"Granite"}},{"type":"Feature","id":4032,"geometry":{"type":"Point","coordinates":[-109.42553,57.61891]},"properties":{"cps":1550,"y":"2012","lith":"Massive Pitchblende"}},{"type":"Feature","id":4033,"geometry":{"type":"Point","coordinates":[-104.73478,58.9936]},"properties":{"cps":40,"y":"2008","lith":" "}},{"type":"Feature","id":4034,"geometry":{"type":"Point","coordinates":[-105.22626,57.28325]},"properties":{"cps":400,"y":"1981","lith":"CONGLOMERATE"}},{"type":"Feature","id":4035,"geometry":{"type":"Point","coordinates":[-109.59524,58.50575]},"properties":{"cps":375,"y":"1981","lith":"Granite"}},{"type":"Feature","id":4036,"geometry":{"type":"Point","coordinates":[-105.15784,57.69479]},"properties":{"cps":0,"y":"1982","lith":" "}},{"type":"Feature","id":4037,"geometry":{"type":"Point","coordinates":[-103.47791,57.61539]},"properties":{"cps":0,"y":"1979","lith":"Meta Arkose"}},{"type":"Feature","id":4038,"geometry":{"type":"Point","coordinates":[-103.47938,57.6177]},"properties":{"cps":0,"y":"1979","lith":"Hornblende Biotite Gneiss"}},{"type":"Feature","id":4039,"geometry":{"type":"Point","coordinates":[-104.26232,59.12228]},"properties":{"cps":300,"y":"1998","lith":" "}},{"type":"Feature","id":4040,"geometry":{"type":"Point","coordinates":[-104.01753,57.54222]},"properties":{"cps":500,"y":"2012","lith":" "}},{"type":"Feature","id":4041,"geometry":{"type":"Point","coordinates":[-104.05236,58.34362]},"properties":{"cps":261,"y":"2009","lith":"Sandstone"}},{"type":"Feature","id":4042,"geometry":{"type":"Point","coordinates":[-104.87645,58.92281]},"properties":{"cps":40,"y":"2008","lith":" "}},{"type":"Feature","id":4043,"geometry":{"type":"Point","coordinates":[-103.94642,57.53776]},"properties":{"cps":400,"y":"2012","lith":" "}},{"type":"Feature","id":4044,"geometry":{"type":"Point","coordinates":[-105.22618,57.65578]},"properties":{"cps":0,"y":"1982","lith":" "}},{"type":"Feature","id":4045,"geometry":{"type":"Point","coordinates":[-107.54677,59.3446]},"properties":{"cps":3000,"y":"2005","lith":"SANDSTONE"}},{"type":"Feature","id":4046,"geometry":{"type":"Point","coordinates":[-103.47945,57.61365]},"properties":{"cps":150,"y":"1979","lith":"Albite Biotite Gneiss"}},{"type":"Feature","id":4047,"geometry":{"type":"Point","coordinates":[-105.24762,57.65123]},"properties":{"cps":0,"y":"1982","lith":" "}},{"type":"Feature","id":4048,"geometry":{"type":"Point","coordinates":[-105.30561,57.64512]},"properties":{"cps":150,"y":"1980","lith":"SANDSTONE"}},{"type":"Feature","id":4049,"geometry":{"type":"Point","coordinates":[-105.32537,57.63907]},"properties":{"cps":110,"y":"1980","lith":"SANDSTONE"}},{"type":"Feature","id":4050,"geometry":{"type":"Point","coordinates":[-104.74682,57.42682]},"properties":{"cps":450,"y":"1979","lith":"CONGLOMERATE"}},{"type":"Feature","id":4051,"geometry":{"type":"Point","coordinates":[-103.38114,57.52837]},"properties":{"cps":3600,"y":"1980","lith":"Granite"}},{"type":"Feature","id":4052,"geometry":{"type":"Point","coordinates":[-104.77559,57.41956]},"properties":{"cps":200,"y":"1979","lith":"PEGMATITE"}},{"type":"Feature","id":4053,"geometry":{"type":"Point","coordinates":[-103.90664,58.00258]},"properties":{"cps":1320,"y":"1983","lith":"Granite"}},{"type":"Feature","id":4054,"geometry":{"type":"Point","coordinates":[-105.03266,57.37946]},"properties":{"cps":1200,"y":"1982","lith":"BASEMENT"}},{"type":"Feature","id":4055,"geometry":{"type":"Point","coordinates":[-105.64795,57.15437]},"properties":{"cps":0,"y":"1994","lith":"SANDSTONE"}},{"type":"Feature","id":4056,"geometry":{"type":"Point","coordinates":[-109.58099,58.47966]},"properties":{"cps":400,"y":"1982","lith":"Pegmatoid"}},{"type":"Feature","id":4057,"geometry":{"type":"Point","coordinates":[-105.80213,57.16212]},"properties":{"cps":0,"y":"1994","lith":"SANDSTONE"}},{"type":"Feature","id":4058,"geometry":{"type":"Point","coordinates":[-104.78455,58.99618]},"properties":{"cps":68,"y":"2008","lith":" "}},{"type":"Feature","id":4059,"geometry":{"type":"Point","coordinates":[-109.57128,58.48742]},"properties":{"cps":5000,"y":"1982","lith":"Basement"}},{"type":"Feature","id":4060,"geometry":{"type":"Point","coordinates":[-104.05104,58.34081]},"properties":{"cps":185,"y":"2009","lith":"Sandstone"}},{"type":"Feature","id":4061,"geometry":{"type":"Point","coordinates":[-104.75293,57.42548]},"properties":{"cps":250,"y":"1979","lith":"CONGLOMERATE"}},{"type":"Feature","id":4062,"geometry":{"type":"Point","coordinates":[-109.60007,58.50404]},"properties":{"cps":500,"y":"1981","lith":"Granite"}},{"type":"Feature","id":4063,"geometry":{"type":"Point","coordinates":[-104.04893,58.34518]},"properties":{"cps":152,"y":"2009","lith":"Sandstone"}},{"type":"Feature","id":4064,"geometry":{"type":"Point","coordinates":[-107.54733,59.34496]},"properties":{"cps":3000,"y":"2005","lith":"SANDSTONE"}},{"type":"Feature","id":4065,"geometry":{"type":"Point","coordinates":[-104.0476,58.34117]},"properties":{"cps":651,"y":"2009","lith":"Conglomeratic Sandstone"}},{"type":"Feature","id":4066,"geometry":{"type":"Point","coordinates":[-103.96854,57.87551]},"properties":{"cps":225,"y":"1975","lith":"PEGMATITE"}},{"type":"Feature","id":4067,"geometry":{"type":"Point","coordinates":[-105.14198,57.74159]},"properties":{"cps":165,"y":"1983","lith":"SANDSTONE"}},{"type":"Feature","id":4068,"geometry":{"type":"Point","coordinates":[-104.91466,58.91991]},"properties":{"cps":40,"y":"2008","lith":" "}},{"type":"Feature","id":4069,"geometry":{"type":"Point","coordinates":[-106.36736,57.79625]},"properties":{"cps":100,"y":"1980","lith":"Granite"}},{"type":"Feature","id":4070,"geometry":{"type":"Point","coordinates":[-109.57665,58.48004]},"properties":{"cps":500,"y":"1982","lith":"Granite"}},{"type":"Feature","id":4071,"geometry":{"type":"Point","coordinates":[-104.85204,58.90665]},"properties":{"cps":40,"y":"2008","lith":" "}},{"type":"Feature","id":4072,"geometry":{"type":"Point","coordinates":[-104.85113,58.90603]},"properties":{"cps":40,"y":"2008","lith":" "}},{"type":"Feature","id":4073,"geometry":{"type":"Point","coordinates":[-104.77537,57.41734]},"properties":{"cps":300,"y":"1979","lith":"PEGMATITE"}},{"type":"Feature","id":4074,"geometry":{"type":"Point","coordinates":[-104.78199,57.41741]},"properties":{"cps":240,"y":"1979","lith":"PEGMATITE"}},{"type":"Feature","id":4075,"geometry":{"type":"Point","coordinates":[-103.51336,57.61079]},"properties":{"cps":160,"y":"1979","lith":"Quartzite"}},{"type":"Feature","id":4076,"geometry":{"type":"Point","coordinates":[-109.58049,58.48035]},"properties":{"cps":400,"y":"1982","lith":"Pegmatoid"}},{"type":"Feature","id":4077,"geometry":{"type":"Point","coordinates":[-107.53974,59.34625]},"properties":{"cps":3000,"y":"2005","lith":"SANDSTONE"}},{"type":"Feature","id":4078,"geometry":{"type":"Point","coordinates":[-104.7602,57.42003]},"properties":{"cps":200,"y":"1979","lith":"CONGLOMERATE"}},{"type":"Feature","id":4079,"geometry":{"type":"Point","coordinates":[-104.02778,58.34719]},"properties":{"cps":164,"y":"2009","lith":"Sandstone"}},{"type":"Feature","id":4080,"geometry":{"type":"Point","coordinates":[-105.16434,57.68343]},"properties":{"cps":0,"y":"1982","lith":" "}},{"type":"Feature","id":4081,"geometry":{"type":"Point","coordinates":[-105.02807,57.38083]},"properties":{"cps":1270,"y":"1982","lith":"BASEMENT"}},{"type":"Feature","id":4082,"geometry":{"type":"Point","coordinates":[-103.48131,57.62298]},"properties":{"cps":160,"y":"1979","lith":"Biotite Granite"}},{"type":"Feature","id":4083,"geometry":{"type":"Point","coordinates":[-104.05168,58.34183]},"properties":{"cps":256,"y":"2009","lith":"Sandstone"}},{"type":"Feature","id":4084,"geometry":{"type":"Point","coordinates":[-109.42565,57.61875]},"properties":{"cps":0,"y":"2012","lith":"Massive Pitchblende"}},{"type":"Feature","id":4085,"geometry":{"type":"Point","coordinates":[-103.46754,57.62104]},"properties":{"cps":0,"y":"1979","lith":"Hornblende-Biotite Granite"}},{"type":"Feature","id":4086,"geometry":{"type":"Point","coordinates":[-105.72641,57.16746]},"properties":{"cps":0,"y":"1994","lith":"SANDSTONE"}},{"type":"Feature","id":4087,"geometry":{"type":"Point","coordinates":[-106.53136,57.2774]},"properties":{"cps":400,"y":"2007","lith":"GNEISS"}},{"type":"Feature","id":4088,"geometry":{"type":"Point","coordinates":[-104.03878,58.34494]},"properties":{"cps":167,"y":"2009","lith":"Sandstone"}},{"type":"Feature","id":4089,"geometry":{"type":"Point","coordinates":[-106.13303,57.93051]},"properties":{"cps":350,"y":"1980","lith":"Granite"}},{"type":"Feature","id":4090,"geometry":{"type":"Point","coordinates":[-103.47542,57.61499]},"properties":{"cps":511,"y":"1979","lith":"Biotite Granite"}},{"type":"Feature","id":4091,"geometry":{"type":"Point","coordinates":[-104.77735,57.41795]},"properties":{"cps":250,"y":"1979","lith":"CONGLOMERATE"}},{"type":"Feature","id":4092,"geometry":{"type":"Point","coordinates":[-105.45582,57.30004]},"properties":{"cps":210,"y":"1979","lith":"GRANITE"}},{"type":"Feature","id":4093,"geometry":{"type":"Point","coordinates":[-103.4771,57.61853]},"properties":{"cps":110,"y":"1979","lith":"Biotite Chlorite Gneiss"}},{"type":"Feature","id":4094,"geometry":{"type":"Point","coordinates":[-104.68871,58.98557]},"properties":{"cps":68,"y":"2008","lith":" "}},{"type":"Feature","id":4095,"geometry":{"type":"Point","coordinates":[-105.14653,57.70431]},"properties":{"cps":0,"y":"1982","lith":" "}},{"type":"Feature","id":4096,"geometry":{"type":"Point","coordinates":[-105.59192,57.34339]},"properties":{"cps":275,"y":"1977","lith":"C.G. GRANITE AND PEGMATITE"}},{"type":"Feature","id":4097,"geometry":{"type":"Point","coordinates":[-104.77298,57.421]},"properties":{"cps":200,"y":"1979","lith":"PEGMATITE"}},{"type":"Feature","id":4098,"geometry":{"type":"Point","coordinates":[-109.5773,58.47545]},"properties":{"cps":400,"y":"1982","lith":"Pegmatoid"}},{"type":"Feature","id":4099,"geometry":{"type":"Point","coordinates":[-103.90023,58.00058]},"properties":{"cps":12000,"y":"1983","lith":"Granite"}},{"type":"Feature","id":4100,"geometry":{"type":"Point","coordinates":[-103.50007,57.61275]},"properties":{"cps":130,"y":"1979","lith":"Amphibolite"}},{"type":"Feature","id":4101,"geometry":{"type":"Point","coordinates":[-105.4942,57.39296]},"properties":{"cps":270,"y":"1982","lith":"CONGLOMERATE"}},{"type":"Feature","id":4102,"geometry":{"type":"Point","coordinates":[-105.00702,57.35577]},"properties":{"cps":2800,"y":"1982","lith":"BASEMENT"}},{"type":"Feature","id":4103,"geometry":{"type":"Point","coordinates":[-103.90424,57.99954]},"properties":{"cps":200,"y":"1983","lith":"Granite"}},{"type":"Feature","id":4104,"geometry":{"type":"Point","coordinates":[-104.92582,58.92932]},"properties":{"cps":40,"y":"2008","lith":" "}},{"type":"Feature","id":4105,"geometry":{"type":"Point","coordinates":[-105.44812,57.30859]},"properties":{"cps":150,"y":"1979","lith":"GRANITE"}},{"type":"Feature","id":4106,"geometry":{"type":"Point","coordinates":[-105.45119,57.28887]},"properties":{"cps":140,"y":"1979","lith":"SANDSTONE"}},{"type":"Feature","id":4107,"geometry":{"type":"Point","coordinates":[-104.97081,57.36444]},"properties":{"cps":1180,"y":"1982","lith":"BASEMENT"}},{"type":"Feature","id":4108,"geometry":{"type":"Point","coordinates":[-104.03982,58.34254]},"properties":{"cps":302,"y":"2009","lith":"Conglomeritic Sandstone"}},{"type":"Feature","id":4109,"geometry":{"type":"Point","coordinates":[-104.90041,58.90688]},"properties":{"cps":168,"y":"2008","lith":" "}},{"type":"Feature","id":4110,"geometry":{"type":"Point","coordinates":[-105.18699,57.66698]},"properties":{"cps":0,"y":"1982","lith":" "}},{"type":"Feature","id":4111,"geometry":{"type":"Point","coordinates":[-105.14715,57.70377]},"properties":{"cps":200,"y":"1982","lith":"SANDSTONE"}},{"type":"Feature","id":4112,"geometry":{"type":"Point","coordinates":[-104.90344,58.90897]},"properties":{"cps":85,"y":"2008","lith":" "}},{"type":"Feature","id":4113,"geometry":{"type":"Point","coordinates":[-105.03119,57.38099]},"properties":{"cps":2700,"y":"1982","lith":"BASEMENT"}},{"type":"Feature","id":4114,"geometry":{"type":"Point","coordinates":[-107.54474,59.34567]},"properties":{"cps":750,"y":"2005","lith":"SANDSTONE"}},{"type":"Feature","id":4115,"geometry":{"type":"Point","coordinates":[-105.28031,57.66189]},"properties":{"cps":0,"y":"1982","lith":"QUARTZ SANDSTONE"}},{"type":"Feature","id":4116,"geometry":{"type":"Point","coordinates":[-104.90272,58.91376]},"properties":{"cps":68,"y":"2008","lith":" "}},{"type":"Feature","id":4117,"geometry":{"type":"Point","coordinates":[-104.03949,58.34258]},"properties":{"cps":337,"y":"2009","lith":"Sandstone"}},{"type":"Feature","id":4118,"geometry":{"type":"Point","coordinates":[-104.91918,58.92398]},"properties":{"cps":68,"y":"2008","lith":" "}},{"type":"Feature","id":4119,"geometry":{"type":"Point","coordinates":[-104.76081,57.42031]},"properties":{"cps":400,"y":"1979","lith":"CONGLOMERATE"}},{"type":"Feature","id":4120,"geometry":{"type":"Point","coordinates":[-105.14261,57.7114]},"properties":{"cps":250,"y":"1982","lith":"SANDSTONE"}},{"type":"Feature","id":4121,"geometry":{"type":"Point","coordinates":[-105.15753,57.69788]},"properties":{"cps":250,"y":"1982","lith":"SANDSTONE"}},{"type":"Feature","id":4122,"geometry":{"type":"Point","coordinates":[-104.70838,58.99681]},"properties":{"cps":40,"y":"2008","lith":" "}},{"type":"Feature","id":4123,"geometry":{"type":"Point","coordinates":[-104.04376,58.34257]},"properties":{"cps":132,"y":"2009","lith":"Sandstone"}},{"type":"Feature","id":4124,"geometry":{"type":"Point","coordinates":[-103.90226,58.00118]},"properties":{"cps":700,"y":"1983","lith":"Granite"}},{"type":"Feature","id":4125,"geometry":{"type":"Point","coordinates":[-104.76259,58.98466]},"properties":{"cps":40,"y":"2008","lith":" "}},{"type":"Feature","id":4126,"geometry":{"type":"Point","coordinates":[-105.4189,57.37169]},"properties":{"cps":320,"y":"1981","lith":"SANDSTONE"}},{"type":"Feature","id":4127,"geometry":{"type":"Point","coordinates":[-107.54613,59.34476]},"properties":{"cps":750,"y":"2005","lith":"SANDSTONE"}},{"type":"Feature","id":4128,"geometry":{"type":"Point","coordinates":[-104.69173,58.98772]},"properties":{"cps":68,"y":"2008","lith":" "}},{"type":"Feature","id":4129,"geometry":{"type":"Point","coordinates":[-104.75777,58.98195]},"properties":{"cps":68,"y":"2008","lith":" "}},{"type":"Feature","id":4130,"geometry":{"type":"Point","coordinates":[-106.87118,57.4112]},"properties":{"cps":510,"y":"1981","lith":"Granite"}},{"type":"Feature","id":4131,"geometry":{"type":"Point","coordinates":[-106.77149,57.42032]},"properties":{"cps":2000,"y":"1981","lith":"Meta-arkosic Sandstone"}},{"type":"Feature","id":4132,"geometry":{"type":"Point","coordinates":[-103.36376,57.53892]},"properties":{"cps":4200,"y":"1980","lith":"Granitic Gneiss"}},{"type":"Feature","id":4133,"geometry":{"type":"Point","coordinates":[-103.90655,57.9984]},"properties":{"cps":650,"y":"1983","lith":"Granite"}},{"type":"Feature","id":4134,"geometry":{"type":"Point","coordinates":[-104.83728,58.89795]},"properties":{"cps":40,"y":"2008","lith":" "}},{"type":"Feature","id":4135,"geometry":{"type":"Point","coordinates":[-105.20436,57.66471]},"properties":{"cps":0,"y":"1982","lith":" "}},{"type":"Feature","id":4136,"geometry":{"type":"Point","coordinates":[-105.16854,57.7271]},"properties":{"cps":0,"y":"1983","lith":"SANDSTONE"}},{"type":"Feature","id":4137,"geometry":{"type":"Point","coordinates":[-105.19119,57.66763]},"properties":{"cps":0,"y":"1982","lith":" "}},{"type":"Feature","id":4138,"geometry":{"type":"Point","coordinates":[-105.63578,57.15581]},"properties":{"cps":0,"y":"1994","lith":"SANDSTONE"}},{"type":"Feature","id":4139,"geometry":{"type":"Point","coordinates":[-103.90007,57.99875]},"properties":{"cps":1500,"y":"1983","lith":"Feldspathic Paragneiss"}},{"type":"Feature","id":4140,"geometry":{"type":"Point","coordinates":[-103.50046,57.60992]},"properties":{"cps":250,"y":"1979","lith":"Biotite Schist"}},{"type":"Feature","id":4141,"geometry":{"type":"Point","coordinates":[-104.77065,57.42011]},"properties":{"cps":200,"y":"1979","lith":"SANDSTONE"}},{"type":"Feature","id":4142,"geometry":{"type":"Point","coordinates":[-105.02915,57.3794]},"properties":{"cps":3700,"y":"1982","lith":"BASEMENT"}},{"type":"Feature","id":4143,"geometry":{"type":"Point","coordinates":[-104.93995,58.89662]},"properties":{"cps":40,"y":"2008","lith":" "}},{"type":"Feature","id":4144,"geometry":{"type":"Point","coordinates":[-103.79675,57.73562]},"properties":{"cps":750,"y":"2012","lith":" "}},{"type":"Feature","id":4145,"geometry":{"type":"Point","coordinates":[-109.42555,57.61888]},"properties":{"cps":3630,"y":"2012","lith":"Massive Pitchblende"}},{"type":"Feature","id":4146,"geometry":{"type":"Point","coordinates":[-104.8873,58.93786]},"properties":{"cps":68,"y":"2008","lith":" "}},{"type":"Feature","id":4147,"geometry":{"type":"Point","coordinates":[-109.58275,58.503]},"properties":{"cps":340,"y":"1982","lith":"Granite"}},{"type":"Feature","id":4148,"geometry":{"type":"Point","coordinates":[-103.90164,58.00148]},"properties":{"cps":150,"y":"1983","lith":"Granite"}},{"type":"Feature","id":4149,"geometry":{"type":"Point","coordinates":[-109.58036,58.50305]},"properties":{"cps":750,"y":"1982","lith":"Granite"}},{"type":"Feature","id":4150,"geometry":{"type":"Point","coordinates":[-105.03133,57.37947]},"properties":{"cps":1200,"y":"1982","lith":"BASEMENT"}},{"type":"Feature","id":4151,"geometry":{"type":"Point","coordinates":[-109.4235,57.61924]},"properties":{"cps":0,"y":"2012","lith":"Massive Pitchblende"}},{"type":"Feature","id":4152,"geometry":{"type":"Point","coordinates":[-104.83834,58.89864]},"properties":{"cps":40,"y":"2008","lith":" "}},{"type":"Feature","id":4153,"geometry":{"type":"Point","coordinates":[-104.75338,57.42539]},"properties":{"cps":600,"y":"1979","lith":"CONGLOMERATE"}},{"type":"Feature","id":4154,"geometry":{"type":"Point","coordinates":[-103.38114,57.53984]},"properties":{"cps":1600,"y":"1980","lith":"Pink Granite"}},{"type":"Feature","id":4155,"geometry":{"type":"Point","coordinates":[-104.89945,58.94478]},"properties":{"cps":40,"y":"2008","lith":" "}},{"type":"Feature","id":4156,"geometry":{"type":"Point","coordinates":[-104.04351,58.34316]},"properties":{"cps":142,"y":"2009","lith":"Sandstone"}},{"type":"Feature","id":4157,"geometry":{"type":"Point","coordinates":[-104.95891,57.33637]},"properties":{"cps":400,"y":"1981","lith":"CONGLOMERATE"}},{"type":"Feature","id":4158,"geometry":{"type":"Point","coordinates":[-105.63238,57.1677]},"properties":{"cps":0,"y":"1994","lith":"SANDSTONE"}},{"type":"Feature","id":4159,"geometry":{"type":"Point","coordinates":[-105.03123,57.37984]},"properties":{"cps":1200,"y":"1982","lith":"BASEMENT"}},{"type":"Feature","id":4160,"geometry":{"type":"Point","coordinates":[-104.08901,58.29722]},"properties":{"cps":25000,"y":"1969","lith":"Sandstone"}},{"type":"Feature","id":4161,"geometry":{"type":"Point","coordinates":[-105.15809,57.69652]},"properties":{"cps":0,"y":"1982","lith":" "}},{"type":"Feature","id":4162,"geometry":{"type":"Point","coordinates":[-104.02909,58.34825]},"properties":{"cps":554,"y":"2009","lith":"Conglomeritic Sandstone"}},{"type":"Feature","id":4163,"geometry":{"type":"Point","coordinates":[-104.93582,57.36603]},"properties":{"cps":1125,"y":"1982","lith":"CONGLOMERATE"}},{"type":"Feature","id":4164,"geometry":{"type":"Point","coordinates":[-105.18633,57.66786]},"properties":{"cps":0,"y":"1982","lith":" "}},{"type":"Feature","id":4165,"geometry":{"type":"Point","coordinates":[-104.89138,58.90117]},"properties":{"cps":40,"y":"2008","lith":" "}},{"type":"Feature","id":4166,"geometry":{"type":"Point","coordinates":[-104.87145,58.93473]},"properties":{"cps":68,"y":"2008","lith":" "}},{"type":"Feature","id":4167,"geometry":{"type":"Point","coordinates":[-104.00702,57.54561]},"properties":{"cps":250,"y":"2012","lith":" "}},{"type":"Feature","id":4168,"geometry":{"type":"Point","coordinates":[-104.89351,58.94141]},"properties":{"cps":40,"y":"2008","lith":" "}},{"type":"Feature","id":4169,"geometry":{"type":"Point","coordinates":[-109.5944,58.49363]},"properties":{"cps":750,"y":"1982","lith":"Granite"}},{"type":"Feature","id":4170,"geometry":{"type":"Point","coordinates":[-104.07441,58.31409]},"properties":{"cps":25000,"y":"1969","lith":"Sandstone"}},{"type":"Feature","id":4171,"geometry":{"type":"Point","coordinates":[-109.42119,57.61875]},"properties":{"cps":0,"y":"2012","lith":"Massive Pitchblende"}},{"type":"Feature","id":4172,"geometry":{"type":"Point","coordinates":[-105.0326,57.37995]},"properties":{"cps":1550,"y":"1982","lith":"BASEMENT"}},{"type":"Feature","id":4173,"geometry":{"type":"Point","coordinates":[-104.7546,57.4246]},"properties":{"cps":380,"y":"1979","lith":"CONGLOMERATE"}},{"type":"Feature","id":4174,"geometry":{"type":"Point","coordinates":[-104.95972,57.32851]},"properties":{"cps":400,"y":"1981","lith":"CONGLOMERATE"}},{"type":"Feature","id":4175,"geometry":{"type":"Point","coordinates":[-104.68654,58.98417]},"properties":{"cps":40,"y":"2008","lith":" "}},{"type":"Feature","id":4176,"geometry":{"type":"Point","coordinates":[-105.8212,57.15521]},"properties":{"cps":0,"y":"1994","lith":"SANDSTONE"}},{"type":"Feature","id":4177,"geometry":{"type":"Point","coordinates":[-107.54296,59.3466]},"properties":{"cps":7500,"y":"2005","lith":"SANDSTONE"}},{"type":"Feature","id":4178,"geometry":{"type":"Point","coordinates":[-103.48817,57.62101]},"properties":{"cps":310,"y":"1979","lith":"Biotite Granite"}},{"type":"Feature","id":4179,"geometry":{"type":"Point","coordinates":[-107.54543,59.34558]},"properties":{"cps":750,"y":"2005","lith":"SANDSTONE"}},{"type":"Feature","id":4180,"geometry":{"type":"Point","coordinates":[-104.7874,58.99841]},"properties":{"cps":68,"y":"2008","lith":" "}},{"type":"Feature","id":4181,"geometry":{"type":"Point","coordinates":[-109.58776,58.49466]},"properties":{"cps":360,"y":"1982","lith":"Quartz Feldspar Gneiss"}},{"type":"Feature","id":4182,"geometry":{"type":"Point","coordinates":[-104.90434,58.91552]},"properties":{"cps":40,"y":"2008","lith":" "}},{"type":"Feature","id":4183,"geometry":{"type":"Point","coordinates":[-104.90583,58.91709]},"properties":{"cps":40,"y":"2008","lith":" "}},{"type":"Feature","id":4184,"geometry":{"type":"Point","coordinates":[-104.85444,58.90812]},"properties":{"cps":40,"y":"2008","lith":" "}},{"type":"Feature","id":4185,"geometry":{"type":"Point","coordinates":[-105.29348,57.65036]},"properties":{"cps":100,"y":"1980","lith":"SANDSTONE"}},{"type":"Feature","id":4186,"geometry":{"type":"Point","coordinates":[-109.58572,58.50168]},"properties":{"cps":500,"y":"1982","lith":"Pegmatoid"}},{"type":"Feature","id":4187,"geometry":{"type":"Point","coordinates":[-109.58139,58.47888]},"properties":{"cps":400,"y":"1982","lith":"Granite"}},{"type":"Feature","id":4188,"geometry":{"type":"Point","coordinates":[-105.16337,57.68382]},"properties":{"cps":300,"y":"1982","lith":"SANDSTONE"}},{"type":"Feature","id":4189,"geometry":{"type":"Point","coordinates":[-109.58777,58.49518]},"properties":{"cps":320,"y":"1982","lith":"Pegmatoid"}},{"type":"Feature","id":4190,"geometry":{"type":"Point","coordinates":[-103.90058,58.00173]},"properties":{"cps":750,"y":"1983","lith":"Pegmatite"}},{"type":"Feature","id":4191,"geometry":{"type":"Point","coordinates":[-104.05022,58.34426]},"properties":{"cps":160,"y":"2009","lith":"Sandstone"}},{"type":"Feature","id":4192,"geometry":{"type":"Point","coordinates":[-104.7759,58.99166]},"properties":{"cps":168,"y":"2008","lith":" "}},{"type":"Feature","id":4193,"geometry":{"type":"Point","coordinates":[-104.68511,58.98249]},"properties":{"cps":85,"y":"2008","lith":" "}},{"type":"Feature","id":4194,"geometry":{"type":"Point","coordinates":[-109.57648,58.47999]},"properties":{"cps":380,"y":"1982","lith":"Pegmatoid"}},{"type":"Feature","id":4195,"geometry":{"type":"Point","coordinates":[-109.42413,57.61907]},"properties":{"cps":2725,"y":"2012","lith":"Weathered/altered Granite"}},{"type":"Feature","id":4196,"geometry":{"type":"Point","coordinates":[-105.44923,57.30045]},"properties":{"cps":50,"y":"1979","lith":"SANDSTONE"}},{"type":"Feature","id":4197,"geometry":{"type":"Point","coordinates":[-104.25055,59.15581]},"properties":{"cps":600,"y":"1998","lith":"Metaquartzite"}},{"type":"Feature","id":4198,"geometry":{"type":"Point","coordinates":[-103.51536,57.59828]},"properties":{"cps":250,"y":"1979","lith":"Biotite Gneiss-Schist Argillite"}},{"type":"Feature","id":4199,"geometry":{"type":"Point","coordinates":[-103.90035,57.99851]},"properties":{"cps":850,"y":"1983","lith":"Pegmatite"}},{"type":"Feature","id":4200,"geometry":{"type":"Point","coordinates":[-105.21321,57.65955]},"properties":{"cps":0,"y":"1982","lith":" "}},{"type":"Feature","id":4201,"geometry":{"type":"Point","coordinates":[-107.54525,59.34563]},"properties":{"cps":750,"y":"2005","lith":"SANDSTONE"}},{"type":"Feature","id":4202,"geometry":{"type":"Point","coordinates":[-105.59975,57.34348]},"properties":{"cps":113,"y":"1977","lith":"GRANITE"}},{"type":"Feature","id":4203,"geometry":{"type":"Point","coordinates":[-104.97117,57.372]},"properties":{"cps":1250,"y":"1982","lith":"CONGLOMERATE"}},{"type":"Feature","id":4204,"geometry":{"type":"Point","coordinates":[-104.85324,58.90746]},"properties":{"cps":40,"y":"2008","lith":" "}},{"type":"Feature","id":4205,"geometry":{"type":"Point","coordinates":[-104.78068,57.41524]},"properties":{"cps":200,"y":"1979","lith":"CONGLOMERATE"}},{"type":"Feature","id":4206,"geometry":{"type":"Point","coordinates":[-104.05264,58.34433]},"properties":{"cps":123,"y":"2009","lith":"Sandstone"}},{"type":"Feature","id":4207,"geometry":{"type":"Point","coordinates":[-103.48646,57.61838]},"properties":{"cps":0,"y":"1979","lith":"Meta Arkose"}},{"type":"Feature","id":4208,"geometry":{"type":"Point","coordinates":[-105.59528,57.20853]},"properties":{"cps":0,"y":"1994","lith":"SANDSTONE"}},{"type":"Feature","id":4209,"geometry":{"type":"Point","coordinates":[-107.815,59.24533]},"properties":{"cps":1700,"y":"2006","lith":" "}},{"type":"Feature","id":4210,"geometry":{"type":"Point","coordinates":[-109.42163,57.61829]},"properties":{"cps":0,"y":"2012","lith":"Massive Pitchblende"}},{"type":"Feature","id":4211,"geometry":{"type":"Point","coordinates":[-105.24813,57.65051]},"properties":{"cps":0,"y":"1982","lith":" "}},{"type":"Feature","id":4212,"geometry":{"type":"Point","coordinates":[-105.60908,57.34458]},"properties":{"cps":75,"y":"1977","lith":"CONGLOMERATE"}},{"type":"Feature","id":4213,"geometry":{"type":"Point","coordinates":[-105.82812,57.15103]},"properties":{"cps":0,"y":"1994","lith":"SANDSTONE"}},{"type":"Feature","id":4214,"geometry":{"type":"Point","coordinates":[-104.93352,58.93449]},"properties":{"cps":40,"y":"2008","lith":" "}},{"type":"Feature","id":4215,"geometry":{"type":"Point","coordinates":[-105.8021,57.96513]},"properties":{"cps":400,"y":"1980","lith":"Granite/Syenite"}},{"type":"Feature","id":4216,"geometry":{"type":"Point","coordinates":[-104.77332,58.99044]},"properties":{"cps":68,"y":"2008","lith":" "}},{"type":"Feature","id":4217,"geometry":{"type":"Point","coordinates":[-105.68443,57.17612]},"properties":{"cps":0,"y":"1994","lith":"SANDSTONE"}},{"type":"Feature","id":4218,"geometry":{"type":"Point","coordinates":[-105.4174,57.30856]},"properties":{"cps":120,"y":"1979","lith":"GRANITE"}},{"type":"Feature","id":4219,"geometry":{"type":"Point","coordinates":[-105.30489,57.64596]},"properties":{"cps":105,"y":"1980","lith":"SANDSTONE"}},{"type":"Feature","id":4220,"geometry":{"type":"Point","coordinates":[-104.88058,58.93467]},"properties":{"cps":68,"y":"2008","lith":" "}},{"type":"Feature","id":4221,"geometry":{"type":"Point","coordinates":[-105.58467,57.34487]},"properties":{"cps":125,"y":"1977","lith":"PEGMATITE"}},{"type":"Feature","id":4222,"geometry":{"type":"Point","coordinates":[-107.54866,59.34867]},"properties":{"cps":750,"y":"2005","lith":"SANDSTONE"}},{"type":"Feature","id":4223,"geometry":{"type":"Point","coordinates":[-104.45308,59.09921]},"properties":{"cps":250,"y":"1998","lith":"Granitic Gneiss"}},{"type":"Feature","id":4224,"geometry":{"type":"Point","coordinates":[-104.74203,58.99771]},"properties":{"cps":68,"y":"2008","lith":" "}},{"type":"Feature","id":4225,"geometry":{"type":"Point","coordinates":[-103.90663,58.00034]},"properties":{"cps":550,"y":"1983","lith":"Granite"}},{"type":"Feature","id":4226,"geometry":{"type":"Point","coordinates":[-109.60015,58.50037]},"properties":{"cps":400,"y":"1981","lith":"Granite"}},{"type":"Feature","id":4227,"geometry":{"type":"Point","coordinates":[-104.04355,58.34233]},"properties":{"cps":156,"y":"2009","lith":"Sandstone"}},{"type":"Feature","id":4228,"geometry":{"type":"Point","coordinates":[-105.19187,57.66665]},"properties":{"cps":300,"y":"1982","lith":"SANDSTONE"}},{"type":"Feature","id":4229,"geometry":{"type":"Point","coordinates":[-105.14925,57.70306]},"properties":{"cps":0,"y":"1982","lith":" "}},{"type":"Feature","id":4230,"geometry":{"type":"Point","coordinates":[-104.88496,58.89692]},"properties":{"cps":40,"y":"2008","lith":" "}},{"type":"Feature","id":4231,"geometry":{"type":"Point","coordinates":[-105.59045,57.34488]},"properties":{"cps":113,"y":"1977","lith":"GRANITE"}},{"type":"Feature","id":4232,"geometry":{"type":"Point","coordinates":[-109.42604,57.61869]},"properties":{"cps":0,"y":"2012","lith":"Massive Pitchblende"}},{"type":"Feature","id":4233,"geometry":{"type":"Point","coordinates":[-105.40178,57.44914]},"properties":{"cps":360,"y":"1982","lith":"CONGLOMERATE"}},{"type":"Feature","id":4234,"geometry":{"type":"Point","coordinates":[-103.50296,57.61139]},"properties":{"cps":900,"y":"1979","lith":"Pegmatite-Leucogranite"}},{"type":"Feature","id":4235,"geometry":{"type":"Point","coordinates":[-104.03806,58.3436]},"properties":{"cps":350,"y":"2009","lith":"Sandstone"}},{"type":"Feature","id":4236,"geometry":{"type":"Point","coordinates":[-104.99314,57.36858]},"properties":{"cps":1100,"y":"1982","lith":"CONGLOMERATE"}},{"type":"Feature","id":4237,"geometry":{"type":"Point","coordinates":[-109.57708,58.4802]},"properties":{"cps":420,"y":"1982","lith":"Granite"}},{"type":"Feature","id":4238,"geometry":{"type":"Point","coordinates":[-103.36582,57.54013]},"properties":{"cps":2600,"y":"1980","lith":"Biotite Gneiss"}},{"type":"Feature","id":4239,"geometry":{"type":"Point","coordinates":[-103.90624,57.99789]},"properties":{"cps":800,"y":"1983","lith":"Pegmatite"}},{"type":"Feature","id":4240,"geometry":{"type":"Point","coordinates":[-104.73205,58.99229]},"properties":{"cps":68,"y":"2008","lith":" "}},{"type":"Feature","id":4241,"geometry":{"type":"Point","coordinates":[-103.83037,57.75973]},"properties":{"cps":5600,"y":"2012","lith":" "}},{"type":"Feature","id":4242,"geometry":{"type":"Point","coordinates":[-103.88638,57.99619]},"properties":{"cps":90,"y":"1983","lith":"Athabasca Formation"}},{"type":"Feature","id":4243,"geometry":{"type":"Point","coordinates":[-109.57849,58.50012]},"properties":{"cps":500,"y":"1982","lith":"Pegmatoid"}},{"type":"Feature","id":4244,"geometry":{"type":"Point","coordinates":[-105.28049,57.66197]},"properties":{"cps":0,"y":"1982","lith":"QUARTZ SANDSTONE"}},{"type":"Feature","id":4245,"geometry":{"type":"Point","coordinates":[-105.58131,57.34527]},"properties":{"cps":113,"y":"1977","lith":"PEGMATITE"}},{"type":"Feature","id":4246,"geometry":{"type":"Point","coordinates":[-105.03174,57.38073]},"properties":{"cps":1300,"y":"1982","lith":"BASEMENT"}},{"type":"Feature","id":4247,"geometry":{"type":"Point","coordinates":[-109.59957,58.49482]},"properties":{"cps":600,"y":"1981","lith":"Granite"}},{"type":"Feature","id":4248,"geometry":{"type":"Point","coordinates":[-103.9072,58.00332]},"properties":{"cps":820,"y":"1983","lith":"Granite"}},{"type":"Feature","id":4249,"geometry":{"type":"Point","coordinates":[-105.23186,57.65345]},"properties":{"cps":0,"y":"1982","lith":" "}},{"type":"Feature","id":4250,"geometry":{"type":"Point","coordinates":[-109.58053,58.503]},"properties":{"cps":300,"y":"1982","lith":"Pegmatoid"}},{"type":"Feature","id":4251,"geometry":{"type":"Point","coordinates":[-103.51778,57.60966]},"properties":{"cps":1500,"y":"1979","lith":"Granite"}},{"type":"Feature","id":4252,"geometry":{"type":"Point","coordinates":[-103.48,57.6145]},"properties":{"cps":145,"y":"1979","lith":"Biotite Gneiss"}},{"type":"Feature","id":4253,"geometry":{"type":"Point","coordinates":[-104.04809,58.34082]},"properties":{"cps":193,"y":"2009","lith":"Sandstone"}},{"type":"Feature","id":4254,"geometry":{"type":"Point","coordinates":[-109.79572,58.07]},"properties":{"cps":0,"y":"2011","lith":"Sandstone"}},{"type":"Feature","id":4255,"geometry":{"type":"Point","coordinates":[-105.81003,57.15757]},"properties":{"cps":0,"y":"1994","lith":"SANDSTONE"}},{"type":"Feature","id":4256,"geometry":{"type":"Point","coordinates":[-103.50989,57.61214]},"properties":{"cps":170,"y":"1979","lith":"Metasediment"}},{"type":"Feature","id":4257,"geometry":{"type":"Point","coordinates":[-109.5845,58.48274]},"properties":{"cps":2300,"y":"1982","lith":"Pegmatoid"}},{"type":"Feature","id":4258,"geometry":{"type":"Point","coordinates":[-105.04859,57.38943]},"properties":{"cps":2010,"y":"1982","lith":"PEGMATITE"}},{"type":"Feature","id":4259,"geometry":{"type":"Point","coordinates":[-104.97001,57.3717]},"properties":{"cps":1100,"y":"1982","lith":"CONGLOMERATE"}},{"type":"Feature","id":4260,"geometry":{"type":"Point","coordinates":[-105.03839,57.37772]},"properties":{"cps":3500,"y":"1982","lith":"BASEMENT"}},{"type":"Feature","id":4261,"geometry":{"type":"Point","coordinates":[-109.60101,58.50487]},"properties":{"cps":125,"y":"1981","lith":"Conglomeratic Sandstone"}},{"type":"Feature","id":4262,"geometry":{"type":"Point","coordinates":[-105.59602,57.34116]},"properties":{"cps":125,"y":"1977","lith":"AUGEN GNEISS"}},{"type":"Feature","id":4263,"geometry":{"type":"Point","coordinates":[-103.90487,58.00292]},"properties":{"cps":850,"y":"1983","lith":"Gneiss"}},{"type":"Feature","id":4264,"geometry":{"type":"Point","coordinates":[-104.84774,58.90405]},"properties":{"cps":168,"y":"2008","lith":" "}},{"type":"Feature","id":4265,"geometry":{"type":"Point","coordinates":[-104.89801,58.90531]},"properties":{"cps":40,"y":"2008","lith":" "}},{"type":"Feature","id":4266,"geometry":{"type":"Point","coordinates":[-105.22154,57.28429]},"properties":{"cps":400,"y":"1981","lith":"CONGLOMERATE"}},{"type":"Feature","id":4267,"geometry":{"type":"Point","coordinates":[-104.89554,58.90395]},"properties":{"cps":40,"y":"2008","lith":" "}},{"type":"Feature","id":4268,"geometry":{"type":"Point","coordinates":[-103.36388,57.54255]},"properties":{"cps":22000,"y":"1980","lith":"Granite"}},{"type":"Feature","id":4269,"geometry":{"type":"Point","coordinates":[-105.24515,57.65243]},"properties":{"cps":0,"y":"1982","lith":" "}},{"type":"Feature","id":4270,"geometry":{"type":"Point","coordinates":[-105.14975,57.70303]},"properties":{"cps":400,"y":"1982","lith":"SANDSTONE"}},{"type":"Feature","id":4271,"geometry":{"type":"Point","coordinates":[-109.58778,58.49224]},"properties":{"cps":340,"y":"1982","lith":"Pegmatoid"}},{"type":"Feature","id":4272,"geometry":{"type":"Point","coordinates":[-109.80239,58.08979]},"properties":{"cps":0,"y":"2011","lith":" "}},{"type":"Feature","id":4273,"geometry":{"type":"Point","coordinates":[-109.59336,58.48578]},"properties":{"cps":1700,"y":"1982","lith":"Basement"}},{"type":"Feature","id":4274,"geometry":{"type":"Point","coordinates":[-103.90479,57.99746]},"properties":{"cps":900,"y":"1983","lith":"Meta Arkose"}},{"type":"Feature","id":4275,"geometry":{"type":"Point","coordinates":[-103.89889,58.00017]},"properties":{"cps":1850,"y":"1983","lith":"Quartzite"}},{"type":"Feature","id":4276,"geometry":{"type":"Point","coordinates":[-109.42619,57.61888]},"properties":{"cps":2637,"y":"2012","lith":"Massive Pitchblende"}},{"type":"Feature","id":4277,"geometry":{"type":"Point","coordinates":[-105.01923,57.35824]},"properties":{"cps":1000,"y":"1982","lith":"CONGLOMERATE"}},{"type":"Feature","id":4278,"geometry":{"type":"Point","coordinates":[-109.58309,58.50227]},"properties":{"cps":340,"y":"1982","lith":"Pegmatoid"}},{"type":"Feature","id":4279,"geometry":{"type":"Point","coordinates":[-105.28443,57.66117]},"properties":{"cps":200,"y":"1982","lith":"QUARTZ SANDSTONE"}},{"type":"Feature","id":4280,"geometry":{"type":"Point","coordinates":[-104.89578,58.94273]},"properties":{"cps":40,"y":"2008","lith":" "}},{"type":"Feature","id":4281,"geometry":{"type":"Point","coordinates":[-109.58917,58.48605]},"properties":{"cps":350,"y":"1982","lith":"Granite"}},{"type":"Feature","id":4282,"geometry":{"type":"Point","coordinates":[-104.95039,57.4501]},"properties":{"cps":400,"y":"1981","lith":"CONGLOMERATE"}},{"type":"Feature","id":4283,"geometry":{"type":"Point","coordinates":[-103.523,57.6077]},"properties":{"cps":424,"y":"1979","lith":"Granite"}},{"type":"Feature","id":4284,"geometry":{"type":"Point","coordinates":[-105.36426,57.47226]},"properties":{"cps":375,"y":"1982","lith":"CONGLOMERATE"}},{"type":"Feature","id":4285,"geometry":{"type":"Point","coordinates":[-105.23046,57.65575]},"properties":{"cps":0,"y":"1982","lith":" "}},{"type":"Feature","id":4286,"geometry":{"type":"Point","coordinates":[-103.48108,57.62332]},"properties":{"cps":160,"y":"1979","lith":"Actinolite-Tremolite-Garnet-Biotite Gneiss"}},{"type":"Feature","id":4287,"geometry":{"type":"Point","coordinates":[-109.57478,58.50035]},"properties":{"cps":330,"y":"1982","lith":"Granite"}},{"type":"Feature","id":4288,"geometry":{"type":"Point","coordinates":[-103.49464,57.61022]},"properties":{"cps":150,"y":"1979","lith":"Albite-Biotite Gneiss"}},{"type":"Feature","id":4289,"geometry":{"type":"Point","coordinates":[-105.8059,57.16056]},"properties":{"cps":0,"y":"1994","lith":"SANDSTONE"}},{"type":"Feature","id":4290,"geometry":{"type":"Point","coordinates":[-103.47643,57.62295]},"properties":{"cps":0,"y":"1979","lith":"Granitic Gneiss"}},{"type":"Feature","id":4291,"geometry":{"type":"Point","coordinates":[-105.15146,57.70237]},"properties":{"cps":0,"y":"1982","lith":" "}},{"type":"Feature","id":4292,"geometry":{"type":"Point","coordinates":[-105.13939,57.71529]},"properties":{"cps":0,"y":"1982","lith":" "}},{"type":"Feature","id":4293,"geometry":{"type":"Point","coordinates":[-105.6101,57.335]},"properties":{"cps":125,"y":"1977","lith":"SANDSTONE"}},{"type":"Feature","id":4294,"geometry":{"type":"Point","coordinates":[-104.77393,57.41844]},"properties":{"cps":275,"y":"1979","lith":"CONGLOMERATE"}},{"type":"Feature","id":4295,"geometry":{"type":"Point","coordinates":[-104.70679,58.99526]},"properties":{"cps":68,"y":"2008","lith":" "}},{"type":"Feature","id":4296,"geometry":{"type":"Point","coordinates":[-104.87504,58.92135]},"properties":{"cps":85,"y":"2008","lith":" "}},{"type":"Feature","id":4297,"geometry":{"type":"Point","coordinates":[-105.1877,57.66765]},"properties":{"cps":0,"y":"1982","lith":" "}},{"type":"Feature","id":4298,"geometry":{"type":"Point","coordinates":[-105.81194,57.98864]},"properties":{"cps":55,"y":"1980","lith":"Sandstone"}},{"type":"Feature","id":4299,"geometry":{"type":"Point","coordinates":[-106.82508,57.44581]},"properties":{"cps":1050,"y":"1981","lith":"Quartz Feldspar Biotite Gneiss"}},{"type":"Feature","id":4300,"geometry":{"type":"Point","coordinates":[-103.5029,57.60795]},"properties":{"cps":900,"y":"1979","lith":"Meta Arkose"}},{"type":"Feature","id":4301,"geometry":{"type":"Point","coordinates":[-105.30568,57.6451]},"properties":{"cps":120,"y":"1980","lith":"SANDSTONE"}},{"type":"Feature","id":4302,"geometry":{"type":"Point","coordinates":[-107.54621,59.34547]},"properties":{"cps":3000,"y":"2005","lith":"SANDSTONE"}},{"type":"Feature","id":4303,"geometry":{"type":"Point","coordinates":[-103.47096,57.61965]},"properties":{"cps":0,"y":"1979","lith":"Meta Arkose"}},{"type":"Feature","id":4304,"geometry":{"type":"Point","coordinates":[-103.4772,57.62326]},"properties":{"cps":0,"y":"1979","lith":"Granitic Gneiss"}},{"type":"Feature","id":4305,"geometry":{"type":"Point","coordinates":[-103.90583,57.99959]},"properties":{"cps":700,"y":"1983","lith":"Pegmatite"}},{"type":"Feature","id":4306,"geometry":{"type":"Point","coordinates":[-104.05486,58.34001]},"properties":{"cps":164,"y":"2009","lith":"Sandstone"}},{"type":"Feature","id":4307,"geometry":{"type":"Point","coordinates":[-104.92348,58.92808]},"properties":{"cps":68,"y":"2008","lith":" "}},{"type":"Feature","id":4308,"geometry":{"type":"Point","coordinates":[-104.09459,58.29141]},"properties":{"cps":25000,"y":"1969","lith":"Sandstone"}},{"type":"Feature","id":4309,"geometry":{"type":"Point","coordinates":[-103.94542,57.54147]},"properties":{"cps":110,"y":"1979","lith":"BIOTITE GNEISS"}},{"type":"Feature","id":4310,"geometry":{"type":"Point","coordinates":[-105.26628,57.45129]},"properties":{"cps":220,"y":"1982","lith":"CONGLOMERATE"}},{"type":"Feature","id":4311,"geometry":{"type":"Point","coordinates":[-104.05424,58.34094]},"properties":{"cps":531,"y":"2009","lith":"Conglomeratic Sandstone"}},{"type":"Feature","id":4312,"geometry":{"type":"Point","coordinates":[-104.77742,57.41782]},"properties":{"cps":300,"y":"1979","lith":"PEGMATITE"}},{"type":"Feature","id":4313,"geometry":{"type":"Point","coordinates":[-105.04005,57.37482]},"properties":{"cps":2200,"y":"1982","lith":"PEGMATITE"}},{"type":"Feature","id":4314,"geometry":{"type":"Point","coordinates":[-104.69543,58.98965]},"properties":{"cps":85,"y":"2008","lith":" "}},{"type":"Feature","id":4315,"geometry":{"type":"Point","coordinates":[-103.51235,57.61211]},"properties":{"cps":160,"y":"1979","lith":"Biotite Schist"}},{"type":"Feature","id":4316,"geometry":{"type":"Point","coordinates":[-105.26823,57.66827]},"properties":{"cps":0,"y":"1982","lith":"SANDSTONE"}},{"type":"Feature","id":4317,"geometry":{"type":"Point","coordinates":[-103.48084,57.62237]},"properties":{"cps":0,"y":"1979","lith":"Hornblende Granite"}},{"type":"Feature","id":4318,"geometry":{"type":"Point","coordinates":[-103.37933,57.54096]},"properties":{"cps":2100,"y":"1980","lith":"Granitic Gneiss"}},{"type":"Feature","id":4319,"geometry":{"type":"Point","coordinates":[-105.24184,57.65367]},"properties":{"cps":0,"y":"1982","lith":" "}},{"type":"Feature","id":4320,"geometry":{"type":"Point","coordinates":[-104.95274,57.33359]},"properties":{"cps":400,"y":"1981","lith":"CONGLOMERATE"}},{"type":"Feature","id":4321,"geometry":{"type":"Point","coordinates":[-109.42125,57.61681]},"properties":{"cps":2835,"y":"2012","lith":"Weathered/Altered basement rock"}},{"type":"Feature","id":4322,"geometry":{"type":"Point","coordinates":[-103.51975,57.60762]},"properties":{"cps":140,"y":"1979","lith":"Biotite-Hornblende Gneiss"}},{"type":"Feature","id":4323,"geometry":{"type":"Point","coordinates":[-103.89594,58.0131]},"properties":{"cps":1000,"y":"1983","lith":"Granite"}},{"type":"Feature","id":4324,"geometry":{"type":"Point","coordinates":[-104.99388,57.35453]},"properties":{"cps":1150,"y":"1982","lith":"PEGMATITE"}},{"type":"Feature","id":4325,"geometry":{"type":"Point","coordinates":[-103.51605,57.6087]},"properties":{"cps":1200,"y":"1979","lith":"Granite"}},{"type":"Feature","id":4326,"geometry":{"type":"Point","coordinates":[-105.03629,57.37729]},"properties":{"cps":1250,"y":"1982","lith":"BASEMENT"}},{"type":"Feature","id":4327,"geometry":{"type":"Point","coordinates":[-106.63709,57.24028]},"properties":{"cps":300,"y":"2007","lith":"PEGMATITE"}},{"type":"Feature","id":4328,"geometry":{"type":"Point","coordinates":[-109.42394,57.61888]},"properties":{"cps":0,"y":"2012","lith":"Massive Pitchblende"}},{"type":"Feature","id":4329,"geometry":{"type":"Point","coordinates":[-104.7865,58.99767]},"properties":{"cps":68,"y":"2008","lith":" "}},{"type":"Feature","id":4330,"geometry":{"type":"Point","coordinates":[-109.57877,58.47413]},"properties":{"cps":1200,"y":"1982","lith":"Pegmatoid"}},{"type":"Feature","id":4331,"geometry":{"type":"Point","coordinates":[-105.1595,57.70114]},"properties":{"cps":0,"y":"1982","lith":" "}},{"type":"Feature","id":4332,"geometry":{"type":"Point","coordinates":[-104.97051,57.37806]},"properties":{"cps":1000,"y":"1982","lith":"PEGMATITE"}},{"type":"Feature","id":4333,"geometry":{"type":"Point","coordinates":[-104.89662,58.94357]},"properties":{"cps":40,"y":"2008","lith":" "}},{"type":"Feature","id":4334,"geometry":{"type":"Point","coordinates":[-104.89265,58.90197]},"properties":{"cps":40,"y":"2008","lith":" "}},{"type":"Feature","id":4335,"geometry":{"type":"Point","coordinates":[-105.14152,57.70144]},"properties":{"cps":0,"y":"1982","lith":" "}},{"type":"Feature","id":4336,"geometry":{"type":"Point","coordinates":[-104.93699,58.89256]},"properties":{"cps":40,"y":"2008","lith":" "}},{"type":"Feature","id":4337,"geometry":{"type":"Point","coordinates":[-104.77761,57.41779]},"properties":{"cps":350,"y":"1979","lith":"CONGLOMERATE"}},{"type":"Feature","id":4338,"geometry":{"type":"Point","coordinates":[-105.19779,57.66508]},"properties":{"cps":0,"y":"1982","lith":" "}},{"type":"Feature","id":4339,"geometry":{"type":"Point","coordinates":[-103.47179,57.6202]},"properties":{"cps":0,"y":"1979","lith":"Biotite Schist"}},{"type":"Feature","id":4340,"geometry":{"type":"Point","coordinates":[-103.49617,57.61009]},"properties":{"cps":150,"y":"1979","lith":"Hornblende-Feldspar Porphyry"}},{"type":"Feature","id":4341,"geometry":{"type":"Point","coordinates":[-104.77346,57.41992]},"properties":{"cps":250,"y":"1979","lith":"SANDSTONE"}},{"type":"Feature","id":4342,"geometry":{"type":"Point","coordinates":[-104.92937,58.88597]},"properties":{"cps":85,"y":"2008","lith":" "}},{"type":"Feature","id":4343,"geometry":{"type":"Point","coordinates":[-103.51205,57.60313]},"properties":{"cps":200,"y":"1979","lith":"Flaser Granite"}},{"type":"Feature","id":4344,"geometry":{"type":"Point","coordinates":[-103.51261,57.61228]},"properties":{"cps":160,"y":"1979","lith":"Biotite Gneiss"}},{"type":"Feature","id":4345,"geometry":{"type":"Point","coordinates":[-106.86724,57.41334]},"properties":{"cps":170,"y":"1981","lith":"Quartz Sandstone"}},{"type":"Feature","id":4346,"geometry":{"type":"Point","coordinates":[-109.59113,58.48468]},"properties":{"cps":350,"y":"1982","lith":"Granite"}},{"type":"Feature","id":4347,"geometry":{"type":"Point","coordinates":[-109.57807,58.48103]},"properties":{"cps":950,"y":"1982","lith":"Pegmatoid"}},{"type":"Feature","id":4348,"geometry":{"type":"Point","coordinates":[-109.57285,58.47957]},"properties":{"cps":900,"y":"1982","lith":"Pegmatoid"}},{"type":"Feature","id":4349,"geometry":{"type":"Point","coordinates":[-107.54863,59.34468]},"properties":{"cps":750,"y":"2005","lith":"SANDSTONE"}},{"type":"Feature","id":4350,"geometry":{"type":"Point","coordinates":[-105.59792,57.34451]},"properties":{"cps":225,"y":"1977","lith":"F.G. GRANITE"}},{"type":"Feature","id":4351,"geometry":{"type":"Point","coordinates":[-104.04853,58.3407]},"properties":{"cps":224,"y":"2009","lith":"Sandstone"}},{"type":"Feature","id":4352,"geometry":{"type":"Point","coordinates":[-105.59407,57.34204]},"properties":{"cps":150,"y":"1977","lith":"C.G. GRANITE"}},{"type":"Feature","id":4353,"geometry":{"type":"Point","coordinates":[-109.58692,58.48837]},"properties":{"cps":380,"y":"1982","lith":"Pegmatoid"}},{"type":"Feature","id":4354,"geometry":{"type":"Point","coordinates":[-104.87826,58.89259]},"properties":{"cps":40,"y":"2008","lith":" "}},{"type":"Feature","id":4355,"geometry":{"type":"Point","coordinates":[-104.97321,57.37161]},"properties":{"cps":1420,"y":"1982","lith":"CONGLOMERATE"}},{"type":"Feature","id":4356,"geometry":{"type":"Point","coordinates":[-103.4901,57.6232]},"properties":{"cps":850,"y":"1979","lith":"Leucogranite"}},{"type":"Feature","id":4357,"geometry":{"type":"Point","coordinates":[-104.78534,58.99692]},"properties":{"cps":68,"y":"2008","lith":" "}},{"type":"Feature","id":4358,"geometry":{"type":"Point","coordinates":[-105.59832,57.34413]},"properties":{"cps":113,"y":"1977","lith":"GRANITE"}},{"type":"Feature","id":4359,"geometry":{"type":"Point","coordinates":[-104.93205,58.88843]},"properties":{"cps":40,"y":"2008","lith":" "}},{"type":"Feature","id":4360,"geometry":{"type":"Point","coordinates":[-103.50938,57.60154]},"properties":{"cps":250,"y":"1979","lith":"Granite"}},{"type":"Feature","id":4361,"geometry":{"type":"Point","coordinates":[-105.00153,57.37822]},"properties":{"cps":1000,"y":"1982","lith":"CONGLOMERATE"}},{"type":"Feature","id":4362,"geometry":{"type":"Point","coordinates":[-104.86714,58.91541]},"properties":{"cps":40,"y":"2008","lith":" "}},{"type":"Feature","id":4363,"geometry":{"type":"Point","coordinates":[-104.85021,58.90533]},"properties":{"cps":40,"y":"2008","lith":" "}},{"type":"Feature","id":4364,"geometry":{"type":"Point","coordinates":[-105.23366,57.27341]},"properties":{"cps":400,"y":"1981","lith":"CONGLOMERATE"}},{"type":"Feature","id":4365,"geometry":{"type":"Point","coordinates":[-104.77617,57.41611]},"properties":{"cps":250,"y":"1979","lith":"PEGMATITE"}},{"type":"Feature","id":4366,"geometry":{"type":"Point","coordinates":[-104.89486,58.94203]},"properties":{"cps":40,"y":"2008","lith":" "}},{"type":"Feature","id":4367,"geometry":{"type":"Point","coordinates":[-104.12592,57.81808]},"properties":{"cps":350,"y":"1980","lith":"CONGLOMERATE"}},{"type":"Feature","id":4368,"geometry":{"type":"Point","coordinates":[-105.59856,57.3443]},"properties":{"cps":275,"y":"1977","lith":"C.G. GRANITE"}},{"type":"Feature","id":4369,"geometry":{"type":"Point","coordinates":[-103.78985,58.61885]},"properties":{"cps":320,"y":"2007","lith":"GRANITIC GNEISS"}},{"type":"Feature","id":4370,"geometry":{"type":"Point","coordinates":[-104.89377,58.9026]},"properties":{"cps":40,"y":"2008","lith":" "}},{"type":"Feature","id":4371,"geometry":{"type":"Point","coordinates":[-105.19613,57.66472]},"properties":{"cps":300,"y":"1982","lith":"SANDSTONE"}},{"type":"Feature","id":4372,"geometry":{"type":"Point","coordinates":[-105.67101,57.13586]},"properties":{"cps":0,"y":"1994","lith":"SANDSTONE"}},{"type":"Feature","id":4373,"geometry":{"type":"Point","coordinates":[-105.80349,57.96322]},"properties":{"cps":420,"y":"1980","lith":"Granite"}},{"type":"Feature","id":4374,"geometry":{"type":"Point","coordinates":[-109.58297,58.50289]},"properties":{"cps":500,"y":"1982","lith":"Pegmatoid"}},{"type":"Feature","id":4375,"geometry":{"type":"Point","coordinates":[-105.64393,57.16467]},"properties":{"cps":0,"y":"1994","lith":"SANDSTONE"}},{"type":"Feature","id":4376,"geometry":{"type":"Point","coordinates":[-104.88843,58.93863]},"properties":{"cps":68,"y":"2008","lith":" "}},{"type":"Feature","id":4377,"geometry":{"type":"Point","coordinates":[-104.91332,58.91926]},"properties":{"cps":40,"y":"2008","lith":" "}},{"type":"Feature","id":4378,"geometry":{"type":"Point","coordinates":[-105.68429,57.13192]},"properties":{"cps":0,"y":"1994","lith":"SANDSTONE"}},{"type":"Feature","id":4379,"geometry":{"type":"Point","coordinates":[-104.11076,58.27373]},"properties":{"cps":25000,"y":"1969","lith":"Sandstone"}},{"type":"Feature","id":4380,"geometry":{"type":"Point","coordinates":[-106.79091,59.14858]},"properties":{"cps":400,"y":"1979","lith":"SANDSTONE"}},{"type":"Feature","id":4381,"geometry":{"type":"Point","coordinates":[-105.83079,57.10305]},"properties":{"cps":0,"y":"1994","lith":"SANDSTONE"}},{"type":"Feature","id":4382,"geometry":{"type":"Point","coordinates":[-105.19783,57.66493]},"properties":{"cps":0,"y":"1982","lith":" "}},{"type":"Feature","id":4383,"geometry":{"type":"Point","coordinates":[-104.96724,57.37746]},"properties":{"cps":1350,"y":"1982","lith":"CONGLOMERATE"}},{"type":"Feature","id":4384,"geometry":{"type":"Point","coordinates":[-105.333,57.6318]},"properties":{"cps":230,"y":"1980","lith":"SANDSTONE"}},{"type":"Feature","id":4385,"geometry":{"type":"Point","coordinates":[-107.54467,59.34519]},"properties":{"cps":3000,"y":"2005","lith":"SANDSTONE"}},{"type":"Feature","id":4386,"geometry":{"type":"Point","coordinates":[-103.49052,57.61424]},"properties":{"cps":0,"y":"1979","lith":"Leucogranite"}},{"type":"Feature","id":4387,"geometry":{"type":"Point","coordinates":[-104.73106,58.99156]},"properties":{"cps":40,"y":"2008","lith":" "}},{"type":"Feature","id":4388,"geometry":{"type":"Point","coordinates":[-109.59195,58.47289]},"properties":{"cps":1100,"y":"1982","lith":"Pegmatoid"}},{"type":"Feature","id":4389,"geometry":{"type":"Point","coordinates":[-105.28276,57.662]},"properties":{"cps":0,"y":"1982","lith":"QUARTZ SANDSTONE"}},{"type":"Feature","id":4390,"geometry":{"type":"Point","coordinates":[-109.58095,58.47719]},"properties":{"cps":900,"y":"1982","lith":"Pegmatoid"}},{"type":"Feature","id":4391,"geometry":{"type":"Point","coordinates":[-103.9095,57.99907]},"properties":{"cps":610,"y":"1983","lith":"Granite"}},{"type":"Feature","id":4392,"geometry":{"type":"Point","coordinates":[-109.42245,57.6187]},"properties":{"cps":5048,"y":"2012","lith":"Massive Pitchblende"}},{"type":"Feature","id":4393,"geometry":{"type":"Point","coordinates":[-104.77084,58.98915]},"properties":{"cps":68,"y":"2008","lith":" "}},{"type":"Feature","id":4394,"geometry":{"type":"Point","coordinates":[-103.5045,57.60566]},"properties":{"cps":140,"y":"1979","lith":"Meta Arkose"}},{"type":"Feature","id":4395,"geometry":{"type":"Point","coordinates":[-105.30835,57.64409]},"properties":{"cps":115,"y":"1980","lith":"SANDSTONE"}},{"type":"Feature","id":4396,"geometry":{"type":"Point","coordinates":[-105.44396,57.31465]},"properties":{"cps":120,"y":"1979","lith":"SANDSTONE"}},{"type":"Feature","id":4397,"geometry":{"type":"Point","coordinates":[-104.04386,58.34173]},"properties":{"cps":389,"y":"2009","lith":"Sandstone"}},{"type":"Feature","id":4398,"geometry":{"type":"Point","coordinates":[-105.45217,57.30213]},"properties":{"cps":100,"y":"1979","lith":"SANDSTONE"}},{"type":"Feature","id":4399,"geometry":{"type":"Point","coordinates":[-105.46117,57.41415]},"properties":{"cps":270,"y":"1982","lith":"SANDSTONE"}},{"type":"Feature","id":4400,"geometry":{"type":"Point","coordinates":[-103.51942,57.60776]},"properties":{"cps":3650,"y":"1979","lith":"Granite"}},{"type":"Feature","id":4401,"geometry":{"type":"Point","coordinates":[-104.77651,57.41761]},"properties":{"cps":400,"y":"1979","lith":"PEGMATITE"}},{"type":"Feature","id":4402,"geometry":{"type":"Point","coordinates":[-104.77838,58.99293]},"properties":{"cps":68,"y":"2008","lith":" "}},{"type":"Feature","id":4403,"geometry":{"type":"Point","coordinates":[-104.86128,58.91208]},"properties":{"cps":40,"y":"2008","lith":" "}},{"type":"Feature","id":4404,"geometry":{"type":"Point","coordinates":[-104.8827,58.89542]},"properties":{"cps":40,"y":"2008","lith":" "}},{"type":"Feature","id":4405,"geometry":{"type":"Point","coordinates":[-109.58939,58.48574]},"properties":{"cps":650,"y":"1982","lith":"Pegmatoid"}},{"type":"Feature","id":4406,"geometry":{"type":"Point","coordinates":[-103.36167,57.5414]},"properties":{"cps":2000,"y":"1980","lith":"White Granite"}},{"type":"Feature","id":4407,"geometry":{"type":"Point","coordinates":[-104.76107,57.42052]},"properties":{"cps":200,"y":"1979","lith":"CONGLOMERATE"}},{"type":"Feature","id":4408,"geometry":{"type":"Point","coordinates":[-107.54218,59.34646]},"properties":{"cps":3000,"y":"2005","lith":"SANDSTONE"}},{"type":"Feature","id":4409,"geometry":{"type":"Point","coordinates":[-107.54573,59.34577]},"properties":{"cps":750,"y":"2005","lith":"SANDSTONE"}},{"type":"Feature","id":4410,"geometry":{"type":"Point","coordinates":[-104.76022,58.98321]},"properties":{"cps":68,"y":"2008","lith":" "}},{"type":"Feature","id":4411,"geometry":{"type":"Point","coordinates":[-104.982,57.37211]},"properties":{"cps":1000,"y":"1982","lith":"CONGLOMERATE"}},{"type":"Feature","id":4412,"geometry":{"type":"Point","coordinates":[-104.92829,58.93082]},"properties":{"cps":40,"y":"2008","lith":" "}},{"type":"Feature","id":4413,"geometry":{"type":"Point","coordinates":[-109.42246,57.6195]},"properties":{"cps":4055,"y":"2012","lith":"Weathered/altered basement rock"}},{"type":"Feature","id":4414,"geometry":{"type":"Point","coordinates":[-105.19316,57.66708]},"properties":{"cps":250,"y":"1982","lith":"SANDSTONE"}},{"type":"Feature","id":4415,"geometry":{"type":"Point","coordinates":[-105.02574,57.69271]},"properties":{"cps":300,"y":"1982","lith":"SANDSTONE"}},{"type":"Feature","id":4416,"geometry":{"type":"Point","coordinates":[-104.87945,58.89322]},"properties":{"cps":40,"y":"2008","lith":" "}},{"type":"Feature","id":4417,"geometry":{"type":"Point","coordinates":[-107.54878,59.34475]},"properties":{"cps":3000,"y":"2005","lith":"SANDSTONE"}},{"type":"Feature","id":4418,"geometry":{"type":"Point","coordinates":[-105.82417,57.15323]},"properties":{"cps":0,"y":"1994","lith":"SANDSTONE"}},{"type":"Feature","id":4419,"geometry":{"type":"Point","coordinates":[-109.57978,58.50295]},"properties":{"cps":350,"y":"1982","lith":"Pegmatoid"}},{"type":"Feature","id":4420,"geometry":{"type":"Point","coordinates":[-104.05134,58.34188]},"properties":{"cps":314,"y":"2009","lith":"Sandstone"}},{"type":"Feature","id":4421,"geometry":{"type":"Point","coordinates":[-109.42298,57.6195]},"properties":{"cps":5491,"y":"2012","lith":"Massive Pitchblende"}},{"type":"Feature","id":4422,"geometry":{"type":"Point","coordinates":[-105.03095,57.38077]},"properties":{"cps":1000,"y":"1982","lith":"BASEMENT"}},{"type":"Feature","id":4423,"geometry":{"type":"Point","coordinates":[-104.86023,58.91138]},"properties":{"cps":40,"y":"2008","lith":" "}},{"type":"Feature","id":4424,"geometry":{"type":"Point","coordinates":[-109.57804,58.50104]},"properties":{"cps":340,"y":"1982","lith":"Granite"}},{"type":"Feature","id":4425,"geometry":{"type":"Point","coordinates":[-104.04518,58.34007]},"properties":{"cps":169,"y":"2009","lith":"Sandstone"}},{"type":"Feature","id":4426,"geometry":{"type":"Point","coordinates":[-109.58237,58.50251]},"properties":{"cps":350,"y":"1982","lith":"Pegmatoid"}},{"type":"Feature","id":4427,"geometry":{"type":"Point","coordinates":[-104.04102,58.34311]},"properties":{"cps":509,"y":"2009","lith":"Conglomeritic Sandstone"}},{"type":"Feature","id":4428,"geometry":{"type":"Point","coordinates":[-105.19707,57.66426]},"properties":{"cps":0,"y":"1982","lith":" "}},{"type":"Feature","id":4429,"geometry":{"type":"Point","coordinates":[-109.593,58.48125]},"properties":{"cps":350,"y":"1982","lith":"Granite"}},{"type":"Feature","id":4430,"geometry":{"type":"Point","coordinates":[-104.99559,57.39408]},"properties":{"cps":2000,"y":"1982","lith":"CONGLOMERATE"}},{"type":"Feature","id":4431,"geometry":{"type":"Point","coordinates":[-106.15558,57.01771]},"properties":{"cps":0,"y":"2011","lith":" "}},{"type":"Feature","id":4432,"geometry":{"type":"Point","coordinates":[-105.23234,57.27734]},"properties":{"cps":400,"y":"1981","lith":"CONGLOMERATE"}},{"type":"Feature","id":4433,"geometry":{"type":"Point","coordinates":[-104.70011,58.99226]},"properties":{"cps":85,"y":"2008","lith":" "}},{"type":"Feature","id":4434,"geometry":{"type":"Point","coordinates":[-109.58544,58.37843]},"properties":{"cps":500,"y":"1982","lith":"Pegmatoid"}},{"type":"Feature","id":4435,"geometry":{"type":"Point","coordinates":[-103.90284,58.00207]},"properties":{"cps":420,"y":"1983","lith":"Metasediment"}},{"type":"Feature","id":4436,"geometry":{"type":"Point","coordinates":[-105.13859,57.70198]},"properties":{"cps":250,"y":"1982","lith":"SANDSTONE"}},{"type":"Feature","id":4437,"geometry":{"type":"Point","coordinates":[-105.593,57.2123]},"properties":{"cps":0,"y":"1994","lith":"SANDSTONE"}},{"type":"Feature","id":4438,"geometry":{"type":"Point","coordinates":[-104.77971,57.41919]},"properties":{"cps":200,"y":"1979","lith":"CONGLOMERATE"}},{"type":"Feature","id":4439,"geometry":{"type":"Point","coordinates":[-107.43445,59.26761]},"properties":{"cps":1750,"y":"2006","lith":" "}},{"type":"Feature","id":4440,"geometry":{"type":"Point","coordinates":[-103.51226,57.61003]},"properties":{"cps":2100,"y":"1979","lith":"Leucogranite"}},{"type":"Feature","id":4441,"geometry":{"type":"Point","coordinates":[-104.94122,58.89809]},"properties":{"cps":68,"y":"2008","lith":" "}},{"type":"Feature","id":4442,"geometry":{"type":"Point","coordinates":[-104.04686,58.34309]},"properties":{"cps":162,"y":"2009","lith":"Sandstone"}},{"type":"Feature","id":4443,"geometry":{"type":"Point","coordinates":[-103.5122,57.60308]},"properties":{"cps":130,"y":"1979","lith":"Biotite Gneiss"}},{"type":"Feature","id":4444,"geometry":{"type":"Point","coordinates":[-104.89018,58.90047]},"properties":{"cps":40,"y":"2008","lith":" "}},{"type":"Feature","id":4445,"geometry":{"type":"Point","coordinates":[-104.75993,57.41987]},"properties":{"cps":200,"y":"1979","lith":"CONGLOMERATE"}},{"type":"Feature","id":4446,"geometry":{"type":"Point","coordinates":[-104.69646,58.99024]},"properties":{"cps":68,"y":"2008","lith":" "}},{"type":"Feature","id":4447,"geometry":{"type":"Point","coordinates":[-109.59182,58.48472]},"properties":{"cps":450,"y":"1982","lith":"Granite"}},{"type":"Feature","id":4448,"geometry":{"type":"Point","coordinates":[-109.57215,58.48901]},"properties":{"cps":500,"y":"1982","lith":"Granite"}},{"type":"Feature","id":4449,"geometry":{"type":"Point","coordinates":[-105.44384,57.31276]},"properties":{"cps":140,"y":"1979","lith":"SANDSTONE"}},{"type":"Feature","id":4450,"geometry":{"type":"Point","coordinates":[-103.50497,57.61201]},"properties":{"cps":925,"y":"1979","lith":"Pegmatite"}},{"type":"Feature","id":4451,"geometry":{"type":"Point","coordinates":[-103.49008,57.6233]},"properties":{"cps":835,"y":"1979","lith":"Porphyritic Leucogranite"}},{"type":"Feature","id":4452,"geometry":{"type":"Point","coordinates":[-105.24971,57.6492]},"properties":{"cps":0,"y":"1982","lith":" "}},{"type":"Feature","id":4453,"geometry":{"type":"Point","coordinates":[-104.11673,57.82856]},"properties":{"cps":650,"y":"1980","lith":"CONGLOMERATE"}},{"type":"Feature","id":4454,"geometry":{"type":"Point","coordinates":[-105.03182,57.38045]},"properties":{"cps":1800,"y":"1982","lith":"BASEMENT"}},{"type":"Feature","id":4455,"geometry":{"type":"Point","coordinates":[-105.81112,57.99207]},"properties":{"cps":700,"y":"1980","lith":"Granite"}},{"type":"Feature","id":4456,"geometry":{"type":"Point","coordinates":[-106.02156,57.90928]},"properties":{"cps":1600,"y":"1980","lith":"Pegmatite"}},{"type":"Feature","id":4457,"geometry":{"type":"Point","coordinates":[-106.02189,57.06437]},"properties":{"cps":230,"y":"1985","lith":" "}},{"type":"Feature","id":4458,"geometry":{"type":"Point","coordinates":[-104.88608,58.89765]},"properties":{"cps":40,"y":"2008","lith":" "}},{"type":"Feature","id":4459,"geometry":{"type":"Point","coordinates":[-103.4891,57.62368]},"properties":{"cps":0,"y":"1979","lith":"Granite"}},{"type":"Feature","id":4460,"geometry":{"type":"Point","coordinates":[-104.87329,58.93484]},"properties":{"cps":40,"y":"2008","lith":" "}},{"type":"Feature","id":4461,"geometry":{"type":"Point","coordinates":[-104.76117,57.4205]},"properties":{"cps":300,"y":"1979","lith":"CONGLOMERATE"}},{"type":"Feature","id":4462,"geometry":{"type":"Point","coordinates":[-104.04445,58.34032]},"properties":{"cps":86,"y":"2009","lith":"Sandstone"}},{"type":"Feature","id":4463,"geometry":{"type":"Point","coordinates":[-103.90111,58.01164]},"properties":{"cps":550,"y":"1983","lith":"Granite"}},{"type":"Feature","id":4464,"geometry":{"type":"Point","coordinates":[-105.17228,57.67922]},"properties":{"cps":0,"y":"1982","lith":" "}},{"type":"Feature","id":4465,"geometry":{"type":"Point","coordinates":[-103.51329,57.60373]},"properties":{"cps":190,"y":"1979","lith":"Biotite Gneiss"}},{"type":"Feature","id":4466,"geometry":{"type":"Point","coordinates":[-104.87349,58.91962]},"properties":{"cps":85,"y":"2008","lith":" "}},{"type":"Feature","id":4467,"geometry":{"type":"Point","coordinates":[-104.99646,57.39463]},"properties":{"cps":1010,"y":"1982","lith":"BASEMENT"}},{"type":"Feature","id":4468,"geometry":{"type":"Point","coordinates":[-103.90962,58.00118]},"properties":{"cps":825,"y":"1983","lith":"Pegmatite"}},{"type":"Feature","id":4469,"geometry":{"type":"Point","coordinates":[-104.89914,58.90607]},"properties":{"cps":40,"y":"2008","lith":" "}},{"type":"Feature","id":4470,"geometry":{"type":"Point","coordinates":[-104.78339,57.41795]},"properties":{"cps":400,"y":"1979","lith":"CONGLOMERATE"}},{"type":"Feature","id":4471,"geometry":{"type":"Point","coordinates":[-104.03816,58.34496]},"properties":{"cps":510,"y":"2009","lith":"Conglomeritic Sandstone"}},{"type":"Feature","id":4472,"geometry":{"type":"Point","coordinates":[-104.77728,58.99228]},"properties":{"cps":68,"y":"2008","lith":" "}},{"type":"Feature","id":4473,"geometry":{"type":"Point","coordinates":[-104.7797,58.99359]},"properties":{"cps":68,"y":"2008","lith":" "}},{"type":"Feature","id":4474,"geometry":{"type":"Point","coordinates":[-104.74838,57.42662]},"properties":{"cps":420,"y":"1979","lith":"CONGLOMERATE"}},{"type":"Feature","id":4475,"geometry":{"type":"Point","coordinates":[-103.80218,57.73467]},"properties":{"cps":7100,"y":"2012","lith":"Pegmatite"}},{"type":"Feature","id":4476,"geometry":{"type":"Point","coordinates":[-104.73343,58.99295]},"properties":{"cps":40,"y":"2008","lith":" "}},{"type":"Feature","id":4477,"geometry":{"type":"Point","coordinates":[-103.47753,57.61559]},"properties":{"cps":0,"y":"1979","lith":"Meta Arkose"}},{"type":"Feature","id":4478,"geometry":{"type":"Point","coordinates":[-109.42389,57.61903]},"properties":{"cps":3209,"y":"2012","lith":"Weathered/altered Granite"}},{"type":"Feature","id":4479,"geometry":{"type":"Point","coordinates":[-104.94172,58.89882]},"properties":{"cps":68,"y":"2008","lith":" "}},{"type":"Feature","id":4480,"geometry":{"type":"Point","coordinates":[-104.87374,58.88926]},"properties":{"cps":168,"y":"2008","lith":" "}},{"type":"Feature","id":4481,"geometry":{"type":"Point","coordinates":[-109.80386,58.09058]},"properties":{"cps":0,"y":"2010","lith":" "}},{"type":"Feature","id":4482,"geometry":{"type":"Point","coordinates":[-104.99429,57.31172]},"properties":{"cps":400,"y":"1981","lith":"CONGLOMERATE"}},{"type":"Feature","id":4483,"geometry":{"type":"Point","coordinates":[-104.90124,58.9123]},"properties":{"cps":68,"y":"2008","lith":" "}},{"type":"Feature","id":4484,"geometry":{"type":"Point","coordinates":[-104.88221,58.93525]},"properties":{"cps":68,"y":"2008","lith":" "}},{"type":"Feature","id":4485,"geometry":{"type":"Point","coordinates":[-109.5858,58.48862]},"properties":{"cps":1250,"y":"1982","lith":"Pegmatoid"}},{"type":"Feature","id":4486,"geometry":{"type":"Point","coordinates":[-109.42563,57.61883]},"properties":{"cps":1016,"y":"2012","lith":"Massive Pitchblende"}},{"type":"Feature","id":4487,"geometry":{"type":"Point","coordinates":[-104.03917,58.34308]},"properties":{"cps":130,"y":"2009","lith":"Sandstone"}},{"type":"Feature","id":4488,"geometry":{"type":"Point","coordinates":[-103.51163,57.61318]},"properties":{"cps":800,"y":"1979","lith":"Granite"}},{"type":"Feature","id":4489,"geometry":{"type":"Point","coordinates":[-105.59198,57.22169]},"properties":{"cps":0,"y":"1994","lith":"SANDSTONE"}},{"type":"Feature","id":4490,"geometry":{"type":"Point","coordinates":[-105.02877,57.37959]},"properties":{"cps":2100,"y":"1982","lith":"BASEMENT"}},{"type":"Feature","id":4491,"geometry":{"type":"Point","coordinates":[-109.59347,58.48429]},"properties":{"cps":600,"y":"1982","lith":"Pegmatoid"}},{"type":"Feature","id":4492,"geometry":{"type":"Point","coordinates":[-104.04536,58.34022]},"properties":{"cps":413,"y":"2009","lith":"Granite"}},{"type":"Feature","id":4493,"geometry":{"type":"Point","coordinates":[-103.51986,57.6077]},"properties":{"cps":140,"y":"1979","lith":"Quartzite"}},{"type":"Feature","id":4494,"geometry":{"type":"Point","coordinates":[-104.98999,57.31733]},"properties":{"cps":400,"y":"1981","lith":"CONGLOMERATE"}},{"type":"Feature","id":4495,"geometry":{"type":"Point","coordinates":[-104.76612,58.9866]},"properties":{"cps":40,"y":"2008","lith":" "}},{"type":"Feature","id":4496,"geometry":{"type":"Point","coordinates":[-104.04039,58.34237]},"properties":{"cps":110,"y":"2009","lith":"Sandstone and Granite"}},{"type":"Feature","id":4497,"geometry":{"type":"Point","coordinates":[-109.42245,57.61891]},"properties":{"cps":0,"y":"2012","lith":"Weathered/Altered basement rock"}},{"type":"Feature","id":4498,"geometry":{"type":"Point","coordinates":[-109.58141,58.50362]},"properties":{"cps":390,"y":"1982","lith":"Granite"}},{"type":"Feature","id":4499,"geometry":{"type":"Point","coordinates":[-109.58704,58.50132]},"properties":{"cps":400,"y":"1982","lith":"Pegmatoid"}},{"type":"Feature","id":4500,"geometry":{"type":"Point","coordinates":[-105.69719,57.17504]},"properties":{"cps":0,"y":"1994","lith":"SANDSTONE"}},{"type":"Feature","id":4501,"geometry":{"type":"Point","coordinates":[-105.28284,57.66203]},"properties":{"cps":0,"y":"1982","lith":"QUARTZ SANDSTONE"}},{"type":"Feature","id":4502,"geometry":{"type":"Point","coordinates":[-104.88504,58.93665]},"properties":{"cps":40,"y":"2008","lith":" "}},{"type":"Feature","id":4503,"geometry":{"type":"Point","coordinates":[-109.42523,57.61865]},"properties":{"cps":0,"y":"2012","lith":"Massive Pitchblende"}},{"type":"Feature","id":4504,"geometry":{"type":"Point","coordinates":[-105.36432,57.46374]},"properties":{"cps":100,"y":"1982","lith":"SANDSTONE"}},{"type":"Feature","id":4505,"geometry":{"type":"Point","coordinates":[-103.47187,57.61838]},"properties":{"cps":0,"y":"1979","lith":"Biotite Gneiss"}},{"type":"Feature","id":4506,"geometry":{"type":"Point","coordinates":[-104.00212,57.54377]},"properties":{"cps":600,"y":"2012","lith":" "}},{"type":"Feature","id":4507,"geometry":{"type":"Point","coordinates":[-104.98899,57.37283]},"properties":{"cps":1080,"y":"1982","lith":"CONGLOMERATE"}},{"type":"Feature","id":4508,"geometry":{"type":"Point","coordinates":[-105.20962,57.66201]},"properties":{"cps":380,"y":"1982","lith":"SANDSTONE"}},{"type":"Feature","id":4509,"geometry":{"type":"Point","coordinates":[-105.44934,57.29036]},"properties":{"cps":250,"y":"1979","lith":"SANDSTONE"}},{"type":"Feature","id":4510,"geometry":{"type":"Point","coordinates":[-103.90197,57.99924]},"properties":{"cps":890,"y":"1983","lith":"Granite"}},{"type":"Feature","id":4511,"geometry":{"type":"Point","coordinates":[-104.7044,58.99401]},"properties":{"cps":85,"y":"2008","lith":" "}},{"type":"Feature","id":4512,"geometry":{"type":"Point","coordinates":[-103.53803,57.60222]},"properties":{"cps":600,"y":"1979","lith":"none"}},{"type":"Feature","id":4513,"geometry":{"type":"Point","coordinates":[-103.51847,57.60012]},"properties":{"cps":800,"y":"1979","lith":"Granite"}},{"type":"Feature","id":4514,"geometry":{"type":"Point","coordinates":[-105.26792,57.66819]},"properties":{"cps":0,"y":"1982","lith":" "}},{"type":"Feature","id":4515,"geometry":{"type":"Point","coordinates":[-105.23571,57.65502]},"properties":{"cps":0,"y":"1982","lith":" "}},{"type":"Feature","id":4516,"geometry":{"type":"Point","coordinates":[-104.04621,58.34153]},"properties":{"cps":199,"y":"2009","lith":"Sandstone"}},{"type":"Feature","id":4517,"geometry":{"type":"Point","coordinates":[-106.39948,59.11656]},"properties":{"cps":200,"y":"1979","lith":"SANDSTONE"}},{"type":"Feature","id":4518,"geometry":{"type":"Point","coordinates":[-105.60172,57.34078]},"properties":{"cps":250,"y":"1977","lith":"GRANITE"}},{"type":"Feature","id":4519,"geometry":{"type":"Point","coordinates":[-105.18204,57.67178]},"properties":{"cps":0,"y":"1982","lith":" "}},{"type":"Feature","id":4520,"geometry":{"type":"Point","coordinates":[-105.68479,57.1749]},"properties":{"cps":0,"y":"1994","lith":"SANDSTONE"}},{"type":"Feature","id":4521,"geometry":{"type":"Point","coordinates":[-103.51957,57.61104]},"properties":{"cps":1300,"y":"1979","lith":"Biotite Schist"}},{"type":"Feature","id":4522,"geometry":{"type":"Point","coordinates":[-103.48037,57.6231]},"properties":{"cps":706,"y":"1979","lith":"Granite"}},{"type":"Feature","id":4523,"geometry":{"type":"Point","coordinates":[-103.82913,57.75927]},"properties":{"cps":3000,"y":"2012","lith":" "}},{"type":"Feature","id":4524,"geometry":{"type":"Point","coordinates":[-109.56498,58.49211]},"properties":{"cps":360,"y":"1982","lith":"Pegmatoid"}},{"type":"Feature","id":4525,"geometry":{"type":"Point","coordinates":[-109.42417,57.61583]},"properties":{"cps":0,"y":"2012","lith":"Massive Pitchblende"}},{"type":"Feature","id":4526,"geometry":{"type":"Point","coordinates":[-104.88037,58.89402]},"properties":{"cps":68,"y":"2008","lith":" "}},{"type":"Feature","id":4527,"geometry":{"type":"Point","coordinates":[-105.65173,57.15335]},"properties":{"cps":0,"y":"1994","lith":"SANDSTONE"}},{"type":"Feature","id":4528,"geometry":{"type":"Point","coordinates":[-104.91756,58.92226]},"properties":{"cps":68,"y":"2008","lith":" "}},{"type":"Feature","id":4529,"geometry":{"type":"Point","coordinates":[-103.47692,57.62328]},"properties":{"cps":0,"y":"1979","lith":"Meta Arkose"}},{"type":"Feature","id":4530,"geometry":{"type":"Point","coordinates":[-105.2847,57.66118]},"properties":{"cps":1000,"y":"1982","lith":"QUARTZ SANDSTONE"}},{"type":"Feature","id":4531,"geometry":{"type":"Point","coordinates":[-105.59742,57.34443]},"properties":{"cps":150,"y":"1977","lith":"GRANITE-PEGMATITE"}},{"type":"Feature","id":4532,"geometry":{"type":"Point","coordinates":[-103.50521,57.61257]},"properties":{"cps":180,"y":"1979","lith":"Pegmatite-Granitic Gneiss contact"}},{"type":"Feature","id":4533,"geometry":{"type":"Point","coordinates":[-103.36387,57.54297]},"properties":{"cps":3100,"y":"1980","lith":"Granitic Gneiss"}},{"type":"Feature","id":4534,"geometry":{"type":"Point","coordinates":[-107.54684,59.34538]},"properties":{"cps":750,"y":"2005","lith":"SANDSTONE"}},{"type":"Feature","id":4535,"geometry":{"type":"Point","coordinates":[-105.72605,57.16396]},"properties":{"cps":0,"y":"1994","lith":"SANDSTONE"}},{"type":"Feature","id":4536,"geometry":{"type":"Point","coordinates":[-104.97785,57.32793]},"properties":{"cps":400,"y":"1981","lith":"CONGLOMERATE"}},{"type":"Feature","id":4537,"geometry":{"type":"Point","coordinates":[-103.9057,58.00292]},"properties":{"cps":1040,"y":"1983","lith":"Pegmatoid"}},{"type":"Feature","id":4538,"geometry":{"type":"Point","coordinates":[-105.59822,57.33801]},"properties":{"cps":175,"y":"1977","lith":"GRANITE"}},{"type":"Feature","id":4539,"geometry":{"type":"Point","coordinates":[-104.89804,58.94427]},"properties":{"cps":40,"y":"2008","lith":" "}},{"type":"Feature","id":4540,"geometry":{"type":"Point","coordinates":[-104.97815,57.35624]},"properties":{"cps":1450,"y":"1982","lith":"BASEMENT"}},{"type":"Feature","id":4541,"geometry":{"type":"Point","coordinates":[-105.19868,57.66359]},"properties":{"cps":0,"y":"1982","lith":" "}},{"type":"Feature","id":4542,"geometry":{"type":"Point","coordinates":[-104.93537,58.89077]},"properties":{"cps":40,"y":"2008","lith":" "}},{"type":"Feature","id":4543,"geometry":{"type":"Point","coordinates":[-105.30808,57.6443]},"properties":{"cps":100,"y":"1980","lith":"SANDSTONE"}},{"type":"Feature","id":4544,"geometry":{"type":"Point","coordinates":[-109.5826,58.47823]},"properties":{"cps":500,"y":"1982","lith":"Pegmatoid"}},{"type":"Feature","id":4545,"geometry":{"type":"Point","coordinates":[-104.75893,58.98264]},"properties":{"cps":68,"y":"2008","lith":" "}},{"type":"Feature","id":4546,"geometry":{"type":"Point","coordinates":[-109.42457,57.61544]},"properties":{"cps":0,"y":"2012","lith":"Weathered/Altered basement rock"}},{"type":"Feature","id":4547,"geometry":{"type":"Point","coordinates":[-105.23486,57.65454]},"properties":{"cps":0,"y":"1982","lith":" "}},{"type":"Feature","id":4548,"geometry":{"type":"Point","coordinates":[-105.68626,57.17484]},"properties":{"cps":0,"y":"1994","lith":"SANDSTONE"}},{"type":"Feature","id":4549,"geometry":{"type":"Point","coordinates":[-104.78218,57.41766]},"properties":{"cps":250,"y":"1979","lith":"CONGLOMERATE"}},{"type":"Feature","id":4550,"geometry":{"type":"Point","coordinates":[-105.24615,57.65167]},"properties":{"cps":0,"y":"1982","lith":" "}},{"type":"Feature","id":4551,"geometry":{"type":"Point","coordinates":[-104.88348,58.93606]},"properties":{"cps":68,"y":"2008","lith":" "}},{"type":"Feature","id":4552,"geometry":{"type":"Point","coordinates":[-105.44295,57.31332]},"properties":{"cps":240,"y":"1979","lith":"SANDSTONE"}},{"type":"Feature","id":4553,"geometry":{"type":"Point","coordinates":[-105.34584,57.62679]},"properties":{"cps":110,"y":"1980","lith":"SANDSTONE"}},{"type":"Feature","id":4554,"geometry":{"type":"Point","coordinates":[-103.49646,57.61043]},"properties":{"cps":1015,"y":"1979","lith":"Biotite Granite"}},{"type":"Feature","id":4555,"geometry":{"type":"Point","coordinates":[-104.8457,58.90247]},"properties":{"cps":40,"y":"2008","lith":" "}},{"type":"Feature","id":4556,"geometry":{"type":"Point","coordinates":[-105.28422,57.66132]},"properties":{"cps":0,"y":"1982","lith":" "}},{"type":"Feature","id":4557,"geometry":{"type":"Point","coordinates":[-104.1266,57.8242]},"properties":{"cps":550,"y":"1980","lith":"CONGLOMERATE"}},{"type":"Feature","id":4558,"geometry":{"type":"Point","coordinates":[-106.35492,57.7861]},"properties":{"cps":350,"y":"1980","lith":"Granite"}},{"type":"Feature","id":4559,"geometry":{"type":"Point","coordinates":[-104.03643,58.35162]},"properties":{"cps":235,"y":"2009","lith":"Sandstone"}},{"type":"Feature","id":4560,"geometry":{"type":"Point","coordinates":[-104.04791,58.3434]},"properties":{"cps":504,"y":"2009","lith":"Conglomeritic Sandstone"}},{"type":"Feature","id":4561,"geometry":{"type":"Point","coordinates":[-107.54792,59.34465]},"properties":{"cps":3000,"y":"2005","lith":"SANDSTONE"}},{"type":"Feature","id":4562,"geometry":{"type":"Point","coordinates":[-103.48791,57.61953]},"properties":{"cps":130,"y":"1979","lith":"Granitic Gneiss"}},{"type":"Feature","id":4563,"geometry":{"type":"Point","coordinates":[-105.33328,57.6317]},"properties":{"cps":290,"y":"1980","lith":"SANDSTONE"}},{"type":"Feature","id":4564,"geometry":{"type":"Point","coordinates":[-104.88707,58.89842]},"properties":{"cps":40,"y":"2008","lith":" "}},{"type":"Feature","id":4565,"geometry":{"type":"Point","coordinates":[-103.36435,57.54254]},"properties":{"cps":5100,"y":"1980","lith":"Pegmatite"}},{"type":"Feature","id":4566,"geometry":{"type":"Point","coordinates":[-105.14398,57.70845]},"properties":{"cps":350,"y":"1982","lith":"SANDSTONE"}},{"type":"Feature","id":4567,"geometry":{"type":"Point","coordinates":[-105.132,57.70113]},"properties":{"cps":0,"y":"1982","lith":" "}},{"type":"Feature","id":4568,"geometry":{"type":"Point","coordinates":[-104.77267,57.42062]},"properties":{"cps":200,"y":"1979","lith":"CONGLOMERATE"}},{"type":"Feature","id":4569,"geometry":{"type":"Point","coordinates":[-105.02679,57.69147]},"properties":{"cps":200,"y":"1982","lith":"SANDSTONE"}},{"type":"Feature","id":4570,"geometry":{"type":"Point","coordinates":[-103.90216,58.00097]},"properties":{"cps":1280,"y":"1983","lith":"Pegmatoid"}},{"type":"Feature","id":4571,"geometry":{"type":"Point","coordinates":[-105.68432,57.14406]},"properties":{"cps":0,"y":"1994","lith":"SANDSTONE"}},{"type":"Feature","id":4572,"geometry":{"type":"Point","coordinates":[-105.21883,57.27909]},"properties":{"cps":350,"y":"1981","lith":"SANDSTONE"}},{"type":"Feature","id":4573,"geometry":{"type":"Point","coordinates":[-104.68927,58.98654]},"properties":{"cps":85,"y":"2008","lith":" "}},{"type":"Feature","id":4574,"geometry":{"type":"Point","coordinates":[-103.99533,57.55154]},"properties":{"cps":800,"y":"2012","lith":" "}},{"type":"Feature","id":4575,"geometry":{"type":"Point","coordinates":[-104.04481,58.34049]},"properties":{"cps":127,"y":"2009","lith":"Sandstone"}},{"type":"Feature","id":4576,"geometry":{"type":"Point","coordinates":[-109.57346,58.46412]},"properties":{"cps":320,"y":"1982","lith":"Pegmatoid"}},{"type":"Feature","id":4577,"geometry":{"type":"Point","coordinates":[-104.63037,57.02704]},"properties":{"cps":3000,"y":"1980","lith":"BIOTITE GNEISS-SCHIST"}},{"type":"Feature","id":4578,"geometry":{"type":"Point","coordinates":[-105.32188,57.64067]},"properties":{"cps":180,"y":"1980","lith":"SANDSTONE"}},{"type":"Feature","id":4579,"geometry":{"type":"Point","coordinates":[-105.68385,57.1448]},"properties":{"cps":0,"y":"1994","lith":"SANDSTONE"}},{"type":"Feature","id":4580,"geometry":{"type":"Point","coordinates":[-103.9094,57.99927]},"properties":{"cps":1200,"y":"1983","lith":"Pegmatoid"}},{"type":"Feature","id":4581,"geometry":{"type":"Point","coordinates":[-103.4894,57.62372]},"properties":{"cps":0,"y":"1979","lith":"Biotite Granite"}},{"type":"Feature","id":4582,"geometry":{"type":"Point","coordinates":[-107.54158,59.34633]},"properties":{"cps":3000,"y":"2005","lith":"SANDSTONE"}},{"type":"Feature","id":4583,"geometry":{"type":"Point","coordinates":[-103.9051,57.99739]},"properties":{"cps":1775,"y":"1983","lith":"Granite"}},{"type":"Feature","id":4584,"geometry":{"type":"Point","coordinates":[-104.04996,58.34055]},"properties":{"cps":216,"y":"2009","lith":"Sandstone"}},{"type":"Feature","id":4585,"geometry":{"type":"Point","coordinates":[-104.74329,58.99848]},"properties":{"cps":40,"y":"2008","lith":" "}},{"type":"Feature","id":4586,"geometry":{"type":"Point","coordinates":[-105.1936,57.66821]},"properties":{"cps":0,"y":"1982","lith":" "}},{"type":"Feature","id":4587,"geometry":{"type":"Point","coordinates":[-105.20064,57.66339]},"properties":{"cps":0,"y":"1982","lith":" "}},{"type":"Feature","id":4588,"geometry":{"type":"Point","coordinates":[-105.20024,57.29425]},"properties":{"cps":400,"y":"1981","lith":"CONGLOMERATE"}},{"type":"Feature","id":4589,"geometry":{"type":"Point","coordinates":[-103.50309,57.6174]},"properties":{"cps":160,"y":"1979","lith":"Meta Arkose"}},{"type":"Feature","id":4590,"geometry":{"type":"Point","coordinates":[-105.43798,57.29582]},"properties":{"cps":125,"y":"1979","lith":"SANDSTONE"}},{"type":"Feature","id":4591,"geometry":{"type":"Point","coordinates":[-104.70541,58.99465]},"properties":{"cps":40,"y":"2008","lith":" "}},{"type":"Feature","id":4592,"geometry":{"type":"Point","coordinates":[-109.59345,58.48493]},"properties":{"cps":450,"y":"1982","lith":"Pegmatoid"}},{"type":"Feature","id":4593,"geometry":{"type":"Point","coordinates":[-105.80579,57.99381]},"properties":{"cps":9000,"y":"1980","lith":"Quartz Monzanite Gneiss"}},{"type":"Feature","id":4594,"geometry":{"type":"Point","coordinates":[-104.7446,58.99908]},"properties":{"cps":68,"y":"2008","lith":" "}},{"type":"Feature","id":4595,"geometry":{"type":"Point","coordinates":[-105.03059,57.38134]},"properties":{"cps":1000,"y":"1982","lith":"BASEMENT"}},{"type":"Feature","id":4596,"geometry":{"type":"Point","coordinates":[-104.04388,58.3442]},"properties":{"cps":237,"y":"2009","lith":"Sandstone"}},{"type":"Feature","id":4597,"geometry":{"type":"Point","coordinates":[-105.24149,57.68967]},"properties":{"cps":0,"y":"1983","lith":"SANDSTONE"}},{"type":"Feature","id":4598,"geometry":{"type":"Point","coordinates":[-104.01286,57.88388]},"properties":{"cps":300,"y":"1975","lith":"QUARTZITE"}},{"type":"Feature","id":4599,"geometry":{"type":"Point","coordinates":[-105.22533,57.6561]},"properties":{"cps":0,"y":"1982","lith":" "}},{"type":"Feature","id":4600,"geometry":{"type":"Point","coordinates":[-102.8118,58.02612]},"properties":{"cps":350,"y":"1975","lith":"PEGMATITE"}},{"type":"Feature","id":4601,"geometry":{"type":"Point","coordinates":[-107.54637,59.34567]},"properties":{"cps":750,"y":"2005","lith":"SANDSTONE"}},{"type":"Feature","id":4602,"geometry":{"type":"Point","coordinates":[-104.04482,58.34007]},"properties":{"cps":138,"y":"2009","lith":"Sandstone and Basement"}},{"type":"Feature","id":4603,"geometry":{"type":"Point","coordinates":[-107.54593,59.34591]},"properties":{"cps":750,"y":"2005","lith":"SANDSTONE"}},{"type":"Feature","id":4604,"geometry":{"type":"Point","coordinates":[-102.8074,58.0213]},"properties":{"cps":400,"y":"1975","lith":"PEGMATIC GRANITE"}},{"type":"Feature","id":4605,"geometry":{"type":"Point","coordinates":[-104.03442,58.35095]},"properties":{"cps":120,"y":"2009","lith":"Sandstone"}},{"type":"Feature","id":4606,"geometry":{"type":"Point","coordinates":[-105.1506,57.70251]},"properties":{"cps":275,"y":"1982","lith":"SANDSTONE"}},{"type":"Feature","id":4607,"geometry":{"type":"Point","coordinates":[-106.82413,57.44806]},"properties":{"cps":800,"y":"1981","lith":"Cherty Metasediment"}},{"type":"Feature","id":4608,"geometry":{"type":"Point","coordinates":[-104.86234,58.91281]},"properties":{"cps":40,"y":"2008","lith":" "}},{"type":"Feature","id":4609,"geometry":{"type":"Point","coordinates":[-104.03873,58.34422]},"properties":{"cps":152,"y":"2009","lith":"Sandstone"}},{"type":"Feature","id":4610,"geometry":{"type":"Point","coordinates":[-104.74088,58.99697]},"properties":{"cps":40,"y":"2008","lith":" "}},{"type":"Feature","id":4611,"geometry":{"type":"Point","coordinates":[-105.19323,57.66836]},"properties":{"cps":0,"y":"1982","lith":" "}},{"type":"Feature","id":4612,"geometry":{"type":"Point","coordinates":[-105.82168,57.15065]},"properties":{"cps":0,"y":"1994","lith":"SANDSTONE"}},{"type":"Feature","id":4613,"geometry":{"type":"Point","coordinates":[-109.57987,58.50301]},"properties":{"cps":400,"y":"1982","lith":"Granite"}},{"type":"Feature","id":4614,"geometry":{"type":"Point","coordinates":[-103.52129,57.60866]},"properties":{"cps":1567,"y":"1979","lith":"Biotite Gneiss"}},{"type":"Feature","id":4615,"geometry":{"type":"Point","coordinates":[-107.53965,59.34786]},"properties":{"cps":3000,"y":"2005","lith":"SANDSTONE"}},{"type":"Feature","id":4616,"geometry":{"type":"Point","coordinates":[-103.52053,57.60822]},"properties":{"cps":330,"y":"1979","lith":"Leucogranite"}},{"type":"Feature","id":4617,"geometry":{"type":"Point","coordinates":[-105.15953,57.69912]},"properties":{"cps":0,"y":"1982","lith":" "}},{"type":"Feature","id":4618,"geometry":{"type":"Point","coordinates":[-104.05574,58.33707]},"properties":{"cps":159,"y":"2009","lith":"Granite"}},{"type":"Feature","id":4619,"geometry":{"type":"Point","coordinates":[-109.80345,58.09125]},"properties":{"cps":0,"y":"2010","lith":"Granite, possibly semipelitic and weathered"}},{"type":"Feature","id":4620,"geometry":{"type":"Point","coordinates":[-104.73731,58.9949]},"properties":{"cps":68,"y":"2008","lith":" "}},{"type":"Feature","id":4621,"geometry":{"type":"Point","coordinates":[-105.64373,57.15281]},"properties":{"cps":0,"y":"1994","lith":"SANDSTONE"}},{"type":"Feature","id":4622,"geometry":{"type":"Point","coordinates":[-104.75107,57.42635]},"properties":{"cps":360,"y":"1979","lith":"CONGLOMERATE"}},{"type":"Feature","id":4623,"geometry":{"type":"Point","coordinates":[-104.98098,57.40673]},"properties":{"cps":2360,"y":"1982","lith":"BASEMENT"}},{"type":"Feature","id":4624,"geometry":{"type":"Point","coordinates":[-105.16375,57.6961]},"properties":{"cps":0,"y":"1982","lith":" "}},{"type":"Feature","id":4625,"geometry":{"type":"Point","coordinates":[-103.90387,57.99968]},"properties":{"cps":700,"y":"1983","lith":"Pegmatite"}},{"type":"Feature","id":4626,"geometry":{"type":"Point","coordinates":[-105.14213,57.70946]},"properties":{"cps":0,"y":"1982","lith":" "}},{"type":"Feature","id":4627,"geometry":{"type":"Point","coordinates":[-109.58117,58.5027]},"properties":{"cps":315,"y":"1982","lith":"Pegmatoid"}},{"type":"Feature","id":4628,"geometry":{"type":"Point","coordinates":[-104.05455,58.33867]},"properties":{"cps":499,"y":"2009","lith":"Granite"}},{"type":"Feature","id":4629,"geometry":{"type":"Point","coordinates":[-105.03041,57.38151]},"properties":{"cps":1700,"y":"1982","lith":"BASEMENT"}},{"type":"Feature","id":4630,"geometry":{"type":"Point","coordinates":[-103.90312,58.00154]},"properties":{"cps":500,"y":"1983","lith":"Granite"}},{"type":"Feature","id":4631,"geometry":{"type":"Point","coordinates":[-105.45707,57.41664]},"properties":{"cps":250,"y":"1982","lith":"SANDSTONE"}},{"type":"Feature","id":4632,"geometry":{"type":"Point","coordinates":[-103.48668,57.62224]},"properties":{"cps":0,"y":"1979","lith":"Biotite Actinolite Gneiss"}},{"type":"Feature","id":4633,"geometry":{"type":"Point","coordinates":[-104.04969,58.3406]},"properties":{"cps":306,"y":"2009","lith":"Sandstone"}},{"type":"Feature","id":4634,"geometry":{"type":"Point","coordinates":[-104.92782,58.88414]},"properties":{"cps":68,"y":"2008","lith":" "}},{"type":"Feature","id":4635,"geometry":{"type":"Point","coordinates":[-105.70584,57.16816]},"properties":{"cps":0,"y":"1994","lith":"SANDSTONE"}},{"type":"Feature","id":4636,"geometry":{"type":"Point","coordinates":[-107.54591,59.34581]},"properties":{"cps":3000,"y":"2005","lith":"SANDSTONE"}},{"type":"Feature","id":4637,"geometry":{"type":"Point","coordinates":[-105.02993,57.38148]},"properties":{"cps":16000,"y":"1982","lith":"BASEMENT"}},{"type":"Feature","id":4638,"geometry":{"type":"Point","coordinates":[-103.48348,57.61449]},"properties":{"cps":0,"y":"1979","lith":"Sandstone"}},{"type":"Feature","id":4639,"geometry":{"type":"Point","coordinates":[-104.97327,57.3619]},"properties":{"cps":1120,"y":"1982","lith":"BASEMENT"}},{"type":"Feature","id":4640,"geometry":{"type":"Point","coordinates":[-109.59732,58.50564]},"properties":{"cps":180,"y":"1981","lith":"Conglomerate"}},{"type":"Feature","id":4641,"geometry":{"type":"Point","coordinates":[-105.15173,57.7023]},"properties":{"cps":0,"y":"1982","lith":" "}},{"type":"Feature","id":4642,"geometry":{"type":"Point","coordinates":[-105.70634,57.16874]},"properties":{"cps":0,"y":"1994","lith":"SANDSTONE"}},{"type":"Feature","id":4643,"geometry":{"type":"Point","coordinates":[-103.48632,57.62194]},"properties":{"cps":0,"y":"1979","lith":"Biotite Gneiss"}},{"type":"Feature","id":4644,"geometry":{"type":"Point","coordinates":[-103.47563,57.61682]},"properties":{"cps":140,"y":"1979","lith":"Albite-Biotite Gneiss"}},{"type":"Feature","id":4645,"geometry":{"type":"Point","coordinates":[-105.14083,57.69895]},"properties":{"cps":0,"y":"1982","lith":" "}},{"type":"Feature","id":4646,"geometry":{"type":"Point","coordinates":[-104.03811,58.34278]},"properties":{"cps":164,"y":"2009","lith":"Sandstone"}},{"type":"Feature","id":4647,"geometry":{"type":"Point","coordinates":[-103.90734,58.00053]},"properties":{"cps":170,"y":"1983","lith":"Athabasca Formation"}},{"type":"Feature","id":4648,"geometry":{"type":"Point","coordinates":[-106.36578,57.79738]},"properties":{"cps":300,"y":"1980","lith":"Pegmatite"}},{"type":"Feature","id":4649,"geometry":{"type":"Point","coordinates":[-105.45262,57.30228]},"properties":{"cps":120,"y":"1979","lith":"SANDSTONE"}},{"type":"Feature","id":4650,"geometry":{"type":"Point","coordinates":[-105.75164,57.13726]},"properties":{"cps":0,"y":"1994","lith":"SANDSTONE"}},{"type":"Feature","id":4651,"geometry":{"type":"Point","coordinates":[-109.58061,58.50282]},"properties":{"cps":360,"y":"1982","lith":"Granite"}},{"type":"Feature","id":4652,"geometry":{"type":"Point","coordinates":[-109.5809,58.47975]},"properties":{"cps":420,"y":"1982","lith":"Pegmatoid"}},{"type":"Feature","id":4653,"geometry":{"type":"Point","coordinates":[-109.5917,58.4884]},"properties":{"cps":350,"y":"1982","lith":"Pegmatoid"}},{"type":"Feature","id":4654,"geometry":{"type":"Point","coordinates":[-103.89985,57.99867]},"properties":{"cps":750,"y":"1983","lith":"Pegmatite"}},{"type":"Feature","id":4655,"geometry":{"type":"Point","coordinates":[-109.59325,58.48136]},"properties":{"cps":400,"y":"1982","lith":"Pegmatoid"}},{"type":"Feature","id":4656,"geometry":{"type":"Point","coordinates":[-104.74559,58.99956]},"properties":{"cps":40,"y":"2008","lith":" "}},{"type":"Feature","id":4657,"geometry":{"type":"Point","coordinates":[-105.24033,57.65311]},"properties":{"cps":0,"y":"1982","lith":" "}},{"type":"Feature","id":4658,"geometry":{"type":"Point","coordinates":[-109.59326,58.48782]},"properties":{"cps":525,"y":"1982","lith":"Granite"}},{"type":"Feature","id":4659,"geometry":{"type":"Point","coordinates":[-105.42689,57.3702]},"properties":{"cps":300,"y":"1981","lith":"SANDSTONE"}},{"type":"Feature","id":4660,"geometry":{"type":"Point","coordinates":[-104.77812,57.4179]},"properties":{"cps":280,"y":"1979","lith":"CONGLOMERATE"}},{"type":"Feature","id":4661,"geometry":{"type":"Point","coordinates":[-104.93267,58.93273]},"properties":{"cps":40,"y":"2008","lith":" "}},{"type":"Feature","id":4662,"geometry":{"type":"Point","coordinates":[-104.91572,58.92072]},"properties":{"cps":40,"y":"2008","lith":" "}},{"type":"Feature","id":4663,"geometry":{"type":"Point","coordinates":[-105.14655,57.70501]},"properties":{"cps":350,"y":"1982","lith":"SANDSTONE"}},{"type":"Feature","id":4664,"geometry":{"type":"Point","coordinates":[-107.54382,59.34675]},"properties":{"cps":3000,"y":"2005","lith":"SANDSTONE"}},{"type":"Feature","id":4665,"geometry":{"type":"Point","coordinates":[-104.1047,57.81604]},"properties":{"cps":550,"y":"1980","lith":"CONGLOMERATE"}},{"type":"Feature","id":4666,"geometry":{"type":"Point","coordinates":[-104.71498,58.99992]},"properties":{"cps":68,"y":"2008","lith":" "}},{"type":"Feature","id":4667,"geometry":{"type":"Point","coordinates":[-103.89972,58.00095]},"properties":{"cps":560,"y":"1983","lith":"Pegmatite"}},{"type":"Feature","id":4668,"geometry":{"type":"Point","coordinates":[-103.52369,57.60937]},"properties":{"cps":155,"y":"1979","lith":"Leucogranite"}},{"type":"Feature","id":4669,"geometry":{"type":"Point","coordinates":[-104.37411,59.12032]},"properties":{"cps":550,"y":"1998","lith":"Granite"}},{"type":"Feature","id":4670,"geometry":{"type":"Point","coordinates":[-103.99163,57.54609]},"properties":{"cps":21400,"y":"2012","lith":" "}},{"type":"Feature","id":4671,"geometry":{"type":"Point","coordinates":[-104.87744,58.92369]},"properties":{"cps":40,"y":"2008","lith":" "}},{"type":"Feature","id":4672,"geometry":{"type":"Point","coordinates":[-104.04228,58.34261]},"properties":{"cps":139,"y":"2009","lith":"Sandstone"}},{"type":"Feature","id":4673,"geometry":{"type":"Point","coordinates":[-104.93522,58.93493]},"properties":{"cps":40,"y":"2008","lith":" "}},{"type":"Feature","id":4674,"geometry":{"type":"Point","coordinates":[-104.04862,58.34078]},"properties":{"cps":552,"y":"2009","lith":"Sandstone"}},{"type":"Feature","id":4675,"geometry":{"type":"Point","coordinates":[-104.93664,58.89154]},"properties":{"cps":40,"y":"2008","lith":" "}},{"type":"Feature","id":4676,"geometry":{"type":"Point","coordinates":[-107.54636,59.3456]},"properties":{"cps":750,"y":"2005","lith":"SANDSTONE"}},{"type":"Feature","id":4677,"geometry":{"type":"Point","coordinates":[-104.88553,58.93756]},"properties":{"cps":68,"y":"2008","lith":" "}},{"type":"Feature","id":4678,"geometry":{"type":"Point","coordinates":[-106.19998,57.96855]},"properties":{"cps":100,"y":"1980","lith":"Mafic Gneiss"}},{"type":"Feature","id":4679,"geometry":{"type":"Point","coordinates":[-109.57497,58.49499]},"properties":{"cps":360,"y":"1982","lith":"Pegmatoid"}},{"type":"Feature","id":4680,"geometry":{"type":"Point","coordinates":[-105.27445,57.66509]},"properties":{"cps":0,"y":"1982","lith":" "}},{"type":"Feature","id":4681,"geometry":{"type":"Point","coordinates":[-109.58575,58.49027]},"properties":{"cps":310,"y":"1982","lith":"Pegmatoid"}},{"type":"Feature","id":4682,"geometry":{"type":"Point","coordinates":[-105.229,57.65581]},"properties":{"cps":225,"y":"1982","lith":"SANDSTONE"}},{"type":"Feature","id":4683,"geometry":{"type":"Point","coordinates":[-109.42527,57.61864]},"properties":{"cps":6245,"y":"2012","lith":"Massive Pitchblende"}},{"type":"Feature","id":4684,"geometry":{"type":"Point","coordinates":[-104.97922,57.31745]},"properties":{"cps":400,"y":"1981","lith":"CONGLOMERATE"}},{"type":"Feature","id":4685,"geometry":{"type":"Point","coordinates":[-104.03976,58.34271]},"properties":{"cps":302,"y":"2009","lith":"Sandstone"}},{"type":"Feature","id":4686,"geometry":{"type":"Point","coordinates":[-107.83053,59.22873]},"properties":{"cps":5200,"y":"2006","lith":" "}},{"type":"Feature","id":4687,"geometry":{"type":"Point","coordinates":[-104.73841,58.99558]},"properties":{"cps":40,"y":"2008","lith":" "}},{"type":"Feature","id":4688,"geometry":{"type":"Point","coordinates":[-104.0951,58.29069]},"properties":{"cps":25000,"y":"1969","lith":"Sandstone"}},{"type":"Feature","id":4689,"geometry":{"type":"Point","coordinates":[-103.49999,57.61456]},"properties":{"cps":0,"y":"1979","lith":"Biotite-Hornblende-Albite Gneiss"}},{"type":"Feature","id":4690,"geometry":{"type":"Point","coordinates":[-105.60007,57.34155]},"properties":{"cps":113,"y":"1977","lith":"GRANITE"}},{"type":"Feature","id":4691,"geometry":{"type":"Point","coordinates":[-103.51621,57.60219]},"properties":{"cps":180,"y":"1979","lith":"Leucogranite"}},{"type":"Feature","id":4692,"geometry":{"type":"Point","coordinates":[-104.76076,57.42039]},"properties":{"cps":500,"y":"1979","lith":"CONGLOMERATE"}},{"type":"Feature","id":4693,"geometry":{"type":"Point","coordinates":[-109.5871,58.48292]},"properties":{"cps":750,"y":"1982","lith":"Pegmatoid"}},{"type":"Feature","id":4694,"geometry":{"type":"Point","coordinates":[-106.84501,57.42418]},"properties":{"cps":750,"y":"1981","lith":"Granite"}},{"type":"Feature","id":4695,"geometry":{"type":"Point","coordinates":[-105.24997,57.65338]},"properties":{"cps":0,"y":"1982","lith":" "}},{"type":"Feature","id":4696,"geometry":{"type":"Point","coordinates":[-104.0539,58.34081]},"properties":{"cps":264,"y":"2009","lith":"Sandstone"}},{"type":"Feature","id":4697,"geometry":{"type":"Point","coordinates":[-105.45342,57.30928]},"properties":{"cps":200,"y":"1979","lith":"SANDSTONE"}},{"type":"Feature","id":4698,"geometry":{"type":"Point","coordinates":[-103.38834,57.52296]},"properties":{"cps":6500,"y":"1980","lith":"Granitic Gneiss"}},{"type":"Feature","id":4699,"geometry":{"type":"Point","coordinates":[-105.30882,57.64373]},"properties":{"cps":280,"y":"1980","lith":"SANDSTONE"}},{"type":"Feature","id":4700,"geometry":{"type":"Point","coordinates":[-105.15025,57.70309]},"properties":{"cps":0,"y":"1982","lith":" "}},{"type":"Feature","id":4701,"geometry":{"type":"Point","coordinates":[-107.54592,59.3457]},"properties":{"cps":3000,"y":"2005","lith":"SANDSTONE"}},{"type":"Feature","id":4702,"geometry":{"type":"Point","coordinates":[-104.03822,58.34303]},"properties":{"cps":292,"y":"2009","lith":"Sandstone"}},{"type":"Feature","id":4703,"geometry":{"type":"Point","coordinates":[-104.05455,58.34088]},"properties":{"cps":294,"y":"2009","lith":"Conglomeratic Sandstone"}},{"type":"Feature","id":4704,"geometry":{"type":"Point","coordinates":[-104.78068,57.41518]},"properties":{"cps":200,"y":"1979","lith":"CONGLOMERATE"}},{"type":"Feature","id":4705,"geometry":{"type":"Point","coordinates":[-104.87558,58.8904]},"properties":{"cps":40,"y":"2008","lith":" "}},{"type":"Feature","id":4706,"geometry":{"type":"Point","coordinates":[-105.80603,57.96463]},"properties":{"cps":420,"y":"1980","lith":"Granite"}},{"type":"Feature","id":4707,"geometry":{"type":"Point","coordinates":[-104.0326,58.34865]},"properties":{"cps":141,"y":"2009","lith":"Sandstone"}},{"type":"Feature","id":4708,"geometry":{"type":"Point","coordinates":[-104.09268,58.29341]},"properties":{"cps":25000,"y":"1969","lith":"Sandstone"}},{"type":"Feature","id":4709,"geometry":{"type":"Point","coordinates":[-104.7398,58.99623]},"properties":{"cps":40,"y":"2008","lith":" "}},{"type":"Feature","id":4710,"geometry":{"type":"Point","coordinates":[-105.14353,57.70824]},"properties":{"cps":0,"y":"1982","lith":" "}},{"type":"Feature","id":4711,"geometry":{"type":"Point","coordinates":[-105.63037,57.15282]},"properties":{"cps":0,"y":"1994","lith":"SANDSTONE"}},{"type":"Feature","id":4712,"geometry":{"type":"Point","coordinates":[-105.64091,57.16501]},"properties":{"cps":0,"y":"1994","lith":"SANDSTONE"}},{"type":"Feature","id":4713,"geometry":{"type":"Point","coordinates":[-104.05479,58.33785]},"properties":{"cps":601,"y":"2009","lith":"Conglomeritic Sandstone"}},{"type":"Feature","id":4714,"geometry":{"type":"Point","coordinates":[-105.73683,57.98339]},"properties":{"cps":300,"y":"1980","lith":"Granite"}},{"type":"Feature","id":4715,"geometry":{"type":"Point","coordinates":[-109.59118,58.48557]},"properties":{"cps":320,"y":"1982","lith":"Pegmatoid"}},{"type":"Feature","id":4716,"geometry":{"type":"Point","coordinates":[-104.9731,57.37233]},"properties":{"cps":5100,"y":"1982","lith":"BASEMENT"}},{"type":"Feature","id":4717,"geometry":{"type":"Point","coordinates":[-104.93126,58.932]},"properties":{"cps":40,"y":"2008","lith":" "}},{"type":"Feature","id":4718,"geometry":{"type":"Point","coordinates":[-109.42247,57.61956]},"properties":{"cps":3225,"y":"2012","lith":"Massive Pitchblende"}},{"type":"Feature","id":4719,"geometry":{"type":"Point","coordinates":[-103.51242,57.61234]},"properties":{"cps":900,"y":"1979","lith":"Granitic Gneiss"}},{"type":"Feature","id":4720,"geometry":{"type":"Point","coordinates":[-104.92122,58.92658]},"properties":{"cps":40,"y":"2008","lith":" "}},{"type":"Feature","id":4721,"geometry":{"type":"Point","coordinates":[-105.7735,57.1756]},"properties":{"cps":0,"y":"1994","lith":"SANDSTONE"}},{"type":"Feature","id":4722,"geometry":{"type":"Point","coordinates":[-105.59888,57.34427]},"properties":{"cps":113,"y":"1977","lith":"PEGMATITE"}},{"type":"Feature","id":4723,"geometry":{"type":"Point","coordinates":[-103.49109,57.62464]},"properties":{"cps":820,"y":"1979","lith":"Granite"}},{"type":"Feature","id":4724,"geometry":{"type":"Point","coordinates":[-107.54539,59.34571]},"properties":{"cps":750,"y":"2005","lith":"SANDSTONE"}},{"type":"Feature","id":4725,"geometry":{"type":"Point","coordinates":[-109.58016,58.50341]},"properties":{"cps":900,"y":"1982","lith":"Granite"}},{"type":"Feature","id":4726,"geometry":{"type":"Point","coordinates":[-107.54619,59.34468]},"properties":{"cps":3000,"y":"2005","lith":"SANDSTONE"}},{"type":"Feature","id":4727,"geometry":{"type":"Point","coordinates":[-104.03764,58.34281]},"properties":{"cps":425,"y":"2009","lith":"Basement"}},{"type":"Feature","id":4728,"geometry":{"type":"Point","coordinates":[-106.20276,57.96815]},"properties":{"cps":240,"y":"1980","lith":"Felsic Gneiss"}},{"type":"Feature","id":4729,"geometry":{"type":"Point","coordinates":[-104.78355,58.99539]},"properties":{"cps":68,"y":"2008","lith":" "}},{"type":"Feature","id":4730,"geometry":{"type":"Point","coordinates":[-109.42524,57.61864]},"properties":{"cps":0,"y":"2012","lith":"Massive Pitchblende"}},{"type":"Feature","id":4731,"geometry":{"type":"Point","coordinates":[-103.52039,57.60814]},"properties":{"cps":230,"y":"1979","lith":"Biotite Schist"}},{"type":"Feature","id":4732,"geometry":{"type":"Point","coordinates":[-103.49953,57.61398]},"properties":{"cps":850,"y":"1979","lith":"Biotite Granite"}},{"type":"Feature","id":4733,"geometry":{"type":"Point","coordinates":[-109.58241,58.503]},"properties":{"cps":425,"y":"1982","lith":"Pegmatoid"}},{"type":"Feature","id":4734,"geometry":{"type":"Point","coordinates":[-103.46861,57.62167]},"properties":{"cps":0,"y":"1979","lith":"Biotite Gneiss"}},{"type":"Feature","id":4735,"geometry":{"type":"Point","coordinates":[-105.44712,57.2916]},"properties":{"cps":120,"y":"1979","lith":"META-SEDIMENT"}},{"type":"Feature","id":4736,"geometry":{"type":"Point","coordinates":[-103.52372,57.60883]},"properties":{"cps":0,"y":"1979","lith":"Quartzite"}},{"type":"Feature","id":4737,"geometry":{"type":"Point","coordinates":[-105.80293,57.1627]},"properties":{"cps":0,"y":"1994","lith":"SANDSTONE"}},{"type":"Feature","id":4738,"geometry":{"type":"Point","coordinates":[-105.69591,57.13843]},"properties":{"cps":0,"y":"1994","lith":"SANDSTONE"}},{"type":"Feature","id":4739,"geometry":{"type":"Point","coordinates":[-104.78201,57.41735]},"properties":{"cps":200,"y":"1979","lith":"PEGMATITE"}},{"type":"Feature","id":4740,"geometry":{"type":"Point","coordinates":[-104.77347,57.41774]},"properties":{"cps":600,"y":"1979","lith":"CONGLOMERATE"}},{"type":"Feature","id":4741,"geometry":{"type":"Point","coordinates":[-104.95861,57.33076]},"properties":{"cps":400,"y":"1981","lith":"CONGLOMERATE"}},{"type":"Feature","id":4742,"geometry":{"type":"Point","coordinates":[-105.01456,57.35818]},"properties":{"cps":1000,"y":"1982","lith":"CONGLOMERATE"}},{"type":"Feature","id":4743,"geometry":{"type":"Point","coordinates":[-106.20017,57.96731]},"properties":{"cps":50,"y":"1980","lith":"Gneiss"}},{"type":"Feature","id":4744,"geometry":{"type":"Point","coordinates":[-105.41852,57.30947]},"properties":{"cps":130,"y":"1979","lith":"GRANITE"}},{"type":"Feature","id":4745,"geometry":{"type":"Point","coordinates":[-105.14148,57.70091]},"properties":{"cps":0,"y":"1982","lith":" "}},{"type":"Feature","id":4746,"geometry":{"type":"Point","coordinates":[-104.0455,58.34511]},"properties":{"cps":200,"y":"2009","lith":"Sandstone"}},{"type":"Feature","id":4747,"geometry":{"type":"Point","coordinates":[-105.02759,57.69084]},"properties":{"cps":300,"y":"1982","lith":"SANDSTONE"}},{"type":"Feature","id":4748,"geometry":{"type":"Point","coordinates":[-104.77645,57.41729]},"properties":{"cps":200,"y":"1979","lith":"CONGLOMERATE"}},{"type":"Feature","id":4749,"geometry":{"type":"Point","coordinates":[-104.78097,58.99422]},"properties":{"cps":40,"y":"2008","lith":" "}},{"type":"Feature","id":4750,"geometry":{"type":"Point","coordinates":[-109.57492,58.47987]},"properties":{"cps":380,"y":"1982","lith":"Granite"}},{"type":"Feature","id":4751,"geometry":{"type":"Point","coordinates":[-105.27307,57.66591]},"properties":{"cps":0,"y":"1982","lith":"CONGLOMERATE QUATRZ SANDSTONE"}},{"type":"Feature","id":4752,"geometry":{"type":"Point","coordinates":[-105.19888,57.66514]},"properties":{"cps":250,"y":"1982","lith":"SANDSTONE"}},{"type":"Feature","id":4753,"geometry":{"type":"Point","coordinates":[-105.20935,57.29025]},"properties":{"cps":400,"y":"1981","lith":"CONGLOMERATE"}},{"type":"Feature","id":4754,"geometry":{"type":"Point","coordinates":[-105.14435,57.70829]},"properties":{"cps":300,"y":"1982","lith":"SANDSTONE"}},{"type":"Feature","id":4755,"geometry":{"type":"Point","coordinates":[-105.03298,57.38002]},"properties":{"cps":2300,"y":"1982","lith":"BASEMENT"}},{"type":"Feature","id":4756,"geometry":{"type":"Point","coordinates":[-103.49796,57.61235]},"properties":{"cps":0,"y":"1979","lith":"Leucogranite"}},{"type":"Feature","id":4757,"geometry":{"type":"Point","coordinates":[-104.09433,58.29209]},"properties":{"cps":25000,"y":"1969","lith":"Sandstone"}},{"type":"Feature","id":4758,"geometry":{"type":"Point","coordinates":[-104.84499,58.90163]},"properties":{"cps":40,"y":"2008","lith":" "}},{"type":"Feature","id":4759,"geometry":{"type":"Point","coordinates":[-109.57493,58.47859]},"properties":{"cps":400,"y":"1982","lith":"Granite"}},{"type":"Feature","id":4760,"geometry":{"type":"Point","coordinates":[-104.74068,57.42796]},"properties":{"cps":280,"y":"1979","lith":"PEGMATITE"}},{"type":"Feature","id":4761,"geometry":{"type":"Point","coordinates":[-103.47739,57.62356]},"properties":{"cps":0,"y":"1979","lith":"Biotite Granite Porphyry"}},{"type":"Feature","id":4762,"geometry":{"type":"Point","coordinates":[-105.13015,57.70074]},"properties":{"cps":150,"y":"1982","lith":"SANDSTONE"}},{"type":"Feature","id":4763,"geometry":{"type":"Point","coordinates":[-105.59479,57.22024]},"properties":{"cps":0,"y":"1994","lith":"SANDSTONE"}},{"type":"Feature","id":4764,"geometry":{"type":"Point","coordinates":[-109.58279,58.48574]},"properties":{"cps":1150,"y":"1982","lith":"Pegmatoid"}},{"type":"Feature","id":4765,"geometry":{"type":"Point","coordinates":[-104.83534,58.89643]},"properties":{"cps":40,"y":"2008","lith":" "}},{"type":"Feature","id":4766,"geometry":{"type":"Point","coordinates":[-104.0138,57.91164]},"properties":{"cps":90,"y":"1975","lith":"META-SEDIMENT"}},{"type":"Feature","id":4767,"geometry":{"type":"Point","coordinates":[-105.47174,57.39113]},"properties":{"cps":300,"y":"1982","lith":"CONGLOMERATE"}},{"type":"Feature","id":4768,"geometry":{"type":"Point","coordinates":[-104.967,57.32552]},"properties":{"cps":400,"y":"1981","lith":"CONGLOMERATE"}},{"type":"Feature","id":4769,"geometry":{"type":"Point","coordinates":[-105.13819,57.70303]},"properties":{"cps":100,"y":"1982","lith":"SANDSTONE"}},{"type":"Feature","id":4770,"geometry":{"type":"Point","coordinates":[-105.00938,57.39332]},"properties":{"cps":1300,"y":"1982","lith":"BASEMENT"}},{"type":"Feature","id":4771,"geometry":{"type":"Point","coordinates":[-104.98009,57.37636]},"properties":{"cps":1080,"y":"1982","lith":"CONGLOMERATE"}},{"type":"Feature","id":4772,"geometry":{"type":"Point","coordinates":[-104.73604,58.99423]},"properties":{"cps":85,"y":"2008","lith":" "}},{"type":"Feature","id":4773,"geometry":{"type":"Point","coordinates":[-104.69059,58.98711]},"properties":{"cps":68,"y":"2008","lith":" "}},{"type":"Feature","id":4774,"geometry":{"type":"Point","coordinates":[-105.3346,57.63063]},"properties":{"cps":210,"y":"1980","lith":"SANDSTONE"}},{"type":"Feature","id":4775,"geometry":{"type":"Point","coordinates":[-104.95174,57.45463]},"properties":{"cps":400,"y":"1981","lith":"CONGLOMERATE"}},{"type":"Feature","id":4776,"geometry":{"type":"Point","coordinates":[-104.04395,58.34155]},"properties":{"cps":120,"y":"2009","lith":"Sandstone"}},{"type":"Feature","id":4777,"geometry":{"type":"Point","coordinates":[-109.42132,57.61678]},"properties":{"cps":0,"y":"2012","lith":"Massive Pitchblende"}},{"type":"Feature","id":4778,"geometry":{"type":"Point","coordinates":[-104.89476,58.9034]},"properties":{"cps":40,"y":"2008","lith":" "}},{"type":"Feature","id":4779,"geometry":{"type":"Point","coordinates":[-105.74673,57.17407]},"properties":{"cps":0,"y":"1994","lith":"SANDSTONE"}},{"type":"Feature","id":4780,"geometry":{"type":"Point","coordinates":[-105.1979,57.66492]},"properties":{"cps":0,"y":"1982","lith":" "}},{"type":"Feature","id":4781,"geometry":{"type":"Point","coordinates":[-109.58112,58.50286]},"properties":{"cps":310,"y":"1982","lith":"Pegmatoid"}},{"type":"Feature","id":4782,"geometry":{"type":"Point","coordinates":[-105.30432,57.64589]},"properties":{"cps":160,"y":"1980","lith":"SANDSTONE"}},{"type":"Feature","id":4783,"geometry":{"type":"Point","coordinates":[-104.9887,57.37009]},"properties":{"cps":1280,"y":"1982","lith":"CONGLOMERATE"}},{"type":"Feature","id":4784,"geometry":{"type":"Point","coordinates":[-103.48599,57.61839]},"properties":{"cps":2500,"y":"1979","lith":"Biotite Granite"}},{"type":"Feature","id":4785,"geometry":{"type":"Point","coordinates":[-107.81168,59.24872]},"properties":{"cps":2400,"y":"2006","lith":" "}},{"type":"Feature","id":4786,"geometry":{"type":"Point","coordinates":[-105.45778,57.29965]},"properties":{"cps":110,"y":"1979","lith":"GRANITE"}},{"type":"Feature","id":4787,"geometry":{"type":"Point","coordinates":[-103.90789,58.00228]},"properties":{"cps":140,"y":"1983","lith":"Granite"}},{"type":"Feature","id":4788,"geometry":{"type":"Point","coordinates":[-105.84662,57.15414]},"properties":{"cps":0,"y":"1994","lith":"SANDSTONE"}},{"type":"Feature","id":4789,"geometry":{"type":"Point","coordinates":[-109.57993,58.47675]},"properties":{"cps":1600,"y":"1982","lith":"Pegmatoid"}},{"type":"Feature","id":4790,"geometry":{"type":"Point","coordinates":[-105.61095,57.33357]},"properties":{"cps":113,"y":"1977","lith":"PEGMATITE - GRANITE"}},{"type":"Feature","id":4791,"geometry":{"type":"Point","coordinates":[-107.54732,59.34885]},"properties":{"cps":3000,"y":"2005","lith":"SANDSTONE"}},{"type":"Feature","id":4792,"geometry":{"type":"Point","coordinates":[-105.03957,57.37668]},"properties":{"cps":1150,"y":"1982","lith":"BASEMENT"}},{"type":"Feature","id":4793,"geometry":{"type":"Point","coordinates":[-104.04343,58.3435]},"properties":{"cps":189,"y":"2009","lith":"Sandstone"}},{"type":"Feature","id":4794,"geometry":{"type":"Point","coordinates":[-109.5815,58.50273]},"properties":{"cps":340,"y":"1982","lith":"Pegmatoid"}},{"type":"Feature","id":4795,"geometry":{"type":"Point","coordinates":[-104.782,58.9948]},"properties":{"cps":40,"y":"2008","lith":" "}},{"type":"Feature","id":4796,"geometry":{"type":"Point","coordinates":[-104.71117,58.9981]},"properties":{"cps":168,"y":"2008","lith":" "}},{"type":"Feature","id":4797,"geometry":{"type":"Point","coordinates":[-104.89217,58.94057]},"properties":{"cps":40,"y":"2008","lith":" "}},{"type":"Feature","id":4798,"geometry":{"type":"Point","coordinates":[-105.15685,57.69559]},"properties":{"cps":0,"y":"1982","lith":" "}},{"type":"Feature","id":4799,"geometry":{"type":"Point","coordinates":[-104.0515,58.34258]},"properties":{"cps":434,"y":"2009","lith":"Conglomeratic Sandstone"}},{"type":"Feature","id":4800,"geometry":{"type":"Point","coordinates":[-105.2938,57.65036]},"properties":{"cps":140,"y":"1980","lith":"SANDSTONE"}},{"type":"Feature","id":4801,"geometry":{"type":"Point","coordinates":[-103.90459,58.00495]},"properties":{"cps":1800,"y":"1983","lith":"Granite"}},{"type":"Feature","id":4802,"geometry":{"type":"Point","coordinates":[-103.49352,57.61242]},"properties":{"cps":1900,"y":"1979","lith":"Biotite Gneiss"}},{"type":"Feature","id":4803,"geometry":{"type":"Point","coordinates":[-106.53342,57.18208]},"properties":{"cps":300,"y":"2007","lith":"PEGMATITE"}},{"type":"Feature","id":4804,"geometry":{"type":"Point","coordinates":[-104.04639,58.34039]},"properties":{"cps":90,"y":"2009","lith":"Sandstone"}},{"type":"Feature","id":4805,"geometry":{"type":"Point","coordinates":[-103.49968,57.61296]},"properties":{"cps":150,"y":"1979","lith":"Biotite Gneiss"}},{"type":"Feature","id":4806,"geometry":{"type":"Point","coordinates":[-104.87603,58.92204]},"properties":{"cps":68,"y":"2008","lith":" "}},{"type":"Feature","id":4807,"geometry":{"type":"Point","coordinates":[-104.72857,58.9902]},"properties":{"cps":40,"y":"2008","lith":" "}},{"type":"Feature","id":4808,"geometry":{"type":"Point","coordinates":[-105.1437,57.70902]},"properties":{"cps":400,"y":"1982","lith":"SANDSTONE"}},{"type":"Feature","id":4809,"geometry":{"type":"Point","coordinates":[-103.90852,57.99938]},"properties":{"cps":150,"y":"1983","lith":"none"}},{"type":"Feature","id":4810,"geometry":{"type":"Point","coordinates":[-109.57942,58.48239]},"properties":{"cps":460,"y":"1982","lith":"Leptynite"}},{"type":"Feature","id":4811,"geometry":{"type":"Point","coordinates":[-109.42375,57.61897]},"properties":{"cps":0,"y":"2012","lith":"Massive Pitchblende"}},{"type":"Feature","id":4812,"geometry":{"type":"Point","coordinates":[-104.09201,58.29417]},"properties":{"cps":25000,"y":"1969","lith":"Sandstone"}},{"type":"Feature","id":4813,"geometry":{"type":"Point","coordinates":[-104.77733,57.41805]},"properties":{"cps":700,"y":"1979","lith":"SANDSTONE"}},{"type":"Feature","id":4814,"geometry":{"type":"Point","coordinates":[-109.57785,58.47915]},"properties":{"cps":525,"y":"1982","lith":"Granite"}},{"type":"Feature","id":4815,"geometry":{"type":"Point","coordinates":[-104.76464,58.98601]},"properties":{"cps":40,"y":"2008","lith":" "}},{"type":"Feature","id":4816,"geometry":{"type":"Point","coordinates":[-103.90088,58.00164]},"properties":{"cps":1450,"y":"1983","lith":"Pegmatoid"}},{"type":"Feature","id":4817,"geometry":{"type":"Point","coordinates":[-106.83565,57.41981]},"properties":{"cps":500,"y":"1981","lith":"Granite"}},{"type":"Feature","id":4818,"geometry":{"type":"Point","coordinates":[-105.8032,57.16158]},"properties":{"cps":0,"y":"1994","lith":"SANDSTONE"}},{"type":"Feature","id":4819,"geometry":{"type":"Point","coordinates":[-103.79246,57.73234]},"properties":{"cps":800,"y":"2012","lith":" "}},{"type":"Feature","id":4820,"geometry":{"type":"Point","coordinates":[-104.0905,58.29625]},"properties":{"cps":25000,"y":"1969","lith":"Sandstone"}},{"type":"Feature","id":4821,"geometry":{"type":"Point","coordinates":[-105.61186,57.34243]},"properties":{"cps":150,"y":"1977","lith":"GRANITE"}},{"type":"Feature","id":4822,"geometry":{"type":"Point","coordinates":[-105.70527,57.16885]},"properties":{"cps":0,"y":"1994","lith":"SANDSTONE"}},{"type":"Feature","id":4823,"geometry":{"type":"Point","coordinates":[-104.77443,58.99108]},"properties":{"cps":68,"y":"2008","lith":" "}},{"type":"Feature","id":4824,"geometry":{"type":"Point","coordinates":[-105.86359,57.95569]},"properties":{"cps":30,"y":"1980","lith":"Diabase"}},{"type":"Feature","id":4825,"geometry":{"type":"Point","coordinates":[-105.30899,57.64377]},"properties":{"cps":125,"y":"1980","lith":"SANDSTONE"}},{"type":"Feature","id":4826,"geometry":{"type":"Point","coordinates":[-103.50787,57.61091]},"properties":{"cps":110,"y":"1979","lith":"Amphibolite"}},{"type":"Feature","id":4827,"geometry":{"type":"Point","coordinates":[-105.82013,57.20832]},"properties":{"cps":0,"y":"1994","lith":"SANDSTONE"}},{"type":"Feature","id":4828,"geometry":{"type":"Point","coordinates":[-109.59017,58.487]},"properties":{"cps":350,"y":"1982","lith":"Granite"}},{"type":"Feature","id":4829,"geometry":{"type":"Point","coordinates":[-103.96449,57.88271]},"properties":{"cps":150,"y":"1975","lith":"PEGMATITE"}},{"type":"Feature","id":4830,"geometry":{"type":"Point","coordinates":[-103.50262,57.60777]},"properties":{"cps":180,"y":"1979","lith":"Granite"}},{"type":"Feature","id":4831,"geometry":{"type":"Point","coordinates":[-103.48837,57.6198]},"properties":{"cps":130,"y":"1979","lith":"Amphibolite"}},{"type":"Feature","id":4832,"geometry":{"type":"Point","coordinates":[-105.2434,57.65262]},"properties":{"cps":0,"y":"1982","lith":" "}},{"type":"Feature","id":4833,"geometry":{"type":"Point","coordinates":[-105.422,57.42121]},"properties":{"cps":0,"y":"1982","lith":"SANDSTONE"}},{"type":"Feature","id":4834,"geometry":{"type":"Point","coordinates":[-105.30581,57.64483]},"properties":{"cps":340,"y":"1980","lith":"SANDSTONE"}},{"type":"Feature","id":4835,"geometry":{"type":"Point","coordinates":[-109.59146,58.48535]},"properties":{"cps":320,"y":"1982","lith":"Granite"}},{"type":"Feature","id":4836,"geometry":{"type":"Point","coordinates":[-104.78255,57.41675]},"properties":{"cps":240,"y":"1979","lith":"PEGMATITE"}},{"type":"Feature","id":4837,"geometry":{"type":"Point","coordinates":[-104.87262,58.88842]},"properties":{"cps":40,"y":"2008","lith":" "}},{"type":"Feature","id":4838,"geometry":{"type":"Point","coordinates":[-109.58115,58.47976]},"properties":{"cps":1500,"y":"1982","lith":"Pegmatoid"}},{"type":"Feature","id":4839,"geometry":{"type":"Point","coordinates":[-104.85881,58.91072]},"properties":{"cps":40,"y":"2008","lith":" "}},{"type":"Feature","id":4840,"geometry":{"type":"Point","coordinates":[-103.48733,57.61919]},"properties":{"cps":155,"y":"1979","lith":"Meta Arkose"}},{"type":"Feature","id":4841,"geometry":{"type":"Point","coordinates":[-105.61516,57.33265]},"properties":{"cps":100,"y":"1977","lith":"GRANITE"}},{"type":"Feature","id":4842,"geometry":{"type":"Point","coordinates":[-109.42537,57.61862]},"properties":{"cps":2022,"y":"2012","lith":"Weathered/altered basement rock"}},{"type":"Feature","id":4843,"geometry":{"type":"Point","coordinates":[-104.02967,58.34805]},"properties":{"cps":188,"y":"2009","lith":"Sandstone"}},{"type":"Feature","id":4844,"geometry":{"type":"Point","coordinates":[-105.03262,57.38054]},"properties":{"cps":3560,"y":"1982","lith":"BASEMENT"}},{"type":"Feature","id":4845,"geometry":{"type":"Point","coordinates":[-104.97454,57.40235]},"properties":{"cps":1240,"y":"1982","lith":"BASEMENT"}},{"type":"Feature","id":4846,"geometry":{"type":"Point","coordinates":[-104.059,58.33838]},"properties":{"cps":124,"y":"2009","lith":"Sandstone"}},{"type":"Feature","id":4847,"geometry":{"type":"Point","coordinates":[-104.14511,57.82342]},"properties":{"cps":650,"y":"1980","lith":"CONGLOMERATE"}},{"type":"Feature","id":4848,"geometry":{"type":"Point","coordinates":[-103.90499,58.00213]},"properties":{"cps":600,"y":"1983","lith":"Granite"}},{"type":"Feature","id":4849,"geometry":{"type":"Point","coordinates":[-105.2124,57.65991]},"properties":{"cps":0,"y":"1982","lith":" "}},{"type":"Feature","id":4850,"geometry":{"type":"Point","coordinates":[-103.91968,58.00289]},"properties":{"cps":700,"y":"1983","lith":"Granite"}},{"type":"Feature","id":4851,"geometry":{"type":"Point","coordinates":[-104.28418,59.12843]},"properties":{"cps":3400,"y":"1998","lith":"Granite"}},{"type":"Feature","id":4852,"geometry":{"type":"Point","coordinates":[-107.54532,59.34479]},"properties":{"cps":3000,"y":"2005","lith":"SANDSTONE"}},{"type":"Feature","id":4853,"geometry":{"type":"Point","coordinates":[-109.80239,58.08979]},"properties":{"cps":0,"y":"2011","lith":" "}},{"type":"Feature","id":4854,"geometry":{"type":"Point","coordinates":[-104.11175,58.27296]},"properties":{"cps":25000,"y":"1969","lith":"Sandstone"}},{"type":"Feature","id":4855,"geometry":{"type":"Point","coordinates":[-104.70962,58.99754]},"properties":{"cps":68,"y":"2008","lith":" "}},{"type":"Feature","id":4856,"geometry":{"type":"Point","coordinates":[-103.36275,57.54346]},"properties":{"cps":2000,"y":"1980","lith":"Granitic Gneiss"}},{"type":"Feature","id":4857,"geometry":{"type":"Point","coordinates":[-103.49563,57.61764]},"properties":{"cps":0,"y":"1979","lith":"Meta Arkose"}},{"type":"Feature","id":4858,"geometry":{"type":"Point","coordinates":[-104.98126,57.37517]},"properties":{"cps":1075,"y":"1982","lith":"CONGLOMERATE"}},{"type":"Feature","id":4859,"geometry":{"type":"Point","coordinates":[-105.45242,57.28823]},"properties":{"cps":150,"y":"1979","lith":"GRANITE"}},{"type":"Feature","id":4860,"geometry":{"type":"Point","coordinates":[-105.26989,57.66905]},"properties":{"cps":170,"y":"1982","lith":" "}},{"type":"Feature","id":4861,"geometry":{"type":"Point","coordinates":[-105.59563,57.34117]},"properties":{"cps":200,"y":"1977","lith":"C.G. GRANITE"}},{"type":"Feature","id":4862,"geometry":{"type":"Point","coordinates":[-104.91346,58.91841]},"properties":{"cps":40,"y":"2008","lith":" "}},{"type":"Feature","id":4863,"geometry":{"type":"Point","coordinates":[-105.83761,57.10862]},"properties":{"cps":0,"y":"1994","lith":"SANDSTONE"}},{"type":"Feature","id":4864,"geometry":{"type":"Point","coordinates":[-104.08999,58.29697]},"properties":{"cps":25000,"y":"1969","lith":"Sandstone"}},{"type":"Feature","id":4865,"geometry":{"type":"Point","coordinates":[-105.03229,57.68757]},"properties":{"cps":200,"y":"1982","lith":"SANDSTONE"}},{"type":"Feature","id":4866,"geometry":{"type":"Point","coordinates":[-107.54487,59.34554]},"properties":{"cps":3000,"y":"2005","lith":"SANDSTONE"}},{"type":"Feature","id":4867,"geometry":{"type":"Point","coordinates":[-104.11001,58.27445]},"properties":{"cps":25000,"y":"1969","lith":"Sandstone"}},{"type":"Feature","id":4868,"geometry":{"type":"Point","coordinates":[-105.59492,57.34408]},"properties":{"cps":275,"y":"1977","lith":"C.G. GRANITE"}},{"type":"Feature","id":4869,"geometry":{"type":"Point","coordinates":[-103.50568,57.60275]},"properties":{"cps":250,"y":"1979","lith":"Leucogranite-Meta Arkose"}},{"type":"Feature","id":4870,"geometry":{"type":"Point","coordinates":[-107.54606,59.34624]},"properties":{"cps":7500,"y":"2005","lith":"SANDSTONE"}},{"type":"Feature","id":4871,"geometry":{"type":"Point","coordinates":[-105.81162,57.99045]},"properties":{"cps":1500,"y":"1980","lith":"Quartz Monzanite"}},{"type":"Feature","id":4872,"geometry":{"type":"Point","coordinates":[-105.03749,57.37718]},"properties":{"cps":2100,"y":"1982","lith":"BASEMENT"}},{"type":"Feature","id":4873,"geometry":{"type":"Point","coordinates":[-104.0451,58.34247]},"properties":{"cps":205,"y":"2009","lith":"Sandstone"}},{"type":"Feature","id":4874,"geometry":{"type":"Point","coordinates":[-105.82533,57.15238]},"properties":{"cps":0,"y":"1994","lith":"SANDSTONE"}},{"type":"Feature","id":4875,"geometry":{"type":"Point","coordinates":[-105.14927,57.70336]},"properties":{"cps":0,"y":"1982","lith":" "}},{"type":"Feature","id":4876,"geometry":{"type":"Point","coordinates":[-107.54121,59.34673]},"properties":{"cps":750,"y":"2005","lith":"SANDSTONE"}},{"type":"Feature","id":4877,"geometry":{"type":"Point","coordinates":[-107.54631,59.34481]},"properties":{"cps":3000,"y":"2005","lith":"SANDSTONE"}},{"type":"Feature","id":4878,"geometry":{"type":"Point","coordinates":[-109.57555,58.47587]},"properties":{"cps":650,"y":"1982","lith":"Pegmatoid"}},{"type":"Feature","id":4879,"geometry":{"type":"Point","coordinates":[-104.68534,58.98353]},"properties":{"cps":40,"y":"2008","lith":" "}},{"type":"Feature","id":4880,"geometry":{"type":"Point","coordinates":[-105.19581,57.66557]},"properties":{"cps":350,"y":"1982","lith":"SANDSTONE"}},{"type":"Feature","id":4881,"geometry":{"type":"Point","coordinates":[-107.54628,59.34492]},"properties":{"cps":3000,"y":"2005","lith":"SANDSTONE"}},{"type":"Feature","id":4882,"geometry":{"type":"Point","coordinates":[-103.38135,57.53973]},"properties":{"cps":1100,"y":"1980","lith":"Pegmatite"}},{"type":"Feature","id":4883,"geometry":{"type":"Point","coordinates":[-103.48162,57.62326]},"properties":{"cps":0,"y":"1979","lith":"Metasediment"}},{"type":"Feature","id":4884,"geometry":{"type":"Point","coordinates":[-105.15755,57.69751]},"properties":{"cps":0,"y":"1982","lith":" "}},{"type":"Feature","id":4885,"geometry":{"type":"Point","coordinates":[-104.9201,58.92478]},"properties":{"cps":85,"y":"2008","lith":" "}},{"type":"Feature","id":4886,"geometry":{"type":"Point","coordinates":[-109.58512,58.4875]},"properties":{"cps":400,"y":"1982","lith":"Quartz Feldspar Gneiss"}},{"type":"Feature","id":4887,"geometry":{"type":"Point","coordinates":[-103.9045,57.99752]},"properties":{"cps":1350,"y":"1983","lith":"Pegmatoid"}},{"type":"Feature","id":4888,"geometry":{"type":"Point","coordinates":[-105.13899,57.70038]},"properties":{"cps":100,"y":"1982","lith":"SANDSTONE"}},{"type":"Feature","id":4889,"geometry":{"type":"Point","coordinates":[-104.83963,58.89936]},"properties":{"cps":40,"y":"2008","lith":" "}},{"type":"Feature","id":4890,"geometry":{"type":"Point","coordinates":[-104.89104,58.94005]},"properties":{"cps":40,"y":"2008","lith":" "}},{"type":"Feature","id":4891,"geometry":{"type":"Point","coordinates":[-103.49182,57.62189]},"properties":{"cps":170,"y":"1979","lith":"Meta Arkose"}},{"type":"Feature","id":4892,"geometry":{"type":"Point","coordinates":[-103.36758,57.5409]},"properties":{"cps":3800,"y":"1980","lith":"Granite"}},{"type":"Feature","id":4893,"geometry":{"type":"Point","coordinates":[-104.85783,58.90999]},"properties":{"cps":40,"y":"2008","lith":" "}},{"type":"Feature","id":4894,"geometry":{"type":"Point","coordinates":[-104.04942,58.33945]},"properties":{"cps":234,"y":"2009","lith":"Basement Igneous"}},{"type":"Feature","id":4895,"geometry":{"type":"Point","coordinates":[-104.04193,58.34291]},"properties":{"cps":186,"y":"2009","lith":"Sandstone"}},{"type":"Feature","id":4896,"geometry":{"type":"Point","coordinates":[-103.90327,57.99962]},"properties":{"cps":5200,"y":"1983","lith":"Quartz Biotite Gneiss"}},{"type":"Feature","id":4897,"geometry":{"type":"Point","coordinates":[-103.47358,57.62468]},"properties":{"cps":0,"y":"1979","lith":"Biotite Gneiss"}},{"type":"Feature","id":4898,"geometry":{"type":"Point","coordinates":[-104.72984,58.9909]},"properties":{"cps":40,"y":"2008","lith":" "}},{"type":"Feature","id":4899,"geometry":{"type":"Point","coordinates":[-109.5771,58.47564]},"properties":{"cps":340,"y":"1982","lith":"Pegmatoid"}},{"type":"Feature","id":4900,"geometry":{"type":"Point","coordinates":[-104.74539,57.42491]},"properties":{"cps":250,"y":"1979","lith":"PEGMATITE"}},{"type":"Feature","id":4901,"geometry":{"type":"Point","coordinates":[-103.52206,57.60914]},"properties":{"cps":0,"y":"1979","lith":"Biotite Gneiss-Pegmatite"}},{"type":"Feature","id":4902,"geometry":{"type":"Point","coordinates":[-103.47112,57.61977]},"properties":{"cps":0,"y":"1979","lith":"Leucogranite"}},{"type":"Feature","id":4903,"geometry":{"type":"Point","coordinates":[-104.88963,58.93936]},"properties":{"cps":40,"y":"2008","lith":" "}},{"type":"Feature","id":4904,"geometry":{"type":"Point","coordinates":[-105.45424,57.30895]},"properties":{"cps":180,"y":"1979","lith":"SANDSTONE"}},{"type":"Feature","id":4905,"geometry":{"type":"Point","coordinates":[-109.59876,58.50466]},"properties":{"cps":400,"y":"1981","lith":"Granite"}},{"type":"Feature","id":4906,"geometry":{"type":"Point","coordinates":[-104.70769,58.996]},"properties":{"cps":40,"y":"2008","lith":" "}},{"type":"Feature","id":4907,"geometry":{"type":"Point","coordinates":[-104.69435,58.98911]},"properties":{"cps":268,"y":"2008","lith":" "}},{"type":"Feature","id":4908,"geometry":{"type":"Point","coordinates":[-109.58139,58.50269]},"properties":{"cps":500,"y":"1982","lith":"Pegmatoid"}},{"type":"Feature","id":4909,"geometry":{"type":"Point","coordinates":[-105.59436,57.34202]},"properties":{"cps":125,"y":"1977","lith":"SANDSTONE"}},{"type":"Feature","id":4910,"geometry":{"type":"Point","coordinates":[-104.10982,58.27585]},"properties":{"cps":25000,"y":"1969","lith":"Sandstone"}},{"type":"Feature","id":4911,"geometry":{"type":"Point","coordinates":[-103.47702,57.62316]},"properties":{"cps":0,"y":"1979","lith":"Granite"}},{"type":"Feature","id":4912,"geometry":{"type":"Point","coordinates":[-105.81429,57.98977]},"properties":{"cps":150,"y":"1980","lith":"Granite"}},{"type":"Feature","id":4913,"geometry":{"type":"Point","coordinates":[-105.80808,57.15726]},"properties":{"cps":0,"y":"1994","lith":"SANDSTONE"}},{"type":"Feature","id":4914,"geometry":{"type":"Point","coordinates":[-103.36551,57.53977]},"properties":{"cps":7700,"y":"1980","lith":"Granitic Gneiss"}},{"type":"Feature","id":4915,"geometry":{"type":"Point","coordinates":[-103.90401,57.99762]},"properties":{"cps":650,"y":"1983","lith":"Pegmatoid"}},{"type":"Feature","id":4916,"geometry":{"type":"Point","coordinates":[-103.52338,57.60826]},"properties":{"cps":424,"y":"1979","lith":"Biotite Gneiss"}},{"type":"Feature","id":4917,"geometry":{"type":"Point","coordinates":[-103.46899,57.61976]},"properties":{"cps":0,"y":"1979","lith":"Biotite Gneiss"}},{"type":"Feature","id":4918,"geometry":{"type":"Point","coordinates":[-105.58753,57.34368]},"properties":{"cps":250,"y":"1977","lith":"GRANITE"}},{"type":"Feature","id":4919,"geometry":{"type":"Point","coordinates":[-104.78279,57.41853]},"properties":{"cps":500,"y":"1979","lith":"CONGLOMERATE"}},{"type":"Feature","id":4920,"geometry":{"type":"Point","coordinates":[-109.59304,58.49268]},"properties":{"cps":400,"y":"1982","lith":"Granite"}},{"type":"Feature","id":4921,"geometry":{"type":"Point","coordinates":[-103.78896,57.73668]},"properties":{"cps":700,"y":"2012","lith":" "}},{"type":"Feature","id":4922,"geometry":{"type":"Point","coordinates":[-105.61662,57.33279]},"properties":{"cps":175,"y":"1977","lith":"GRANITE"}},{"type":"Feature","id":4923,"geometry":{"type":"Point","coordinates":[-104.87427,58.92054]},"properties":{"cps":85,"y":"2008","lith":" "}},{"type":"Feature","id":4924,"geometry":{"type":"Point","coordinates":[-104.7028,58.99348]},"properties":{"cps":85,"y":"2008","lith":" "}},{"type":"Feature","id":4925,"geometry":{"type":"Point","coordinates":[-105.13822,57.70092]},"properties":{"cps":100,"y":"1982","lith":"SANDSTONE"}},{"type":"Feature","id":4926,"geometry":{"type":"Point","coordinates":[-103.90595,58.00613]},"properties":{"cps":750,"y":"1983","lith":"Granite"}},{"type":"Feature","id":4927,"geometry":{"type":"Point","coordinates":[-109.59403,58.49308]},"properties":{"cps":340,"y":"1982","lith":"Pegmatoid"}},{"type":"Feature","id":4928,"geometry":{"type":"Point","coordinates":[-104.03839,58.34406]},"properties":{"cps":145,"y":"2009","lith":"Sandstone"}},{"type":"Feature","id":4929,"geometry":{"type":"Point","coordinates":[-104.76989,58.98841]},"properties":{"cps":68,"y":"2008","lith":" "}},{"type":"Feature","id":4930,"geometry":{"type":"Point","coordinates":[-103.48656,57.61873]},"properties":{"cps":270,"y":"1979","lith":"Biotite Gneiss"}},{"type":"Feature","id":4931,"geometry":{"type":"Point","coordinates":[-105.15124,57.70252]},"properties":{"cps":250,"y":"1982","lith":"SANDSTONE"}},{"type":"Feature","id":4932,"geometry":{"type":"Point","coordinates":[-109.60071,58.50404]},"properties":{"cps":350,"y":"1981","lith":"Granite"}},{"type":"Feature","id":4933,"geometry":{"type":"Point","coordinates":[-104.76067,57.42034]},"properties":{"cps":300,"y":"1979","lith":"CONGLOMERATE"}},{"type":"Feature","id":4934,"geometry":{"type":"Point","coordinates":[-105.14849,57.70427]},"properties":{"cps":260,"y":"1982","lith":"SANDSTONE"}},{"type":"Feature","id":4935,"geometry":{"type":"Point","coordinates":[-104.78877,58.999]},"properties":{"cps":68,"y":"2008","lith":" "}},{"type":"Feature","id":4936,"geometry":{"type":"Point","coordinates":[-103.89987,58.0001]},"properties":{"cps":1500,"y":"1983","lith":"Pegmatoid"}},{"type":"Feature","id":4937,"geometry":{"type":"Point","coordinates":[-104.71366,58.99929]},"properties":{"cps":168,"y":"2008","lith":" "}},{"type":"Feature","id":4938,"geometry":{"type":"Point","coordinates":[-107.8467,59.23195]},"properties":{"cps":2000,"y":"2006","lith":" "}},{"type":"Feature","id":4939,"geometry":{"type":"Point","coordinates":[-105.82328,57.15239]},"properties":{"cps":0,"y":"1994","lith":"SANDSTONE"}},{"type":"Feature","id":4940,"geometry":{"type":"Point","coordinates":[-103.48471,57.61912]},"properties":{"cps":110,"y":"1979","lith":"Leucogranite"}},{"type":"Feature","id":4941,"geometry":{"type":"Point","coordinates":[-104.71277,58.99848]},"properties":{"cps":68,"y":"2008","lith":" "}},{"type":"Feature","id":4942,"geometry":{"type":"Point","coordinates":[-104.70145,58.99297]},"properties":{"cps":168,"y":"2008","lith":" "}},{"type":"Feature","id":4943,"geometry":{"type":"Point","coordinates":[-105.59476,57.34314]},"properties":{"cps":250,"y":"1977","lith":"GRANITE"}},{"type":"Feature","id":4944,"geometry":{"type":"Point","coordinates":[-104.9326,58.93357]},"properties":{"cps":40,"y":"2008","lith":" "}},{"type":"Feature","id":4945,"geometry":{"type":"Point","coordinates":[-103.48464,57.61746]},"properties":{"cps":160,"y":"1979","lith":"Biotite Gneiss"}},{"type":"Feature","id":4946,"geometry":{"type":"Point","coordinates":[-105.5959,57.34133]},"properties":{"cps":113,"y":"1977","lith":"GRANITIC GNEISS"}},{"type":"Feature","id":4947,"geometry":{"type":"Point","coordinates":[-104.69768,58.99103]},"properties":{"cps":268,"y":"2008","lith":" "}},{"type":"Feature","id":4948,"geometry":{"type":"Point","coordinates":[-109.58109,58.50379]},"properties":{"cps":350,"y":"1982","lith":"Granite"}},{"type":"Feature","id":4949,"geometry":{"type":"Point","coordinates":[-105.28414,57.66246]},"properties":{"cps":0,"y":"1982","lith":"GRANITE"}},{"type":"Feature","id":4950,"geometry":{"type":"Point","coordinates":[-109.58146,58.50286]},"properties":{"cps":340,"y":"1982","lith":"Pegmatoid"}},{"type":"Feature","id":4951,"geometry":{"type":"Point","coordinates":[-109.58158,58.50332]},"properties":{"cps":400,"y":"1982","lith":"Pegmatoid"}},{"type":"Feature","id":4952,"geometry":{"type":"Point","coordinates":[-103.90363,57.99748]},"properties":{"cps":1840,"y":"1983","lith":"Gneiss"}},{"type":"Feature","id":4953,"geometry":{"type":"Point","coordinates":[-105.71805,57.17418]},"properties":{"cps":0,"y":"1994","lith":"SANDSTONE"}},{"type":"Feature","id":4954,"geometry":{"type":"Point","coordinates":[-105.15399,57.70181]},"properties":{"cps":0,"y":"1982","lith":" "}},{"type":"Feature","id":4955,"geometry":{"type":"Point","coordinates":[-104.75658,58.98123]},"properties":{"cps":68,"y":"2008","lith":" "}},{"type":"Feature","id":4956,"geometry":{"type":"Point","coordinates":[-105.17141,57.67962]},"properties":{"cps":275,"y":"1982","lith":"SANDSTONE"}},{"type":"Feature","id":4957,"geometry":{"type":"Point","coordinates":[-103.49435,57.61048]},"properties":{"cps":0,"y":"1979","lith":"Albite-Biotite Gneiss"}},{"type":"Feature","id":4958,"geometry":{"type":"Point","coordinates":[-103.4887,57.62004]},"properties":{"cps":170,"y":"1979","lith":"Biotite Gneiss"}},{"type":"Feature","id":4959,"geometry":{"type":"Point","coordinates":[-103.94496,57.53742]},"properties":{"cps":1200,"y":"2012","lith":" "}},{"type":"Feature","id":4960,"geometry":{"type":"Point","coordinates":[-106.51008,57.27645]},"properties":{"cps":250,"y":"2007","lith":"GNEISS"}},{"type":"Feature","id":4961,"geometry":{"type":"Point","coordinates":[-104.77976,57.4193]},"properties":{"cps":250,"y":"1979","lith":"CONGLOMERATE"}},{"type":"Feature","id":4962,"geometry":{"type":"Point","coordinates":[-104.77645,57.42231]},"properties":{"cps":400,"y":"1979","lith":"PEGMATITE"}},{"type":"Feature","id":4963,"geometry":{"type":"Point","coordinates":[-105.25223,57.64561]},"properties":{"cps":0,"y":"1982","lith":" "}},{"type":"Feature","id":4964,"geometry":{"type":"Point","coordinates":[-104.97241,57.37173]},"properties":{"cps":1200,"y":"1982","lith":"CONGLOMERATE"}},{"type":"Feature","id":4965,"geometry":{"type":"Point","coordinates":[-109.57664,58.47995]},"properties":{"cps":455,"y":"1982","lith":"Pegmatoid"}},{"type":"Feature","id":4966,"geometry":{"type":"Point","coordinates":[-109.58414,58.47596]},"properties":{"cps":400,"y":"1982","lith":"Pegmatoid"}},{"type":"Feature","id":4967,"geometry":{"type":"Point","coordinates":[-103.37593,57.53938]},"properties":{"cps":1800,"y":"1980","lith":"Granite"}},{"type":"Feature","id":4968,"geometry":{"type":"Point","coordinates":[-105.80441,57.96407]},"properties":{"cps":1600,"y":"1980","lith":"Pegmatite"}},{"type":"Feature","id":4969,"geometry":{"type":"Point","coordinates":[-104.77685,57.41832]},"properties":{"cps":200,"y":"1979","lith":"CONGLOMERATE"}},{"type":"Feature","id":4970,"geometry":{"type":"Point","coordinates":[-104.05053,58.3387]},"properties":{"cps":802,"y":"2009","lith":"Granite and Sandstone"}},{"type":"Feature","id":4971,"geometry":{"type":"Point","coordinates":[-104.69284,58.98847]},"properties":{"cps":268,"y":"2008","lith":" "}},{"type":"Feature","id":4972,"geometry":{"type":"Point","coordinates":[-103.88803,58.001]},"properties":{"cps":80,"y":"1983","lith":"Athabasca Formation"}},{"type":"Feature","id":4973,"geometry":{"type":"Point","coordinates":[-104.77411,57.4187]},"properties":{"cps":250,"y":"1979","lith":"CONGLOMERATE"}},{"type":"Feature","id":4974,"geometry":{"type":"Point","coordinates":[-109.80386,58.09058]},"properties":{"cps":0,"y":"2011","lith":" "}},{"type":"Feature","id":4975,"geometry":{"type":"Point","coordinates":[-109.58049,58.48044]},"properties":{"cps":400,"y":"1982","lith":"Pegmatoid"}},{"type":"Feature","id":4976,"geometry":{"type":"Point","coordinates":[-105.20987,57.28526]},"properties":{"cps":400,"y":"1981","lith":"CONGLOMERATE"}},{"type":"Feature","id":4977,"geometry":{"type":"Point","coordinates":[-104.89709,58.90472]},"properties":{"cps":40,"y":"2008","lith":" "}},{"type":"Feature","id":4978,"geometry":{"type":"Point","coordinates":[-104.87628,58.89109]},"properties":{"cps":40,"y":"2008","lith":" "}},{"type":"Feature","id":4979,"geometry":{"type":"Point","coordinates":[-104.05046,58.3388]},"properties":{"cps":160,"y":"2009","lith":"Sandstone"}},{"type":"Feature","id":4980,"geometry":{"type":"Point","coordinates":[-105.20039,57.6636]},"properties":{"cps":0,"y":"1982","lith":" "}},{"type":"Feature","id":4981,"geometry":{"type":"Point","coordinates":[-103.89886,58.00038]},"properties":{"cps":700,"y":"1983","lith":"Pegmatite"}},{"type":"Feature","id":4982,"geometry":{"type":"Point","coordinates":[-109.57496,58.47506]},"properties":{"cps":340,"y":"1982","lith":"Leptynite"}},{"type":"Feature","id":4983,"geometry":{"type":"Point","coordinates":[-103.9046,57.9974]},"properties":{"cps":1200,"y":"1983","lith":"Granite"}},{"type":"Feature","id":4984,"geometry":{"type":"Point","coordinates":[-104.97115,57.3714]},"properties":{"cps":1175,"y":"1982","lith":"BASEMENT"}},{"type":"Feature","id":4985,"geometry":{"type":"Point","coordinates":[-106.13768,57.03706]},"properties":{"cps":0,"y":"2011","lith":" "}},{"type":"Feature","id":4986,"geometry":{"type":"Point","coordinates":[-105.21976,57.28264]},"properties":{"cps":400,"y":"1981","lith":"CONGLOMERATE"}},{"type":"Feature","id":4987,"geometry":{"type":"Point","coordinates":[-104.97416,57.40038]},"properties":{"cps":1100,"y":"1982","lith":"CONGLOMERATE"}},{"type":"Feature","id":4988,"geometry":{"type":"Point","coordinates":[-105.03157,57.37923]},"properties":{"cps":1200,"y":"1982","lith":"BASEMENT"}},{"type":"Feature","id":4989,"geometry":{"type":"Point","coordinates":[-104.77211,58.9898]},"properties":{"cps":68,"y":"2008","lith":" "}},{"type":"Feature","id":4990,"geometry":{"type":"Point","coordinates":[-104.78217,57.41684]},"properties":{"cps":200,"y":"1979","lith":"PEGMATITE"}},{"type":"Feature","id":4991,"geometry":{"type":"Point","coordinates":[-103.90931,58.00904]},"properties":{"cps":550,"y":"1983","lith":"Pegmatite"}},{"type":"Feature","id":4992,"geometry":{"type":"Point","coordinates":[-104.04164,58.34278]},"properties":{"cps":242,"y":"2009","lith":"Conglomeritic Sandstone"}},{"type":"Feature","id":4993,"geometry":{"type":"Point","coordinates":[-103.9148,57.55126]},"properties":{"cps":150,"y":"1979","lith":"ARKOSE"}},{"type":"Feature","id":4994,"geometry":{"type":"Point","coordinates":[-104.76781,58.98698]},"properties":{"cps":40,"y":"2008","lith":" "}},{"type":"Feature","id":4995,"geometry":{"type":"Point","coordinates":[-105.61104,57.33376]},"properties":{"cps":113,"y":"1977","lith":"PEGMATITE"}},{"type":"Feature","id":4996,"geometry":{"type":"Point","coordinates":[-104.06337,58.32513]},"properties":{"cps":25000,"y":"1969","lith":"Sandstone"}},{"type":"Feature","id":4997,"geometry":{"type":"Point","coordinates":[-105.33248,57.6359]},"properties":{"cps":105,"y":"1980","lith":"SANDSTONE"}},{"type":"Feature","id":4998,"geometry":{"type":"Point","coordinates":[-109.58288,58.50298]},"properties":{"cps":360,"y":"1982","lith":"Granite"}},{"type":"Feature","id":4999,"geometry":{"type":"Point","coordinates":[-109.58299,58.50242]},"properties":{"cps":1500,"y":"1982","lith":"Pegmatoid"}},{"type":"Feature","id":5000,"geometry":{"type":"Point","coordinates":[-103.23383,57.63026]},"properties":{"cps":370,"y":"1979","lith":"Granite"}},{"type":"Feature","id":5001,"geometry":{"type":"Point","coordinates":[-107.53818,59.34365]},"properties":{"cps":10000,"y":"2005","lith":"SANDSTONE"}},{"type":"Feature","id":5002,"geometry":{"type":"Point","coordinates":[-109.58777,58.38193]},"properties":{"cps":1500,"y":"1982","lith":"Granite"}},{"type":"Feature","id":5003,"geometry":{"type":"Point","coordinates":[-104.43734,59.09941]},"properties":{"cps":1700,"y":"1998","lith":"Granite"}},{"type":"Feature","id":5004,"geometry":{"type":"Point","coordinates":[-107.83722,59.24544]},"properties":{"cps":1600,"y":"2006","lith":" "}},{"type":"Feature","id":5005,"geometry":{"type":"Point","coordinates":[-103.90129,58.00352]},"properties":{"cps":850,"y":"1983","lith":"Pegmatite"}},{"type":"Feature","id":5006,"geometry":{"type":"Point","coordinates":[-107.81493,59.24852]},"properties":{"cps":2400,"y":"2006","lith":" "}},{"type":"Feature","id":5007,"geometry":{"type":"Point","coordinates":[-109.63788,58.3615]},"properties":{"cps":450,"y":"1982","lith":"Pegmatoid"}},{"type":"Feature","id":5008,"geometry":{"type":"Point","coordinates":[-109.60138,58.49093]},"properties":{"cps":350,"y":"1981","lith":"Pegmatoid/Leptynite"}},{"type":"Feature","id":5009,"geometry":{"type":"Point","coordinates":[-104.05331,58.3394]},"properties":{"cps":197,"y":"2009","lith":"Sandstone"}},{"type":"Feature","id":5010,"geometry":{"type":"Point","coordinates":[-109.8753,58.10875]},"properties":{"cps":585,"y":"1980","lith":"SANDSTONE"}},{"type":"Feature","id":5011,"geometry":{"type":"Point","coordinates":[-107.53881,59.34378]},"properties":{"cps":7500,"y":"2005","lith":"SANDSTONE"}},{"type":"Feature","id":5012,"geometry":{"type":"Point","coordinates":[-107.54137,59.34624]},"properties":{"cps":750,"y":"2005","lith":"SANDSTONE"}},{"type":"Feature","id":5013,"geometry":{"type":"Point","coordinates":[-103.21333,57.63304]},"properties":{"cps":400,"y":"1979","lith":"Granite"}},{"type":"Feature","id":5014,"geometry":{"type":"Point","coordinates":[-109.50656,58.17067]},"properties":{"cps":200,"y":"1980","lith":"GRANITE GNEISS"}},{"type":"Feature","id":5015,"geometry":{"type":"Point","coordinates":[-107.54389,59.34666]},"properties":{"cps":750,"y":"2005","lith":"SANDSTONE"}},{"type":"Feature","id":5016,"geometry":{"type":"Point","coordinates":[-107.53246,59.34536]},"properties":{"cps":7500,"y":"2005","lith":"SANDSTONE"}},{"type":"Feature","id":5017,"geometry":{"type":"Point","coordinates":[-103.92201,58.00208]},"properties":{"cps":170,"y":"1983","lith":"Granite"}},{"type":"Feature","id":5018,"geometry":{"type":"Point","coordinates":[-109.42437,57.61609]},"properties":{"cps":0,"y":"2011","lith":"Massive Pitchblende"}},{"type":"Feature","id":5019,"geometry":{"type":"Point","coordinates":[-104.38473,59.11313]},"properties":{"cps":800,"y":"1998","lith":" "}},{"type":"Feature","id":5020,"geometry":{"type":"Point","coordinates":[-109.42787,57.62458]},"properties":{"cps":0,"y":"2011","lith":"Massive Pitchblende"}},{"type":"Feature","id":5021,"geometry":{"type":"Point","coordinates":[-107.85384,59.23022]},"properties":{"cps":5560,"y":"2006","lith":" "}},{"type":"Feature","id":5022,"geometry":{"type":"Point","coordinates":[-109.64091,58.36485]},"properties":{"cps":750,"y":"1982","lith":"Pegmatoid"}},{"type":"Feature","id":5023,"geometry":{"type":"Point","coordinates":[-109.61746,58.37709]},"properties":{"cps":375,"y":"1982","lith":"Pegmatoid"}},{"type":"Feature","id":5024,"geometry":{"type":"Point","coordinates":[-107.84924,59.23159]},"properties":{"cps":2000,"y":"2006","lith":" "}},{"type":"Feature","id":5025,"geometry":{"type":"Point","coordinates":[-103.89969,58.01243]},"properties":{"cps":700,"y":"1983","lith":"Athabasca Formation"}},{"type":"Feature","id":5026,"geometry":{"type":"Point","coordinates":[-109.6331,58.36504]},"properties":{"cps":300,"y":"1982","lith":"Pegmatoid"}},{"type":"Feature","id":5027,"geometry":{"type":"Point","coordinates":[-109.42844,57.62469]},"properties":{"cps":0,"y":"2012","lith":"Massive Pitchblende"}},{"type":"Feature","id":5028,"geometry":{"type":"Point","coordinates":[-104.96353,58.9263]},"properties":{"cps":40,"y":"2008","lith":" "}},{"type":"Feature","id":5029,"geometry":{"type":"Point","coordinates":[-109.60884,58.38022]},"properties":{"cps":320,"y":"1982","lith":"Pegmatoid"}},{"type":"Feature","id":5030,"geometry":{"type":"Point","coordinates":[-104.2968,59.12871]},"properties":{"cps":520,"y":"1998","lith":" "}},{"type":"Feature","id":5031,"geometry":{"type":"Point","coordinates":[-109.58871,58.39681]},"properties":{"cps":350,"y":"1982","lith":"Granite"}},{"type":"Feature","id":5032,"geometry":{"type":"Point","coordinates":[-109.50308,58.5202]},"properties":{"cps":95,"y":"1982","lith":"SANDSTONE"}},{"type":"Feature","id":5033,"geometry":{"type":"Point","coordinates":[-104.25383,59.15631]},"properties":{"cps":200,"y":"1998","lith":" "}},{"type":"Feature","id":5034,"geometry":{"type":"Point","coordinates":[-109.60712,58.36514]},"properties":{"cps":310,"y":"1982","lith":"Pegmatoid"}},{"type":"Feature","id":5035,"geometry":{"type":"Point","coordinates":[-109.4273,57.63278]},"properties":{"cps":0,"y":"2011","lith":"Massive Pitchblende"}},{"type":"Feature","id":5036,"geometry":{"type":"Point","coordinates":[-109.43785,57.61939]},"properties":{"cps":0,"y":"2012","lith":" "}},{"type":"Feature","id":5037,"geometry":{"type":"Point","coordinates":[-107.53965,59.34314]},"properties":{"cps":10000,"y":"2005","lith":"SANDSTONE"}},{"type":"Feature","id":5038,"geometry":{"type":"Point","coordinates":[-107.54769,59.34414]},"properties":{"cps":3000,"y":"2005","lith":"SANDSTONE"}},{"type":"Feature","id":5039,"geometry":{"type":"Point","coordinates":[-103.88736,57.99535]},"properties":{"cps":100,"y":"1983","lith":"Athabasca Formation"}},{"type":"Feature","id":5040,"geometry":{"type":"Point","coordinates":[-103.24975,57.63783]},"properties":{"cps":270,"y":"1979","lith":"Granite Gneiss"}},{"type":"Feature","id":5041,"geometry":{"type":"Point","coordinates":[-105.12404,57.02632]},"properties":{"cps":1666.67,"y":"1979","lith":" "}},{"type":"Feature","id":5042,"geometry":{"type":"Point","coordinates":[-109.61103,58.14174]},"properties":{"cps":110,"y":"1980","lith":"SANDSTONE"}},{"type":"Feature","id":5043,"geometry":{"type":"Point","coordinates":[-105.04406,58.91664]},"properties":{"cps":40,"y":"2008","lith":" "}},{"type":"Feature","id":5044,"geometry":{"type":"Point","coordinates":[-109.59196,58.36989]},"properties":{"cps":450,"y":"1982","lith":"Leptynite"}},{"type":"Feature","id":5045,"geometry":{"type":"Point","coordinates":[-109.59059,58.40028]},"properties":{"cps":400,"y":"1982","lith":"Pegmatoid"}},{"type":"Feature","id":5046,"geometry":{"type":"Point","coordinates":[-107.53245,59.34591]},"properties":{"cps":3000,"y":"2005","lith":"SANDSTONE"}},{"type":"Feature","id":5047,"geometry":{"type":"Point","coordinates":[-109.5113,58.51514]},"properties":{"cps":950,"y":"1982","lith":"BASEMENT"}},{"type":"Feature","id":5048,"geometry":{"type":"Point","coordinates":[-109.59443,58.38347]},"properties":{"cps":600,"y":"1982","lith":"Pegmatoid"}},{"type":"Feature","id":5049,"geometry":{"type":"Point","coordinates":[-109.42256,57.61971]},"properties":{"cps":0,"y":"2011","lith":"Massive Pitchblende"}},{"type":"Feature","id":5050,"geometry":{"type":"Point","coordinates":[-109.42471,57.62838]},"properties":{"cps":0,"y":"2011","lith":"Massive Pitchblende"}},{"type":"Feature","id":5051,"geometry":{"type":"Point","coordinates":[-104.61562,57.03302]},"properties":{"cps":1600,"y":"1980","lith":"PINK GRANITE"}},{"type":"Feature","id":5052,"geometry":{"type":"Point","coordinates":[-103.24876,57.62537]},"properties":{"cps":2000,"y":"1979","lith":"Granite"}},{"type":"Feature","id":5053,"geometry":{"type":"Point","coordinates":[-107.54153,59.34658]},"properties":{"cps":3000,"y":"2005","lith":"SANDSTONE"}},{"type":"Feature","id":5054,"geometry":{"type":"Point","coordinates":[-106.08717,57.335]},"properties":{"cps":320,"y":"1982","lith":"SANDSTONE"}},{"type":"Feature","id":5055,"geometry":{"type":"Point","coordinates":[-103.22774,57.64088]},"properties":{"cps":180,"y":"1979","lith":"none"}},{"type":"Feature","id":5056,"geometry":{"type":"Point","coordinates":[-109.76363,57.97835]},"properties":{"cps":320,"y":"1980","lith":"BIOTITE-SERICITE SCHIST"}},{"type":"Feature","id":5057,"geometry":{"type":"Point","coordinates":[-106.98797,59.2448]},"properties":{"cps":90,"y":"1981","lith":"PEBBLY SANDSTONE"}},{"type":"Feature","id":5058,"geometry":{"type":"Point","coordinates":[-109.70075,58.06062]},"properties":{"cps":95,"y":"1980","lith":"QUARTZ FELSPAR GNEISS"}},{"type":"Feature","id":5059,"geometry":{"type":"Point","coordinates":[-107.54765,59.34372]},"properties":{"cps":750,"y":"2005","lith":"SANDSTONE"}},{"type":"Feature","id":5060,"geometry":{"type":"Point","coordinates":[-109.63233,58.36621]},"properties":{"cps":300,"y":"1982","lith":"Pegmatoid"}},{"type":"Feature","id":5061,"geometry":{"type":"Point","coordinates":[-103.23041,57.62622]},"properties":{"cps":1150,"y":"1979","lith":"Granite"}},{"type":"Feature","id":5062,"geometry":{"type":"Point","coordinates":[-107.84048,59.24189]},"properties":{"cps":5200,"y":"2006","lith":" "}},{"type":"Feature","id":5063,"geometry":{"type":"Point","coordinates":[-109.64537,58.3675]},"properties":{"cps":350,"y":"1982","lith":"Pegmatoid"}},{"type":"Feature","id":5064,"geometry":{"type":"Point","coordinates":[-103.92217,58.0015]},"properties":{"cps":140,"y":"1983","lith":"Athabasca Formation"}},{"type":"Feature","id":5065,"geometry":{"type":"Point","coordinates":[-106.08731,57.33878]},"properties":{"cps":30,"y":"1982","lith":" "}},{"type":"Feature","id":5066,"geometry":{"type":"Point","coordinates":[-109.6136,58.38483]},"properties":{"cps":400,"y":"1982","lith":"Quartz Feldspar Gneiss"}},{"type":"Feature","id":5067,"geometry":{"type":"Point","coordinates":[-109.5775,58.3557]},"properties":{"cps":1000,"y":"1981","lith":"Pegmatoid"}},{"type":"Feature","id":5068,"geometry":{"type":"Point","coordinates":[-103.20149,57.65254]},"properties":{"cps":2200,"y":"1979","lith":"Granite"}},{"type":"Feature","id":5069,"geometry":{"type":"Point","coordinates":[-109.58508,58.37894]},"properties":{"cps":450,"y":"1982","lith":"Pegmatoid/Quartz Feldspar Gneiss"}},{"type":"Feature","id":5070,"geometry":{"type":"Point","coordinates":[-109.95825,57.98965]},"properties":{"cps":200,"y":"1980","lith":"GRANITIC ROCK"}},{"type":"Feature","id":5071,"geometry":{"type":"Point","coordinates":[-104.05285,58.33973]},"properties":{"cps":183,"y":"2009","lith":"Sandstone"}},{"type":"Feature","id":5072,"geometry":{"type":"Point","coordinates":[-109.54192,58.48378]},"properties":{"cps":800,"y":"1982","lith":"BASEMENT"}},{"type":"Feature","id":5073,"geometry":{"type":"Point","coordinates":[-107.54237,59.34633]},"properties":{"cps":750,"y":"2005","lith":"SANDSTONE"}},{"type":"Feature","id":5074,"geometry":{"type":"Point","coordinates":[-103.22911,57.64225]},"properties":{"cps":250,"y":"1979","lith":"none"}},{"type":"Feature","id":5075,"geometry":{"type":"Point","coordinates":[-109.55859,58.36177]},"properties":{"cps":360,"y":"1981","lith":" "}},{"type":"Feature","id":5076,"geometry":{"type":"Point","coordinates":[-104.55913,57.0582]},"properties":{"cps":1500,"y":"1980","lith":"FLASERED PINK GRANITIC GNEISS"}},{"type":"Feature","id":5077,"geometry":{"type":"Point","coordinates":[-105.04148,58.91031]},"properties":{"cps":40,"y":"2008","lith":" "}},{"type":"Feature","id":5078,"geometry":{"type":"Point","coordinates":[-103.21642,57.63678]},"properties":{"cps":450,"y":"1979","lith":"Biotite Granite"}},{"type":"Feature","id":5079,"geometry":{"type":"Point","coordinates":[-109.59191,58.37638]},"properties":{"cps":450,"y":"1982","lith":"Pegmatoid"}},{"type":"Feature","id":5080,"geometry":{"type":"Point","coordinates":[-104.29059,59.14391]},"properties":{"cps":850,"y":"1998","lith":" "}},{"type":"Feature","id":5081,"geometry":{"type":"Point","coordinates":[-109.63161,58.37197]},"properties":{"cps":420,"y":"1982","lith":"Granite"}},{"type":"Feature","id":5082,"geometry":{"type":"Point","coordinates":[-109.54378,58.48327]},"properties":{"cps":550,"y":"1982","lith":"BASEMENT"}},{"type":"Feature","id":5083,"geometry":{"type":"Point","coordinates":[-103.24715,57.62344]},"properties":{"cps":1000,"y":"1979","lith":"Granitic Gneiss"}},{"type":"Feature","id":5084,"geometry":{"type":"Point","coordinates":[-109.62845,58.48961]},"properties":{"cps":110,"y":"1981","lith":"Conglomerate"}},{"type":"Feature","id":5085,"geometry":{"type":"Point","coordinates":[-109.61687,58.36095]},"properties":{"cps":400,"y":"1982","lith":"Granite"}},{"type":"Feature","id":5086,"geometry":{"type":"Point","coordinates":[-103.22895,57.62459]},"properties":{"cps":255,"y":"1979","lith":"Leucogranite"}},{"type":"Feature","id":5087,"geometry":{"type":"Point","coordinates":[-105.01536,57.379]},"properties":{"cps":1725,"y":"1982","lith":"BASEMENT"}},{"type":"Feature","id":5088,"geometry":{"type":"Point","coordinates":[-104.55785,57.05811]},"properties":{"cps":4300,"y":"1980","lith":"META-PELITE"}},{"type":"Feature","id":5089,"geometry":{"type":"Point","coordinates":[-109.5839,58.16584]},"properties":{"cps":550,"y":"1980","lith":"GRANITIC ROCK"}},{"type":"Feature","id":5090,"geometry":{"type":"Point","coordinates":[-109.78798,57.9506]},"properties":{"cps":1000,"y":"1980","lith":"GRANITIC ROCK"}},{"type":"Feature","id":5091,"geometry":{"type":"Point","coordinates":[-109.63115,58.35172]},"properties":{"cps":800,"y":"1982","lith":"Granite"}},{"type":"Feature","id":5092,"geometry":{"type":"Point","coordinates":[-105.02708,57.371]},"properties":{"cps":2000,"y":"1982","lith":"PEGMATITE"}},{"type":"Feature","id":5093,"geometry":{"type":"Point","coordinates":[-109.41954,57.62024]},"properties":{"cps":1218,"y":"2012","lith":"Massive Pitchblende"}},{"type":"Feature","id":5094,"geometry":{"type":"Point","coordinates":[-104.60297,57.03823]},"properties":{"cps":2000,"y":"1980","lith":"META-ARKOSE RED"}},{"type":"Feature","id":5095,"geometry":{"type":"Point","coordinates":[-104.32118,59.12112]},"properties":{"cps":420,"y":"1998","lith":"Granite"}},{"type":"Feature","id":5096,"geometry":{"type":"Point","coordinates":[-103.92043,58.0048]},"properties":{"cps":700,"y":"1983","lith":"Granite"}},{"type":"Feature","id":5097,"geometry":{"type":"Point","coordinates":[-109.51769,58.16096]},"properties":{"cps":200,"y":"1980","lith":"GRANITIC ROCK"}},{"type":"Feature","id":5098,"geometry":{"type":"Point","coordinates":[-104.0539,58.33991]},"properties":{"cps":147,"y":"2009","lith":"Sandstone"}},{"type":"Feature","id":5099,"geometry":{"type":"Point","coordinates":[-105.04234,58.91283]},"properties":{"cps":40,"y":"2008","lith":" "}},{"type":"Feature","id":5100,"geometry":{"type":"Point","coordinates":[-107.53289,59.34545]},"properties":{"cps":750,"y":"2005","lith":"SANDSTONE"}},{"type":"Feature","id":5101,"geometry":{"type":"Point","coordinates":[-109.60313,58.36426]},"properties":{"cps":400,"y":"1982","lith":"Granite"}},{"type":"Feature","id":5102,"geometry":{"type":"Point","coordinates":[-109.4594,57.59845]},"properties":{"cps":2000,"y":"2012","lith":" "}},{"type":"Feature","id":5103,"geometry":{"type":"Point","coordinates":[-105.05231,58.8848]},"properties":{"cps":40,"y":"2008","lith":" "}},{"type":"Feature","id":5104,"geometry":{"type":"Point","coordinates":[-109.42551,57.63341]},"properties":{"cps":1030,"y":"2011","lith":"Granite(or granulite?)"}},{"type":"Feature","id":5105,"geometry":{"type":"Point","coordinates":[-103.21736,57.63702]},"properties":{"cps":1100,"y":"1979","lith":"Biotite Feldspar Porphyry"}},{"type":"Feature","id":5106,"geometry":{"type":"Point","coordinates":[-109.6391,58.367]},"properties":{"cps":350,"y":"1982","lith":"Pegmatoid"}},{"type":"Feature","id":5107,"geometry":{"type":"Point","coordinates":[-105.05779,58.88843]},"properties":{"cps":40,"y":"2008","lith":" "}},{"type":"Feature","id":5108,"geometry":{"type":"Point","coordinates":[-109.57121,58.48732]},"properties":{"cps":3500,"y":"1982","lith":"Basement"}},{"type":"Feature","id":5109,"geometry":{"type":"Point","coordinates":[-109.72457,57.9963]},"properties":{"cps":420,"y":"1980","lith":"GRANITIC ROCK"}},{"type":"Feature","id":5110,"geometry":{"type":"Point","coordinates":[-107.53911,59.34798]},"properties":{"cps":750,"y":"2005","lith":"SANDSTONE"}},{"type":"Feature","id":5111,"geometry":{"type":"Point","coordinates":[-105.04411,58.89397]},"properties":{"cps":40,"y":"2008","lith":" "}},{"type":"Feature","id":5112,"geometry":{"type":"Point","coordinates":[-109.59903,58.49111]},"properties":{"cps":800,"y":"1981","lith":"Granite"}},{"type":"Feature","id":5113,"geometry":{"type":"Point","coordinates":[-107.54357,59.34626]},"properties":{"cps":3000,"y":"2005","lith":"SANDSTONE"}},{"type":"Feature","id":5114,"geometry":{"type":"Point","coordinates":[-107.53328,59.34549]},"properties":{"cps":7500,"y":"2005","lith":"SANDSTONE"}},{"type":"Feature","id":5115,"geometry":{"type":"Point","coordinates":[-109.59384,58.36582]},"properties":{"cps":320,"y":"1982","lith":"Granite"}},{"type":"Feature","id":5116,"geometry":{"type":"Point","coordinates":[-105.08201,58.89267]},"properties":{"cps":40,"y":"2008","lith":" "}},{"type":"Feature","id":5117,"geometry":{"type":"Point","coordinates":[-109.59199,58.3746]},"properties":{"cps":650,"y":"1982","lith":"Pegmatoid"}},{"type":"Feature","id":5118,"geometry":{"type":"Point","coordinates":[-107.54011,59.34684]},"properties":{"cps":3000,"y":"2005","lith":"SANDSTONE"}},{"type":"Feature","id":5119,"geometry":{"type":"Point","coordinates":[-109.87752,57.96954]},"properties":{"cps":140,"y":"1980","lith":"GRANITIC ROCK"}},{"type":"Feature","id":5120,"geometry":{"type":"Point","coordinates":[-109.4349,57.61274]},"properties":{"cps":2000,"y":"2012","lith":" "}},{"type":"Feature","id":5121,"geometry":{"type":"Point","coordinates":[-105.06599,58.9265]},"properties":{"cps":40,"y":"2008","lith":" "}},{"type":"Feature","id":5122,"geometry":{"type":"Point","coordinates":[-109.59085,58.37471]},"properties":{"cps":600,"y":"1982","lith":"Pegmatoid"}},{"type":"Feature","id":5123,"geometry":{"type":"Point","coordinates":[-107.53851,59.34373]},"properties":{"cps":3000,"y":"2005","lith":"SANDSTONE"}},{"type":"Feature","id":5124,"geometry":{"type":"Point","coordinates":[-109.57922,58.34948]},"properties":{"cps":330,"y":"1982","lith":"Pegmatoid"}},{"type":"Feature","id":5125,"geometry":{"type":"Point","coordinates":[-104.27345,59.15299]},"properties":{"cps":200,"y":"1998","lith":" "}},{"type":"Feature","id":5126,"geometry":{"type":"Point","coordinates":[-104.29058,59.12882]},"properties":{"cps":510,"y":"1998","lith":" "}},{"type":"Feature","id":5127,"geometry":{"type":"Point","coordinates":[-109.59153,58.35222]},"properties":{"cps":440,"y":"1982","lith":"Leptynite"}},{"type":"Feature","id":5128,"geometry":{"type":"Point","coordinates":[-104.96318,58.92444]},"properties":{"cps":40,"y":"2008","lith":" "}},{"type":"Feature","id":5129,"geometry":{"type":"Point","coordinates":[-109.88661,58.10794]},"properties":{"cps":180,"y":"1980","lith":"SANDSTONE"}},{"type":"Feature","id":5130,"geometry":{"type":"Point","coordinates":[-104.5851,57.04688]},"properties":{"cps":4600,"y":"1980","lith":"GRANITIC GNEISS"}},{"type":"Feature","id":5131,"geometry":{"type":"Point","coordinates":[-109.64582,58.36252]},"properties":{"cps":350,"y":"1982","lith":"Pegmatoid"}},{"type":"Feature","id":5132,"geometry":{"type":"Point","coordinates":[-104.25647,59.12461]},"properties":{"cps":520,"y":"1998","lith":" "}},{"type":"Feature","id":5133,"geometry":{"type":"Point","coordinates":[-109.59142,58.35229]},"properties":{"cps":5000,"y":"1982","lith":"Basement"}},{"type":"Feature","id":5134,"geometry":{"type":"Point","coordinates":[-109.42239,57.61962]},"properties":{"cps":0,"y":"2012","lith":"Massive Pitchblende"}},{"type":"Feature","id":5135,"geometry":{"type":"Point","coordinates":[-104.37509,59.11423]},"properties":{"cps":700,"y":"1998","lith":"Granite Gneiss"}},{"type":"Feature","id":5136,"geometry":{"type":"Point","coordinates":[-104.05637,58.33862]},"properties":{"cps":167,"y":"2009","lith":"Sandstone and Granite"}},{"type":"Feature","id":5137,"geometry":{"type":"Point","coordinates":[-107.54038,59.34671]},"properties":{"cps":3000,"y":"2005","lith":"SANDSTONE"}},{"type":"Feature","id":5138,"geometry":{"type":"Point","coordinates":[-103.85251,57.98697]},"properties":{"cps":140,"y":"1983","lith":"Granite"}},{"type":"Feature","id":5139,"geometry":{"type":"Point","coordinates":[-104.55078,57.06025]},"properties":{"cps":2000,"y":"1980","lith":"FLASERED GRANITIC GNEISS"}},{"type":"Feature","id":5140,"geometry":{"type":"Point","coordinates":[-104.255,59.15485]},"properties":{"cps":500,"y":"1998","lith":" "}},{"type":"Feature","id":5141,"geometry":{"type":"Point","coordinates":[-109.43321,57.62452]},"properties":{"cps":3200,"y":"2011","lith":"Schist"}},{"type":"Feature","id":5142,"geometry":{"type":"Point","coordinates":[-104.246,59.15982]},"properties":{"cps":660,"y":"1998","lith":"Granite"}},{"type":"Feature","id":5143,"geometry":{"type":"Point","coordinates":[-107.85393,59.24215]},"properties":{"cps":1800,"y":"2006","lith":" "}},{"type":"Feature","id":5144,"geometry":{"type":"Point","coordinates":[-107.54799,59.34385]},"properties":{"cps":3000,"y":"2005","lith":"SANDSTONE"}},{"type":"Feature","id":5145,"geometry":{"type":"Point","coordinates":[-109.57603,58.4958]},"properties":{"cps":350,"y":"1982","lith":"Granite"}},{"type":"Feature","id":5146,"geometry":{"type":"Point","coordinates":[-107.53193,59.34537]},"properties":{"cps":3000,"y":"2005","lith":"SANDSTONE"}},{"type":"Feature","id":5147,"geometry":{"type":"Point","coordinates":[-106.69302,58.88454]},"properties":{"cps":300,"y":"2007","lith":"Granite"}},{"type":"Feature","id":5148,"geometry":{"type":"Point","coordinates":[-107.53847,59.34351]},"properties":{"cps":3000,"y":"2005","lith":"SANDSTONE"}},{"type":"Feature","id":5149,"geometry":{"type":"Point","coordinates":[-109.64655,58.36022]},"properties":{"cps":300,"y":"1982","lith":"Pegmatoid"}},{"type":"Feature","id":5150,"geometry":{"type":"Point","coordinates":[-107.54285,59.34648]},"properties":{"cps":3000,"y":"2005","lith":"SANDSTONE"}},{"type":"Feature","id":5151,"geometry":{"type":"Point","coordinates":[-104.39698,59.10722]},"properties":{"cps":310,"y":"1998","lith":" "}},{"type":"Feature","id":5152,"geometry":{"type":"Point","coordinates":[-103.89976,58.01289]},"properties":{"cps":1420,"y":"1983","lith":"Quartz Biotite Gneiss"}},{"type":"Feature","id":5153,"geometry":{"type":"Point","coordinates":[-109.42266,57.62561]},"properties":{"cps":0,"y":"2011","lith":"Massive Pitchblende"}},{"type":"Feature","id":5154,"geometry":{"type":"Point","coordinates":[-107.54081,59.34649]},"properties":{"cps":3000,"y":"2005","lith":"SANDSTONE"}},{"type":"Feature","id":5155,"geometry":{"type":"Point","coordinates":[-104.29429,59.13618]},"properties":{"cps":850,"y":"1998","lith":" "}},{"type":"Feature","id":5156,"geometry":{"type":"Point","coordinates":[-109.51537,58.18151]},"properties":{"cps":100,"y":"1980","lith":"GRANITIC ROCK"}},{"type":"Feature","id":5157,"geometry":{"type":"Point","coordinates":[-104.05596,58.33766]},"properties":{"cps":288,"y":"2009","lith":"Sandstone"}},{"type":"Feature","id":5158,"geometry":{"type":"Point","coordinates":[-109.43206,57.62229]},"properties":{"cps":1338,"y":"2012","lith":"Massive Pitchblende"}},{"type":"Feature","id":5159,"geometry":{"type":"Point","coordinates":[-105.05631,58.92381]},"properties":{"cps":85,"y":"2008","lith":" "}},{"type":"Feature","id":5160,"geometry":{"type":"Point","coordinates":[-109.44903,57.60161]},"properties":{"cps":2639,"y":"2011","lith":"Semi-Massive Pitchblende"}},{"type":"Feature","id":5161,"geometry":{"type":"Point","coordinates":[-109.57121,58.48736]},"properties":{"cps":2200,"y":"1982","lith":"Basement"}},{"type":"Feature","id":5162,"geometry":{"type":"Point","coordinates":[-104.37341,59.11596]},"properties":{"cps":500,"y":"1998","lith":"Granite"}},{"type":"Feature","id":5163,"geometry":{"type":"Point","coordinates":[-107.54419,59.34566]},"properties":{"cps":750,"y":"2005","lith":"SANDSTONE"}},{"type":"Feature","id":5164,"geometry":{"type":"Point","coordinates":[-105.09314,58.89629]},"properties":{"cps":68,"y":"2008","lith":" "}},{"type":"Feature","id":5165,"geometry":{"type":"Point","coordinates":[-103.22799,57.64172]},"properties":{"cps":270,"y":"1979","lith":"Granite"}},{"type":"Feature","id":5166,"geometry":{"type":"Point","coordinates":[-109.42552,57.63085]},"properties":{"cps":8233,"y":"2011","lith":"Soil - Sand/Gravel"}},{"type":"Feature","id":5167,"geometry":{"type":"Point","coordinates":[-109.44351,57.60803]},"properties":{"cps":0,"y":"2011","lith":"Massive Pitchblende"}},{"type":"Feature","id":5168,"geometry":{"type":"Point","coordinates":[-109.43372,57.622]},"properties":{"cps":3049,"y":"2012","lith":"Massive Pitchblende"}},{"type":"Feature","id":5169,"geometry":{"type":"Point","coordinates":[-104.94247,57.36684]},"properties":{"cps":1900,"y":"1982","lith":"CONGLOMERATE"}},{"type":"Feature","id":5170,"geometry":{"type":"Point","coordinates":[-107.53901,59.34806]},"properties":{"cps":750,"y":"2005","lith":"SANDSTONE"}},{"type":"Feature","id":5171,"geometry":{"type":"Point","coordinates":[-107.53851,59.34811]},"properties":{"cps":3000,"y":"2005","lith":"SANDSTONE"}},{"type":"Feature","id":5172,"geometry":{"type":"Point","coordinates":[-109.60494,58.36468]},"properties":{"cps":550,"y":"1982","lith":"Pegmatoid"}},{"type":"Feature","id":5173,"geometry":{"type":"Point","coordinates":[-109.5187,58.51224]},"properties":{"cps":550,"y":"1982","lith":"BASEMENT"}},{"type":"Feature","id":5174,"geometry":{"type":"Point","coordinates":[-109.87418,57.96916]},"properties":{"cps":250,"y":"1980","lith":"GRANITIC ROCK"}},{"type":"Feature","id":5175,"geometry":{"type":"Point","coordinates":[-104.6265,57.02845]},"properties":{"cps":10000,"y":"1980","lith":"MYLONITE"}},{"type":"Feature","id":5176,"geometry":{"type":"Point","coordinates":[-107.54536,59.34628]},"properties":{"cps":3000,"y":"2005","lith":"SANDSTONE"}},{"type":"Feature","id":5177,"geometry":{"type":"Point","coordinates":[-107.53334,59.34579]},"properties":{"cps":3000,"y":"2005","lith":"SANDSTONE"}},{"type":"Feature","id":5178,"geometry":{"type":"Point","coordinates":[-104.62849,57.02825]},"properties":{"cps":1900,"y":"1980","lith":"FLASERED GRANITIC GNEISS"}},{"type":"Feature","id":5179,"geometry":{"type":"Point","coordinates":[-109.79135,57.95272]},"properties":{"cps":230,"y":"1980","lith":"META-ARGILLITE"}},{"type":"Feature","id":5180,"geometry":{"type":"Point","coordinates":[-107.53664,59.34578]},"properties":{"cps":3000,"y":"2005","lith":"SANDSTONE"}},{"type":"Feature","id":5181,"geometry":{"type":"Point","coordinates":[-107.53929,59.3479]},"properties":{"cps":3000,"y":"2005","lith":"SANDSTONE"}},{"type":"Feature","id":5182,"geometry":{"type":"Point","coordinates":[-105.05922,58.925]},"properties":{"cps":85,"y":"2008","lith":" "}},{"type":"Feature","id":5183,"geometry":{"type":"Point","coordinates":[-109.51491,58.18271]},"properties":{"cps":240,"y":"1980","lith":"GRANITIC ROCK"}},{"type":"Feature","id":5184,"geometry":{"type":"Point","coordinates":[-109.63698,58.36338]},"properties":{"cps":330,"y":"1982","lith":"Pegmatoid"}},{"type":"Feature","id":5185,"geometry":{"type":"Point","coordinates":[-105.14771,57.02401]},"properties":{"cps":2666.67,"y":"1979","lith":" "}},{"type":"Feature","id":5186,"geometry":{"type":"Point","coordinates":[-109.63153,58.36601]},"properties":{"cps":1200,"y":"1982","lith":"Pegmatoid"}},{"type":"Feature","id":5187,"geometry":{"type":"Point","coordinates":[-104.53605,57.06362]},"properties":{"cps":1800,"y":"1980","lith":"PINK GRANITE"}},{"type":"Feature","id":5188,"geometry":{"type":"Point","coordinates":[-109.58832,58.39851]},"properties":{"cps":1600,"y":"1982","lith":"Pegmatoid"}},{"type":"Feature","id":5189,"geometry":{"type":"Point","coordinates":[-104.38205,59.11608]},"properties":{"cps":450,"y":"1998","lith":" "}},{"type":"Feature","id":5190,"geometry":{"type":"Point","coordinates":[-109.59025,58.38107]},"properties":{"cps":380,"y":"1982","lith":"Granite"}},{"type":"Feature","id":5191,"geometry":{"type":"Point","coordinates":[-104.05071,58.33873]},"properties":{"cps":230,"y":"2009","lith":"Granite"}},{"type":"Feature","id":5192,"geometry":{"type":"Point","coordinates":[-104.25548,59.12135]},"properties":{"cps":340,"y":"1998","lith":" "}},{"type":"Feature","id":5193,"geometry":{"type":"Point","coordinates":[-103.89915,58.01333]},"properties":{"cps":880,"y":"1983","lith":"Pegmatite"}},{"type":"Feature","id":5194,"geometry":{"type":"Point","coordinates":[-109.62415,58.37436]},"properties":{"cps":500,"y":"1982","lith":"Pegmatoid"}},{"type":"Feature","id":5195,"geometry":{"type":"Point","coordinates":[-104.61102,57.03414]},"properties":{"cps":1700,"y":"1980","lith":"BIOTITE GNEISS"}},{"type":"Feature","id":5196,"geometry":{"type":"Point","coordinates":[-109.57152,58.49522]},"properties":{"cps":750,"y":"1982","lith":"Pegmatoid"}},{"type":"Feature","id":5197,"geometry":{"type":"Point","coordinates":[-104.25359,59.12418]},"properties":{"cps":700,"y":"1998","lith":" "}},{"type":"Feature","id":5198,"geometry":{"type":"Point","coordinates":[-104.39984,59.10708]},"properties":{"cps":120,"y":"1998","lith":" "}},{"type":"Feature","id":5199,"geometry":{"type":"Point","coordinates":[-105.04329,58.91549]},"properties":{"cps":40,"y":"2008","lith":" "}},{"type":"Feature","id":5200,"geometry":{"type":"Point","coordinates":[-109.98796,57.9761]},"properties":{"cps":90,"y":"1980","lith":"CONGLOMERATE"}},{"type":"Feature","id":5201,"geometry":{"type":"Point","coordinates":[-104.28661,59.15763]},"properties":{"cps":300,"y":"1998","lith":" "}},{"type":"Feature","id":5202,"geometry":{"type":"Point","coordinates":[-109.59552,58.37767]},"properties":{"cps":1800,"y":"1982","lith":"Granite"}},{"type":"Feature","id":5203,"geometry":{"type":"Point","coordinates":[-109.60682,58.36954]},"properties":{"cps":400,"y":"1982","lith":"Granite"}},{"type":"Feature","id":5204,"geometry":{"type":"Point","coordinates":[-109.61783,58.36049]},"properties":{"cps":400,"y":"1982","lith":"Granite"}},{"type":"Feature","id":5205,"geometry":{"type":"Point","coordinates":[-109.61297,58.37064]},"properties":{"cps":375,"y":"1982","lith":"Pegmatoid"}},{"type":"Feature","id":5206,"geometry":{"type":"Point","coordinates":[-104.61136,57.03437]},"properties":{"cps":1700,"y":"1980","lith":"PEGMATITE"}},{"type":"Feature","id":5207,"geometry":{"type":"Point","coordinates":[-107.53182,59.34554]},"properties":{"cps":750,"y":"2005","lith":"SANDSTONE"}},{"type":"Feature","id":5208,"geometry":{"type":"Point","coordinates":[-103.23644,57.62223]},"properties":{"cps":350,"y":"1979","lith":"Granitic Gneiss"}},{"type":"Feature","id":5209,"geometry":{"type":"Point","coordinates":[-109.5828,58.35167]},"properties":{"cps":500,"y":"1982","lith":"Pegmatoid"}},{"type":"Feature","id":5210,"geometry":{"type":"Point","coordinates":[-104.61037,57.03529]},"properties":{"cps":12600,"y":"1980","lith":"FLASERED GRANITE"}},{"type":"Feature","id":5211,"geometry":{"type":"Point","coordinates":[-109.88516,57.97038]},"properties":{"cps":300,"y":"1980","lith":"GRANITIC ROCK"}},{"type":"Feature","id":5212,"geometry":{"type":"Point","coordinates":[-107.5482,59.34396]},"properties":{"cps":750,"y":"2005","lith":"SANDSTONE"}},{"type":"Feature","id":5213,"geometry":{"type":"Point","coordinates":[-105.17372,57.01733]},"properties":{"cps":4666.67,"y":"1979","lith":" "}},{"type":"Feature","id":5214,"geometry":{"type":"Point","coordinates":[-104.96876,57.36729]},"properties":{"cps":1050,"y":"1982","lith":"CONGLOMERATE"}},{"type":"Feature","id":5215,"geometry":{"type":"Point","coordinates":[-103.24226,57.62989]},"properties":{"cps":1300,"y":"1979","lith":"Granitic Gneiss"}},{"type":"Feature","id":5216,"geometry":{"type":"Point","coordinates":[-109.62667,58.36652]},"properties":{"cps":550,"y":"1982","lith":"Pegmatoid"}},{"type":"Feature","id":5217,"geometry":{"type":"Point","coordinates":[-103.8588,57.98481]},"properties":{"cps":80,"y":"1983","lith":"Granite"}},{"type":"Feature","id":5218,"geometry":{"type":"Point","coordinates":[-109.59483,58.39232]},"properties":{"cps":350,"y":"1982","lith":"Granite"}},{"type":"Feature","id":5219,"geometry":{"type":"Point","coordinates":[-109.61664,58.36833]},"properties":{"cps":350,"y":"1982","lith":"Pegmatoid"}},{"type":"Feature","id":5220,"geometry":{"type":"Point","coordinates":[-109.43224,57.62191]},"properties":{"cps":0,"y":"2011","lith":"Massive Pitchblende"}},{"type":"Feature","id":5221,"geometry":{"type":"Point","coordinates":[-109.2506,58.11319]},"properties":{"cps":146,"y":"1980","lith":"SILTSTONE (ATHABASCA)"}},{"type":"Feature","id":5222,"geometry":{"type":"Point","coordinates":[-107.5393,59.34334]},"properties":{"cps":3000,"y":"2005","lith":"SANDSTONE"}},{"type":"Feature","id":5223,"geometry":{"type":"Point","coordinates":[-109.59395,58.39234]},"properties":{"cps":1000,"y":"1982","lith":"Pegmatoid"}},{"type":"Feature","id":5224,"geometry":{"type":"Point","coordinates":[-109.61262,58.14227]},"properties":{"cps":85,"y":"1980","lith":"SANDSTONE"}},{"type":"Feature","id":5225,"geometry":{"type":"Point","coordinates":[-109.57121,58.4874]},"properties":{"cps":575,"y":"1982","lith":"Basement"}},{"type":"Feature","id":5226,"geometry":{"type":"Point","coordinates":[-109.57341,58.47991]},"properties":{"cps":475,"y":"1982","lith":"Granite"}},{"type":"Feature","id":5227,"geometry":{"type":"Point","coordinates":[-109.6257,58.50546]},"properties":{"cps":150,"y":"1981","lith":"Conglomerate"}},{"type":"Feature","id":5228,"geometry":{"type":"Point","coordinates":[-103.22793,57.63227]},"properties":{"cps":800,"y":"1979","lith":"Granite"}},{"type":"Feature","id":5229,"geometry":{"type":"Point","coordinates":[-109.43193,57.62234]},"properties":{"cps":1057,"y":"2012","lith":"Weathered/Altered Basement Rock with pitchblende stringers"}},{"type":"Feature","id":5230,"geometry":{"type":"Point","coordinates":[-104.39766,59.10823]},"properties":{"cps":200,"y":"1998","lith":" "}},{"type":"Feature","id":5231,"geometry":{"type":"Point","coordinates":[-103.25957,57.62612]},"properties":{"cps":140,"y":"1979","lith":"Granitic Gneiss"}},{"type":"Feature","id":5232,"geometry":{"type":"Point","coordinates":[-104.28516,59.14693]},"properties":{"cps":225,"y":"1998","lith":"Sandstone"}},{"type":"Feature","id":5233,"geometry":{"type":"Point","coordinates":[-107.53801,59.34385]},"properties":{"cps":750,"y":"2005","lith":"SANDSTONE"}},{"type":"Feature","id":5234,"geometry":{"type":"Point","coordinates":[-105.01212,57.3738]},"properties":{"cps":1050,"y":"1982","lith":"BASEMENT"}},{"type":"Feature","id":5235,"geometry":{"type":"Point","coordinates":[-103.23911,57.63649]},"properties":{"cps":380,"y":"1979","lith":"Biotite Hornblende Gneiss"}},{"type":"Feature","id":5236,"geometry":{"type":"Point","coordinates":[-104.60815,57.03411]},"properties":{"cps":1800,"y":"1980","lith":"RED GRANITE"}},{"type":"Feature","id":5237,"geometry":{"type":"Point","coordinates":[-103.88884,57.9952]},"properties":{"cps":200,"y":"1983","lith":"Granite"}},{"type":"Feature","id":5238,"geometry":{"type":"Point","coordinates":[-105.06256,58.92575]},"properties":{"cps":40,"y":"2008","lith":" "}},{"type":"Feature","id":5239,"geometry":{"type":"Point","coordinates":[-109.62738,58.35716]},"properties":{"cps":590,"y":"1982","lith":"Pegmatoid"}},{"type":"Feature","id":5240,"geometry":{"type":"Point","coordinates":[-103.26912,57.63687]},"properties":{"cps":300,"y":"1979","lith":"Granite Gneiss"}},{"type":"Feature","id":5241,"geometry":{"type":"Point","coordinates":[-103.19223,57.65077]},"properties":{"cps":75,"y":"1979","lith":"Amphibolite"}},{"type":"Feature","id":5242,"geometry":{"type":"Point","coordinates":[-109.62598,58.36111]},"properties":{"cps":350,"y":"1982","lith":"Granite"}},{"type":"Feature","id":5243,"geometry":{"type":"Point","coordinates":[-109.62944,58.36694]},"properties":{"cps":500,"y":"1982","lith":"Pegmatoid"}},{"type":"Feature","id":5244,"geometry":{"type":"Point","coordinates":[-105.05993,58.88878]},"properties":{"cps":68,"y":"2008","lith":" "}},{"type":"Feature","id":5245,"geometry":{"type":"Point","coordinates":[-104.30604,59.13044]},"properties":{"cps":500,"y":"1998","lith":" "}},{"type":"Feature","id":5246,"geometry":{"type":"Point","coordinates":[-107.53213,59.34544]},"properties":{"cps":3000,"y":"2005","lith":"SANDSTONE"}},{"type":"Feature","id":5247,"geometry":{"type":"Point","coordinates":[-106.25245,57.3652]},"properties":{"cps":30,"y":"1982","lith":" "}},{"type":"Feature","id":5248,"geometry":{"type":"Point","coordinates":[-103.90031,58.00348]},"properties":{"cps":750,"y":"1983","lith":"Meta Arkose"}},{"type":"Feature","id":5249,"geometry":{"type":"Point","coordinates":[-103.23181,57.62792]},"properties":{"cps":235,"y":"1979","lith":"Quartzite"}},{"type":"Feature","id":5250,"geometry":{"type":"Point","coordinates":[-104.27895,59.15309]},"properties":{"cps":225,"y":"1998","lith":" "}},{"type":"Feature","id":5251,"geometry":{"type":"Point","coordinates":[-104.55238,57.05999]},"properties":{"cps":1300,"y":"1980","lith":"WHITE PEGMATITE"}},{"type":"Feature","id":5252,"geometry":{"type":"Point","coordinates":[-109.42502,57.61494]},"properties":{"cps":0,"y":"2011","lith":"Massive Pitchblende/Uranium Oxide"}},{"type":"Feature","id":5253,"geometry":{"type":"Point","coordinates":[-103.90641,58.00595]},"properties":{"cps":160,"y":"1983","lith":"Granite"}},{"type":"Feature","id":5254,"geometry":{"type":"Point","coordinates":[-107.53258,59.34541]},"properties":{"cps":7500,"y":"2005","lith":"SANDSTONE"}},{"type":"Feature","id":5255,"geometry":{"type":"Point","coordinates":[-103.91888,58.00456]},"properties":{"cps":560,"y":"1983","lith":"Pegmatite"}},{"type":"Feature","id":5256,"geometry":{"type":"Point","coordinates":[-104.05551,58.33724]},"properties":{"cps":174,"y":"2009","lith":"Conglomeritic Sandstone"}},{"type":"Feature","id":5257,"geometry":{"type":"Point","coordinates":[-105.07174,58.89307]},"properties":{"cps":68,"y":"2008","lith":" "}},{"type":"Feature","id":5258,"geometry":{"type":"Point","coordinates":[-107.53977,59.34795]},"properties":{"cps":3000,"y":"2005","lith":"SANDSTONE"}},{"type":"Feature","id":5259,"geometry":{"type":"Point","coordinates":[-109.72435,57.98953]},"properties":{"cps":400,"y":"1980","lith":"BASIC INTRUSTION"}},{"type":"Feature","id":5260,"geometry":{"type":"Point","coordinates":[-109.61038,58.38259]},"properties":{"cps":400,"y":"1982","lith":"Pegmatoid"}},{"type":"Feature","id":5261,"geometry":{"type":"Point","coordinates":[-103.90684,58.00513]},"properties":{"cps":2000,"y":"1983","lith":"Pegmatoid"}},{"type":"Feature","id":5262,"geometry":{"type":"Point","coordinates":[-109.44723,57.61783]},"properties":{"cps":0,"y":"2012","lith":" "}},{"type":"Feature","id":5263,"geometry":{"type":"Point","coordinates":[-109.76685,57.96139]},"properties":{"cps":120,"y":"1980","lith":"META-ARGILLITE"}},{"type":"Feature","id":5264,"geometry":{"type":"Point","coordinates":[-109.65321,58.36191]},"properties":{"cps":125,"y":"1982","lith":"Conglomerate"}},{"type":"Feature","id":5265,"geometry":{"type":"Point","coordinates":[-107.53861,59.34803]},"properties":{"cps":3000,"y":"2005","lith":"SANDSTONE"}},{"type":"Feature","id":5266,"geometry":{"type":"Point","coordinates":[-103.23732,57.63421]},"properties":{"cps":340,"y":"1979","lith":"Granite Gneiss"}},{"type":"Feature","id":5267,"geometry":{"type":"Point","coordinates":[-109.51698,58.16605]},"properties":{"cps":150,"y":"1980","lith":"META-ARKOSE"}},{"type":"Feature","id":5268,"geometry":{"type":"Point","coordinates":[-107.54952,59.34391]},"properties":{"cps":750,"y":"2005","lith":"SANDSTONE"}},{"type":"Feature","id":5269,"geometry":{"type":"Point","coordinates":[-105.04463,58.89765]},"properties":{"cps":40,"y":"2008","lith":" "}},{"type":"Feature","id":5270,"geometry":{"type":"Point","coordinates":[-109.4577,57.62507]},"properties":{"cps":6500,"y":"2012","lith":" "}},{"type":"Feature","id":5271,"geometry":{"type":"Point","coordinates":[-103.22877,57.64215]},"properties":{"cps":2000,"y":"1979","lith":"Granite-Meta-Arkose"}},{"type":"Feature","id":5272,"geometry":{"type":"Point","coordinates":[-104.05325,58.33912]},"properties":{"cps":120,"y":"2009","lith":"Sandstone"}},{"type":"Feature","id":5273,"geometry":{"type":"Point","coordinates":[-103.24987,57.62547]},"properties":{"cps":1700,"y":"1979","lith":"Granitic Gneiss"}},{"type":"Feature","id":5274,"geometry":{"type":"Point","coordinates":[-104.29408,59.13398]},"properties":{"cps":400,"y":"1998","lith":" "}},{"type":"Feature","id":5275,"geometry":{"type":"Point","coordinates":[-107.54268,59.34628]},"properties":{"cps":750,"y":"2005","lith":"CONGLOMERATE"}},{"type":"Feature","id":5276,"geometry":{"type":"Point","coordinates":[-109.58279,58.35178]},"properties":{"cps":550,"y":"1982","lith":"Pegmatoid"}},{"type":"Feature","id":5277,"geometry":{"type":"Point","coordinates":[-109.49901,58.17136]},"properties":{"cps":200,"y":"1980","lith":"GRANITE GNEISS"}},{"type":"Feature","id":5278,"geometry":{"type":"Point","coordinates":[-107.53845,59.34406]},"properties":{"cps":3000,"y":"2005","lith":"SANDSTONE"}},{"type":"Feature","id":5279,"geometry":{"type":"Point","coordinates":[-109.41993,57.62027]},"properties":{"cps":771,"y":"2012","lith":"Massive Pitchblende"}},{"type":"Feature","id":5280,"geometry":{"type":"Point","coordinates":[-109.43266,57.62465]},"properties":{"cps":4245,"y":"2012","lith":"Massive Pitchblende"}},{"type":"Feature","id":5281,"geometry":{"type":"Point","coordinates":[-104.37965,59.11688]},"properties":{"cps":500,"y":"1998","lith":" "}},{"type":"Feature","id":5282,"geometry":{"type":"Point","coordinates":[-103.89757,57.99966]},"properties":{"cps":640,"y":"1983","lith":"Granite"}},{"type":"Feature","id":5283,"geometry":{"type":"Point","coordinates":[-109.59594,58.39776]},"properties":{"cps":350,"y":"1982","lith":"Pegmatoid"}},{"type":"Feature","id":5284,"geometry":{"type":"Point","coordinates":[-104.28604,59.16204]},"properties":{"cps":700,"y":"1998","lith":"Sandstone"}},{"type":"Feature","id":5285,"geometry":{"type":"Point","coordinates":[-107.5432,59.3468]},"properties":{"cps":3000,"y":"2005","lith":"SANDSTONE"}},{"type":"Feature","id":5286,"geometry":{"type":"Point","coordinates":[-107.53752,59.34376]},"properties":{"cps":750,"y":"2005","lith":"SANDSTONE"}},{"type":"Feature","id":5287,"geometry":{"type":"Point","coordinates":[-109.85934,57.96231]},"properties":{"cps":300,"y":"1980","lith":"META-ARKOSE"}},{"type":"Feature","id":5288,"geometry":{"type":"Point","coordinates":[-109.62673,58.36791]},"properties":{"cps":330,"y":"1982","lith":"Pegmatoid"}},{"type":"Feature","id":5289,"geometry":{"type":"Point","coordinates":[-109.65093,58.36067]},"properties":{"cps":350,"y":"1982","lith":"Pegmatoid"}},{"type":"Feature","id":5290,"geometry":{"type":"Point","coordinates":[-103.91551,58.00469]},"properties":{"cps":800,"y":"1983","lith":"Pegmatite"}},{"type":"Feature","id":5291,"geometry":{"type":"Point","coordinates":[-107.54104,59.34679]},"properties":{"cps":750,"y":"2005","lith":"SANDSTONE"}},{"type":"Feature","id":5292,"geometry":{"type":"Point","coordinates":[-109.42575,57.63233]},"properties":{"cps":1157,"y":"2011","lith":"Basement Rock? Hematite/Muscovite"}},{"type":"Feature","id":5293,"geometry":{"type":"Point","coordinates":[-109.76834,57.96144]},"properties":{"cps":140,"y":"1980","lith":"GRANITIC ROCK"}},{"type":"Feature","id":5294,"geometry":{"type":"Point","coordinates":[-104.63153,57.02694]},"properties":{"cps":5000,"y":"1980","lith":"AMPHIBOLITE?, PYROXENITE?"}},{"type":"Feature","id":5295,"geometry":{"type":"Point","coordinates":[-107.54186,59.34646]},"properties":{"cps":3000,"y":"2005","lith":"SANDSTONE"}},{"type":"Feature","id":5296,"geometry":{"type":"Point","coordinates":[-109.56365,58.4912]},"properties":{"cps":800,"y":"1982","lith":"Conglomerate"}},{"type":"Feature","id":5297,"geometry":{"type":"Point","coordinates":[-104.37395,59.12112]},"properties":{"cps":200,"y":"1998","lith":"Sandstone"}},{"type":"Feature","id":5298,"geometry":{"type":"Point","coordinates":[-104.25365,59.12388]},"properties":{"cps":500,"y":"1998","lith":" "}},{"type":"Feature","id":5299,"geometry":{"type":"Point","coordinates":[-104.255,59.15566]},"properties":{"cps":200,"y":"1998","lith":" "}},{"type":"Feature","id":5300,"geometry":{"type":"Point","coordinates":[-109.59295,58.35297]},"properties":{"cps":450,"y":"1982","lith":"Granite"}},{"type":"Feature","id":5301,"geometry":{"type":"Point","coordinates":[-104.60979,57.03507]},"properties":{"cps":1700,"y":"1980","lith":"FLASERED GRANITIC GNEISS"}},{"type":"Feature","id":5302,"geometry":{"type":"Point","coordinates":[-109.57334,58.4885]},"properties":{"cps":310,"y":"1982","lith":"Pegmatoid"}},{"type":"Feature","id":5303,"geometry":{"type":"Point","coordinates":[-105.00636,57.36576]},"properties":{"cps":1100,"y":"1982","lith":"CONGLOMERATE"}},{"type":"Feature","id":5304,"geometry":{"type":"Point","coordinates":[-109.61988,58.37191]},"properties":{"cps":380,"y":"1982","lith":"Pegmatoid"}},{"type":"Feature","id":5305,"geometry":{"type":"Point","coordinates":[-109.44368,57.60798]},"properties":{"cps":960,"y":"2011","lith":"Massive pitchblende gravel"}},{"type":"Feature","id":5306,"geometry":{"type":"Point","coordinates":[-104.98564,57.37251]},"properties":{"cps":3025,"y":"1982","lith":"BASEMENT"}},{"type":"Feature","id":5307,"geometry":{"type":"Point","coordinates":[-109.79829,57.97448]},"properties":{"cps":275,"y":"1980","lith":" "}},{"type":"Feature","id":5308,"geometry":{"type":"Point","coordinates":[-103.86007,57.98819]},"properties":{"cps":100,"y":"1983","lith":"Pegmatite"}},{"type":"Feature","id":5309,"geometry":{"type":"Point","coordinates":[-103.88948,57.9935]},"properties":{"cps":200,"y":"1983","lith":"Granite"}},{"type":"Feature","id":5310,"geometry":{"type":"Point","coordinates":[-109.56747,58.3594]},"properties":{"cps":1300,"y":"1981","lith":"Pegmatoid"}},{"type":"Feature","id":5311,"geometry":{"type":"Point","coordinates":[-109.63862,58.36155]},"properties":{"cps":500,"y":"1982","lith":"Pegmatoid"}},{"type":"Feature","id":5312,"geometry":{"type":"Point","coordinates":[-109.60412,58.4902]},"properties":{"cps":400,"y":"1981","lith":"Leptynite"}},{"type":"Feature","id":5313,"geometry":{"type":"Point","coordinates":[-103.23629,57.64391]},"properties":{"cps":0,"y":"1979","lith":"Calc-Silicate"}},{"type":"Feature","id":5314,"geometry":{"type":"Point","coordinates":[-103.26802,57.63911]},"properties":{"cps":2200,"y":"1979","lith":"Granite"}},{"type":"Feature","id":5315,"geometry":{"type":"Point","coordinates":[-109.62172,58.36109]},"properties":{"cps":400,"y":"1982","lith":"Leptynite"}},{"type":"Feature","id":5316,"geometry":{"type":"Point","coordinates":[-104.05497,58.33804]},"properties":{"cps":253,"y":"2009","lith":"Sandstone"}},{"type":"Feature","id":5317,"geometry":{"type":"Point","coordinates":[-107.5328,59.34538]},"properties":{"cps":3000,"y":"2005","lith":"SANDSTONE"}},{"type":"Feature","id":5318,"geometry":{"type":"Point","coordinates":[-104.52282,57.0662]},"properties":{"cps":2000,"y":"1980","lith":"FLASERED GRANITIC GNEISS"}},{"type":"Feature","id":5319,"geometry":{"type":"Point","coordinates":[-104.29107,59.14335]},"properties":{"cps":5700,"y":"1998","lith":"Granite Gneiss"}},{"type":"Feature","id":5320,"geometry":{"type":"Point","coordinates":[-109.64237,58.36121]},"properties":{"cps":600,"y":"1982","lith":"Pegmatoid"}},{"type":"Feature","id":5321,"geometry":{"type":"Point","coordinates":[-104.26008,59.12327]},"properties":{"cps":380,"y":"1998","lith":" "}},{"type":"Feature","id":5322,"geometry":{"type":"Point","coordinates":[-106.14129,57.36289]},"properties":{"cps":175,"y":"1982","lith":"CONGLOMERATE"}},{"type":"Feature","id":5323,"geometry":{"type":"Point","coordinates":[-107.53246,59.34564]},"properties":{"cps":3000,"y":"2005","lith":"SANDSTONE"}},{"type":"Feature","id":5324,"geometry":{"type":"Point","coordinates":[-104.61805,57.03227]},"properties":{"cps":4940,"y":"1980","lith":"META-SEDIMENT (GREYWACKE)"}},{"type":"Feature","id":5325,"geometry":{"type":"Point","coordinates":[-106.35489,57.34654]},"properties":{"cps":3000,"y":"1982","lith":"CONGLOMERATE"}},{"type":"Feature","id":5326,"geometry":{"type":"Point","coordinates":[-103.88812,58.0133]},"properties":{"cps":240,"y":"1983","lith":"Pegmatite"}},{"type":"Feature","id":5327,"geometry":{"type":"Point","coordinates":[-103.24983,57.6376]},"properties":{"cps":1700,"y":"1979","lith":"Granite Gneiss"}},{"type":"Feature","id":5328,"geometry":{"type":"Point","coordinates":[-109.42428,57.61684]},"properties":{"cps":0,"y":"2011","lith":"Massive Pitchblende"}},{"type":"Feature","id":5329,"geometry":{"type":"Point","coordinates":[-104.61172,57.03469]},"properties":{"cps":39000,"y":"1980","lith":"META-ARKOSE GRANITIZED"}},{"type":"Feature","id":5330,"geometry":{"type":"Point","coordinates":[-109.57491,58.35207]},"properties":{"cps":4900,"y":"1982","lith":"Basement"}},{"type":"Feature","id":5331,"geometry":{"type":"Point","coordinates":[-104.49909,57.53928]},"properties":{"cps":3000,"y":"1981","lith":"META-ARKOSE"}},{"type":"Feature","id":5332,"geometry":{"type":"Point","coordinates":[-107.53958,59.34776]},"properties":{"cps":3000,"y":"2005","lith":"SANDSTONE"}},{"type":"Feature","id":5333,"geometry":{"type":"Point","coordinates":[-105.00874,57.38154]},"properties":{"cps":1850,"y":"1982","lith":"BASEMENT"}},{"type":"Feature","id":5334,"geometry":{"type":"Point","coordinates":[-109.42398,57.61664]},"properties":{"cps":0,"y":"2011","lith":"Massive Pitchblende"}},{"type":"Feature","id":5335,"geometry":{"type":"Point","coordinates":[-109.87685,58.11088]},"properties":{"cps":250,"y":"1980","lith":"GRANITE GNEISS"}},{"type":"Feature","id":5336,"geometry":{"type":"Point","coordinates":[-109.89202,57.98815]},"properties":{"cps":70,"y":"1980","lith":"SANDSTONE"}},{"type":"Feature","id":5337,"geometry":{"type":"Point","coordinates":[-107.54454,59.34619]},"properties":{"cps":3000,"y":"2005","lith":"SANDSTONE"}},{"type":"Feature","id":5338,"geometry":{"type":"Point","coordinates":[-109.42569,57.61885]},"properties":{"cps":0,"y":"2011","lith":"Massive Pitchblende"}},{"type":"Feature","id":5339,"geometry":{"type":"Point","coordinates":[-103.22746,57.64059]},"properties":{"cps":420,"y":"1979","lith":"none"}},{"type":"Feature","id":5340,"geometry":{"type":"Point","coordinates":[-109.6285,58.50015]},"properties":{"cps":120,"y":"1981","lith":"Conglomerate"}},{"type":"Feature","id":5341,"geometry":{"type":"Point","coordinates":[-104.58512,57.04745]},"properties":{"cps":2600,"y":"1980","lith":"BIOTITE GNEISS"}},{"type":"Feature","id":5342,"geometry":{"type":"Point","coordinates":[-109.619,58.37153]},"properties":{"cps":400,"y":"1982","lith":"Pegmatoid"}},{"type":"Feature","id":5343,"geometry":{"type":"Point","coordinates":[-109.57392,58.48714]},"properties":{"cps":450,"y":"1982","lith":"Pegmatoid"}},{"type":"Feature","id":5344,"geometry":{"type":"Point","coordinates":[-105.02795,57.37019]},"properties":{"cps":2000,"y":"1982","lith":"BASEMENT"}},{"type":"Feature","id":5345,"geometry":{"type":"Point","coordinates":[-104.38702,59.1158]},"properties":{"cps":750,"y":"1998","lith":"Granite"}},{"type":"Feature","id":5346,"geometry":{"type":"Point","coordinates":[-104.0444,58.33887]},"properties":{"cps":101,"y":"2009","lith":"Sandstone"}},{"type":"Feature","id":5347,"geometry":{"type":"Point","coordinates":[-107.53951,59.3479]},"properties":{"cps":3000,"y":"2005","lith":" "}},{"type":"Feature","id":5348,"geometry":{"type":"Point","coordinates":[-103.23058,57.64417]},"properties":{"cps":1100,"y":"1979","lith":"Porphyry Granite"}},{"type":"Feature","id":5349,"geometry":{"type":"Point","coordinates":[-104.05098,58.33884]},"properties":{"cps":588,"y":"2009","lith":"Sandstone"}},{"type":"Feature","id":5350,"geometry":{"type":"Point","coordinates":[-104.58294,57.04762]},"properties":{"cps":1700,"y":"1980","lith":"PINK GRANITE"}},{"type":"Feature","id":5351,"geometry":{"type":"Point","coordinates":[-109.64972,58.3604]},"properties":{"cps":375,"y":"1982","lith":"Pegmatoid"}},{"type":"Feature","id":5352,"geometry":{"type":"Point","coordinates":[-104.58442,57.04714]},"properties":{"cps":2000,"y":"1980","lith":"GRANITIZED META-ARKOSE"}},{"type":"Feature","id":5353,"geometry":{"type":"Point","coordinates":[-107.53315,59.34554]},"properties":{"cps":3000,"y":"2005","lith":"SANDSTONE"}},{"type":"Feature","id":5354,"geometry":{"type":"Point","coordinates":[-107.54314,59.34642]},"properties":{"cps":3000,"y":"2005","lith":"SANDSTONE"}},{"type":"Feature","id":5355,"geometry":{"type":"Point","coordinates":[-105.10385,58.90261]},"properties":{"cps":68,"y":"2008","lith":" "}},{"type":"Feature","id":5356,"geometry":{"type":"Point","coordinates":[-104.50673,57.07938]},"properties":{"cps":2000,"y":"1980","lith":"PINK GRANITE"}},{"type":"Feature","id":5357,"geometry":{"type":"Point","coordinates":[-105.04276,58.90305]},"properties":{"cps":68,"y":"2008","lith":" "}},{"type":"Feature","id":5358,"geometry":{"type":"Point","coordinates":[-107.53885,59.34789]},"properties":{"cps":3000,"y":"2005","lith":"SANDSTONE"}},{"type":"Feature","id":5359,"geometry":{"type":"Point","coordinates":[-109.6356,58.3628]},"properties":{"cps":350,"y":"1982","lith":"Pegmatoid"}},{"type":"Feature","id":5360,"geometry":{"type":"Point","coordinates":[-104.98529,57.37933]},"properties":{"cps":1320,"y":"1982","lith":"CONGLOMERATE"}},{"type":"Feature","id":5361,"geometry":{"type":"Point","coordinates":[-109.4328,57.61315]},"properties":{"cps":0,"y":"2011","lith":"Massive Pitchblende"}},{"type":"Feature","id":5362,"geometry":{"type":"Point","coordinates":[-103.23882,57.63613]},"properties":{"cps":350,"y":"1979","lith":"Granite Gneiss"}},{"type":"Feature","id":5363,"geometry":{"type":"Point","coordinates":[-109.54123,58.48461]},"properties":{"cps":550,"y":"1982","lith":"BASEMENT"}},{"type":"Feature","id":5364,"geometry":{"type":"Point","coordinates":[-109.60366,58.4903]},"properties":{"cps":750,"y":"1981","lith":"Granite"}},{"type":"Feature","id":5365,"geometry":{"type":"Point","coordinates":[-109.4244,57.62587]},"properties":{"cps":733,"y":"2011","lith":"Quartzite"}},{"type":"Feature","id":5366,"geometry":{"type":"Point","coordinates":[-105.04251,58.91372]},"properties":{"cps":40,"y":"2008","lith":" "}},{"type":"Feature","id":5367,"geometry":{"type":"Point","coordinates":[-105.0916,58.89554]},"properties":{"cps":68,"y":"2008","lith":" "}},{"type":"Feature","id":5368,"geometry":{"type":"Point","coordinates":[-109.44247,57.61101]},"properties":{"cps":2200,"y":"2011","lith":"Basement? with Pitchblende"}},{"type":"Feature","id":5369,"geometry":{"type":"Point","coordinates":[-105.04412,58.89583]},"properties":{"cps":40,"y":"2008","lith":" "}},{"type":"Feature","id":5370,"geometry":{"type":"Point","coordinates":[-104.60047,57.04031]},"properties":{"cps":3000,"y":"1980","lith":"IMPURE QUARTZITE"}},{"type":"Feature","id":5371,"geometry":{"type":"Point","coordinates":[-104.24374,59.12767]},"properties":{"cps":600,"y":"1998","lith":" "}},{"type":"Feature","id":5372,"geometry":{"type":"Point","coordinates":[-109.42108,57.61615]},"properties":{"cps":4905,"y":"2011","lith":"Soil - Sand/Gravel Pitchblende"}},{"type":"Feature","id":5373,"geometry":{"type":"Point","coordinates":[-109.51188,58.51494]},"properties":{"cps":850,"y":"1982","lith":"BASEMENT"}},{"type":"Feature","id":5374,"geometry":{"type":"Point","coordinates":[-105.10214,58.90213]},"properties":{"cps":40,"y":"2008","lith":" "}},{"type":"Feature","id":5375,"geometry":{"type":"Point","coordinates":[-104.05668,58.33742]},"properties":{"cps":741,"y":"2009","lith":"Granite"}},{"type":"Feature","id":5376,"geometry":{"type":"Point","coordinates":[-109.7448,57.96886]},"properties":{"cps":220,"y":"1980","lith":"GRANITE GNEISS"}},{"type":"Feature","id":5377,"geometry":{"type":"Point","coordinates":[-103.23758,57.62405]},"properties":{"cps":1700,"y":"1979","lith":"Granite"}},{"type":"Feature","id":5378,"geometry":{"type":"Point","coordinates":[-109.41987,57.62031]},"properties":{"cps":1155,"y":"2012","lith":"Massive Pitchblende"}},{"type":"Feature","id":5379,"geometry":{"type":"Point","coordinates":[-104.24858,59.12614]},"properties":{"cps":400,"y":"1998","lith":" "}},{"type":"Feature","id":5380,"geometry":{"type":"Point","coordinates":[-109.60463,58.37916]},"properties":{"cps":500,"y":"1982","lith":"Pegmatoid"}},{"type":"Feature","id":5381,"geometry":{"type":"Point","coordinates":[-109.70057,58.00098]},"properties":{"cps":200,"y":"1980","lith":"GRANITIC ROCK"}},{"type":"Feature","id":5382,"geometry":{"type":"Point","coordinates":[-104.24533,59.12676]},"properties":{"cps":350,"y":"1998","lith":" "}},{"type":"Feature","id":5383,"geometry":{"type":"Point","coordinates":[-104.05813,58.33738]},"properties":{"cps":143,"y":"2009","lith":"Granite"}},{"type":"Feature","id":5384,"geometry":{"type":"Point","coordinates":[-107.54098,59.34245]},"properties":{"cps":750,"y":"2005","lith":"SANDSTONE"}},{"type":"Feature","id":5385,"geometry":{"type":"Point","coordinates":[-104.25544,59.12336]},"properties":{"cps":350,"y":"1998","lith":" "}},{"type":"Feature","id":5386,"geometry":{"type":"Point","coordinates":[-109.3649,57.6426]},"properties":{"cps":22,"y":"2011","lith":"Rusty Soil - sand with trace silt"}},{"type":"Feature","id":5387,"geometry":{"type":"Point","coordinates":[-109.63184,58.35386]},"properties":{"cps":2800,"y":"1982","lith":"Pegmatoid"}},{"type":"Feature","id":5388,"geometry":{"type":"Point","coordinates":[-109.58442,58.35527]},"properties":{"cps":500,"y":"1982","lith":"Granite"}},{"type":"Feature","id":5389,"geometry":{"type":"Point","coordinates":[-109.5954,58.39967]},"properties":{"cps":500,"y":"1982","lith":"Pegmatoid"}},{"type":"Feature","id":5390,"geometry":{"type":"Point","coordinates":[-109.63543,58.36215]},"properties":{"cps":400,"y":"1982","lith":"Pegmatoid"}},{"type":"Feature","id":5391,"geometry":{"type":"Point","coordinates":[-107.53881,59.34798]},"properties":{"cps":3000,"y":"2005","lith":"SANDSTONE"}},{"type":"Feature","id":5392,"geometry":{"type":"Point","coordinates":[-105.0994,58.90102]},"properties":{"cps":68,"y":"2008","lith":" "}},{"type":"Feature","id":5393,"geometry":{"type":"Point","coordinates":[-103.23023,57.64369]},"properties":{"cps":250,"y":"1979","lith":"Granite Gneiss"}},{"type":"Feature","id":5394,"geometry":{"type":"Point","coordinates":[-104.25937,59.12115]},"properties":{"cps":350,"y":"1998","lith":" "}},{"type":"Feature","id":5395,"geometry":{"type":"Point","coordinates":[-105.11697,57.03353]},"properties":{"cps":1583.33,"y":"1979","lith":" "}},{"type":"Feature","id":5396,"geometry":{"type":"Point","coordinates":[-104.52124,57.0678]},"properties":{"cps":4400,"y":"1980","lith":"PEGMATIZED ROCK"}},{"type":"Feature","id":5397,"geometry":{"type":"Point","coordinates":[-103.22063,57.6327]},"properties":{"cps":400,"y":"1979","lith":"Flaser Granite"}},{"type":"Feature","id":5398,"geometry":{"type":"Point","coordinates":[-107.53979,59.34613]},"properties":{"cps":750,"y":"2005","lith":"SANDSTONE"}},{"type":"Feature","id":5399,"geometry":{"type":"Point","coordinates":[-109.42348,57.61711]},"properties":{"cps":0,"y":"2011","lith":"Massive Pitchblende"}},{"type":"Feature","id":5400,"geometry":{"type":"Point","coordinates":[-109.61823,58.36772]},"properties":{"cps":300,"y":"1982","lith":"Pegmatoid"}},{"type":"Feature","id":5401,"geometry":{"type":"Point","coordinates":[-107.83967,59.23613]},"properties":{"cps":6000,"y":"2006","lith":" "}},{"type":"Feature","id":5402,"geometry":{"type":"Point","coordinates":[-109.41966,57.62035]},"properties":{"cps":4236,"y":"2012","lith":"Massive Pitchblende"}},{"type":"Feature","id":5403,"geometry":{"type":"Point","coordinates":[-104.30043,59.12849]},"properties":{"cps":600,"y":"1998","lith":" "}},{"type":"Feature","id":5404,"geometry":{"type":"Point","coordinates":[-103.89916,58.01289]},"properties":{"cps":700,"y":"1983","lith":"Granite"}},{"type":"Feature","id":5405,"geometry":{"type":"Point","coordinates":[-103.22835,57.64148]},"properties":{"cps":650,"y":"1979","lith":"none"}},{"type":"Feature","id":5406,"geometry":{"type":"Point","coordinates":[-107.83075,59.22949]},"properties":{"cps":5200,"y":"2006","lith":" "}},{"type":"Feature","id":5407,"geometry":{"type":"Point","coordinates":[-104.28872,59.1508]},"properties":{"cps":400,"y":"1998","lith":" "}},{"type":"Feature","id":5408,"geometry":{"type":"Point","coordinates":[-104.29171,59.13594]},"properties":{"cps":1550,"y":"1998","lith":" "}},{"type":"Feature","id":5409,"geometry":{"type":"Point","coordinates":[-104.29549,59.13421]},"properties":{"cps":250,"y":"1998","lith":"Granite"}},{"type":"Feature","id":5410,"geometry":{"type":"Point","coordinates":[-109.57363,58.4641]},"properties":{"cps":450,"y":"1982","lith":"Pegmatoid"}},{"type":"Feature","id":5411,"geometry":{"type":"Point","coordinates":[-109.56508,58.49268]},"properties":{"cps":550,"y":"1982","lith":"Granite"}},{"type":"Feature","id":5412,"geometry":{"type":"Point","coordinates":[-109.84198,57.99543]},"properties":{"cps":300,"y":"1980","lith":"GRANITIC ROCK"}},{"type":"Feature","id":5413,"geometry":{"type":"Point","coordinates":[-103.21137,57.63074]},"properties":{"cps":450,"y":"1979","lith":"Granite"}},{"type":"Feature","id":5414,"geometry":{"type":"Point","coordinates":[-109.5852,58.3521]},"properties":{"cps":600,"y":"1982","lith":"Pegmatoid"}},{"type":"Feature","id":5415,"geometry":{"type":"Point","coordinates":[-109.58064,58.49159]},"properties":{"cps":500,"y":"1982","lith":"Pegmatoid"}},{"type":"Feature","id":5416,"geometry":{"type":"Point","coordinates":[-109.57302,58.46476]},"properties":{"cps":400,"y":"1982","lith":"Pegmatoid"}},{"type":"Feature","id":5417,"geometry":{"type":"Point","coordinates":[-109.60441,58.37304]},"properties":{"cps":500,"y":"1982","lith":"Quartz Feldspar Gneiss"}},{"type":"Feature","id":5418,"geometry":{"type":"Point","coordinates":[-109.64404,58.3602]},"properties":{"cps":600,"y":"1982","lith":"Pegmatoid"}},{"type":"Feature","id":5419,"geometry":{"type":"Point","coordinates":[-109.5667,58.46548]},"properties":{"cps":400,"y":"1982","lith":"Pegmatoid"}},{"type":"Feature","id":5420,"geometry":{"type":"Point","coordinates":[-107.54026,59.34334]},"properties":{"cps":750,"y":"2005","lith":"SANDSTONE"}},{"type":"Feature","id":5421,"geometry":{"type":"Point","coordinates":[-103.23919,57.62537]},"properties":{"cps":1100,"y":"1979","lith":"Granitic Gneiss"}},{"type":"Feature","id":5422,"geometry":{"type":"Point","coordinates":[-107.53125,59.34414]},"properties":{"cps":750,"y":"2005","lith":"BASEMENT"}},{"type":"Feature","id":5423,"geometry":{"type":"Point","coordinates":[-105.09588,58.89757]},"properties":{"cps":40,"y":"2008","lith":" "}},{"type":"Feature","id":5424,"geometry":{"type":"Point","coordinates":[-109.84611,57.99066]},"properties":{"cps":220,"y":"1980","lith":"GRANITIC ROCK"}},{"type":"Feature","id":5425,"geometry":{"type":"Point","coordinates":[-104.38359,59.1151]},"properties":{"cps":700,"y":"1998","lith":" "}},{"type":"Feature","id":5426,"geometry":{"type":"Point","coordinates":[-107.54831,59.34386]},"properties":{"cps":750,"y":"2005","lith":"SANDSTONE"}},{"type":"Feature","id":5427,"geometry":{"type":"Point","coordinates":[-104.25298,59.12564]},"properties":{"cps":400,"y":"1998","lith":" "}},{"type":"Feature","id":5428,"geometry":{"type":"Point","coordinates":[-103.26787,57.63898]},"properties":{"cps":1550,"y":"1979","lith":"Granite Gneiss"}},{"type":"Feature","id":5429,"geometry":{"type":"Point","coordinates":[-109.54227,58.48344]},"properties":{"cps":900,"y":"1982","lith":"BASEMENT"}},{"type":"Feature","id":5430,"geometry":{"type":"Point","coordinates":[-103.24667,57.6234]},"properties":{"cps":350,"y":"1979","lith":"none"}},{"type":"Feature","id":5431,"geometry":{"type":"Point","coordinates":[-109.57503,58.35843]},"properties":{"cps":230,"y":"1981","lith":"Pegmatoid"}},{"type":"Feature","id":5432,"geometry":{"type":"Point","coordinates":[-109.76354,57.95841]},"properties":{"cps":450,"y":"1980","lith":"GRANITE GNEISS"}},{"type":"Feature","id":5433,"geometry":{"type":"Point","coordinates":[-109.64908,58.35923]},"properties":{"cps":750,"y":"1982","lith":"Granite"}},{"type":"Feature","id":5434,"geometry":{"type":"Point","coordinates":[-109.43941,57.61477]},"properties":{"cps":10000,"y":"2012","lith":" "}},{"type":"Feature","id":5435,"geometry":{"type":"Point","coordinates":[-104.62966,57.02732]},"properties":{"cps":3100,"y":"1980","lith":"META-VOLCANIC (BANDED TUFF)"}},{"type":"Feature","id":5436,"geometry":{"type":"Point","coordinates":[-103.19761,57.65686]},"properties":{"cps":5580,"y":"1979","lith":"Pegmatite"}},{"type":"Feature","id":5437,"geometry":{"type":"Point","coordinates":[-104.96297,58.92356]},"properties":{"cps":40,"y":"2008","lith":" "}},{"type":"Feature","id":5438,"geometry":{"type":"Point","coordinates":[-109.42492,57.62593]},"properties":{"cps":0,"y":"2011","lith":"Massive Pitchblende"}},{"type":"Feature","id":5439,"geometry":{"type":"Point","coordinates":[-109.83112,57.97074]},"properties":{"cps":300,"y":"1980","lith":"META-ARGILLITE"}},{"type":"Feature","id":5440,"geometry":{"type":"Point","coordinates":[-103.22547,57.63825]},"properties":{"cps":150,"y":"1979","lith":"Hornblende Biotite Gneiss"}},{"type":"Feature","id":5441,"geometry":{"type":"Point","coordinates":[-104.62521,57.02923]},"properties":{"cps":2300,"y":"1980","lith":"META PELITE"}},{"type":"Feature","id":5442,"geometry":{"type":"Point","coordinates":[-104.25522,59.12686]},"properties":{"cps":230,"y":"1998","lith":" "}},{"type":"Feature","id":5443,"geometry":{"type":"Point","coordinates":[-107.54195,59.34631]},"properties":{"cps":3000,"y":"2005","lith":"SANDSTONE"}},{"type":"Feature","id":5444,"geometry":{"type":"Point","coordinates":[-107.53299,59.34554]},"properties":{"cps":3000,"y":"2005","lith":"SANDSTONE"}},{"type":"Feature","id":5445,"geometry":{"type":"Point","coordinates":[-105.06276,58.88967]},"properties":{"cps":40,"y":"2008","lith":" "}},{"type":"Feature","id":5446,"geometry":{"type":"Point","coordinates":[-109.59342,58.37627]},"properties":{"cps":600,"y":"1982","lith":"Pegmatoid"}},{"type":"Feature","id":5447,"geometry":{"type":"Point","coordinates":[-107.8403,59.23565]},"properties":{"cps":2800,"y":"2006","lith":" "}},{"type":"Feature","id":5448,"geometry":{"type":"Point","coordinates":[-109.63773,58.36202]},"properties":{"cps":450,"y":"1982","lith":"Granite"}},{"type":"Feature","id":5449,"geometry":{"type":"Point","coordinates":[-109.50157,58.16699]},"properties":{"cps":150,"y":"1980","lith":"GRANITE GNEISS"}},{"type":"Feature","id":5450,"geometry":{"type":"Point","coordinates":[-104.05427,58.33943]},"properties":{"cps":87,"y":"2009","lith":"Sandstone"}},{"type":"Feature","id":5451,"geometry":{"type":"Point","coordinates":[-109.41957,57.62023]},"properties":{"cps":0,"y":"2012","lith":"Massive pitchblende"}},{"type":"Feature","id":5452,"geometry":{"type":"Point","coordinates":[-104.05541,58.34026]},"properties":{"cps":239,"y":"2009","lith":"Conglomeratic Sandstone"}},{"type":"Feature","id":5453,"geometry":{"type":"Point","coordinates":[-107.53266,59.34529]},"properties":{"cps":3000,"y":"2005","lith":"SANDSTONE"}},{"type":"Feature","id":5454,"geometry":{"type":"Point","coordinates":[-103.90571,58.00585]},"properties":{"cps":800,"y":"1983","lith":"Granite"}},{"type":"Feature","id":5455,"geometry":{"type":"Point","coordinates":[-107.53914,59.34812]},"properties":{"cps":3000,"y":"2005","lith":"SANDSTONE"}},{"type":"Feature","id":5456,"geometry":{"type":"Point","coordinates":[-109.64968,58.36215]},"properties":{"cps":550,"y":"1982","lith":"Granite"}},{"type":"Feature","id":5457,"geometry":{"type":"Point","coordinates":[-109.44237,57.62304]},"properties":{"cps":10000,"y":"2012","lith":" "}},{"type":"Feature","id":5458,"geometry":{"type":"Point","coordinates":[-104.61815,57.03731]},"properties":{"cps":1800,"y":"1980","lith":"META-VOLCANIC (BANDED TUFF)"}},{"type":"Feature","id":5459,"geometry":{"type":"Point","coordinates":[-109.97884,57.99124]},"properties":{"cps":950,"y":"1980","lith":"GRANITIC ROCK"}},{"type":"Feature","id":5460,"geometry":{"type":"Point","coordinates":[-107.01565,59.24201]},"properties":{"cps":110,"y":"1981","lith":"PEBBLY SANDSTONE"}},{"type":"Feature","id":5461,"geometry":{"type":"Point","coordinates":[-109.62305,58.49451]},"properties":{"cps":400,"y":"1981","lith":"Pegmatoid"}},{"type":"Feature","id":5462,"geometry":{"type":"Point","coordinates":[-103.23247,57.62867]},"properties":{"cps":350,"y":"1979","lith":"none"}},{"type":"Feature","id":5463,"geometry":{"type":"Point","coordinates":[-109.42226,57.61961]},"properties":{"cps":8544,"y":"2012","lith":"Weathered/altered basement rock"}},{"type":"Feature","id":5464,"geometry":{"type":"Point","coordinates":[-103.88836,58.00472]},"properties":{"cps":100,"y":"1983","lith":"Granite"}},{"type":"Feature","id":5465,"geometry":{"type":"Point","coordinates":[-105.11191,58.90766]},"properties":{"cps":40,"y":"2008","lith":" "}},{"type":"Feature","id":5466,"geometry":{"type":"Point","coordinates":[-109.51698,58.16337]},"properties":{"cps":150,"y":"1980","lith":"META-ARGILLITE"}},{"type":"Feature","id":5467,"geometry":{"type":"Point","coordinates":[-109.60427,58.49012]},"properties":{"cps":600,"y":"1981","lith":"Leptynite"}},{"type":"Feature","id":5468,"geometry":{"type":"Point","coordinates":[-109.41951,57.62029]},"properties":{"cps":701,"y":"2012","lith":"Strongly weather/altered basement rock with pitchblende"}},{"type":"Feature","id":5469,"geometry":{"type":"Point","coordinates":[-104.54007,57.06282]},"properties":{"cps":1600,"y":"1980","lith":"PINK GRANITE"}},{"type":"Feature","id":5470,"geometry":{"type":"Point","coordinates":[-107.54703,59.34874]},"properties":{"cps":750,"y":"2005","lith":"CONGLOMERATE"}},{"type":"Feature","id":5471,"geometry":{"type":"Point","coordinates":[-109.57132,58.48732]},"properties":{"cps":550,"y":"1982","lith":"Basement"}},{"type":"Feature","id":5472,"geometry":{"type":"Point","coordinates":[-104.94373,57.15464]},"properties":{"cps":0,"y":"1980","lith":" "}},{"type":"Feature","id":5473,"geometry":{"type":"Point","coordinates":[-105.04208,58.90854]},"properties":{"cps":40,"y":"2008","lith":" "}},{"type":"Feature","id":5474,"geometry":{"type":"Point","coordinates":[-104.30065,59.12821]},"properties":{"cps":420,"y":"1998","lith":" "}},{"type":"Feature","id":5475,"geometry":{"type":"Point","coordinates":[-104.25803,59.1251]},"properties":{"cps":600,"y":"1998","lith":" "}},{"type":"Feature","id":5476,"geometry":{"type":"Point","coordinates":[-104.63024,57.02756]},"properties":{"cps":1700,"y":"1980","lith":"PINK GRANITE"}},{"type":"Feature","id":5477,"geometry":{"type":"Point","coordinates":[-109.58662,58.36159]},"properties":{"cps":800,"y":"1982","lith":"Pegmatoid"}},{"type":"Feature","id":5478,"geometry":{"type":"Point","coordinates":[-104.31331,59.1574]},"properties":{"cps":400,"y":"1998","lith":" "}},{"type":"Feature","id":5479,"geometry":{"type":"Point","coordinates":[-109.63535,58.35285]},"properties":{"cps":650,"y":"1982","lith":"Pegmatoid"}},{"type":"Feature","id":5480,"geometry":{"type":"Point","coordinates":[-104.40574,59.10233]},"properties":{"cps":700,"y":"1998","lith":"Granite Gneiss"}},{"type":"Feature","id":5481,"geometry":{"type":"Point","coordinates":[-109.76219,57.97862]},"properties":{"cps":165,"y":"1980","lith":"META-ARGILLITE"}},{"type":"Feature","id":5482,"geometry":{"type":"Point","coordinates":[-104.38359,59.1181]},"properties":{"cps":700,"y":"1998","lith":" "}},{"type":"Feature","id":5483,"geometry":{"type":"Point","coordinates":[-103.85867,57.98932]},"properties":{"cps":150,"y":"1983","lith":"Pegmatite"}},{"type":"Feature","id":5484,"geometry":{"type":"Point","coordinates":[-104.05739,58.33838]},"properties":{"cps":215,"y":"2009","lith":"Sandstone"}},{"type":"Feature","id":5485,"geometry":{"type":"Point","coordinates":[-109.55908,58.47687]},"properties":{"cps":450,"y":"1982","lith":"BASEMENT"}},{"type":"Feature","id":5486,"geometry":{"type":"Point","coordinates":[-103.85713,57.98974]},"properties":{"cps":80,"y":"1983","lith":"Granite"}},{"type":"Feature","id":5487,"geometry":{"type":"Point","coordinates":[-105.11785,57.03317]},"properties":{"cps":1666.67,"y":"1979","lith":" "}},{"type":"Feature","id":5488,"geometry":{"type":"Point","coordinates":[-105.04259,58.90402]},"properties":{"cps":68,"y":"2008","lith":" "}},{"type":"Feature","id":5489,"geometry":{"type":"Point","coordinates":[-105.08774,58.89337]},"properties":{"cps":68,"y":"2008","lith":" "}},{"type":"Feature","id":5490,"geometry":{"type":"Point","coordinates":[-107.54212,59.34666]},"properties":{"cps":3000,"y":"2005","lith":"SANDSTONE"}},{"type":"Feature","id":5491,"geometry":{"type":"Point","coordinates":[-103.22971,57.64346]},"properties":{"cps":80,"y":"1979","lith":"Biotite Gneiss"}},{"type":"Feature","id":5492,"geometry":{"type":"Point","coordinates":[-109.41404,57.63917]},"properties":{"cps":1687,"y":"2011","lith":"Schist"}},{"type":"Feature","id":5493,"geometry":{"type":"Point","coordinates":[-109.59877,58.49047]},"properties":{"cps":300,"y":"1981","lith":"Amphibole Biotite Gneiss"}},{"type":"Feature","id":5494,"geometry":{"type":"Point","coordinates":[-109.64774,58.36596]},"properties":{"cps":2800,"y":"1982","lith":"Pegmatoid"}},{"type":"Feature","id":5495,"geometry":{"type":"Point","coordinates":[-109.92289,57.98332]},"properties":{"cps":250,"y":"1980","lith":"GRANITE GNEISS"}},{"type":"Feature","id":5496,"geometry":{"type":"Point","coordinates":[-109.43358,57.62186]},"properties":{"cps":0,"y":"2011","lith":"Massive Pitchblende"}},{"type":"Feature","id":5497,"geometry":{"type":"Point","coordinates":[-105.125,57.02602]},"properties":{"cps":1666.67,"y":"1979","lith":" "}},{"type":"Feature","id":5498,"geometry":{"type":"Point","coordinates":[-105.12476,57.02627]},"properties":{"cps":1666.67,"y":"1979","lith":" "}},{"type":"Feature","id":5499,"geometry":{"type":"Point","coordinates":[-104.05059,58.33786]},"properties":{"cps":282,"y":"2009","lith":"Conglomeritic Sandstone"}},{"type":"Feature","id":5500,"geometry":{"type":"Point","coordinates":[-104.94469,57.15787]},"properties":{"cps":0,"y":"1980","lith":" "}},{"type":"Feature","id":5501,"geometry":{"type":"Point","coordinates":[-104.28039,59.1587]},"properties":{"cps":280,"y":"1998","lith":" "}},{"type":"Feature","id":5502,"geometry":{"type":"Point","coordinates":[-103.19342,57.65214]},"properties":{"cps":160,"y":"1979","lith":"Quartzite"}},{"type":"Feature","id":5503,"geometry":{"type":"Point","coordinates":[-103.26115,57.63961]},"properties":{"cps":1100,"y":"1979","lith":"Granite Gneiss"}},{"type":"Feature","id":5504,"geometry":{"type":"Point","coordinates":[-107.54113,59.34685]},"properties":{"cps":3000,"y":"2005","lith":"SANDSTONE"}},{"type":"Feature","id":5505,"geometry":{"type":"Point","coordinates":[-104.93759,57.16319]},"properties":{"cps":0,"y":"1980","lith":" "}},{"type":"Feature","id":5506,"geometry":{"type":"Point","coordinates":[-104.96297,58.92543]},"properties":{"cps":40,"y":"2008","lith":" "}},{"type":"Feature","id":5507,"geometry":{"type":"Point","coordinates":[-109.57433,58.4881]},"properties":{"cps":1500,"y":"1982","lith":"Pegmatoid"}},{"type":"Feature","id":5508,"geometry":{"type":"Point","coordinates":[-109.63351,58.36485]},"properties":{"cps":320,"y":"1982","lith":"Pegmatoid"}},{"type":"Feature","id":5509,"geometry":{"type":"Point","coordinates":[-109.59208,58.35234]},"properties":{"cps":3700,"y":"1982","lith":"Basement"}},{"type":"Feature","id":5510,"geometry":{"type":"Point","coordinates":[-103.88975,58.00456]},"properties":{"cps":200,"y":"1983","lith":"Granite"}},{"type":"Feature","id":5511,"geometry":{"type":"Point","coordinates":[-103.23441,57.63082]},"properties":{"cps":200,"y":"1979","lith":"Meta Arkose"}},{"type":"Feature","id":5512,"geometry":{"type":"Point","coordinates":[-104.24695,59.12161]},"properties":{"cps":350,"y":"1998","lith":" "}},{"type":"Feature","id":5513,"geometry":{"type":"Point","coordinates":[-103.90175,58.01258]},"properties":{"cps":520,"y":"1983","lith":"Granite"}},{"type":"Feature","id":5514,"geometry":{"type":"Point","coordinates":[-109.83385,58.13338]},"properties":{"cps":400,"y":"1980","lith":"SANDSTONE"}},{"type":"Feature","id":5515,"geometry":{"type":"Point","coordinates":[-109.42737,57.62587]},"properties":{"cps":0,"y":"2011","lith":"Massive Pitchblende"}},{"type":"Feature","id":5516,"geometry":{"type":"Point","coordinates":[-109.42368,57.62416]},"properties":{"cps":1032,"y":"2011","lith":"Meta-Psammite"}},{"type":"Feature","id":5517,"geometry":{"type":"Point","coordinates":[-107.53229,59.34548]},"properties":{"cps":3000,"y":"2005","lith":"SANDSTONE"}},{"type":"Feature","id":5518,"geometry":{"type":"Point","coordinates":[-103.87477,58.00584]},"properties":{"cps":500,"y":"1983","lith":"Granite"}},{"type":"Feature","id":5519,"geometry":{"type":"Point","coordinates":[-105.0456,58.91907]},"properties":{"cps":40,"y":"2008","lith":" "}},{"type":"Feature","id":5520,"geometry":{"type":"Point","coordinates":[-105.06438,58.88985]},"properties":{"cps":68,"y":"2008","lith":" "}},{"type":"Feature","id":5521,"geometry":{"type":"Point","coordinates":[-104.25528,59.12633]},"properties":{"cps":1000,"y":"1998","lith":" "}},{"type":"Feature","id":5522,"geometry":{"type":"Point","coordinates":[-104.94346,57.16267]},"properties":{"cps":0,"y":"1980","lith":" "}},{"type":"Feature","id":5523,"geometry":{"type":"Point","coordinates":[-104.46384,59.09696]},"properties":{"cps":0,"y":"1998","lith":"Quartz"}},{"type":"Feature","id":5524,"geometry":{"type":"Point","coordinates":[-107.83779,59.23443]},"properties":{"cps":6000,"y":"2006","lith":" "}},{"type":"Feature","id":5525,"geometry":{"type":"Point","coordinates":[-104.05634,58.33755]},"properties":{"cps":317,"y":"2009","lith":"Conglomeritic Sandstone"}},{"type":"Feature","id":5526,"geometry":{"type":"Point","coordinates":[-105.12018,57.03684]},"properties":{"cps":1500,"y":"1979","lith":" "}},{"type":"Feature","id":5527,"geometry":{"type":"Point","coordinates":[-107.53229,59.34556]},"properties":{"cps":3000,"y":"2005","lith":"SANDSTONE"}},{"type":"Feature","id":5528,"geometry":{"type":"Point","coordinates":[-109.6193,58.36126]},"properties":{"cps":350,"y":"1982","lith":"Granite"}},{"type":"Feature","id":5529,"geometry":{"type":"Point","coordinates":[-109.64229,58.36082]},"properties":{"cps":350,"y":"1982","lith":"Granite"}},{"type":"Feature","id":5530,"geometry":{"type":"Point","coordinates":[-103.23258,57.63758]},"properties":{"cps":450,"y":"1979","lith":"Pink Granite"}},{"type":"Feature","id":5531,"geometry":{"type":"Point","coordinates":[-107.54264,59.34664]},"properties":{"cps":3000,"y":"2005","lith":"SANDSTONE"}},{"type":"Feature","id":5532,"geometry":{"type":"Point","coordinates":[-107.541,59.34813]},"properties":{"cps":750,"y":"2005","lith":"SANDSTONE"}},{"type":"Feature","id":5533,"geometry":{"type":"Point","coordinates":[-104.38597,59.11698]},"properties":{"cps":1100,"y":"1998","lith":" "}},{"type":"Feature","id":5534,"geometry":{"type":"Point","coordinates":[-103.9203,58.00311]},"properties":{"cps":700,"y":"1983","lith":"Granite"}},{"type":"Feature","id":5535,"geometry":{"type":"Point","coordinates":[-107.5317,59.34565]},"properties":{"cps":750,"y":"2005","lith":"SANDSTONE"}},{"type":"Feature","id":5536,"geometry":{"type":"Point","coordinates":[-104.25173,59.12251]},"properties":{"cps":700,"y":"1998","lith":" "}},{"type":"Feature","id":5537,"geometry":{"type":"Point","coordinates":[-109.87764,58.11304]},"properties":{"cps":340,"y":"1980","lith":"SANDSTONE"}},{"type":"Feature","id":5538,"geometry":{"type":"Point","coordinates":[-109.75397,57.98504]},"properties":{"cps":130,"y":"1980","lith":"META-ARKOSE"}},{"type":"Feature","id":5539,"geometry":{"type":"Point","coordinates":[-109.87581,57.96289]},"properties":{"cps":95,"y":"1980","lith":"SANDSTONE"}},{"type":"Feature","id":5540,"geometry":{"type":"Point","coordinates":[-107.54018,59.34638]},"properties":{"cps":3000,"y":"2005","lith":"SANDSTONE"}},{"type":"Feature","id":5541,"geometry":{"type":"Point","coordinates":[-103.90458,58.00467]},"properties":{"cps":650,"y":"1983","lith":"Granite"}},{"type":"Feature","id":5542,"geometry":{"type":"Point","coordinates":[-105.04157,58.90925]},"properties":{"cps":40,"y":"2008","lith":" "}},{"type":"Feature","id":5543,"geometry":{"type":"Point","coordinates":[-104.61262,57.03373]},"properties":{"cps":1500,"y":"1980","lith":"WHITE GRANITE"}},{"type":"Feature","id":5544,"geometry":{"type":"Point","coordinates":[-105.0548,58.88653]},"properties":{"cps":40,"y":"2008","lith":" "}},{"type":"Feature","id":5545,"geometry":{"type":"Point","coordinates":[-104.30841,59.1306]},"properties":{"cps":310,"y":"1998","lith":" "}},{"type":"Feature","id":5546,"geometry":{"type":"Point","coordinates":[-104.96813,58.93146]},"properties":{"cps":40,"y":"2008","lith":" "}},{"type":"Feature","id":5547,"geometry":{"type":"Point","coordinates":[-109.64379,58.35252]},"properties":{"cps":560,"y":"1982","lith":"Granite"}},{"type":"Feature","id":5548,"geometry":{"type":"Point","coordinates":[-109.60456,58.36217]},"properties":{"cps":500,"y":"1982","lith":"Pegmatoid"}},{"type":"Feature","id":5549,"geometry":{"type":"Point","coordinates":[-105.11648,57.03554]},"properties":{"cps":1416.67,"y":"1979","lith":" "}},{"type":"Feature","id":5550,"geometry":{"type":"Point","coordinates":[-109.62351,58.37488]},"properties":{"cps":350,"y":"1982","lith":"Granite"}},{"type":"Feature","id":5551,"geometry":{"type":"Point","coordinates":[-107.54078,59.34321]},"properties":{"cps":3000,"y":"2005","lith":"SANDSTONE"}},{"type":"Feature","id":5552,"geometry":{"type":"Point","coordinates":[-107.45289,59.26983]},"properties":{"cps":1950,"y":"2006","lith":" "}},{"type":"Feature","id":5553,"geometry":{"type":"Point","coordinates":[-109.42223,57.61978]},"properties":{"cps":0,"y":"2011","lith":"Massive Pitchblende"}},{"type":"Feature","id":5554,"geometry":{"type":"Point","coordinates":[-109.41978,57.62032]},"properties":{"cps":3933,"y":"2012","lith":"Massive Pitchblende/Uranium Oxide"}},{"type":"Feature","id":5555,"geometry":{"type":"Point","coordinates":[-103.9068,57.99826]},"properties":{"cps":1600,"y":"1983","lith":"Quartz Biotite Gneiss"}},{"type":"Feature","id":5556,"geometry":{"type":"Point","coordinates":[-107.53907,59.3431]},"properties":{"cps":3000,"y":"2005","lith":"SANDSTONE"}},{"type":"Feature","id":5557,"geometry":{"type":"Point","coordinates":[-104.55118,57.06059]},"properties":{"cps":1800,"y":"1980","lith":"GRANITIZED META-ARKOSE"}},{"type":"Feature","id":5558,"geometry":{"type":"Point","coordinates":[-103.23357,57.63875]},"properties":{"cps":1800,"y":"1979","lith":"Pink Granite"}},{"type":"Feature","id":5559,"geometry":{"type":"Point","coordinates":[-109.59122,58.39788]},"properties":{"cps":350,"y":"1982","lith":"Granite"}},{"type":"Feature","id":5560,"geometry":{"type":"Point","coordinates":[-104.25552,59.1217]},"properties":{"cps":350,"y":"1998","lith":" "}},{"type":"Feature","id":5561,"geometry":{"type":"Point","coordinates":[-103.236,57.64164]},"properties":{"cps":400,"y":"1979","lith":"Meta-Arkose"}},{"type":"Feature","id":5562,"geometry":{"type":"Point","coordinates":[-107.54151,59.34604]},"properties":{"cps":750,"y":"2005","lith":"SANDSTONE"}},{"type":"Feature","id":5563,"geometry":{"type":"Point","coordinates":[-107.54127,59.34683]},"properties":{"cps":750,"y":"2005","lith":"SANDSTONE"}},{"type":"Feature","id":5564,"geometry":{"type":"Point","coordinates":[-109.49785,58.17073]},"properties":{"cps":250,"y":"1980","lith":"GRANITE GNEISS"}},{"type":"Feature","id":5565,"geometry":{"type":"Point","coordinates":[-109.62471,58.35992]},"properties":{"cps":550,"y":"1982","lith":"Granite"}},{"type":"Feature","id":5566,"geometry":{"type":"Point","coordinates":[-109.52097,58.17455]},"properties":{"cps":200,"y":"1980","lith":"GRANITE GNEISS"}},{"type":"Feature","id":5567,"geometry":{"type":"Point","coordinates":[-107.53267,59.34559]},"properties":{"cps":3000,"y":"2005","lith":"SANDSTONE"}},{"type":"Feature","id":5568,"geometry":{"type":"Point","coordinates":[-109.38904,58.10674]},"properties":{"cps":100,"y":"1980","lith":"QUARTZITE"}},{"type":"Feature","id":5569,"geometry":{"type":"Point","coordinates":[-103.23903,57.63624]},"properties":{"cps":380,"y":"1979","lith":"Meta-Arkose"}},{"type":"Feature","id":5570,"geometry":{"type":"Point","coordinates":[-109.56581,58.466]},"properties":{"cps":350,"y":"1982","lith":"Pegmatoid"}},{"type":"Feature","id":5571,"geometry":{"type":"Point","coordinates":[-109.58329,58.37901]},"properties":{"cps":500,"y":"1982","lith":"Pegmatoid"}},{"type":"Feature","id":5572,"geometry":{"type":"Point","coordinates":[-109.49398,58.15508]},"properties":{"cps":140,"y":"1980","lith":"GRANITE GNEISS"}},{"type":"Feature","id":5573,"geometry":{"type":"Point","coordinates":[-107.54886,59.34382]},"properties":{"cps":750,"y":"2005","lith":"SANDSTONE"}},{"type":"Feature","id":5574,"geometry":{"type":"Point","coordinates":[-107.53946,59.348]},"properties":{"cps":3000,"y":"2005","lith":"SANDSTONE"}},{"type":"Feature","id":5575,"geometry":{"type":"Point","coordinates":[-109.41952,57.62035]},"properties":{"cps":8364,"y":"2012","lith":"Massive Pitchblende"}},{"type":"Feature","id":5576,"geometry":{"type":"Point","coordinates":[-109.42511,57.6187]},"properties":{"cps":0,"y":"2011","lith":"Massive Pitchblende"}},{"type":"Feature","id":5577,"geometry":{"type":"Point","coordinates":[-104.50786,57.07964]},"properties":{"cps":2800,"y":"1980","lith":"QUARTZ-FELDSPAR GNEISS (IMPURE META-ARKOSE?)"}},{"type":"Feature","id":5578,"geometry":{"type":"Point","coordinates":[-109.64752,58.36207]},"properties":{"cps":450,"y":"1982","lith":"Granite"}},{"type":"Feature","id":5579,"geometry":{"type":"Point","coordinates":[-103.888,57.9958]},"properties":{"cps":100,"y":"1983","lith":"Pegmatite"}},{"type":"Feature","id":5580,"geometry":{"type":"Point","coordinates":[-109.64929,58.35653]},"properties":{"cps":325,"y":"1982","lith":"Pegmatoid"}},{"type":"Feature","id":5581,"geometry":{"type":"Point","coordinates":[-104.25081,59.12158]},"properties":{"cps":280,"y":"1998","lith":" "}},{"type":"Feature","id":5582,"geometry":{"type":"Point","coordinates":[-107.53963,59.3462]},"properties":{"cps":3000,"y":"2005","lith":"SANDSTONE"}},{"type":"Feature","id":5583,"geometry":{"type":"Point","coordinates":[-104.39093,59.1141]},"properties":{"cps":800,"y":"1998","lith":" "}},{"type":"Feature","id":5584,"geometry":{"type":"Point","coordinates":[-104.61077,57.0348]},"properties":{"cps":1900,"y":"1980","lith":"PEGMATITE"}},{"type":"Feature","id":5585,"geometry":{"type":"Point","coordinates":[-104.60208,57.03833]},"properties":{"cps":3500,"y":"1980","lith":"FLASERED GRANITIC GNEISS"}},{"type":"Feature","id":5586,"geometry":{"type":"Point","coordinates":[-109.62182,58.4911]},"properties":{"cps":100,"y":"1981","lith":"Conglomerate"}},{"type":"Feature","id":5587,"geometry":{"type":"Point","coordinates":[-104.30343,59.13033]},"properties":{"cps":550,"y":"1998","lith":" "}},{"type":"Feature","id":5588,"geometry":{"type":"Point","coordinates":[-104.46111,59.09847]},"properties":{"cps":3900,"y":"1998","lith":"Granite"}},{"type":"Feature","id":5589,"geometry":{"type":"Point","coordinates":[-105.10094,58.90164]},"properties":{"cps":40,"y":"2008","lith":" "}},{"type":"Feature","id":5590,"geometry":{"type":"Point","coordinates":[-105.04327,58.90207]},"properties":{"cps":68,"y":"2008","lith":" "}},{"type":"Feature","id":5591,"geometry":{"type":"Point","coordinates":[-109.58602,58.37862]},"properties":{"cps":420,"y":"1982","lith":"Pegmatoid"}},{"type":"Feature","id":5592,"geometry":{"type":"Point","coordinates":[-109.43562,57.61606]},"properties":{"cps":4033,"y":"2011","lith":"Massive Pitchblende"}},{"type":"Feature","id":5593,"geometry":{"type":"Point","coordinates":[-104.54992,57.06068]},"properties":{"cps":1200,"y":"1980","lith":"META-QUARTZITE"}},{"type":"Feature","id":5594,"geometry":{"type":"Point","coordinates":[-109.58316,58.39846]},"properties":{"cps":375,"y":"1982","lith":"Pegmatoid"}},{"type":"Feature","id":5595,"geometry":{"type":"Point","coordinates":[-109.83119,57.99616]},"properties":{"cps":800,"y":"1980","lith":"GRANITIC ROCK"}},{"type":"Feature","id":5596,"geometry":{"type":"Point","coordinates":[-106.26272,57.36658]},"properties":{"cps":30,"y":"1982","lith":" "}},{"type":"Feature","id":5597,"geometry":{"type":"Point","coordinates":[-104.24375,59.12079]},"properties":{"cps":850,"y":"1998","lith":" "}},{"type":"Feature","id":5598,"geometry":{"type":"Point","coordinates":[-109.5937,58.37632]},"properties":{"cps":330,"y":"1982","lith":"Pegmatoid"}},{"type":"Feature","id":5599,"geometry":{"type":"Point","coordinates":[-109.42138,57.61671]},"properties":{"cps":0,"y":"2011","lith":"Massive Pitchblende"}},{"type":"Feature","id":5600,"geometry":{"type":"Point","coordinates":[-104.25145,59.12507]},"properties":{"cps":625,"y":"1998","lith":"Metaquartzite"}},{"type":"Feature","id":5601,"geometry":{"type":"Point","coordinates":[-107.53956,59.34759]},"properties":{"cps":3000,"y":"2005","lith":"SANDSTONE"}},{"type":"Feature","id":5602,"geometry":{"type":"Point","coordinates":[-107.82597,59.23872]},"properties":{"cps":7500,"y":"2006","lith":" "}},{"type":"Feature","id":5603,"geometry":{"type":"Point","coordinates":[-109.63705,58.35569]},"properties":{"cps":300,"y":"1982","lith":"Granite"}},{"type":"Feature","id":5604,"geometry":{"type":"Point","coordinates":[-104.25318,59.15777]},"properties":{"cps":660,"y":"1998","lith":" "}},{"type":"Feature","id":5605,"geometry":{"type":"Point","coordinates":[-105.07465,58.89431]},"properties":{"cps":85,"y":"2008","lith":" "}},{"type":"Feature","id":5606,"geometry":{"type":"Point","coordinates":[-109.63463,58.36495]},"properties":{"cps":350,"y":"1982","lith":"Pegmatoid"}},{"type":"Feature","id":5607,"geometry":{"type":"Point","coordinates":[-103.90843,58.0047]},"properties":{"cps":600,"y":"1983","lith":"Pegmatite"}},{"type":"Feature","id":5608,"geometry":{"type":"Point","coordinates":[-109.46309,57.59385]},"properties":{"cps":6500,"y":"2012","lith":" "}},{"type":"Feature","id":5609,"geometry":{"type":"Point","coordinates":[-107.84744,59.23189]},"properties":{"cps":4000,"y":"2006","lith":" "}},{"type":"Feature","id":5610,"geometry":{"type":"Point","coordinates":[-103.89616,58.01211]},"properties":{"cps":770,"y":"1983","lith":"Granite"}},{"type":"Feature","id":5611,"geometry":{"type":"Point","coordinates":[-104.62005,57.0306]},"properties":{"cps":4850,"y":"1980","lith":"META-SEDIMENT (GREYWACKE)"}},{"type":"Feature","id":5612,"geometry":{"type":"Point","coordinates":[-104.24867,59.12737]},"properties":{"cps":800,"y":"1998","lith":" "}},{"type":"Feature","id":5613,"geometry":{"type":"Point","coordinates":[-107.00636,59.24239]},"properties":{"cps":160,"y":"1981","lith":"SANDSTONE"}},{"type":"Feature","id":5614,"geometry":{"type":"Point","coordinates":[-109.44321,57.60715]},"properties":{"cps":0,"y":"2011","lith":"Massive Pitchblende"}},{"type":"Feature","id":5615,"geometry":{"type":"Point","coordinates":[-109.43528,57.60725]},"properties":{"cps":715,"y":"2011","lith":"Massive Pitchblende"}},{"type":"Feature","id":5616,"geometry":{"type":"Point","coordinates":[-109.60456,58.37136]},"properties":{"cps":340,"y":"1982","lith":"Granite"}},{"type":"Feature","id":5617,"geometry":{"type":"Point","coordinates":[-107.83636,59.23311]},"properties":{"cps":2800,"y":"2006","lith":" "}},{"type":"Feature","id":5618,"geometry":{"type":"Point","coordinates":[-109.45346,57.59986]},"properties":{"cps":1156,"y":"2011","lith":"Weathered Basement Rock?"}},{"type":"Feature","id":5619,"geometry":{"type":"Point","coordinates":[-109.62553,58.49008]},"properties":{"cps":160,"y":"1981","lith":"Conglomerate"}},{"type":"Feature","id":5620,"geometry":{"type":"Point","coordinates":[-103.23476,57.64013]},"properties":{"cps":380,"y":"1979","lith":"Granite"}},{"type":"Feature","id":5621,"geometry":{"type":"Point","coordinates":[-104.24574,59.1567]},"properties":{"cps":240,"y":"1998","lith":" "}},{"type":"Feature","id":5622,"geometry":{"type":"Point","coordinates":[-103.24084,57.6383]},"properties":{"cps":340,"y":"1979","lith":"Pegmatite"}},{"type":"Feature","id":5623,"geometry":{"type":"Point","coordinates":[-109.62723,58.5025]},"properties":{"cps":550,"y":"1981","lith":"Granitic Gneiss"}},{"type":"Feature","id":5624,"geometry":{"type":"Point","coordinates":[-105.02729,57.37084]},"properties":{"cps":1000,"y":"1982","lith":"BASEMENT"}},{"type":"Feature","id":5625,"geometry":{"type":"Point","coordinates":[-109.57442,58.46995]},"properties":{"cps":800,"y":"1982","lith":"BASEMENT"}},{"type":"Feature","id":5626,"geometry":{"type":"Point","coordinates":[-109.63862,58.36887]},"properties":{"cps":1100,"y":"1982","lith":"Pegmatoid"}},{"type":"Feature","id":5627,"geometry":{"type":"Point","coordinates":[-109.60517,58.37659]},"properties":{"cps":600,"y":"1982","lith":"Quartz Feldspar Gneiss"}},{"type":"Feature","id":5628,"geometry":{"type":"Point","coordinates":[-104.24808,59.12578]},"properties":{"cps":350,"y":"1998","lith":" "}},{"type":"Feature","id":5629,"geometry":{"type":"Point","coordinates":[-107.54295,59.34483]},"properties":{"cps":3000,"y":"2005","lith":"BASEMENT"}},{"type":"Feature","id":5630,"geometry":{"type":"Point","coordinates":[-109.82724,57.97135]},"properties":{"cps":275,"y":"1980","lith":"META-ARGILLITE"}},{"type":"Feature","id":5631,"geometry":{"type":"Point","coordinates":[-104.26788,59.154]},"properties":{"cps":280,"y":"1998","lith":" "}},{"type":"Feature","id":5632,"geometry":{"type":"Point","coordinates":[-109.42579,57.63268]},"properties":{"cps":8615,"y":"2011","lith":"Basement Rock? Pitchblende"}},{"type":"Feature","id":5633,"geometry":{"type":"Point","coordinates":[-109.46938,57.59163]},"properties":{"cps":10000,"y":"2012","lith":" "}},{"type":"Feature","id":5634,"geometry":{"type":"Point","coordinates":[-109.86841,57.96778]},"properties":{"cps":700,"y":"1980","lith":"GRANITIC ROCK"}},{"type":"Feature","id":5635,"geometry":{"type":"Point","coordinates":[-104.6194,57.0319]},"properties":{"cps":2400,"y":"1980","lith":"META-ARKOSE PINK"}},{"type":"Feature","id":5636,"geometry":{"type":"Point","coordinates":[-104.55467,57.06065]},"properties":{"cps":3500,"y":"1980","lith":"PINK PEGMATITE"}},{"type":"Feature","id":5637,"geometry":{"type":"Point","coordinates":[-104.0576,58.33922]},"properties":{"cps":131,"y":"2009","lith":"Coarse Sandstone"}},{"type":"Feature","id":5638,"geometry":{"type":"Point","coordinates":[-104.52459,57.06668]},"properties":{"cps":3600,"y":"1980","lith":"GRANITIZED META-ARKOSE"}},{"type":"Feature","id":5639,"geometry":{"type":"Point","coordinates":[-109.45978,57.5972]},"properties":{"cps":10000,"y":"2012","lith":" "}},{"type":"Feature","id":5640,"geometry":{"type":"Point","coordinates":[-104.05622,58.33786]},"properties":{"cps":342,"y":"2009","lith":"Granite"}},{"type":"Feature","id":5641,"geometry":{"type":"Point","coordinates":[-104.27091,59.1627]},"properties":{"cps":300,"y":"1998","lith":" "}},{"type":"Feature","id":5642,"geometry":{"type":"Point","coordinates":[-109.60498,58.36197]},"properties":{"cps":1500,"y":"1982","lith":"Pegmatoid"}},{"type":"Feature","id":5643,"geometry":{"type":"Point","coordinates":[-104.52205,57.0665]},"properties":{"cps":1500,"y":"1980","lith":"WHITE GRANITE"}},{"type":"Feature","id":5644,"geometry":{"type":"Point","coordinates":[-103.23722,57.62311]},"properties":{"cps":1800,"y":"1979","lith":"Granite"}},{"type":"Feature","id":5645,"geometry":{"type":"Point","coordinates":[-104.29827,59.12796]},"properties":{"cps":700,"y":"1998","lith":" "}},{"type":"Feature","id":5646,"geometry":{"type":"Point","coordinates":[-109.60168,58.3718]},"properties":{"cps":320,"y":"1982","lith":"Granite"}},{"type":"Feature","id":5647,"geometry":{"type":"Point","coordinates":[-109.51952,58.51191]},"properties":{"cps":800,"y":"1982","lith":"BASEMENT"}},{"type":"Feature","id":5648,"geometry":{"type":"Point","coordinates":[-105.10848,58.90593]},"properties":{"cps":40,"y":"2008","lith":" "}},{"type":"Feature","id":5649,"geometry":{"type":"Point","coordinates":[-104.29474,59.1279]},"properties":{"cps":400,"y":"1998","lith":" "}},{"type":"Feature","id":5650,"geometry":{"type":"Point","coordinates":[-109.54445,58.48357]},"properties":{"cps":350,"y":"1982","lith":"BASEMENT"}},{"type":"Feature","id":5651,"geometry":{"type":"Point","coordinates":[-109.59854,58.36611]},"properties":{"cps":700,"y":"1982","lith":"Granite"}},{"type":"Feature","id":5652,"geometry":{"type":"Point","coordinates":[-104.25352,59.12337]},"properties":{"cps":1000,"y":"1998","lith":" "}},{"type":"Feature","id":5653,"geometry":{"type":"Point","coordinates":[-109.7476,57.96868]},"properties":{"cps":230,"y":"1980","lith":"GRANITE GNEISS"}},{"type":"Feature","id":5654,"geometry":{"type":"Point","coordinates":[-109.42086,57.61805]},"properties":{"cps":0,"y":"2011","lith":"Massive Pitchblende"}},{"type":"Feature","id":5655,"geometry":{"type":"Point","coordinates":[-104.58165,57.04804]},"properties":{"cps":4300,"y":"1980","lith":"PINK PEGMATITE"}},{"type":"Feature","id":5656,"geometry":{"type":"Point","coordinates":[-109.44352,57.6081]},"properties":{"cps":1200,"y":"2011","lith":"Massive Pitchblende"}},{"type":"Feature","id":5657,"geometry":{"type":"Point","coordinates":[-104.25387,59.12084]},"properties":{"cps":300,"y":"1998","lith":" "}},{"type":"Feature","id":5658,"geometry":{"type":"Point","coordinates":[-104.27588,59.1528]},"properties":{"cps":330,"y":"1998","lith":" "}},{"type":"Feature","id":5659,"geometry":{"type":"Point","coordinates":[-109.60602,58.36493]},"properties":{"cps":500,"y":"1982","lith":"Granite"}},{"type":"Feature","id":5660,"geometry":{"type":"Point","coordinates":[-104.30969,59.12949]},"properties":{"cps":700,"y":"1998","lith":"Granite"}},{"type":"Feature","id":5661,"geometry":{"type":"Point","coordinates":[-107.534,59.34543]},"properties":{"cps":3000,"y":"2005","lith":"SANDSTONE"}},{"type":"Feature","id":5662,"geometry":{"type":"Point","coordinates":[-109.59984,58.3655]},"properties":{"cps":350,"y":"1982","lith":"Granite"}},{"type":"Feature","id":5663,"geometry":{"type":"Point","coordinates":[-109.58712,58.46468]},"properties":{"cps":350,"y":"1982","lith":"Pegmatoid"}},{"type":"Feature","id":5664,"geometry":{"type":"Point","coordinates":[-105.14794,57.02362]},"properties":{"cps":1666.67,"y":"1979","lith":" "}},{"type":"Feature","id":5665,"geometry":{"type":"Point","coordinates":[-109.43545,57.61699]},"properties":{"cps":1253,"y":"2011","lith":"Massive Pitchblende"}},{"type":"Feature","id":5666,"geometry":{"type":"Point","coordinates":[-109.60448,58.36201]},"properties":{"cps":950,"y":"1982","lith":"Pegmatoid"}},{"type":"Feature","id":5667,"geometry":{"type":"Point","coordinates":[-104.28915,59.13839]},"properties":{"cps":700,"y":"1998","lith":"Granite"}},{"type":"Feature","id":5668,"geometry":{"type":"Point","coordinates":[-109.56701,58.49055]},"properties":{"cps":1600,"y":"1982","lith":"Pegmatoid"}},{"type":"Feature","id":5669,"geometry":{"type":"Point","coordinates":[-105.04432,58.91823]},"properties":{"cps":40,"y":"2008","lith":" "}},{"type":"Feature","id":5670,"geometry":{"type":"Point","coordinates":[-109.42545,57.62555]},"properties":{"cps":1081,"y":"2011","lith":"Granite"}},{"type":"Feature","id":5671,"geometry":{"type":"Point","coordinates":[-105.0904,58.89479]},"properties":{"cps":68,"y":"2008","lith":" "}},{"type":"Feature","id":5672,"geometry":{"type":"Point","coordinates":[-109.59959,58.3695]},"properties":{"cps":500,"y":"1982","lith":"Granite"}},{"type":"Feature","id":5673,"geometry":{"type":"Point","coordinates":[-104.28604,59.13759]},"properties":{"cps":555,"y":"1998","lith":"Granite"}},{"type":"Feature","id":5674,"geometry":{"type":"Point","coordinates":[-107.53764,59.34381]},"properties":{"cps":3000,"y":"2005","lith":"SANDSTONE"}},{"type":"Feature","id":5675,"geometry":{"type":"Point","coordinates":[-109.63797,58.48992]},"properties":{"cps":95,"y":"1981","lith":"Conglomerate"}},{"type":"Feature","id":5676,"geometry":{"type":"Point","coordinates":[-107.53851,59.34366]},"properties":{"cps":3000,"y":"2005","lith":"SANDSTONE"}},{"type":"Feature","id":5677,"geometry":{"type":"Point","coordinates":[-105.06875,58.89157]},"properties":{"cps":40,"y":"2008","lith":" "}},{"type":"Feature","id":5678,"geometry":{"type":"Point","coordinates":[-109.4338,57.62196]},"properties":{"cps":4433,"y":"2012","lith":"Massive Pitchblende"}},{"type":"Feature","id":5679,"geometry":{"type":"Point","coordinates":[-109.59115,58.39396]},"properties":{"cps":600,"y":"1982","lith":"Granite"}},{"type":"Feature","id":5680,"geometry":{"type":"Point","coordinates":[-104.25338,59.12526]},"properties":{"cps":500,"y":"1998","lith":" "}},{"type":"Feature","id":5681,"geometry":{"type":"Point","coordinates":[-109.57299,58.46438]},"properties":{"cps":500,"y":"1982","lith":"Pegmatoid"}},{"type":"Feature","id":5682,"geometry":{"type":"Point","coordinates":[-104.28055,59.15297]},"properties":{"cps":310,"y":"1998","lith":" "}},{"type":"Feature","id":5683,"geometry":{"type":"Point","coordinates":[-107.45463,59.26986]},"properties":{"cps":5000,"y":"2006","lith":" "}},{"type":"Feature","id":5684,"geometry":{"type":"Point","coordinates":[-107.54363,59.3467]},"properties":{"cps":3000,"y":"2005","lith":"SANDSTONE"}},{"type":"Feature","id":5685,"geometry":{"type":"Point","coordinates":[-109.93159,57.98205]},"properties":{"cps":230,"y":"1980","lith":"GRANITIC ROCK"}},{"type":"Feature","id":5686,"geometry":{"type":"Point","coordinates":[-103.25224,57.62478]},"properties":{"cps":925,"y":"1979","lith":"Granitic Gneiss"}},{"type":"Feature","id":5687,"geometry":{"type":"Point","coordinates":[-107.5314,59.34588]},"properties":{"cps":3000,"y":"2005","lith":"SANDSTONE"}},{"type":"Feature","id":5688,"geometry":{"type":"Point","coordinates":[-107.54771,59.34391]},"properties":{"cps":750,"y":"2005","lith":"SANDSTONE"}},{"type":"Feature","id":5689,"geometry":{"type":"Point","coordinates":[-105.05425,58.92288]},"properties":{"cps":168,"y":"2008","lith":" "}},{"type":"Feature","id":5690,"geometry":{"type":"Point","coordinates":[-103.19616,57.65523]},"properties":{"cps":350,"y":"1979","lith":"Flaser Granite"}},{"type":"Feature","id":5691,"geometry":{"type":"Point","coordinates":[-105.08415,58.89253]},"properties":{"cps":40,"y":"2008","lith":" "}},{"type":"Feature","id":5692,"geometry":{"type":"Point","coordinates":[-109.43043,57.61664]},"properties":{"cps":0,"y":"2011","lith":"Massive Pitchblende"}},{"type":"Feature","id":5693,"geometry":{"type":"Point","coordinates":[-104.60897,57.03485]},"properties":{"cps":3200,"y":"1980","lith":"FLASERED GRANITIC GNEISS"}},{"type":"Feature","id":5694,"geometry":{"type":"Point","coordinates":[-105.05006,58.9208]},"properties":{"cps":40,"y":"2008","lith":" "}},{"type":"Feature","id":5695,"geometry":{"type":"Point","coordinates":[-109.75713,57.98205]},"properties":{"cps":150,"y":"1980","lith":"HORNBLENDE-K-FELDSPARE GNEISS"}},{"type":"Feature","id":5696,"geometry":{"type":"Point","coordinates":[-106.11986,57.34317]},"properties":{"cps":300,"y":"1982","lith":"SANDSTONE"}},{"type":"Feature","id":5697,"geometry":{"type":"Point","coordinates":[-109.87583,57.96942]},"properties":{"cps":250,"y":"1980","lith":"GRANITIC ROCK"}},{"type":"Feature","id":5698,"geometry":{"type":"Point","coordinates":[-109.64486,58.3602]},"properties":{"cps":500,"y":"1982","lith":"Pegmatoid"}},{"type":"Feature","id":5699,"geometry":{"type":"Point","coordinates":[-109.63086,58.36659]},"properties":{"cps":400,"y":"1982","lith":"Pegmatoid"}},{"type":"Feature","id":5700,"geometry":{"type":"Point","coordinates":[-109.6358,58.36508]},"properties":{"cps":400,"y":"1982","lith":"Pegmatoid"}},{"type":"Feature","id":5701,"geometry":{"type":"Point","coordinates":[-109.64049,58.1171]},"properties":{"cps":220,"y":"1980","lith":"GRANITIC ROCK"}},{"type":"Feature","id":5702,"geometry":{"type":"Point","coordinates":[-104.62687,57.02785]},"properties":{"cps":3000,"y":"1980","lith":"META-VOLCANIC"}},{"type":"Feature","id":5703,"geometry":{"type":"Point","coordinates":[-105.0081,57.36337]},"properties":{"cps":2700,"y":"1982","lith":"BASEMENT"}},{"type":"Feature","id":5704,"geometry":{"type":"Point","coordinates":[-109.57335,58.48789]},"properties":{"cps":600,"y":"1982","lith":"Granite"}},{"type":"Feature","id":5705,"geometry":{"type":"Point","coordinates":[-109.42156,57.61509]},"properties":{"cps":0,"y":"2011","lith":"Massive Pitchblende"}},{"type":"Feature","id":5706,"geometry":{"type":"Point","coordinates":[-109.61404,58.38176]},"properties":{"cps":350,"y":"1982","lith":"Pegmatoid"}},{"type":"Feature","id":5707,"geometry":{"type":"Point","coordinates":[-104.57318,57.05301]},"properties":{"cps":2300,"y":"1980","lith":"FLASERED GRANITIC GNEISS"}},{"type":"Feature","id":5708,"geometry":{"type":"Point","coordinates":[-103.90003,58.00259]},"properties":{"cps":200,"y":"1983","lith":"Granite"}},{"type":"Feature","id":5709,"geometry":{"type":"Point","coordinates":[-107.54273,59.34675]},"properties":{"cps":3000,"y":"2005","lith":"SANDSTONE"}},{"type":"Feature","id":5710,"geometry":{"type":"Point","coordinates":[-109.82834,57.97102]},"properties":{"cps":220,"y":"1980","lith":"META-ARGILLITE"}},{"type":"Feature","id":5711,"geometry":{"type":"Point","coordinates":[-109.83412,58.1327]},"properties":{"cps":400,"y":"1980","lith":"SANDSTONE"}},{"type":"Feature","id":5712,"geometry":{"type":"Point","coordinates":[-103.87964,57.98866]},"properties":{"cps":190,"y":"1983","lith":"Granite"}},{"type":"Feature","id":5713,"geometry":{"type":"Point","coordinates":[-109.61168,58.36978]},"properties":{"cps":400,"y":"1982","lith":"Pegmatoid"}},{"type":"Feature","id":5714,"geometry":{"type":"Point","coordinates":[-109.56693,58.35656]},"properties":{"cps":225,"y":"1981","lith":"Leptynite"}},{"type":"Feature","id":5715,"geometry":{"type":"Point","coordinates":[-104.05703,58.33829]},"properties":{"cps":620,"y":"2009","lith":"Conglomeritic Sandstone"}},{"type":"Feature","id":5716,"geometry":{"type":"Point","coordinates":[-109.8579,58.00171]},"properties":{"cps":350,"y":"1980","lith":"GRANITIC ROCK"}},{"type":"Feature","id":5717,"geometry":{"type":"Point","coordinates":[-104.98656,57.39209]},"properties":{"cps":1000,"y":"1982","lith":"CONGLOMERATE"}},{"type":"Feature","id":5718,"geometry":{"type":"Point","coordinates":[-104.26211,59.16418]},"properties":{"cps":500,"y":"1998","lith":" "}},{"type":"Feature","id":5719,"geometry":{"type":"Point","coordinates":[-109.42494,57.62525]},"properties":{"cps":1079,"y":"2012","lith":"Massive Pitchblende"}},{"type":"Feature","id":5720,"geometry":{"type":"Point","coordinates":[-109.46828,57.59138]},"properties":{"cps":6500,"y":"2012","lith":" "}},{"type":"Feature","id":5721,"geometry":{"type":"Point","coordinates":[-109.61629,58.37411]},"properties":{"cps":400,"y":"1982","lith":"Quartz Feldspar Gneiss"}},{"type":"Feature","id":5722,"geometry":{"type":"Point","coordinates":[-109.63967,58.36179]},"properties":{"cps":450,"y":"1982","lith":"Pegmatoid"}},{"type":"Feature","id":5723,"geometry":{"type":"Point","coordinates":[-103.22731,57.6404]},"properties":{"cps":356,"y":"1979","lith":"Granite Gneiss"}},{"type":"Feature","id":5724,"geometry":{"type":"Point","coordinates":[-103.18854,57.64654]},"properties":{"cps":650,"y":"1979","lith":"Leucogranite"}},{"type":"Feature","id":5725,"geometry":{"type":"Point","coordinates":[-109.46715,57.59228]},"properties":{"cps":10000,"y":"2012","lith":" "}},{"type":"Feature","id":5726,"geometry":{"type":"Point","coordinates":[-105.04269,58.91474]},"properties":{"cps":40,"y":"2008","lith":" "}},{"type":"Feature","id":5727,"geometry":{"type":"Point","coordinates":[-109.57911,58.35114]},"properties":{"cps":500,"y":"1982","lith":"Pegmatoid"}},{"type":"Feature","id":5728,"geometry":{"type":"Point","coordinates":[-107.45388,59.27008]},"properties":{"cps":5000,"y":"2006","lith":" "}},{"type":"Feature","id":5729,"geometry":{"type":"Point","coordinates":[-109.60776,58.3925]},"properties":{"cps":400,"y":"1982","lith":"Pegmatoid"}},{"type":"Feature","id":5730,"geometry":{"type":"Point","coordinates":[-103.24098,57.63855]},"properties":{"cps":213,"y":"1979","lith":"Pegmatite"}},{"type":"Feature","id":5731,"geometry":{"type":"Point","coordinates":[-104.24695,59.12569]},"properties":{"cps":420,"y":"1998","lith":" "}},{"type":"Feature","id":5732,"geometry":{"type":"Point","coordinates":[-105.00443,57.38559]},"properties":{"cps":1150,"y":"1982","lith":"CONGLOMERATE"}},{"type":"Feature","id":5733,"geometry":{"type":"Point","coordinates":[-104.28241,59.15728]},"properties":{"cps":260,"y":"1998","lith":" "}},{"type":"Feature","id":5734,"geometry":{"type":"Point","coordinates":[-107.54275,59.34657]},"properties":{"cps":750,"y":"2005","lith":"SANDSTONE"}},{"type":"Feature","id":5735,"geometry":{"type":"Point","coordinates":[-105.09434,58.897]},"properties":{"cps":40,"y":"2008","lith":" "}},{"type":"Feature","id":5736,"geometry":{"type":"Point","coordinates":[-103.20017,57.65104]},"properties":{"cps":1200,"y":"1979","lith":"Granite"}},{"type":"Feature","id":5737,"geometry":{"type":"Point","coordinates":[-103.91862,58.00452]},"properties":{"cps":150,"y":"1983","lith":"Granite"}},{"type":"Feature","id":5738,"geometry":{"type":"Point","coordinates":[-109.44313,57.61223]},"properties":{"cps":0,"y":"2011","lith":"Massive Pitchblende"}},{"type":"Feature","id":5739,"geometry":{"type":"Point","coordinates":[-107.45843,59.27162]},"properties":{"cps":10000,"y":"2006","lith":" "}},{"type":"Feature","id":5740,"geometry":{"type":"Point","coordinates":[-104.05582,58.33566]},"properties":{"cps":342,"y":"2009","lith":"Granite"}},{"type":"Feature","id":5741,"geometry":{"type":"Point","coordinates":[-109.58485,58.3935]},"properties":{"cps":1250,"y":"1982","lith":"Pegmatoid"}},{"type":"Feature","id":5742,"geometry":{"type":"Point","coordinates":[-109.58041,58.49769]},"properties":{"cps":450,"y":"1982","lith":"Pegmatoid"}},{"type":"Feature","id":5743,"geometry":{"type":"Point","coordinates":[-109.24404,58.11226]},"properties":{"cps":130,"y":"1980","lith":"MUDSTONE (ATHABASCA)"}},{"type":"Feature","id":5744,"geometry":{"type":"Point","coordinates":[-109.42257,57.6165]},"properties":{"cps":0,"y":"2011","lith":"Massive Pitchblende"}},{"type":"Feature","id":5745,"geometry":{"type":"Point","coordinates":[-104.05664,58.33904]},"properties":{"cps":191,"y":"2009","lith":"Sandstone"}},{"type":"Feature","id":5746,"geometry":{"type":"Point","coordinates":[-104.29128,59.14303]},"properties":{"cps":3800,"y":"1998","lith":" "}},{"type":"Feature","id":5747,"geometry":{"type":"Point","coordinates":[-104.26106,59.12402]},"properties":{"cps":320,"y":"1998","lith":" "}},{"type":"Feature","id":5748,"geometry":{"type":"Point","coordinates":[-103.88782,57.99662]},"properties":{"cps":125,"y":"1983","lith":"Granite"}},{"type":"Feature","id":5749,"geometry":{"type":"Point","coordinates":[-106.35559,57.35217]},"properties":{"cps":550,"y":"1982","lith":"SANDSTONE"}},{"type":"Feature","id":5750,"geometry":{"type":"Point","coordinates":[-107.53866,59.34376]},"properties":{"cps":3000,"y":"2005","lith":"SANDSTONE"}},{"type":"Feature","id":5751,"geometry":{"type":"Point","coordinates":[-109.42323,57.6151]},"properties":{"cps":0,"y":"2011","lith":"Massive Pitchblende"}},{"type":"Feature","id":5752,"geometry":{"type":"Point","coordinates":[-104.04969,58.33971]},"properties":{"cps":193,"y":"2009","lith":"Conglomeratic Sandstone"}},{"type":"Feature","id":5753,"geometry":{"type":"Point","coordinates":[-109.42452,57.61538]},"properties":{"cps":0,"y":"2011","lith":"Massive Pitchblende"}},{"type":"Feature","id":5754,"geometry":{"type":"Point","coordinates":[-104.05391,58.34035]},"properties":{"cps":531,"y":"2009","lith":"Conglomeratic Sandstone"}},{"type":"Feature","id":5755,"geometry":{"type":"Point","coordinates":[-109.59315,58.39293]},"properties":{"cps":750,"y":"1982","lith":"Granite"}},{"type":"Feature","id":5756,"geometry":{"type":"Point","coordinates":[-103.91954,58.00096]},"properties":{"cps":60,"y":"1983","lith":"Pegmatite"}},{"type":"Feature","id":5757,"geometry":{"type":"Point","coordinates":[-104.05666,58.33763]},"properties":{"cps":414,"y":"2009","lith":"Conglomeritic Sandstone"}},{"type":"Feature","id":5758,"geometry":{"type":"Point","coordinates":[-107.53815,59.34357]},"properties":{"cps":7500,"y":"2005","lith":"SANDSTONE"}},{"type":"Feature","id":5759,"geometry":{"type":"Point","coordinates":[-107.54118,59.34334]},"properties":{"cps":750,"y":"2005","lith":"BASEMENT"}},{"type":"Feature","id":5760,"geometry":{"type":"Point","coordinates":[-109.56285,58.36052]},"properties":{"cps":375,"y":"1981","lith":" "}},{"type":"Feature","id":5761,"geometry":{"type":"Point","coordinates":[-107.54856,59.34376]},"properties":{"cps":750,"y":"2005","lith":"SANDSTONE"}},{"type":"Feature","id":5762,"geometry":{"type":"Point","coordinates":[-109.43252,57.62272]},"properties":{"cps":4033,"y":"2011","lith":"Massive Pitchblende"}},{"type":"Feature","id":5763,"geometry":{"type":"Point","coordinates":[-103.24271,57.62957]},"properties":{"cps":1300,"y":"1979","lith":"Granitic Gneiss"}},{"type":"Feature","id":5764,"geometry":{"type":"Point","coordinates":[-104.05039,58.3381]},"properties":{"cps":285,"y":"2009","lith":"Granite"}},{"type":"Feature","id":5765,"geometry":{"type":"Point","coordinates":[-109.79593,57.97236]},"properties":{"cps":150,"y":"1980","lith":" "}},{"type":"Feature","id":5766,"geometry":{"type":"Point","coordinates":[-104.25529,59.12582]},"properties":{"cps":735,"y":"1998","lith":" "}},{"type":"Feature","id":5767,"geometry":{"type":"Point","coordinates":[-107.54336,59.34668]},"properties":{"cps":750,"y":"2005","lith":"SANDSTONE"}},{"type":"Feature","id":5768,"geometry":{"type":"Point","coordinates":[-105.08038,58.89307]},"properties":{"cps":68,"y":"2008","lith":" "}},{"type":"Feature","id":5769,"geometry":{"type":"Point","coordinates":[-109.44596,57.60307]},"properties":{"cps":9733,"y":"2011","lith":"Massive Pitchblende"}},{"type":"Feature","id":5770,"geometry":{"type":"Point","coordinates":[-103.91686,58.0046]},"properties":{"cps":875,"y":"1983","lith":"Pegmatite"}},{"type":"Feature","id":5771,"geometry":{"type":"Point","coordinates":[-103.25256,57.64077]},"properties":{"cps":750,"y":"1979","lith":"Granite Gneiss"}},{"type":"Feature","id":5772,"geometry":{"type":"Point","coordinates":[-109.44177,57.61811]},"properties":{"cps":10000,"y":"2012","lith":" "}},{"type":"Feature","id":5773,"geometry":{"type":"Point","coordinates":[-107.54176,59.34666]},"properties":{"cps":3000,"y":"2005","lith":"SANDSTONE"}},{"type":"Feature","id":5774,"geometry":{"type":"Point","coordinates":[-104.32003,59.1211]},"properties":{"cps":350,"y":"1998","lith":"Granite"}},{"type":"Feature","id":5775,"geometry":{"type":"Point","coordinates":[-109.85021,57.98865]},"properties":{"cps":160,"y":"1980","lith":"GRANITIC ROCK"}},{"type":"Feature","id":5776,"geometry":{"type":"Point","coordinates":[-105.04395,58.89676]},"properties":{"cps":40,"y":"2008","lith":" "}},{"type":"Feature","id":5777,"geometry":{"type":"Point","coordinates":[-109.63433,58.36452]},"properties":{"cps":350,"y":"1982","lith":"Granite"}},{"type":"Feature","id":5778,"geometry":{"type":"Point","coordinates":[-109.96005,57.99587]},"properties":{"cps":160,"y":"1980","lith":"GRANITE GNEISS"}},{"type":"Feature","id":5779,"geometry":{"type":"Point","coordinates":[-109.4213,57.61829]},"properties":{"cps":0,"y":"2011","lith":"Massive Pitchblende"}},{"type":"Feature","id":5780,"geometry":{"type":"Point","coordinates":[-109.73659,57.96873]},"properties":{"cps":390,"y":"1980","lith":" "}},{"type":"Feature","id":5781,"geometry":{"type":"Point","coordinates":[-104.61967,57.03238]},"properties":{"cps":3000,"y":"1980","lith":"QUARTZ-FELDSPAR-HORNBLEND GNEISS"}},{"type":"Feature","id":5782,"geometry":{"type":"Point","coordinates":[-107.53996,59.34685]},"properties":{"cps":3000,"y":"2005","lith":"SANDSTONE"}},{"type":"Feature","id":5783,"geometry":{"type":"Point","coordinates":[-109.5824,58.36341]},"properties":{"cps":350,"y":"1982","lith":"Leptynite"}},{"type":"Feature","id":5784,"geometry":{"type":"Point","coordinates":[-104.25443,59.12381]},"properties":{"cps":475,"y":"1998","lith":" "}},{"type":"Feature","id":5785,"geometry":{"type":"Point","coordinates":[-103.24523,57.62134]},"properties":{"cps":4300,"y":"1979","lith":"Granitic Gneiss"}},{"type":"Feature","id":5786,"geometry":{"type":"Point","coordinates":[-104.96905,58.93238]},"properties":{"cps":40,"y":"2008","lith":" "}},{"type":"Feature","id":5787,"geometry":{"type":"Point","coordinates":[-109.43465,57.61208]},"properties":{"cps":10000,"y":"2012","lith":" "}},{"type":"Feature","id":5788,"geometry":{"type":"Point","coordinates":[-104.98072,57.38264]},"properties":{"cps":1050,"y":"1982","lith":"BASEMENT"}},{"type":"Feature","id":5789,"geometry":{"type":"Point","coordinates":[-109.64436,58.37152]},"properties":{"cps":500,"y":"1982","lith":"Quartz Feldspar Gneiss"}},{"type":"Feature","id":5790,"geometry":{"type":"Point","coordinates":[-107.83907,59.24188]},"properties":{"cps":5000,"y":"2006","lith":" "}},{"type":"Feature","id":5791,"geometry":{"type":"Point","coordinates":[-109.4272,57.62591]},"properties":{"cps":556,"y":"2011","lith":"Basement Rock, highly altered"}},{"type":"Feature","id":5792,"geometry":{"type":"Point","coordinates":[-107.45201,59.26989]},"properties":{"cps":1800,"y":"2006","lith":" "}},{"type":"Feature","id":5793,"geometry":{"type":"Point","coordinates":[-107.54035,59.34391]},"properties":{"cps":750,"y":"2005","lith":"BASEMENT"}},{"type":"Feature","id":5794,"geometry":{"type":"Point","coordinates":[-109.60855,58.3656]},"properties":{"cps":900,"y":"1982","lith":"Pegmatoid"}},{"type":"Feature","id":5795,"geometry":{"type":"Point","coordinates":[-109.54366,58.48363]},"properties":{"cps":500,"y":"1982","lith":"BASEMENT"}},{"type":"Feature","id":5796,"geometry":{"type":"Point","coordinates":[-105.04689,58.91978]},"properties":{"cps":40,"y":"2008","lith":" "}},{"type":"Feature","id":5797,"geometry":{"type":"Point","coordinates":[-107.53608,59.34441]},"properties":{"cps":3000,"y":"2005","lith":"SANDSTONE"}},{"type":"Feature","id":5798,"geometry":{"type":"Point","coordinates":[-104.05452,58.33554]},"properties":{"cps":165,"y":"2009","lith":"Sandstone and Granite"}},{"type":"Feature","id":5799,"geometry":{"type":"Point","coordinates":[-106.14921,57.3586]},"properties":{"cps":150,"y":"1982","lith":"CONGLOMERATE"}},{"type":"Feature","id":5800,"geometry":{"type":"Point","coordinates":[-105.12358,57.0264]},"properties":{"cps":1000,"y":"1979","lith":" "}},{"type":"Feature","id":5801,"geometry":{"type":"Point","coordinates":[-109.42574,57.61778]},"properties":{"cps":0,"y":"2011","lith":"Massive Pitchblende"}},{"type":"Feature","id":5802,"geometry":{"type":"Point","coordinates":[-105.15196,57.02584]},"properties":{"cps":366.67,"y":"1979","lith":" "}},{"type":"Feature","id":5803,"geometry":{"type":"Point","coordinates":[-109.42304,57.6185]},"properties":{"cps":0,"y":"2011","lith":"Massive Pitchblende"}},{"type":"Feature","id":5804,"geometry":{"type":"Point","coordinates":[-103.86163,57.98821]},"properties":{"cps":200,"y":"1983","lith":"Granite"}},{"type":"Feature","id":5805,"geometry":{"type":"Point","coordinates":[-103.24293,57.6298]},"properties":{"cps":2400,"y":"1979","lith":"Leucogranite"}},{"type":"Feature","id":5806,"geometry":{"type":"Point","coordinates":[-109.42285,57.61963]},"properties":{"cps":0,"y":"2011","lith":"Massive Pitchblende/Basement Rock?"}},{"type":"Feature","id":5807,"geometry":{"type":"Point","coordinates":[-104.62717,57.0282]},"properties":{"cps":2000,"y":"1980","lith":"META-VOLCANIC"}},{"type":"Feature","id":5808,"geometry":{"type":"Point","coordinates":[-107.53162,59.34572]},"properties":{"cps":3000,"y":"2005","lith":"SANDSTONE"}},{"type":"Feature","id":5809,"geometry":{"type":"Point","coordinates":[-109.63822,58.36488]},"properties":{"cps":300,"y":"1982","lith":"Pegmatoid"}},{"type":"Feature","id":5810,"geometry":{"type":"Point","coordinates":[-109.4708,57.59024]},"properties":{"cps":10000,"y":"2012","lith":" "}},{"type":"Feature","id":5811,"geometry":{"type":"Point","coordinates":[-104.05008,58.33913]},"properties":{"cps":92,"y":"2009","lith":"Sandstone"}},{"type":"Feature","id":5812,"geometry":{"type":"Point","coordinates":[-105.05086,58.88423]},"properties":{"cps":40,"y":"2008","lith":" "}},{"type":"Feature","id":5813,"geometry":{"type":"Point","coordinates":[-104.62019,57.03178]},"properties":{"cps":23000,"y":"1980","lith":"REGOLITH"}},{"type":"Feature","id":5814,"geometry":{"type":"Point","coordinates":[-109.51642,58.18237]},"properties":{"cps":230,"y":"1980","lith":"GRANITIC ROCK"}},{"type":"Feature","id":5815,"geometry":{"type":"Point","coordinates":[-109.63814,58.36676]},"properties":{"cps":350,"y":"1982","lith":"Pegmatoid"}},{"type":"Feature","id":5816,"geometry":{"type":"Point","coordinates":[-104.60634,57.04281]},"properties":{"cps":2400,"y":"1980","lith":"PINK GRANITE"}},{"type":"Feature","id":5817,"geometry":{"type":"Point","coordinates":[-105.09862,58.90027]},"properties":{"cps":85,"y":"2008","lith":" "}},{"type":"Feature","id":5818,"geometry":{"type":"Point","coordinates":[-109.8288,57.97793]},"properties":{"cps":150,"y":"1980","lith":"META-SILTSTONE"}},{"type":"Feature","id":5819,"geometry":{"type":"Point","coordinates":[-104.29127,59.12789]},"properties":{"cps":520,"y":"1998","lith":" "}},{"type":"Feature","id":5820,"geometry":{"type":"Point","coordinates":[-109.51457,58.51406]},"properties":{"cps":800,"y":"1982","lith":"BASEMENT"}},{"type":"Feature","id":5821,"geometry":{"type":"Point","coordinates":[-107.54263,59.34643]},"properties":{"cps":3000,"y":"2005","lith":"SANDSTONE"}},{"type":"Feature","id":5822,"geometry":{"type":"Point","coordinates":[-109.5738,58.48837]},"properties":{"cps":500,"y":"1982","lith":"Pegmatoid"}},{"type":"Feature","id":5823,"geometry":{"type":"Point","coordinates":[-107.53536,59.34594]},"properties":{"cps":3000,"y":"2005","lith":"REGOLITH"}},{"type":"Feature","id":5824,"geometry":{"type":"Point","coordinates":[-109.6252,58.14269]},"properties":{"cps":150,"y":"1980","lith":"QUARTZITE"}},{"type":"Feature","id":5825,"geometry":{"type":"Point","coordinates":[-103.24609,57.6333]},"properties":{"cps":1400,"y":"1979","lith":"Granite Gneiss"}},{"type":"Feature","id":5826,"geometry":{"type":"Point","coordinates":[-109.45891,57.59733]},"properties":{"cps":0,"y":"2012","lith":" "}},{"type":"Feature","id":5827,"geometry":{"type":"Point","coordinates":[-103.88534,58.0127]},"properties":{"cps":90,"y":"1983","lith":"Granite"}},{"type":"Feature","id":5828,"geometry":{"type":"Point","coordinates":[-109.61372,58.36913]},"properties":{"cps":900,"y":"1982","lith":"Pegmatoid"}},{"type":"Feature","id":5829,"geometry":{"type":"Point","coordinates":[-105.06738,58.89117]},"properties":{"cps":68,"y":"2008","lith":" "}},{"type":"Feature","id":5830,"geometry":{"type":"Point","coordinates":[-103.24901,57.6257]},"properties":{"cps":1650,"y":"1979","lith":"Granite"}},{"type":"Feature","id":5831,"geometry":{"type":"Point","coordinates":[-109.72745,57.97229]},"properties":{"cps":220,"y":"1980","lith":" "}},{"type":"Feature","id":5832,"geometry":{"type":"Point","coordinates":[-109.79694,57.97793]},"properties":{"cps":650,"y":"1980","lith":" "}},{"type":"Feature","id":5833,"geometry":{"type":"Point","coordinates":[-109.72449,57.99166]},"properties":{"cps":270,"y":"1980","lith":"GRANITIC ROCK"}},{"type":"Feature","id":5834,"geometry":{"type":"Point","coordinates":[-109.79007,57.98783]},"properties":{"cps":200,"y":"1980","lith":"META-ARKOSE"}},{"type":"Feature","id":5835,"geometry":{"type":"Point","coordinates":[-109.59241,58.39929]},"properties":{"cps":350,"y":"1982","lith":"Pegmatoid"}},{"type":"Feature","id":5836,"geometry":{"type":"Point","coordinates":[-109.42922,57.61816]},"properties":{"cps":235,"y":"2011","lith":"Granitic Gniess"}},{"type":"Feature","id":5837,"geometry":{"type":"Point","coordinates":[-109.5712,58.48743]},"properties":{"cps":4000,"y":"1982","lith":"Basement"}},{"type":"Feature","id":5838,"geometry":{"type":"Point","coordinates":[-105.05497,58.88737]},"properties":{"cps":40,"y":"2008","lith":" "}},{"type":"Feature","id":5839,"geometry":{"type":"Point","coordinates":[-109.76844,57.96222]},"properties":{"cps":160,"y":"1980","lith":"GRANITIC ROCK"}},{"type":"Feature","id":5840,"geometry":{"type":"Point","coordinates":[-109.42882,57.62398]},"properties":{"cps":0,"y":"2011","lith":"Massive Pitchblende"}},{"type":"Feature","id":5841,"geometry":{"type":"Point","coordinates":[-105.04267,58.90486]},"properties":{"cps":40,"y":"2008","lith":" "}},{"type":"Feature","id":5842,"geometry":{"type":"Point","coordinates":[-104.28635,59.15341]},"properties":{"cps":350,"y":"1998","lith":" "}},{"type":"Feature","id":5843,"geometry":{"type":"Point","coordinates":[-109.42828,57.62068]},"properties":{"cps":114,"y":"2011","lith":"Schist"}},{"type":"Feature","id":5844,"geometry":{"type":"Point","coordinates":[-104.63085,57.02719]},"properties":{"cps":1700,"y":"1980","lith":"GRANITIC GNEISS"}},{"type":"Feature","id":5845,"geometry":{"type":"Point","coordinates":[-109.43949,57.61401]},"properties":{"cps":2000,"y":"2012","lith":" "}},{"type":"Feature","id":5846,"geometry":{"type":"Point","coordinates":[-104.62901,57.02775]},"properties":{"cps":4700,"y":"1980","lith":"META-SEDIMENT?/VOLCANIC?"}},{"type":"Feature","id":5847,"geometry":{"type":"Point","coordinates":[-109.79849,58.09738]},"properties":{"cps":125,"y":"1980","lith":"SANDSTONE"}},{"type":"Feature","id":5848,"geometry":{"type":"Point","coordinates":[-105.04438,58.89853]},"properties":{"cps":40,"y":"2008","lith":" "}},{"type":"Feature","id":5849,"geometry":{"type":"Point","coordinates":[-109.44484,57.60378]},"properties":{"cps":716,"y":"2011","lith":"Gniess"}},{"type":"Feature","id":5850,"geometry":{"type":"Point","coordinates":[-107.53934,59.34776]},"properties":{"cps":750,"y":"2005","lith":"SANDSTONE"}},{"type":"Feature","id":5851,"geometry":{"type":"Point","coordinates":[-109.42544,57.62553]},"properties":{"cps":0,"y":"2011","lith":"Massive Pitchblende"}},{"type":"Feature","id":5852,"geometry":{"type":"Point","coordinates":[-109.4343,57.60684]},"properties":{"cps":0,"y":"2011","lith":"Massive Pitchblende"}},{"type":"Feature","id":5853,"geometry":{"type":"Point","coordinates":[-107.53925,59.34803]},"properties":{"cps":3000,"y":"2005","lith":"SANDSTONE"}},{"type":"Feature","id":5854,"geometry":{"type":"Point","coordinates":[-105.0442,58.89317]},"properties":{"cps":40,"y":"2008","lith":" "}},{"type":"Feature","id":5855,"geometry":{"type":"Point","coordinates":[-107.54768,59.34384]},"properties":{"cps":3000,"y":"2005","lith":"SANDSTONE"}},{"type":"Feature","id":5856,"geometry":{"type":"Point","coordinates":[-109.7349,57.96865]},"properties":{"cps":120,"y":"1980","lith":"GRANITIC ROCK"}},{"type":"Feature","id":5857,"geometry":{"type":"Point","coordinates":[-109.57217,58.46592]},"properties":{"cps":350,"y":"1982","lith":"Pegmatoid"}},{"type":"Feature","id":5858,"geometry":{"type":"Point","coordinates":[-104.52131,57.06682]},"properties":{"cps":1700,"y":"1980","lith":"PINK GRANITE"}},{"type":"Feature","id":5859,"geometry":{"type":"Point","coordinates":[-109.63242,58.3621]},"properties":{"cps":340,"y":"1982","lith":"Granite"}},{"type":"Feature","id":5860,"geometry":{"type":"Point","coordinates":[-107.53941,59.34404]},"properties":{"cps":3000,"y":"2005","lith":"SANDSTONE"}},{"type":"Feature","id":5861,"geometry":{"type":"Point","coordinates":[-109.86314,57.96305]},"properties":{"cps":90,"y":"1980","lith":"SANDSTONE"}},{"type":"Feature","id":5862,"geometry":{"type":"Point","coordinates":[-107.45356,59.26957]},"properties":{"cps":10000,"y":"2006","lith":" "}},{"type":"Feature","id":5863,"geometry":{"type":"Point","coordinates":[-104.57852,57.04959]},"properties":{"cps":2000,"y":"1980","lith":"PINK GRANITE"}},{"type":"Feature","id":5864,"geometry":{"type":"Point","coordinates":[-104.9841,57.38021]},"properties":{"cps":1250,"y":"1982","lith":"CONGLOMERATE"}},{"type":"Feature","id":5865,"geometry":{"type":"Point","coordinates":[-109.6167,58.3682]},"properties":{"cps":800,"y":"1982","lith":"Pegmatoid"}},{"type":"Feature","id":5866,"geometry":{"type":"Point","coordinates":[-107.83042,59.23043]},"properties":{"cps":3000,"y":"2006","lith":" "}},{"type":"Feature","id":5867,"geometry":{"type":"Point","coordinates":[-103.90701,58.0055]},"properties":{"cps":1130,"y":"1983","lith":"Quartz Biotite Gneiss"}},{"type":"Feature","id":5868,"geometry":{"type":"Point","coordinates":[-109.59198,58.35241]},"properties":{"cps":2900,"y":"1982","lith":"Basement"}},{"type":"Feature","id":5869,"geometry":{"type":"Point","coordinates":[-104.05192,58.34556]},"properties":{"cps":468,"y":"2009","lith":"Conglomeratic Sandstone"}},{"type":"Feature","id":5870,"geometry":{"type":"Point","coordinates":[-109.62553,58.36822]},"properties":{"cps":350,"y":"1982","lith":"Quartz Feldspar Gneiss"}},{"type":"Feature","id":5871,"geometry":{"type":"Point","coordinates":[-105.06676,58.92699]},"properties":{"cps":40,"y":"2008","lith":" "}},{"type":"Feature","id":5872,"geometry":{"type":"Point","coordinates":[-107.53993,59.34628]},"properties":{"cps":750,"y":"2005","lith":"SANDSTONE"}},{"type":"Feature","id":5873,"geometry":{"type":"Point","coordinates":[-103.92366,58.00169]},"properties":{"cps":150,"y":"1983","lith":"Pegmatite"}},{"type":"Feature","id":5874,"geometry":{"type":"Point","coordinates":[-103.90333,58.00399]},"properties":{"cps":680,"y":"1983","lith":"Granite"}},{"type":"Feature","id":5875,"geometry":{"type":"Point","coordinates":[-104.05311,58.33865]},"properties":{"cps":390,"y":"2009","lith":"Basement"}},{"type":"Feature","id":5876,"geometry":{"type":"Point","coordinates":[-104.54995,57.06113]},"properties":{"cps":1300,"y":"1980","lith":"PINK GRANITE"}},{"type":"Feature","id":5877,"geometry":{"type":"Point","coordinates":[-107.54157,59.34622]},"properties":{"cps":3000,"y":"2005","lith":"SANDSTONE"}},{"type":"Feature","id":5878,"geometry":{"type":"Point","coordinates":[-104.62068,57.03212]},"properties":{"cps":1600,"y":"1980","lith":"FLASERED GRANITIC GNEISS"}},{"type":"Feature","id":5879,"geometry":{"type":"Point","coordinates":[-104.2437,59.16231]},"properties":{"cps":350,"y":"1998","lith":" "}},{"type":"Feature","id":5880,"geometry":{"type":"Point","coordinates":[-104.96742,58.93055]},"properties":{"cps":40,"y":"2008","lith":" "}},{"type":"Feature","id":5881,"geometry":{"type":"Point","coordinates":[-104.24531,59.1258]},"properties":{"cps":370,"y":"1998","lith":" "}},{"type":"Feature","id":5882,"geometry":{"type":"Point","coordinates":[-109.60724,58.37948]},"properties":{"cps":700,"y":"1982","lith":"Pegmatoid"}},{"type":"Feature","id":5883,"geometry":{"type":"Point","coordinates":[-105.10728,58.90483]},"properties":{"cps":40,"y":"2008","lith":" "}},{"type":"Feature","id":5884,"geometry":{"type":"Point","coordinates":[-103.90874,58.00435]},"properties":{"cps":750,"y":"1983","lith":"Granite"}},{"type":"Feature","id":5885,"geometry":{"type":"Point","coordinates":[-104.0534,58.3391]},"properties":{"cps":314,"y":"2009","lith":"Conglomeritic Sandstone"}},{"type":"Feature","id":5886,"geometry":{"type":"Point","coordinates":[-107.53214,59.34561]},"properties":{"cps":750,"y":"2005","lith":"SANDSTONE"}},{"type":"Feature","id":5887,"geometry":{"type":"Point","coordinates":[-104.26841,59.15855]},"properties":{"cps":330,"y":"1998","lith":" "}},{"type":"Feature","id":5888,"geometry":{"type":"Point","coordinates":[-109.78982,57.95131]},"properties":{"cps":170,"y":"1980","lith":"GRANITIC ROCK"}},{"type":"Feature","id":5889,"geometry":{"type":"Point","coordinates":[-104.27104,59.15312]},"properties":{"cps":350,"y":"1998","lith":" "}},{"type":"Feature","id":5890,"geometry":{"type":"Point","coordinates":[-104.55847,57.05771]},"properties":{"cps":17000,"y":"1980","lith":"FLASERED PINK GRANITIC GNEISS"}},{"type":"Feature","id":5891,"geometry":{"type":"Point","coordinates":[-109.87199,57.96889]},"properties":{"cps":170,"y":"1980","lith":"GRANITIC ROCK"}},{"type":"Feature","id":5892,"geometry":{"type":"Point","coordinates":[-107.53651,59.34512]},"properties":{"cps":7500,"y":"2005","lith":"BASEMENT"}},{"type":"Feature","id":5893,"geometry":{"type":"Point","coordinates":[-109.42269,57.61983]},"properties":{"cps":0,"y":"2011","lith":"Massive Pitchblende"}},{"type":"Feature","id":5894,"geometry":{"type":"Point","coordinates":[-109.59919,58.49078]},"properties":{"cps":450,"y":"1981","lith":"Pegmatoid"}},{"type":"Feature","id":5895,"geometry":{"type":"Point","coordinates":[-104.05581,58.33984]},"properties":{"cps":128,"y":"2009","lith":"Sandstone"}},{"type":"Feature","id":5896,"geometry":{"type":"Point","coordinates":[-104.05252,58.33817]},"properties":{"cps":830,"y":"2009","lith":"Granite"}},{"type":"Feature","id":5897,"geometry":{"type":"Point","coordinates":[-104.05805,58.33942]},"properties":{"cps":159,"y":"2009","lith":"Sandstone"}},{"type":"Feature","id":5898,"geometry":{"type":"Point","coordinates":[-109.42469,57.63359]},"properties":{"cps":2410,"y":"2011","lith":"Schist"}},{"type":"Feature","id":5899,"geometry":{"type":"Point","coordinates":[-107.54508,59.34571]},"properties":{"cps":750,"y":"2005","lith":"SANDSTONE"}},{"type":"Feature","id":5900,"geometry":{"type":"Point","coordinates":[-107.54244,59.34653]},"properties":{"cps":750,"y":"2005","lith":"SANDSTONE"}},{"type":"Feature","id":5901,"geometry":{"type":"Point","coordinates":[-107.5452,59.34579]},"properties":{"cps":3000,"y":"2005","lith":"SANDSTONE"}},{"type":"Feature","id":5902,"geometry":{"type":"Point","coordinates":[-105.04183,58.91199]},"properties":{"cps":40,"y":"2008","lith":" "}},{"type":"Feature","id":5903,"geometry":{"type":"Point","coordinates":[-103.88805,57.99616]},"properties":{"cps":100,"y":"1983","lith":"Athabasca Formation"}},{"type":"Feature","id":5904,"geometry":{"type":"Point","coordinates":[-104.05281,58.33794]},"properties":{"cps":190,"y":"2009","lith":"Conglomeritic Sandstone"}},{"type":"Feature","id":5905,"geometry":{"type":"Point","coordinates":[-104.43695,59.10312]},"properties":{"cps":1100,"y":"1998","lith":"Granite"}},{"type":"Feature","id":5906,"geometry":{"type":"Point","coordinates":[-109.76393,57.95964]},"properties":{"cps":340,"y":"1980","lith":" "}},{"type":"Feature","id":5907,"geometry":{"type":"Point","coordinates":[-109.87983,57.97659]},"properties":{"cps":800,"y":"1980","lith":"GRANITE GNEISS"}},{"type":"Feature","id":5908,"geometry":{"type":"Point","coordinates":[-103.24685,57.62359]},"properties":{"cps":1100,"y":"1979","lith":"Granitic Gneiss"}},{"type":"Feature","id":5909,"geometry":{"type":"Point","coordinates":[-104.36822,59.11404]},"properties":{"cps":900,"y":"1998","lith":" "}},{"type":"Feature","id":5910,"geometry":{"type":"Point","coordinates":[-107.53263,59.34588]},"properties":{"cps":3000,"y":"2005","lith":"SANDSTONE"}},{"type":"Feature","id":5911,"geometry":{"type":"Point","coordinates":[-109.43203,57.61372]},"properties":{"cps":6009,"y":"2011","lith":"Massive Pitchblende"}},{"type":"Feature","id":5912,"geometry":{"type":"Point","coordinates":[-107.53257,59.34549]},"properties":{"cps":3000,"y":"2005","lith":"SANDSTONE"}},{"type":"Feature","id":5913,"geometry":{"type":"Point","coordinates":[-104.40947,59.10227]},"properties":{"cps":400,"y":"1998","lith":"Sandstone"}},{"type":"Feature","id":5914,"geometry":{"type":"Point","coordinates":[-107.54951,59.34377]},"properties":{"cps":3000,"y":"2005","lith":"SANDSTONE"}},{"type":"Feature","id":5915,"geometry":{"type":"Point","coordinates":[-103.92,58.00335]},"properties":{"cps":700,"y":"1983","lith":"Pegmatite"}},{"type":"Feature","id":5916,"geometry":{"type":"Point","coordinates":[-103.22262,57.63504]},"properties":{"cps":400,"y":"1979","lith":"Pegmatite"}},{"type":"Feature","id":5917,"geometry":{"type":"Point","coordinates":[-109.56754,58.49283]},"properties":{"cps":370,"y":"1982","lith":"Pegmatoid"}},{"type":"Feature","id":5918,"geometry":{"type":"Point","coordinates":[-106.09394,57.33545]},"properties":{"cps":30,"y":"1982","lith":" "}},{"type":"Feature","id":5919,"geometry":{"type":"Point","coordinates":[-109.60394,58.48905]},"properties":{"cps":350,"y":"1981","lith":"Granitic Gneiss"}},{"type":"Feature","id":5920,"geometry":{"type":"Point","coordinates":[-104.27506,59.16277]},"properties":{"cps":250,"y":"1998","lith":" "}},{"type":"Feature","id":5921,"geometry":{"type":"Point","coordinates":[-105.05785,58.92451]},"properties":{"cps":85,"y":"2008","lith":" "}},{"type":"Feature","id":5922,"geometry":{"type":"Point","coordinates":[-104.25551,59.12095]},"properties":{"cps":400,"y":"1998","lith":" "}},{"type":"Feature","id":5923,"geometry":{"type":"Point","coordinates":[-104.37384,59.11888]},"properties":{"cps":700,"y":"1998","lith":" "}},{"type":"Feature","id":5924,"geometry":{"type":"Point","coordinates":[-104.62073,57.03028]},"properties":{"cps":1600,"y":"1980","lith":"WHITE GRANITE"}},{"type":"Feature","id":5925,"geometry":{"type":"Point","coordinates":[-104.25409,59.12254]},"properties":{"cps":250,"y":"1998","lith":" "}},{"type":"Feature","id":5926,"geometry":{"type":"Point","coordinates":[-104.62441,57.02938]},"properties":{"cps":1500,"y":"1980","lith":"META PELITE"}},{"type":"Feature","id":5927,"geometry":{"type":"Point","coordinates":[-109.60355,58.3652]},"properties":{"cps":650,"y":"1982","lith":"Granite"}},{"type":"Feature","id":5928,"geometry":{"type":"Point","coordinates":[-104.31983,59.12727]},"properties":{"cps":350,"y":"1998","lith":" "}},{"type":"Feature","id":5929,"geometry":{"type":"Point","coordinates":[-109.63664,58.36229]},"properties":{"cps":350,"y":"1982","lith":"Pegmatoid"}},{"type":"Feature","id":5930,"geometry":{"type":"Point","coordinates":[-104.29448,59.137]},"properties":{"cps":1200,"y":"1998","lith":" "}},{"type":"Feature","id":5931,"geometry":{"type":"Point","coordinates":[-109.51681,58.16524]},"properties":{"cps":100,"y":"1980","lith":"GRANITE GNEISS"}},{"type":"Feature","id":5932,"geometry":{"type":"Point","coordinates":[-105.04242,58.90668]},"properties":{"cps":40,"y":"2008","lith":" "}},{"type":"Feature","id":5933,"geometry":{"type":"Point","coordinates":[-103.22812,57.64128]},"properties":{"cps":1000,"y":"1979","lith":"Granite"}},{"type":"Feature","id":5934,"geometry":{"type":"Point","coordinates":[-109.6357,58.3643]},"properties":{"cps":350,"y":"1982","lith":"Pegmatoid"}},{"type":"Feature","id":5935,"geometry":{"type":"Point","coordinates":[-109.61381,58.14284]},"properties":{"cps":650,"y":"1980","lith":"GRANITIC ROCK"}},{"type":"Feature","id":5936,"geometry":{"type":"Point","coordinates":[-103.88267,58.00385]},"properties":{"cps":200,"y":"1983","lith":"Granite"}},{"type":"Feature","id":5937,"geometry":{"type":"Point","coordinates":[-105.0492,58.92022]},"properties":{"cps":40,"y":"2008","lith":" "}},{"type":"Feature","id":5938,"geometry":{"type":"Point","coordinates":[-103.92081,58.00326]},"properties":{"cps":750,"y":"1983","lith":"Granite"}},{"type":"Feature","id":5939,"geometry":{"type":"Point","coordinates":[-109.79611,57.97974]},"properties":{"cps":625,"y":"1980","lith":" "}},{"type":"Feature","id":5940,"geometry":{"type":"Point","coordinates":[-109.59156,58.35232]},"properties":{"cps":3400,"y":"1982","lith":"Basement"}},{"type":"Feature","id":5941,"geometry":{"type":"Point","coordinates":[-107.54062,59.34349]},"properties":{"cps":7500,"y":"2005","lith":"BASEMENT"}},{"type":"Feature","id":5942,"geometry":{"type":"Point","coordinates":[-104.26393,59.15678]},"properties":{"cps":325,"y":"1998","lith":" "}},{"type":"Feature","id":5943,"geometry":{"type":"Point","coordinates":[-107.54064,59.34656]},"properties":{"cps":3000,"y":"2005","lith":"SANDSTONE"}},{"type":"Feature","id":5944,"geometry":{"type":"Point","coordinates":[-104.9813,57.38569]},"properties":{"cps":1200,"y":"1982","lith":"CONGLOMERATE"}},{"type":"Feature","id":5945,"geometry":{"type":"Point","coordinates":[-109.54808,58.48315]},"properties":{"cps":1100,"y":"1982","lith":"BASEMENT"}},{"type":"Feature","id":5946,"geometry":{"type":"Point","coordinates":[-104.60723,57.03668]},"properties":{"cps":2000,"y":"1980","lith":"FLASERED GRANITIC GNEISS"}},{"type":"Feature","id":5947,"geometry":{"type":"Point","coordinates":[-107.54393,59.34557]},"properties":{"cps":750,"y":"2005","lith":"SANDSTONE"}},{"type":"Feature","id":5948,"geometry":{"type":"Point","coordinates":[-105.07628,58.89493]},"properties":{"cps":40,"y":"2008","lith":" "}},{"type":"Feature","id":5949,"geometry":{"type":"Point","coordinates":[-107.82706,59.23887]},"properties":{"cps":8500,"y":"2006","lith":" "}},{"type":"Feature","id":5950,"geometry":{"type":"Point","coordinates":[-103.88903,57.9938]},"properties":{"cps":80,"y":"1983","lith":"Athabasca Formation"}},{"type":"Feature","id":5951,"geometry":{"type":"Point","coordinates":[-107.5447,59.3455]},"properties":{"cps":750,"y":"2005","lith":"SANDSTONE"}},{"type":"Feature","id":5952,"geometry":{"type":"Point","coordinates":[-109.51665,58.18043]},"properties":{"cps":750,"y":"1980","lith":"PEGMATITE"}},{"type":"Feature","id":5953,"geometry":{"type":"Point","coordinates":[-109.42877,57.62462]},"properties":{"cps":0,"y":"2012","lith":"Massive Pitchblende"}},{"type":"Feature","id":5954,"geometry":{"type":"Point","coordinates":[-109.55938,58.47656]},"properties":{"cps":700,"y":"1982","lith":"BASEMENT"}},{"type":"Feature","id":5955,"geometry":{"type":"Point","coordinates":[-104.29401,59.12823]},"properties":{"cps":300,"y":"1998","lith":" "}},{"type":"Feature","id":5956,"geometry":{"type":"Point","coordinates":[-107.53988,59.34621]},"properties":{"cps":7500,"y":"2005","lith":"SANDSTONE"}},{"type":"Feature","id":5957,"geometry":{"type":"Point","coordinates":[-109.49249,58.15557]},"properties":{"cps":340,"y":"1980","lith":"GRANITIC ROCK"}},{"type":"Feature","id":5958,"geometry":{"type":"Point","coordinates":[-104.28796,59.16128]},"properties":{"cps":700,"y":"1998","lith":"Granite Gneiss"}},{"type":"Feature","id":5959,"geometry":{"type":"Point","coordinates":[-109.56405,58.49023]},"properties":{"cps":700,"y":"1982","lith":"Pegmatoid"}},{"type":"Feature","id":5960,"geometry":{"type":"Point","coordinates":[-105.04216,58.90756]},"properties":{"cps":40,"y":"2008","lith":" "}},{"type":"Feature","id":5961,"geometry":{"type":"Point","coordinates":[-109.51854,58.51257]},"properties":{"cps":750,"y":"1982","lith":"BASEMENT"}},{"type":"Feature","id":5962,"geometry":{"type":"Point","coordinates":[-107.85594,59.2424]},"properties":{"cps":1800,"y":"2006","lith":" "}},{"type":"Feature","id":5963,"geometry":{"type":"Point","coordinates":[-104.05221,58.34537]},"properties":{"cps":209,"y":"2009","lith":"Sandstone"}},{"type":"Feature","id":5964,"geometry":{"type":"Point","coordinates":[-107.53847,59.34797]},"properties":{"cps":3000,"y":"2005","lith":"SANDSTONE"}},{"type":"Feature","id":5965,"geometry":{"type":"Point","coordinates":[-103.25573,57.62297]},"properties":{"cps":135,"y":"1979","lith":"Quartzite"}},{"type":"Feature","id":5966,"geometry":{"type":"Point","coordinates":[-107.54368,59.34681]},"properties":{"cps":750,"y":"2005","lith":"SANDSTONE"}},{"type":"Feature","id":5967,"geometry":{"type":"Point","coordinates":[-105.14281,57.03056]},"properties":{"cps":1666.67,"y":"1979","lith":" "}},{"type":"Feature","id":5968,"geometry":{"type":"Point","coordinates":[-104.63089,57.02673]},"properties":{"cps":2000,"y":"1980","lith":"META-VOLCANIC"}},{"type":"Feature","id":5969,"geometry":{"type":"Point","coordinates":[-107.54347,59.3466]},"properties":{"cps":3000,"y":"2005","lith":"SANDSTONE"}},{"type":"Feature","id":5970,"geometry":{"type":"Point","coordinates":[-107.5449,59.34186]},"properties":{"cps":3000,"y":"2005","lith":"SANDSTONE"}},{"type":"Feature","id":5971,"geometry":{"type":"Point","coordinates":[-109.3688,57.63275]},"properties":{"cps":26,"y":"2011","lith":"Rusty Soil - sand with trace silt"}},{"type":"Feature","id":5972,"geometry":{"type":"Point","coordinates":[-104.28339,59.16173]},"properties":{"cps":650,"y":"1998","lith":"Granite"}},{"type":"Feature","id":5973,"geometry":{"type":"Point","coordinates":[-109.648,58.36613]},"properties":{"cps":600,"y":"1982","lith":"Granite"}},{"type":"Feature","id":5974,"geometry":{"type":"Point","coordinates":[-107.5347,59.34502]},"properties":{"cps":750,"y":"2005","lith":"SANDSTONE"}},{"type":"Feature","id":5975,"geometry":{"type":"Point","coordinates":[-105.10505,58.90341]},"properties":{"cps":40,"y":"2008","lith":" "}},{"type":"Feature","id":5976,"geometry":{"type":"Point","coordinates":[-105.06076,58.92531]},"properties":{"cps":40,"y":"2008","lith":" "}},{"type":"Feature","id":5977,"geometry":{"type":"Point","coordinates":[-106.97979,59.2503]},"properties":{"cps":100,"y":"1981","lith":"SANDSTONE"}},{"type":"Feature","id":5978,"geometry":{"type":"Point","coordinates":[-104.25052,59.12304]},"properties":{"cps":300,"y":"1998","lith":" "}},{"type":"Feature","id":5979,"geometry":{"type":"Point","coordinates":[-104.37043,59.1206]},"properties":{"cps":340,"y":"1998","lith":" "}},{"type":"Feature","id":5980,"geometry":{"type":"Point","coordinates":[-104.39938,59.10801]},"properties":{"cps":150,"y":"1998","lith":" "}},{"type":"Feature","id":5981,"geometry":{"type":"Point","coordinates":[-109.58304,58.39744]},"properties":{"cps":400,"y":"1982","lith":"Pegmatoid"}},{"type":"Feature","id":5982,"geometry":{"type":"Point","coordinates":[-104.99646,57.36715]},"properties":{"cps":1750,"y":"1982","lith":"BASEMENT"}},{"type":"Feature","id":5983,"geometry":{"type":"Point","coordinates":[-109.65073,58.36054]},"properties":{"cps":600,"y":"1982","lith":"Pegmatoid"}},{"type":"Feature","id":5984,"geometry":{"type":"Point","coordinates":[-109.64683,58.36102]},"properties":{"cps":400,"y":"1982","lith":"Granite"}},{"type":"Feature","id":5985,"geometry":{"type":"Point","coordinates":[-105.0448,58.89238]},"properties":{"cps":40,"y":"2008","lith":" "}},{"type":"Feature","id":5986,"geometry":{"type":"Point","coordinates":[-107.53998,59.34677]},"properties":{"cps":3000,"y":"2005","lith":"SANDSTONE"}},{"type":"Feature","id":5987,"geometry":{"type":"Point","coordinates":[-109.57934,58.49346]},"properties":{"cps":10000,"y":"1982","lith":"Pegmatoid"}},{"type":"Feature","id":5988,"geometry":{"type":"Point","coordinates":[-103.92009,58.00494]},"properties":{"cps":650,"y":"1983","lith":"Pegmatite"}},{"type":"Feature","id":5989,"geometry":{"type":"Point","coordinates":[-109.64393,58.48718]},"properties":{"cps":80,"y":"1981","lith":"Conglomerate"}},{"type":"Feature","id":5990,"geometry":{"type":"Point","coordinates":[-109.62516,58.37378]},"properties":{"cps":550,"y":"1982","lith":"Pegmatoid"}},{"type":"Feature","id":5991,"geometry":{"type":"Point","coordinates":[-109.4745,57.59002]},"properties":{"cps":10000,"y":"2012","lith":" "}},{"type":"Feature","id":5992,"geometry":{"type":"Point","coordinates":[-104.05747,58.33815]},"properties":{"cps":220,"y":"2009","lith":"Granite"}},{"type":"Feature","id":5993,"geometry":{"type":"Point","coordinates":[-104.2675,59.1609]},"properties":{"cps":340,"y":"1998","lith":" "}},{"type":"Feature","id":5994,"geometry":{"type":"Point","coordinates":[-107.54407,59.34167]},"properties":{"cps":750,"y":"2005","lith":"SANDSTONE"}},{"type":"Feature","id":5995,"geometry":{"type":"Point","coordinates":[-109.73316,57.96876]},"properties":{"cps":230,"y":"1980","lith":"GRANITIC ROCK"}},{"type":"Feature","id":5996,"geometry":{"type":"Point","coordinates":[-109.46471,57.59255]},"properties":{"cps":2000,"y":"2012","lith":" "}},{"type":"Feature","id":5997,"geometry":{"type":"Point","coordinates":[-104.57947,57.04895]},"properties":{"cps":2500,"y":"1980","lith":"META-ARKOSE RED"}},{"type":"Feature","id":5998,"geometry":{"type":"Point","coordinates":[-109.42393,57.62853]},"properties":{"cps":2630,"y":"2011","lith":"Soil - Sand/Gravel"}},{"type":"Feature","id":5999,"geometry":{"type":"Point","coordinates":[-109.57587,58.46596]},"properties":{"cps":400,"y":"1982","lith":"Pegmatoid"}},{"type":"Feature","id":6000,"geometry":{"type":"Point","coordinates":[-104.05138,57.88368]},"properties":{"cps":320,"y":"2019"}},{"type":"Feature","id":6001,"geometry":{"type":"Point","coordinates":[-106.13369,56.90579]},"properties":{"y":"1976"}},{"type":"Feature","id":6002,"geometry":{"type":"Point","coordinates":[-108.1258,57.47551]},"properties":{"y":"2018"}},{"type":"Feature","id":6003,"geometry":{"type":"Point","coordinates":[-105.4267,57.29922]},"properties":{"y":"1979"}},{"type":"Feature","id":6004,"geometry":{"type":"Point","coordinates":[-105.1487,57.70405]},"properties":{"y":"1982"}},{"type":"Feature","id":6005,"geometry":{"type":"Point","coordinates":[-103.59621,58.05284]},"properties":{"cps":9000,"y":"1977"}},{"type":"Feature","id":6006,"geometry":{"type":"Point","coordinates":[-104.96157,58.91471]},"properties":{"cps":168,"y":"2008","lith":" "}},{"type":"Feature","id":6007,"geometry":{"type":"Point","coordinates":[-106.12666,56.90858]},"properties":{"y":"1976"}},{"type":"Feature","id":6008,"geometry":{"type":"Point","coordinates":[-102.21295,58.16775]},"properties":{"y":"2018","lith":"granite"}},{"type":"Feature","id":6009,"geometry":{"type":"Point","coordinates":[-104.05537,57.88607]},"properties":{"cps":660,"y":"2019"}},{"type":"Feature","id":6010,"geometry":{"type":"Point","coordinates":[-103.54641,57.60333]},"properties":{"cps":0,"y":"1979","lith":"Flaser Granite"}},{"type":"Feature","id":6011,"geometry":{"type":"Point","coordinates":[-106.5152,57.27861]},"properties":{"cps":0,"y":"2007","lith":"SANDSTONE"}},{"type":"Feature","id":6012,"geometry":{"type":"Point","coordinates":[-104.02809,57.89304]},"properties":{"cps":400,"y":"2019"}},{"type":"Feature","id":6013,"geometry":{"type":"Point","coordinates":[-107.12056,59.46156]},"properties":{"y":"2016"}},{"type":"Feature","id":6014,"geometry":{"type":"Point","coordinates":[-103.53269,57.60862]},"properties":{"cps":1000,"y":"1979","lith":"Flaser Granite"}},{"type":"Feature","id":6015,"geometry":{"type":"Point","coordinates":[-107.12026,59.46013]},"properties":{"y":"2016"}},{"type":"Feature","id":6016,"geometry":{"type":"Point","coordinates":[-108.03849,59.66867]},"properties":{}},{"type":"Feature","id":6017,"geometry":{"type":"Point","coordinates":[-106.12379,56.91087]},"properties":{"cps":900,"y":"1976"}},{"type":"Feature","id":6018,"geometry":{"type":"Point","coordinates":[-109.96072,57.68539]},"properties":{"y":"2019","lith":"0.5 m subangular boulder of granite gneiss in a cluster of subrounded, 10-50 cm qtzite boulders."}},{"type":"Feature","id":6019,"geometry":{"type":"Point","coordinates":[-106.12942,56.90776]},"properties":{"cps":800,"y":"1976"}},{"type":"Feature","id":6020,"geometry":{"type":"Point","coordinates":[-105.16293,57.6806]},"properties":{"y":"1982"}},{"type":"Feature","id":6021,"geometry":{"type":"Point","coordinates":[-104.94624,58.90237]},"properties":{"cps":40,"y":"2008","lith":" "}},{"type":"Feature","id":6022,"geometry":{"type":"Point","coordinates":[-102.21125,58.15529]},"properties":{"y":"2018","lith":"Migmatic granodiorite to tonalite"}},{"type":"Feature","id":6023,"geometry":{"type":"Point","coordinates":[-104.10519,58.27936]},"properties":{"cps":25000,"y":"1969","lith":"Sandstone"}},{"type":"Feature","id":6024,"geometry":{"type":"Point","coordinates":[-108.16415,57.47342]},"properties":{"y":"2018"}},{"type":"Feature","id":6025,"geometry":{"type":"Point","coordinates":[-105.1719,57.67927]},"properties":{"y":"1982"}},{"type":"Feature","id":6026,"geometry":{"type":"Point","coordinates":[-104.04276,57.88711]},"properties":{"cps":930,"y":"2019"}},{"type":"Feature","id":6027,"geometry":{"type":"Point","coordinates":[-104.31585,57.74686]},"properties":{"y":"2016"}},{"type":"Feature","id":6028,"geometry":{"type":"Point","coordinates":[-102.21148,58.15388]},"properties":{"y":"2018","lith":"Migmatic granodiorite to tonalite"}},{"type":"Feature","id":6029,"geometry":{"type":"Point","coordinates":[-104.02998,57.89826]},"properties":{"cps":580,"y":"2019"}},{"type":"Feature","id":6030,"geometry":{"type":"Point","coordinates":[-109.83064,57.66304]},"properties":{"cps":4250,"y":"2019","lith":"Granitic (?) boulder, subangular, ~ 80 cm in diameter."}},{"type":"Feature","id":6031,"geometry":{"type":"Point","coordinates":[-104.05719,57.88866]},"properties":{"cps":548,"y":"2019"}},{"type":"Feature","id":6032,"geometry":{"type":"Point","coordinates":[-106.12347,56.90891]},"properties":{"cps":200,"y":"1976"}},{"type":"Feature","id":6033,"geometry":{"type":"Point","coordinates":[-108.03878,57.46209]},"properties":{"y":"2018"}},{"type":"Feature","id":6034,"geometry":{"type":"Point","coordinates":[-105.43481,57.30599]},"properties":{"y":"1979"}},{"type":"Feature","id":6035,"geometry":{"type":"Point","coordinates":[-102.22418,58.15382]},"properties":{"y":"2018","lith":"Leucogranite"}},{"type":"Feature","id":6036,"geometry":{"type":"Point","coordinates":[-106.13214,56.90527]},"properties":{"cps":500,"y":"1976"}},{"type":"Feature","id":6037,"geometry":{"type":"Point","coordinates":[-106.13546,56.90572]},"properties":{"cps":900,"y":"1976"}},{"type":"Feature","id":6038,"geometry":{"type":"Point","coordinates":[-105.12691,57.74089]},"properties":{"y":"1983"}},{"type":"Feature","id":6039,"geometry":{"type":"Point","coordinates":[-106.13073,56.90622]},"properties":{"y":"1976"}},{"type":"Feature","id":6040,"geometry":{"type":"Point","coordinates":[-103.54597,57.60702]},"properties":{"cps":290,"y":"1979","lith":"Biotite Gneiss"}},{"type":"Feature","id":6041,"geometry":{"type":"Point","coordinates":[-102.19608,58.15657]},"properties":{"y":"2018","lith":"Migmatic granodiorite to tonalite"}},{"type":"Feature","id":6042,"geometry":{"type":"Point","coordinates":[-102.21619,58.16973]},"properties":{"y":"2018","lith":"Granite"}},{"type":"Feature","id":6043,"geometry":{"type":"Point","coordinates":[-105.26961,57.66621]},"properties":{"y":"1983"}},{"type":"Feature","id":6044,"geometry":{"type":"Point","coordinates":[-107.12039,59.46005]},"properties":{"y":"2016"}},{"type":"Feature","id":6045,"geometry":{"type":"Point","coordinates":[-104.04024,57.89268]},"properties":{"cps":397,"y":"2019"}},{"type":"Feature","id":6046,"geometry":{"type":"Point","coordinates":[-102.20195,58.16956]},"properties":{"y":"2018","lith":"Granite "}},{"type":"Feature","id":6047,"geometry":{"type":"Point","coordinates":[-106.12969,56.90614]},"properties":{"y":"1976"}},{"type":"Feature","id":6048,"geometry":{"type":"Point","coordinates":[-102.2272,58.15183]},"properties":{"y":"2018","lith":"Migmatic granodiorite to tonalite"}},{"type":"Feature","id":6049,"geometry":{"type":"Point","coordinates":[-109.84814,57.63585]},"properties":{"y":"2019","lith":"Weathered surface- light pink with quartz/plagioclase vein through sample. Fresh surface- dark red/purple with some fractures, appears massively bedded."}},{"type":"Feature","id":6050,"geometry":{"type":"Point","coordinates":[-104.04054,57.89823]},"properties":{"cps":270,"y":"2019"}},{"type":"Feature","id":6051,"geometry":{"type":"Point","coordinates":[-108.18048,57.49388]},"properties":{"y":"2018"}},{"type":"Feature","id":6052,"geometry":{"type":"Point","coordinates":[-102.22248,58.16035]},"properties":{"y":"2018","lith":"Granite"}},{"type":"Feature","id":6053,"geometry":{"type":"Point","coordinates":[-106.12771,56.90812]},"properties":{"y":"1976"}},{"type":"Feature","id":6054,"geometry":{"type":"Point","coordinates":[-104.03776,57.89641]},"properties":{"cps":350,"y":"2019"}},{"type":"Feature","id":6055,"geometry":{"type":"Point","coordinates":[-104.06714,57.87667]},"properties":{"cps":330,"y":"2019"}},{"type":"Feature","id":6056,"geometry":{"type":"Point","coordinates":[-105.4294,57.30044]},"properties":{"y":"1979"}},{"type":"Feature","id":6057,"geometry":{"type":"Point","coordinates":[-105.42914,57.31128]},"properties":{"y":"1979"}},{"type":"Feature","id":6058,"geometry":{"type":"Point","coordinates":[-105.42922,57.31054]},"properties":{"y":"1979"}},{"type":"Feature","id":6059,"geometry":{"type":"Point","coordinates":[-103.61989,58.04728]},"properties":{"cps":3000,"y":"1977"}},{"type":"Feature","id":6060,"geometry":{"type":"Point","coordinates":[-108.15193,57.43787]},"properties":{"y":"2018"}},{"type":"Feature","id":6061,"geometry":{"type":"Point","coordinates":[-104.87393,57.87061]},"properties":{"cps":400,"y":"2019","lith":"Pegmatite, Unaltered"}},{"type":"Feature","id":6062,"geometry":{"type":"Point","coordinates":[-104.03299,57.8945]},"properties":{"cps":890,"y":"2019"}},{"type":"Feature","id":6063,"geometry":{"type":"Point","coordinates":[-102.20669,58.16481]},"properties":{"y":"2018","lith":"granite"}},{"type":"Feature","id":6064,"geometry":{"type":"Point","coordinates":[-105.4437,57.29313]},"properties":{"y":"1979"}},{"type":"Feature","id":6065,"geometry":{"type":"Point","coordinates":[-105.13567,57.74605]},"properties":{"y":"1983"}},{"type":"Feature","id":6066,"geometry":{"type":"Point","coordinates":[-107.53866,59.34357]},"properties":{"y":"2005"}},{"type":"Feature","id":6067,"geometry":{"type":"Point","coordinates":[-104.0548,57.89012]},"properties":{"cps":500,"y":"2019"}},{"type":"Feature","id":6068,"geometry":{"type":"Point","coordinates":[-106.12104,56.91056]},"properties":{"cps":1200,"y":"1976"}},{"type":"Feature","id":6069,"geometry":{"type":"Point","coordinates":[-104.06571,57.87467]},"properties":{"cps":420,"y":"2019"}},{"type":"Feature","id":6070,"geometry":{"type":"Point","coordinates":[-106.19296,56.68069]},"properties":{"cps":314,"y":"2018","lith":"Pink pegmatite, gneissic banding"}},{"type":"Feature","id":6071,"geometry":{"type":"Point","coordinates":[-108.63772,59.54701]},"properties":{"cps":218,"y":"2018","lith":"Mafic Dyke"}},{"type":"Feature","id":6072,"geometry":{"type":"Point","coordinates":[-106.13155,56.90568]},"properties":{"cps":600,"y":"1976"}},{"type":"Feature","id":6073,"geometry":{"type":"Point","coordinates":[-103.53328,57.60899]},"properties":{"cps":1900,"y":"1979","lith":"Granite"}},{"type":"Feature","id":6074,"geometry":{"type":"Point","coordinates":[-104.04881,57.88943]},"properties":{"cps":120,"y":"2019"}},{"type":"Feature","id":6075,"geometry":{"type":"Point","coordinates":[-105.46031,57.29112]},"properties":{"y":"1979"}},{"type":"Feature","id":6076,"geometry":{"type":"Point","coordinates":[-104.16413,57.8447]},"properties":{"cps":750,"y":"1980","lith":"CONGLOMERATE"}},{"type":"Feature","id":6077,"geometry":{"type":"Point","coordinates":[-107.12014,59.46019]},"properties":{"y":"2016"}},{"type":"Feature","id":6078,"geometry":{"type":"Point","coordinates":[-106.12891,56.90575]},"properties":{"cps":2500,"y":"1976"}},{"type":"Feature","id":6079,"geometry":{"type":"Point","coordinates":[-104.15906,57.84506]},"properties":{"cps":750,"y":"1980","lith":"CONGLOMERATE"}},{"type":"Feature","id":6080,"geometry":{"type":"Point","coordinates":[-109.89178,57.64743]},"properties":{"y":"2019","lith":"Slightly banded granitoid rock with mafics occurring along bands/fractures within rock. Sub rounded to sub angular, ~65cm in diameter."}},{"type":"Feature","id":6081,"geometry":{"type":"Point","coordinates":[-104.06737,57.88241]},"properties":{"cps":315,"y":"2019"}},{"type":"Feature","id":6082,"geometry":{"type":"Point","coordinates":[-106.12658,56.90762]},"properties":{"cps":1000,"y":"1976"}},{"type":"Feature","id":6083,"geometry":{"type":"Point","coordinates":[-104.06072,57.88778]},"properties":{"cps":700,"y":"2019"}},{"type":"Feature","id":6084,"geometry":{"type":"Point","coordinates":[-103.52409,57.60368]},"properties":{"cps":0,"y":"1979","lith":"Flaser Granite"}},{"type":"Feature","id":6085,"geometry":{"type":"Point","coordinates":[-106.12355,56.90862]},"properties":{"cps":1500,"y":"1976"}},{"type":"Feature","id":6086,"geometry":{"type":"Point","coordinates":[-108.10104,57.46862]},"properties":{"y":"2018"}},{"type":"Feature","id":6087,"geometry":{"type":"Point","coordinates":[-106.12736,56.9083]},"properties":{"cps":500,"y":"1976"}},{"type":"Feature","id":6088,"geometry":{"type":"Point","coordinates":[-105.49928,57.39542]},"properties":{"y":"1982"}},{"type":"Feature","id":6089,"geometry":{"type":"Point","coordinates":[-109.83113,57.6673]},"properties":{"cps":450,"y":"2019","lith":"Granite boulder, ~ 1 m in diameter, subrounded."}},{"type":"Feature","id":6090,"geometry":{"type":"Point","coordinates":[-104.03894,57.891]},"properties":{"cps":392,"y":"2019"}},{"type":"Feature","id":6091,"geometry":{"type":"Point","coordinates":[-106.12834,56.90664]},"properties":{"cps":2500,"y":"1976"}},{"type":"Feature","id":6092,"geometry":{"type":"Point","coordinates":[-104.06622,57.88607]},"properties":{"cps":320,"y":"2019"}},{"type":"Feature","id":6093,"geometry":{"type":"Point","coordinates":[-109.6179,58.49818]},"properties":{"cps":320,"y":"1981","lith":"Sandstone"}},{"type":"Feature","id":6094,"geometry":{"type":"Point","coordinates":[-106.13155,56.90601]},"properties":{"y":"1976"}},{"type":"Feature","id":6095,"geometry":{"type":"Point","coordinates":[-106.12231,56.91097]},"properties":{"cps":900,"y":"1976"}},{"type":"Feature","id":6096,"geometry":{"type":"Point","coordinates":[-106.12355,56.90924]},"properties":{"y":"1976"}},{"type":"Feature","id":6097,"geometry":{"type":"Point","coordinates":[-102.2138,58.16451]},"properties":{"y":"2018","lith":"gabbro to pyroxinite to diorite "}},{"type":"Feature","id":6098,"geometry":{"type":"Point","coordinates":[-106.12401,56.90994]},"properties":{"cps":1700,"y":"1976"}},{"type":"Feature","id":6099,"geometry":{"type":"Point","coordinates":[-104.12212,57.81848]},"properties":{"y":"1980"}},{"type":"Feature","id":6100,"geometry":{"type":"Point","coordinates":[-106.16437,56.90353]},"properties":{"cps":0,"y":"2005","lith":"CALC-SILICATE"}},{"type":"Feature","id":6101,"geometry":{"type":"Point","coordinates":[-106.13496,56.90507]},"properties":{"cps":600,"y":"1976"}},{"type":"Feature","id":6102,"geometry":{"type":"Point","coordinates":[-106.12588,56.90884]},"properties":{"y":"1976"}},{"type":"Feature","id":6103,"geometry":{"type":"Point","coordinates":[-106.12785,56.90688]},"properties":{"y":"1976"}},{"type":"Feature","id":6104,"geometry":{"type":"Point","coordinates":[-103.52424,57.60361]},"properties":{"cps":700,"y":"1979","lith":"Granite"}},{"type":"Feature","id":6105,"geometry":{"type":"Point","coordinates":[-102.20226,58.16596]},"properties":{"y":"2018","lith":"granite"}},{"type":"Feature","id":6106,"geometry":{"type":"Point","coordinates":[-108.07304,57.47065]},"properties":{"y":"2018"}},{"type":"Feature","id":6107,"geometry":{"type":"Point","coordinates":[-108.63973,59.54807]},"properties":{"cps":12300,"y":"2018","lith":"Quartz-Feldspar Gneiss"}},{"type":"Feature","id":6108,"geometry":{"type":"Point","coordinates":[-107.54466,59.34539]},"properties":{"y":"2005"}},{"type":"Feature","id":6109,"geometry":{"type":"Point","coordinates":[-108.13695,57.45857]},"properties":{"y":"2018"}},{"type":"Feature","id":6110,"geometry":{"type":"Point","coordinates":[-104.07439,57.88253]},"properties":{"cps":800,"y":"2019"}},{"type":"Feature","id":6111,"geometry":{"type":"Point","coordinates":[-108.06799,57.44004]},"properties":{"y":"2018"}},{"type":"Feature","id":6112,"geometry":{"type":"Point","coordinates":[-105.19355,57.709]},"properties":{"y":"1983"}},{"type":"Feature","id":6113,"geometry":{"type":"Point","coordinates":[-109.95371,57.69282]},"properties":{"y":"2019","lith":"Very coarse grained, kspar+plag+quartz+ anhedral black minerals+clusters of finer grained purple/red minerals. Weathered surfae orange and sucrosic."}},{"type":"Feature","id":6114,"geometry":{"type":"Point","coordinates":[-104.0312,57.89517]},"properties":{"cps":507,"y":"2019"}},{"type":"Feature","id":6115,"geometry":{"type":"Point","coordinates":[-105.43925,57.30689]},"properties":{"y":"1979"}},{"type":"Feature","id":6116,"geometry":{"type":"Point","coordinates":[-104.14476,57.82322]},"properties":{"y":"1980"}},{"type":"Feature","id":6117,"geometry":{"type":"Point","coordinates":[-106.12337,56.90905]},"properties":{"cps":1700,"y":"1976"}},{"type":"Feature","id":6118,"geometry":{"type":"Point","coordinates":[-105.2644,57.65027]},"properties":{"y":"1982"}},{"type":"Feature","id":6119,"geometry":{"type":"Point","coordinates":[-108.14694,57.47842]},"properties":{"y":"2018"}},{"type":"Feature","id":6120,"geometry":{"type":"Point","coordinates":[-104.04559,57.88786]},"properties":{"cps":370,"y":"2019"}},{"type":"Feature","id":6121,"geometry":{"type":"Point","coordinates":[-103.52407,57.60354]},"properties":{"cps":250,"y":"1979","lith":"Biotite Gneiss"}},{"type":"Feature","id":6122,"geometry":{"type":"Point","coordinates":[-105.44865,57.30209]},"properties":{"y":"1979"}},{"type":"Feature","id":6123,"geometry":{"type":"Point","coordinates":[-102.20676,58.16922]},"properties":{"y":"2018","lith":"Granite "}},{"type":"Feature","id":6124,"geometry":{"type":"Point","coordinates":[-104.05827,57.88763]},"properties":{"cps":900,"y":"2019"}},{"type":"Feature","id":6125,"geometry":{"type":"Point","coordinates":[-104.0548,57.8909]},"properties":{"cps":500,"y":"2019"}},{"type":"Feature","id":6126,"geometry":{"type":"Point","coordinates":[-104.96262,58.91888]},"properties":{"cps":40,"y":"2008","lith":" "}},{"type":"Feature","id":6127,"geometry":{"type":"Point","coordinates":[-106.12531,56.90961]},"properties":{"y":"1976"}},{"type":"Feature","id":6128,"geometry":{"type":"Point","coordinates":[-105.25237,57.65078]},"properties":{"y":"1982"}},{"type":"Feature","id":6129,"geometry":{"type":"Point","coordinates":[-103.25972,57.62628]},"properties":{"cps":550,"y":"1979","lith":"Meta Arkose"}},{"type":"Feature","id":6130,"geometry":{"type":"Point","coordinates":[-102.20624,58.16518]},"properties":{"y":"2018","lith":"granite"}},{"type":"Feature","id":6131,"geometry":{"type":"Point","coordinates":[-108.08071,57.46505]},"properties":{"y":"2018"}},{"type":"Feature","id":6132,"geometry":{"type":"Point","coordinates":[-104.03061,57.89901]},"properties":{"cps":632,"y":"2019"}},{"type":"Feature","id":6133,"geometry":{"type":"Point","coordinates":[-108.14894,57.48442]},"properties":{"y":"2018"}},{"type":"Feature","id":6134,"geometry":{"type":"Point","coordinates":[-106.13168,56.90704]},"properties":{"cps":850,"y":"1976"}},{"type":"Feature","id":6135,"geometry":{"type":"Point","coordinates":[-104.10574,58.28018]},"properties":{"cps":25000,"y":"1969","lith":"Sandstone"}},{"type":"Feature","id":6136,"geometry":{"type":"Point","coordinates":[-102.2453,58.15634]},"properties":{"y":"2018","lith":"granite"}},{"type":"Feature","id":6137,"geometry":{"type":"Point","coordinates":[-102.22601,58.1579]},"properties":{"y":"2018","lith":"granite"}},{"type":"Feature","id":6138,"geometry":{"type":"Point","coordinates":[-106.12657,56.90802]},"properties":{"cps":800,"y":"1976"}},{"type":"Feature","id":6139,"geometry":{"type":"Point","coordinates":[-109.60484,58.49001]},"properties":{"cps":400,"y":"1981","lith":"Granite"}},{"type":"Feature","id":6140,"geometry":{"type":"Point","coordinates":[-105.91306,57.29347]},"properties":{"y":"1981"}},{"type":"Feature","id":6141,"geometry":{"type":"Point","coordinates":[-108.03864,59.66868]},"properties":{"cps":11000,"y":"2017","lith":"quartz-feldspar + biotite + garnet pegmatite, hematite altered feldspars, boulder scree slope"}},{"type":"Feature","id":6142,"geometry":{"type":"Point","coordinates":[-106.1324,56.90519]},"properties":{"cps":2800,"y":"1976"}},{"type":"Feature","id":6143,"geometry":{"type":"Point","coordinates":[-108.6379,59.5476]},"properties":{"cps":3600,"y":"2018","lith":"Quartz-Feldspar Gneiss"}},{"type":"Feature","id":6144,"geometry":{"type":"Point","coordinates":[-109.61678,58.4961]},"properties":{"cps":380,"y":"1981","lith":"Pegmatoid"}},{"type":"Feature","id":6145,"geometry":{"type":"Point","coordinates":[-106.12456,56.90849]},"properties":{"cps":600,"y":"1976"}},{"type":"Feature","id":6146,"geometry":{"type":"Point","coordinates":[-104.04313,57.88923]},"properties":{"cps":480,"y":"2019"}},{"type":"Feature","id":6147,"geometry":{"type":"Point","coordinates":[-104.04417,57.89306]},"properties":{"cps":440,"y":"2019"}},{"type":"Feature","id":6148,"geometry":{"type":"Point","coordinates":[-106.13168,56.90636]},"properties":{"cps":1250,"y":"1976"}},{"type":"Feature","id":6149,"geometry":{"type":"Point","coordinates":[-103.26057,57.62732]},"properties":{"cps":220,"y":"1979","lith":"Meta Arkose"}},{"type":"Feature","id":6150,"geometry":{"type":"Point","coordinates":[-109.78636,57.62859]},"properties":{"y":"2019","lith":"banded granite with gneissic banding, 75 cm across, sub rounded."}},{"type":"Feature","id":6151,"geometry":{"type":"Point","coordinates":[-104.18214,57.84163]},"properties":{"cps":750,"y":"1980","lith":"CONGLOMERATE"}},{"type":"Feature","id":6152,"geometry":{"type":"Point","coordinates":[-102.8087,58.01936]},"properties":{"y":"1975"}},{"type":"Feature","id":6153,"geometry":{"type":"Point","coordinates":[-106.1315,56.90678]},"properties":{"y":"1976"}},{"type":"Feature","id":6154,"geometry":{"type":"Point","coordinates":[-106.1332,56.90532]},"properties":{"cps":1300,"y":"1976"}},{"type":"Feature","id":6155,"geometry":{"type":"Point","coordinates":[-104.07455,57.88022]},"properties":{"cps":310,"y":"2019"}},{"type":"Feature","id":6156,"geometry":{"type":"Point","coordinates":[-102.21542,58.15862]},"properties":{"y":"2018","lith":"Leucogranite"}},{"type":"Feature","id":6157,"geometry":{"type":"Point","coordinates":[-103.52879,57.60536]},"properties":{"cps":951,"y":"1979","lith":"Leucogranite"}},{"type":"Feature","id":6158,"geometry":{"type":"Point","coordinates":[-104.07732,57.8811]},"properties":{"cps":1000,"y":"2019"}},{"type":"Feature","id":6159,"geometry":{"type":"Point","coordinates":[-106.13255,56.90619]},"properties":{"y":"1976"}},{"type":"Feature","id":6160,"geometry":{"type":"Point","coordinates":[-102.23814,58.16056]},"properties":{"y":"2018","lith":"Gabbro to pyroxenite to diorite"}},{"type":"Feature","id":6161,"geometry":{"type":"Point","coordinates":[-106.12301,56.90907]},"properties":{"cps":550,"y":"1976"}},{"type":"Feature","id":6162,"geometry":{"type":"Point","coordinates":[-103.59466,58.05316]},"properties":{"cps":15000,"y":"1977"}},{"type":"Feature","id":6163,"geometry":{"type":"Point","coordinates":[-105.1669,57.69107]},"properties":{"y":"1982"}},{"type":"Feature","id":6164,"geometry":{"type":"Point","coordinates":[-108.64917,59.55865]},"properties":{"cps":950,"y":"2018","lith":"Quartz-Feldspar Gneiss"}},{"type":"Feature","id":6165,"geometry":{"type":"Point","coordinates":[-107.12038,59.46044]},"properties":{"y":"2016"}},{"type":"Feature","id":6166,"geometry":{"type":"Point","coordinates":[-104.94772,58.90391]},"properties":{"cps":40,"y":"2008","lith":" "}},{"type":"Feature","id":6167,"geometry":{"type":"Point","coordinates":[-108.03188,59.66659]},"properties":{"cps":5600,"y":"2017"}},{"type":"Feature","id":6168,"geometry":{"type":"Point","coordinates":[-109.61892,58.49547]},"properties":{"cps":150,"y":"1981","lith":"Conglomerate"}},{"type":"Feature","id":6169,"geometry":{"type":"Point","coordinates":[-107.12033,59.46035]},"properties":{"y":"2016"}},{"type":"Feature","id":6170,"geometry":{"type":"Point","coordinates":[-102.20954,58.16748]},"properties":{"y":"2018","lith":"granite "}},{"type":"Feature","id":6171,"geometry":{"type":"Point","coordinates":[-106.13227,56.9059]},"properties":{"y":"1976"}},{"type":"Feature","id":6172,"geometry":{"type":"Point","coordinates":[-105.22737,57.69555]},"properties":{"y":"1983"}},{"type":"Feature","id":6173,"geometry":{"type":"Point","coordinates":[-108.13614,57.45842]},"properties":{"y":"2018"}},{"type":"Feature","id":6174,"geometry":{"type":"Point","coordinates":[-102.20894,58.16155]},"properties":{"y":"2018","lith":"granite"}},{"type":"Feature","id":6175,"geometry":{"type":"Point","coordinates":[-104.95605,58.91064]},"properties":{"cps":68,"y":"2008","lith":" "}},{"type":"Feature","id":6176,"geometry":{"type":"Point","coordinates":[-106.12274,56.91084]},"properties":{"cps":1800,"y":"1976"}},{"type":"Feature","id":6177,"geometry":{"type":"Point","coordinates":[-102.21731,58.15609]},"properties":{"y":"2018","lith":"Leucogranite"}},{"type":"Feature","id":6178,"geometry":{"type":"Point","coordinates":[-103.28031,58.63335]},"properties":{"cps":800,"y":"2019","lith":"Pegmatite"}},{"type":"Feature","id":6179,"geometry":{"type":"Point","coordinates":[-108.13661,57.45848]},"properties":{"y":"2018"}},{"type":"Feature","id":6180,"geometry":{"type":"Point","coordinates":[-104.32701,57.74903]},"properties":{"y":"2016"}},{"type":"Feature","id":6181,"geometry":{"type":"Point","coordinates":[-104.03436,57.89687]},"properties":{"cps":508,"y":"2019"}},{"type":"Feature","id":6182,"geometry":{"type":"Point","coordinates":[-103.52669,57.60508]},"properties":{"cps":1680,"y":"1979","lith":"Leucogranite"}},{"type":"Feature","id":6183,"geometry":{"type":"Point","coordinates":[-104.05778,57.88457]},"properties":{"cps":120,"y":"2019"}},{"type":"Feature","id":6184,"geometry":{"type":"Point","coordinates":[-106.12269,56.90927]},"properties":{"cps":500,"y":"1976"}},{"type":"Feature","id":6185,"geometry":{"type":"Point","coordinates":[-106.12657,56.90793]},"properties":{"cps":800,"y":"1976"}},{"type":"Feature","id":6186,"geometry":{"type":"Point","coordinates":[-106.12785,56.9074]},"properties":{"cps":1000,"y":"1976"}},{"type":"Feature","id":6187,"geometry":{"type":"Point","coordinates":[-104.91102,57.86364]},"properties":{"cps":220,"y":"2019"}},{"type":"Feature","id":6188,"geometry":{"type":"Point","coordinates":[-104.08408,57.80995]},"properties":{"y":"1980"}},{"type":"Feature","id":6189,"geometry":{"type":"Point","coordinates":[-104.9184,57.86393]},"properties":{"cps":170,"y":"2019","lith":"Sandstone, Bleached"}},{"type":"Feature","id":6190,"geometry":{"type":"Point","coordinates":[-104.15683,57.85264]},"properties":{"cps":650,"y":"1980","lith":"CONGLOMERATE"}},{"type":"Feature","id":6191,"geometry":{"type":"Point","coordinates":[-109.84702,57.65667]},"properties":{"cps":850,"y":"2019","lith":"Granitic gneiss, subangular to subrounded, ~ 1.2 m across"}},{"type":"Feature","id":6192,"geometry":{"type":"Point","coordinates":[-109.60451,58.4965]},"properties":{"cps":500,"y":"1981","lith":"Pegmatoid"}},{"type":"Feature","id":6193,"geometry":{"type":"Point","coordinates":[-104.03607,57.89678]},"properties":{"cps":432,"y":"2019"}},{"type":"Feature","id":6194,"geometry":{"type":"Point","coordinates":[-102.20517,58.1704]},"properties":{"y":"2018","lith":"Granite"}},{"type":"Feature","id":6195,"geometry":{"type":"Point","coordinates":[-102.81515,58.02011]},"properties":{"cps":0,"y":"1975","lith":"GRANITE"}},{"type":"Feature","id":6196,"geometry":{"type":"Point","coordinates":[-106.12452,56.90845]},"properties":{"cps":500,"y":"1976"}},{"type":"Feature","id":6197,"geometry":{"type":"Point","coordinates":[-105.44456,57.29935]},"properties":{"y":"1979"}},{"type":"Feature","id":6198,"geometry":{"type":"Point","coordinates":[-102.21551,58.1668]},"properties":{"y":"2018","lith":"granite"}},{"type":"Feature","id":6199,"geometry":{"type":"Point","coordinates":[-102.22081,58.15272]},"properties":{"y":"2018","lith":"Migmatic granodiorite to tonalite"}},{"type":"Feature","id":6200,"geometry":{"type":"Point","coordinates":[-103.52398,57.60684]},"properties":{"cps":1200,"y":"1979","lith":"Leucogranite"}},{"type":"Feature","id":6201,"geometry":{"type":"Point","coordinates":[-105.44492,57.31811]},"properties":{"y":"1979"}},{"type":"Feature","id":6202,"geometry":{"type":"Point","coordinates":[-109.61442,58.50025]},"properties":{"cps":90,"y":"1981","lith":"Conglomerate"}},{"type":"Feature","id":6203,"geometry":{"type":"Point","coordinates":[-104.15696,57.8484]},"properties":{"cps":750,"y":"1980","lith":"CONGLOMERATE"}},{"type":"Feature","id":6204,"geometry":{"type":"Point","coordinates":[-103.23791,58.66679]},"properties":{"cps":1500,"y":"2019","lith":"Granite"}},{"type":"Feature","id":6205,"geometry":{"type":"Point","coordinates":[-106.1336,56.90591]},"properties":{"y":"1976"}},{"type":"Feature","id":6206,"geometry":{"type":"Point","coordinates":[-103.5805,58.05454]},"properties":{"y":"1977"}},{"type":"Feature","id":6207,"geometry":{"type":"Point","coordinates":[-104.05873,57.88749]},"properties":{"cps":1200,"y":"2019"}},{"type":"Feature","id":6208,"geometry":{"type":"Point","coordinates":[-104.10567,58.27975]},"properties":{"cps":25000,"y":"1969","lith":"Sandstone"}},{"type":"Feature","id":6209,"geometry":{"type":"Point","coordinates":[-106.12964,56.9052]},"properties":{"cps":2000,"y":"1976"}},{"type":"Feature","id":6210,"geometry":{"type":"Point","coordinates":[-102.21123,58.15866]},"properties":{"y":"2018","lith":"Leucogranite"}},{"type":"Feature","id":6211,"geometry":{"type":"Point","coordinates":[-103.52835,57.60485]},"properties":{"cps":0,"y":"1979","lith":"Biotite Gneiss"}},{"type":"Feature","id":6212,"geometry":{"type":"Point","coordinates":[-106.12528,56.90931]},"properties":{"cps":2700,"y":"1976"}},{"type":"Feature","id":6213,"geometry":{"type":"Point","coordinates":[-104.06974,57.88228]},"properties":{"cps":417,"y":"2019"}},{"type":"Feature","id":6214,"geometry":{"type":"Point","coordinates":[-104.04155,57.88775]},"properties":{"cps":1953,"y":"2019"}},{"type":"Feature","id":6215,"geometry":{"type":"Point","coordinates":[-106.13438,56.90509]},"properties":{"cps":1200,"y":"1976"}},{"type":"Feature","id":6216,"geometry":{"type":"Point","coordinates":[-106.12239,56.90944]},"properties":{"y":"1976"}},{"type":"Feature","id":6217,"geometry":{"type":"Point","coordinates":[-106.12443,56.90841]},"properties":{"cps":200,"y":"1976"}},{"type":"Feature","id":6218,"geometry":{"type":"Point","coordinates":[-104.0602,57.88741]},"properties":{"cps":130,"y":"2019"}},{"type":"Feature","id":6219,"geometry":{"type":"Point","coordinates":[-104.9598,58.91364]},"properties":{"cps":40,"y":"2008","lith":" "}},{"type":"Feature","id":6220,"geometry":{"type":"Point","coordinates":[-105.46232,57.29619]},"properties":{"y":"1979"}},{"type":"Feature","id":6221,"geometry":{"type":"Point","coordinates":[-102.24064,58.15758]},"properties":{"y":"2018","lith":"Granite"}},{"type":"Feature","id":6222,"geometry":{"type":"Point","coordinates":[-104.33328,57.74496]},"properties":{"y":"2016"}},{"type":"Feature","id":6223,"geometry":{"type":"Point","coordinates":[-104.95189,58.90676]},"properties":{"cps":40,"y":"2008","lith":" "}},{"type":"Feature","id":6224,"geometry":{"type":"Point","coordinates":[-105.95777,57.2805]},"properties":{"y":"1981"}},{"type":"Feature","id":6225,"geometry":{"type":"Point","coordinates":[-105.94112,57.27538]},"properties":{"y":"1981"}},{"type":"Feature","id":6226,"geometry":{"type":"Point","coordinates":[-106.12643,56.90767]},"properties":{"cps":700,"y":"1976"}},{"type":"Feature","id":6227,"geometry":{"type":"Point","coordinates":[-109.61946,58.49342]},"properties":{"cps":350,"y":"1981","lith":"Pegmatoid/Leptynite"}},{"type":"Feature","id":6228,"geometry":{"type":"Point","coordinates":[-107.12057,59.46147]},"properties":{"y":"2016"}},{"type":"Feature","id":6229,"geometry":{"type":"Point","coordinates":[-103.52488,57.60807]},"properties":{"cps":1800,"y":"1979","lith":"Pegmatite"}},{"type":"Feature","id":6230,"geometry":{"type":"Point","coordinates":[-106.12147,56.90947]},"properties":{"cps":400,"y":"1976"}},{"type":"Feature","id":6231,"geometry":{"type":"Point","coordinates":[-104.06137,57.88727]},"properties":{"cps":200,"y":"2019"}},{"type":"Feature","id":6232,"geometry":{"type":"Point","coordinates":[-104.9154,57.86583]},"properties":{"cps":160,"y":"2019","lith":"Conglomeratic Sandstone, Moderate bleaching."}},{"type":"Feature","id":6233,"geometry":{"type":"Point","coordinates":[-103.52465,57.60051]},"properties":{"cps":193,"y":"1979","lith":"Amphibolite"}},{"type":"Feature","id":6234,"geometry":{"type":"Point","coordinates":[-106.12576,56.90902]},"properties":{"y":"1976"}},{"type":"Feature","id":6235,"geometry":{"type":"Point","coordinates":[-106.12362,56.90922]},"properties":{"y":"1976"}},{"type":"Feature","id":6236,"geometry":{"type":"Point","coordinates":[-108.02819,59.66619]},"properties":{"cps":1400,"y":"2017","lith":"semipelitic gneiss outcrop, assuming close to contact with quartzite"}},{"type":"Feature","id":6237,"geometry":{"type":"Point","coordinates":[-102.20797,58.16412]},"properties":{"y":"2018","lith":"granite"}},{"type":"Feature","id":6238,"geometry":{"type":"Point","coordinates":[-102.20315,58.1697]},"properties":{"y":"2018","lith":"Granite"}},{"type":"Feature","id":6239,"geometry":{"type":"Point","coordinates":[-106.12969,56.90638]},"properties":{"cps":200,"y":"1976"}},{"type":"Feature","id":6240,"geometry":{"type":"Point","coordinates":[-108.03176,57.46334]},"properties":{"y":"2018"}},{"type":"Feature","id":6241,"geometry":{"type":"Point","coordinates":[-109.61906,58.49241]},"properties":{"cps":150,"y":"1981","lith":"Conglomerate"}},{"type":"Feature","id":6242,"geometry":{"type":"Point","coordinates":[-109.86017,57.65817]},"properties":{"y":"2019","lith":"White, subrounded granite, ~ 1 m in diameter. Subrounded."}},{"type":"Feature","id":6243,"geometry":{"type":"Point","coordinates":[-108.12358,57.47529]},"properties":{"y":"2018"}},{"type":"Feature","id":6244,"geometry":{"type":"Point","coordinates":[-103.28191,58.63304]},"properties":{"cps":2500,"y":"2019","lith":"Pegmatite"}},{"type":"Feature","id":6245,"geometry":{"type":"Point","coordinates":[-104.05201,57.88881]},"properties":{"cps":340,"y":"2019"}},{"type":"Feature","id":6246,"geometry":{"type":"Point","coordinates":[-104.3301,57.74968]},"properties":{"y":"2016"}},{"type":"Feature","id":6247,"geometry":{"type":"Point","coordinates":[-104.33158,57.74455]},"properties":{"y":"2016"}},{"type":"Feature","id":6248,"geometry":{"type":"Point","coordinates":[-104.94483,58.90135]},"properties":{"cps":40,"y":"2008","lith":" "}},{"type":"Feature","id":6249,"geometry":{"type":"Point","coordinates":[-104.96376,58.91661]},"properties":{"cps":40,"y":"2008","lith":" "}},{"type":"Feature","id":6250,"geometry":{"type":"Point","coordinates":[-103.52896,57.60627]},"properties":{"cps":0,"y":"1979","lith":"Quartzite"}},{"type":"Feature","id":6251,"geometry":{"type":"Point","coordinates":[-109.85837,57.62558]},"properties":{"cps":670,"y":"2019","lith":"Meter sized, sub-rounded coarse grained biotite-granite with disseminated multi-mm-sized black euhedral crystalline mineral."}},{"type":"Feature","id":6252,"geometry":{"type":"Point","coordinates":[-106.12338,56.90919]},"properties":{"y":"1976"}},{"type":"Feature","id":6253,"geometry":{"type":"Point","coordinates":[-106.12905,56.90712]},"properties":{"cps":800,"y":"1976"}},{"type":"Feature","id":6254,"geometry":{"type":"Point","coordinates":[-104.03255,57.89334]},"properties":{"cps":290,"y":"2019"}},{"type":"Feature","id":6255,"geometry":{"type":"Point","coordinates":[-106.13199,56.90595]},"properties":{"y":"1976"}},{"type":"Feature","id":6256,"geometry":{"type":"Point","coordinates":[-106.13024,56.90477]},"properties":{"cps":800,"y":"1976"}},{"type":"Feature","id":6257,"geometry":{"type":"Point","coordinates":[-105.43793,57.28656]},"properties":{"y":"1979"}},{"type":"Feature","id":6258,"geometry":{"type":"Point","coordinates":[-106.12117,56.91079]},"properties":{"cps":900,"y":"1976"}},{"type":"Feature","id":6259,"geometry":{"type":"Point","coordinates":[-102.22391,58.15708]},"properties":{"y":"2018","lith":"Leucogranite"}},{"type":"Feature","id":6260,"geometry":{"type":"Point","coordinates":[-104.06631,57.88137]},"properties":{"cps":150,"y":"2019"}},{"type":"Feature","id":6261,"geometry":{"type":"Point","coordinates":[-108.034,59.66757]},"properties":{"y":"2017","lith":"pegmatite"}},{"type":"Feature","id":6262,"geometry":{"type":"Point","coordinates":[-106.53095,57.18782]},"properties":{"cps":0,"y":"2007","lith":"UNDEFINED"}},{"type":"Feature","id":6263,"geometry":{"type":"Point","coordinates":[-108.1405,57.4592]},"properties":{"y":"2018"}},{"type":"Feature","id":6264,"geometry":{"type":"Point","coordinates":[-106.12779,56.90831]},"properties":{"cps":1000,"y":"1976"}},{"type":"Feature","id":6265,"geometry":{"type":"Point","coordinates":[-102.21161,58.15766]},"properties":{"y":"2018","lith":"Leucogranite"}},{"type":"Feature","id":6266,"geometry":{"type":"Point","coordinates":[-106.12458,56.90836]},"properties":{"cps":650,"y":"1976"}},{"type":"Feature","id":6267,"geometry":{"type":"Point","coordinates":[-103.53,57.6065]},"properties":{"cps":0,"y":"1979","lith":"Biotite Quartzite"}},{"type":"Feature","id":6268,"geometry":{"type":"Point","coordinates":[-104.10111,57.82602]},"properties":{"y":"1980"}},{"type":"Feature","id":6269,"geometry":{"type":"Point","coordinates":[-104.32521,57.74874]},"properties":{"y":"2016"}},{"type":"Feature","id":6270,"geometry":{"type":"Point","coordinates":[-104.06371,57.88738]},"properties":{"cps":120,"y":"2019"}},{"type":"Feature","id":6271,"geometry":{"type":"Point","coordinates":[-104.04248,57.89077]},"properties":{"cps":580,"y":"2019"}},{"type":"Feature","id":6272,"geometry":{"type":"Point","coordinates":[-106.13226,56.90596]},"properties":{"cps":2900,"y":"1976"}},{"type":"Feature","id":6273,"geometry":{"type":"Point","coordinates":[-103.59521,58.05269]},"properties":{"cps":15000,"y":"1977"}},{"type":"Feature","id":6274,"geometry":{"type":"Point","coordinates":[-106.12514,56.9074]},"properties":{"cps":800,"y":"1976"}},{"type":"Feature","id":6275,"geometry":{"type":"Point","coordinates":[-108.04642,57.46537]},"properties":{"y":"2018"}},{"type":"Feature","id":6276,"geometry":{"type":"Point","coordinates":[-108.12475,57.47162]},"properties":{"y":"2018"}},{"type":"Feature","id":6277,"geometry":{"type":"Point","coordinates":[-106.13227,56.90519]},"properties":{"cps":600,"y":"1976"}},{"type":"Feature","id":6278,"geometry":{"type":"Point","coordinates":[-104.11603,57.80804]},"properties":{"y":"1980"}},{"type":"Feature","id":6279,"geometry":{"type":"Point","coordinates":[-104.05856,57.88821]},"properties":{"cps":400,"y":"2019"}},{"type":"Feature","id":6280,"geometry":{"type":"Point","coordinates":[-108.64309,59.57385]},"properties":{"cps":9300,"y":"2018","lith":"Quartz-Feldspar Gneiss"}},{"type":"Feature","id":6281,"geometry":{"type":"Point","coordinates":[-109.6185,58.49504]},"properties":{"cps":450,"y":"1981","lith":"Conglomerate"}},{"type":"Feature","id":6282,"geometry":{"type":"Point","coordinates":[-106.12546,56.90927]},"properties":{"cps":2500,"y":"1976"}},{"type":"Feature","id":6283,"geometry":{"type":"Point","coordinates":[-104.05308,57.89024]},"properties":{"cps":1700,"y":"2019"}},{"type":"Feature","id":6284,"geometry":{"type":"Point","coordinates":[-106.12357,56.90873]},"properties":{"cps":1600,"y":"1976"}},{"type":"Feature","id":6285,"geometry":{"type":"Point","coordinates":[-103.53734,57.59872]},"properties":{"cps":1000,"y":"1979","lith":"Meta Arkose"}},{"type":"Feature","id":6286,"geometry":{"type":"Point","coordinates":[-105.43784,57.29008]},"properties":{"y":"1979"}},{"type":"Feature","id":6287,"geometry":{"type":"Point","coordinates":[-102.21781,58.15438]},"properties":{"y":"2018","lith":"Migmatic granodiorite to tonalite"}},{"type":"Feature","id":6288,"geometry":{"type":"Point","coordinates":[-104.03961,57.89415]},"properties":{"cps":390,"y":"2019"}},{"type":"Feature","id":6289,"geometry":{"type":"Point","coordinates":[-105.14541,57.70195]},"properties":{"y":"1982"}},{"type":"Feature","id":6290,"geometry":{"type":"Point","coordinates":[-106.1265,56.90765]},"properties":{"cps":200,"y":"1976"}},{"type":"Feature","id":6291,"geometry":{"type":"Point","coordinates":[-109.61718,58.49876]},"properties":{"cps":180,"y":"1981","lith":"Conglomerate"}},{"type":"Feature","id":6292,"geometry":{"type":"Point","coordinates":[-104.31893,57.74756]},"properties":{"y":"2016"}},{"type":"Feature","id":6293,"geometry":{"type":"Point","coordinates":[-103.59902,58.05002]},"properties":{"cps":6000,"y":"1977"}},{"type":"Feature","id":6294,"geometry":{"type":"Point","coordinates":[-104.06867,57.88453]},"properties":{"cps":250,"y":"2019"}},{"type":"Feature","id":6295,"geometry":{"type":"Point","coordinates":[-109.60685,58.49936]},"properties":{"cps":100,"y":"1981","lith":"Conglomerate"}},{"type":"Feature","id":6296,"geometry":{"type":"Point","coordinates":[-104.1541,57.8511]},"properties":{"cps":800,"y":"1980","lith":"CONGLOMERATE"}},{"type":"Feature","id":6297,"geometry":{"type":"Point","coordinates":[-107.12001,59.4603]},"properties":{"y":"2016"}},{"type":"Feature","id":6298,"geometry":{"type":"Point","coordinates":[-106.13194,56.90602]},"properties":{"y":"1976"}},{"type":"Feature","id":6299,"geometry":{"type":"Point","coordinates":[-105.1583,57.73164]},"properties":{"y":"1983"}},{"type":"Feature","id":6300,"geometry":{"type":"Point","coordinates":[-109.60412,58.49984]},"properties":{"cps":160,"y":"1981","lith":"Conglomerate"}},{"type":"Feature","id":6301,"geometry":{"type":"Point","coordinates":[-104.15658,57.85259]},"properties":{"cps":650,"y":"1980","lith":"CONGLOMERATE"}},{"type":"Feature","id":6302,"geometry":{"type":"Point","coordinates":[-102.21023,58.15778]},"properties":{"y":"2018","lith":"Leucogranite"}},{"type":"Feature","id":6303,"geometry":{"type":"Point","coordinates":[-108.20962,57.44821]},"properties":{"y":"2018"}},{"type":"Feature","id":6304,"geometry":{"type":"Point","coordinates":[-109.60123,58.50495]},"properties":{"cps":180,"y":"1981","lith":"Conglomerate"}},{"type":"Feature","id":6305,"geometry":{"type":"Point","coordinates":[-104.05235,57.89165]},"properties":{"cps":140,"y":"2019"}},{"type":"Feature","id":6306,"geometry":{"type":"Point","coordinates":[-104.07391,57.8805]},"properties":{"cps":350,"y":"2019"}},{"type":"Feature","id":6307,"geometry":{"type":"Point","coordinates":[-105.21737,57.65866]},"properties":{"y":"1982"}},{"type":"Feature","id":6308,"geometry":{"type":"Point","coordinates":[-107.12027,59.46143]},"properties":{"y":"2016"}},{"type":"Feature","id":6309,"geometry":{"type":"Point","coordinates":[-104.9045,57.86752]},"properties":{"cps":400,"y":"2019"}},{"type":"Feature","id":6310,"geometry":{"type":"Point","coordinates":[-108.11943,57.46879]},"properties":{"y":"2018"}},{"type":"Feature","id":6311,"geometry":{"type":"Point","coordinates":[-104.31278,57.74605]},"properties":{"y":"2016"}},{"type":"Feature","id":6312,"geometry":{"type":"Point","coordinates":[-106.12991,56.90652]},"properties":{"cps":1000,"y":"1976"}},{"type":"Feature","id":6313,"geometry":{"type":"Point","coordinates":[-104.04822,57.88794]},"properties":{"cps":380,"y":"2019"}},{"type":"Feature","id":6314,"geometry":{"type":"Point","coordinates":[-104.05295,57.89777]},"properties":{"cps":130,"y":"2019"}},{"type":"Feature","id":6315,"geometry":{"type":"Point","coordinates":[-104.03782,57.8967]},"properties":{"cps":630,"y":"2019"}},{"type":"Feature","id":6316,"geometry":{"type":"Point","coordinates":[-106.12623,56.90755]},"properties":{"y":"1976"}},{"type":"Feature","id":6317,"geometry":{"type":"Point","coordinates":[-104.03147,57.89363]},"properties":{"cps":408,"y":"2019"}},{"type":"Feature","id":6318,"geometry":{"type":"Point","coordinates":[-104.06014,57.8858]},"properties":{"cps":300,"y":"2019"}},{"type":"Feature","id":6319,"geometry":{"type":"Point","coordinates":[-108.6582,59.56789]},"properties":{"cps":38600,"y":"2018","lith":"Mafic Dyke"}},{"type":"Feature","id":6320,"geometry":{"type":"Point","coordinates":[-104.03945,57.89026]},"properties":{"cps":540,"y":"2019"}},{"type":"Feature","id":6321,"geometry":{"type":"Point","coordinates":[-106.13275,56.90609]},"properties":{"y":"1976"}},{"type":"Feature","id":6322,"geometry":{"type":"Point","coordinates":[-108.65837,59.56778]},"properties":{"cps":59300,"y":"2018","lith":"Mafic Dyke"}},{"type":"Feature","id":6323,"geometry":{"type":"Point","coordinates":[-105.13822,57.70699]},"properties":{"y":"1982"}},{"type":"Feature","id":6324,"geometry":{"type":"Point","coordinates":[-102.22281,58.14941]},"properties":{"y":"2018","lith":"Migmatic granodiorite to tonalite"}},{"type":"Feature","id":6325,"geometry":{"type":"Point","coordinates":[-104.04489,57.8924]},"properties":{"cps":510,"y":"2019"}},{"type":"Feature","id":6326,"geometry":{"type":"Point","coordinates":[-103.92322,57.5384]},"properties":{"cps":0,"y":"1979","lith":"ATHABASCA SANDSTONE"}},{"type":"Feature","id":6327,"geometry":{"type":"Point","coordinates":[-108.03302,59.66713]},"properties":{"y":"2017","lith":"pegmatite"}},{"type":"Feature","id":6328,"geometry":{"type":"Point","coordinates":[-106.12595,56.9087]},"properties":{"cps":700,"y":"1976"}},{"type":"Feature","id":6329,"geometry":{"type":"Point","coordinates":[-106.1251,56.90912]},"properties":{"y":"1976"}},{"type":"Feature","id":6330,"geometry":{"type":"Point","coordinates":[-109.6105,58.49025]},"properties":{"cps":400,"y":"1981","lith":"Granite"}},{"type":"Feature","id":6331,"geometry":{"type":"Point","coordinates":[-105.4406,57.30645]},"properties":{"y":"1979"}},{"type":"Feature","id":6332,"geometry":{"type":"Point","coordinates":[-109.61785,58.49483]},"properties":{"cps":800,"y":"1981","lith":"Pegmatoid"}},{"type":"Feature","id":6333,"geometry":{"type":"Point","coordinates":[-104.0726,57.88464]},"properties":{"cps":424,"y":"2019"}},{"type":"Feature","id":6334,"geometry":{"type":"Point","coordinates":[-104.18885,57.8351]},"properties":{"cps":650,"y":"1980","lith":"CONGLOMERATE"}},{"type":"Feature","id":6335,"geometry":{"type":"Point","coordinates":[-104.16393,57.84686]},"properties":{"cps":650,"y":"1980","lith":"CONGLOMERATE"}},{"type":"Feature","id":6336,"geometry":{"type":"Point","coordinates":[-104.94878,58.90468]},"properties":{"cps":40,"y":"2008","lith":" "}},{"type":"Feature","id":6337,"geometry":{"type":"Point","coordinates":[-108.03849,59.66867]},"properties":{"cps":3500,"y":"2017"}},{"type":"Feature","id":6338,"geometry":{"type":"Point","coordinates":[-108.63981,59.54785]},"properties":{"cps":65535,"y":"2018","lith":"Arkose"}},{"type":"Feature","id":6339,"geometry":{"type":"Point","coordinates":[-106.12578,56.90722]},"properties":{"cps":3000,"y":"1976"}},{"type":"Feature","id":6340,"geometry":{"type":"Point","coordinates":[-104.04914,57.9001]},"properties":{"cps":130,"y":"2019"}},{"type":"Feature","id":6341,"geometry":{"type":"Point","coordinates":[-108.14885,57.47004]},"properties":{"y":"2018"}},{"type":"Feature","id":6342,"geometry":{"type":"Point","coordinates":[-102.21886,58.16586]},"properties":{"y":"2018","lith":"granite"}},{"type":"Feature","id":6343,"geometry":{"type":"Point","coordinates":[-106.12737,56.90733]},"properties":{"cps":1500,"y":"1976"}},{"type":"Feature","id":6344,"geometry":{"type":"Point","coordinates":[-106.13474,56.90517]},"properties":{"cps":900,"y":"1976"}},{"type":"Feature","id":6345,"geometry":{"type":"Point","coordinates":[-108.12095,57.47709]},"properties":{"y":"2018"}},{"type":"Feature","id":6346,"geometry":{"type":"Point","coordinates":[-106.12121,56.90968]},"properties":{"y":"1976"}},{"type":"Feature","id":6347,"geometry":{"type":"Point","coordinates":[-104.05842,57.87677]},"properties":{"cps":400,"y":"2019"}},{"type":"Feature","id":6348,"geometry":{"type":"Point","coordinates":[-102.20541,58.16488]},"properties":{"y":"2018","lith":"granite"}},{"type":"Feature","id":6349,"geometry":{"type":"Point","coordinates":[-109.60179,58.49965]},"properties":{"cps":650,"y":"1981","lith":"Pegmatoid"}},{"type":"Feature","id":6350,"geometry":{"type":"Point","coordinates":[-108.19538,57.48072]},"properties":{"y":"2018"}},{"type":"Feature","id":6351,"geometry":{"type":"Point","coordinates":[-104.10924,58.27623]},"properties":{"cps":25000,"y":"1969","lith":"Sandstone"}},{"type":"Feature","id":6352,"geometry":{"type":"Point","coordinates":[-104.31448,57.74628]},"properties":{"y":"2016"}},{"type":"Feature","id":6353,"geometry":{"type":"Point","coordinates":[-104.02958,57.89364]},"properties":{"cps":472,"y":"2019"}},{"type":"Feature","id":6354,"geometry":{"type":"Point","coordinates":[-106.12445,56.90852]},"properties":{"cps":9000,"y":"1976"}},{"type":"Feature","id":6355,"geometry":{"type":"Point","coordinates":[-106.12403,56.90837]},"properties":{"cps":500,"y":"1976"}},{"type":"Feature","id":6356,"geometry":{"type":"Point","coordinates":[-104.95775,58.91218]},"properties":{"cps":68,"y":"2008","lith":" "}},{"type":"Feature","id":6357,"geometry":{"type":"Point","coordinates":[-106.12765,56.90769]},"properties":{"cps":500,"y":"1976"}},{"type":"Feature","id":6358,"geometry":{"type":"Point","coordinates":[-108.18288,57.44219]},"properties":{"y":"2018"}},{"type":"Feature","id":6359,"geometry":{"type":"Point","coordinates":[-108.13184,57.46942]},"properties":{"y":"2018"}},{"type":"Feature","id":6360,"geometry":{"type":"Point","coordinates":[-102.22743,58.15142]},"properties":{"y":"2018","lith":"Migmatic granodiorite to tonalite"}},{"type":"Feature","id":6361,"geometry":{"type":"Point","coordinates":[-104.94348,58.90065]},"properties":{"cps":40,"y":"2008","lith":" "}},{"type":"Feature","id":6362,"geometry":{"type":"Point","coordinates":[-106.1241,56.91006]},"properties":{"cps":2000,"y":"1976"}},{"type":"Feature","id":6363,"geometry":{"type":"Point","coordinates":[-108.10945,57.47223]},"properties":{"y":"2018"}},{"type":"Feature","id":6364,"geometry":{"type":"Point","coordinates":[-103.54311,57.5995]},"properties":{"cps":0,"y":"1979","lith":"Meta Arkose"}},{"type":"Feature","id":6365,"geometry":{"type":"Point","coordinates":[-104.06738,57.88526]},"properties":{"cps":450,"y":"2019"}},{"type":"Feature","id":6366,"geometry":{"type":"Point","coordinates":[-104.04748,57.88779]},"properties":{"cps":590,"y":"2019"}},{"type":"Feature","id":6367,"geometry":{"type":"Point","coordinates":[-106.12738,56.90706]},"properties":{"cps":800,"y":"1976"}},{"type":"Feature","id":6368,"geometry":{"type":"Point","coordinates":[-102.20095,58.1705]},"properties":{"y":"2018","lith":"Granite"}},{"type":"Feature","id":6369,"geometry":{"type":"Point","coordinates":[-104.04927,57.88516]},"properties":{"cps":346,"y":"2019"}},{"type":"Feature","id":6370,"geometry":{"type":"Point","coordinates":[-102.21645,58.16693]},"properties":{"y":"2018","lith":"granite"}},{"type":"Feature","id":6371,"geometry":{"type":"Point","coordinates":[-104.05785,57.89449]},"properties":{"cps":130,"y":"2019"}},{"type":"Feature","id":6372,"geometry":{"type":"Point","coordinates":[-109.95749,57.69466]},"properties":{"y":"2019","lith":"Very coarsse grained, slightly banded meta-granite, light pink/creamy weathered surface, darker pink fresh surface, rounded and~30cm in size."}},{"type":"Feature","id":6373,"geometry":{"type":"Point","coordinates":[-102.20622,58.16654]},"properties":{"y":"2018","lith":"Gabbro to pyroxenite to diorite"}},{"type":"Feature","id":6374,"geometry":{"type":"Point","coordinates":[-104.03365,57.89847]},"properties":{"cps":428,"y":"2019"}},{"type":"Feature","id":6375,"geometry":{"type":"Point","coordinates":[-106.12752,56.90822]},"properties":{"y":"1976"}},{"type":"Feature","id":6376,"geometry":{"type":"Point","coordinates":[-108.65789,59.56799]},"properties":{"cps":25400,"y":"2018","lith":"Mafic Dyke"}},{"type":"Feature","id":6377,"geometry":{"type":"Point","coordinates":[-106.64141,57.23084]},"properties":{"cps":0,"y":"2007","lith":"QUARTZ DIORITE"}},{"type":"Feature","id":6378,"geometry":{"type":"Point","coordinates":[-105.44347,57.28069]},"properties":{"y":"1979"}},{"type":"Feature","id":6379,"geometry":{"type":"Point","coordinates":[-104.09739,57.82096]},"properties":{"y":"1980"}},{"type":"Feature","id":6380,"geometry":{"type":"Point","coordinates":[-103.21148,58.67835]},"properties":{"cps":5200,"y":"2019"}},{"type":"Feature","id":6381,"geometry":{"type":"Point","coordinates":[-106.13365,56.90301]},"properties":{"cps":2000,"y":"1976"}},{"type":"Feature","id":6382,"geometry":{"type":"Point","coordinates":[-105.44274,57.29608]},"properties":{"y":"1979"}},{"type":"Feature","id":6383,"geometry":{"type":"Point","coordinates":[-104.94285,58.89966]},"properties":{"cps":40,"y":"2008","lith":" "}},{"type":"Feature","id":6384,"geometry":{"type":"Point","coordinates":[-107.12003,59.46151]},"properties":{"y":"2016"}},{"type":"Feature","id":6385,"geometry":{"type":"Point","coordinates":[-109.61442,58.50019]},"properties":{"cps":180,"y":"1981","lith":"Conglomerate"}},{"type":"Feature","id":6386,"geometry":{"type":"Point","coordinates":[-108.06775,57.46988]},"properties":{"y":"2018"}},{"type":"Feature","id":6387,"geometry":{"type":"Point","coordinates":[-104.96453,58.91738]},"properties":{"cps":40,"y":"2008","lith":" "}},{"type":"Feature","id":6388,"geometry":{"type":"Point","coordinates":[-104.31713,57.74715]},"properties":{"y":"2016"}},{"type":"Feature","id":6389,"geometry":{"type":"Point","coordinates":[-104.10972,57.81607]},"properties":{"y":"1980"}},{"type":"Feature","id":6390,"geometry":{"type":"Point","coordinates":[-107.12028,59.46154]},"properties":{"y":"2016"}},{"type":"Feature","id":6391,"geometry":{"type":"Point","coordinates":[-105.43425,57.30626]},"properties":{"y":"1979"}},{"type":"Feature","id":6392,"geometry":{"type":"Point","coordinates":[-108.65471,59.55966]},"properties":{"cps":391,"y":"2018","lith":"Mafic Dyke"}},{"type":"Feature","id":6393,"geometry":{"type":"Point","coordinates":[-103.52859,57.60637]},"properties":{"cps":1350,"y":"1979","lith":"Pegmatite"}},{"type":"Feature","id":6394,"geometry":{"type":"Point","coordinates":[-104.03954,57.89168]},"properties":{"cps":690,"y":"2019"}},{"type":"Feature","id":6395,"geometry":{"type":"Point","coordinates":[-105.13735,57.72015]},"properties":{"y":"1982"}},{"type":"Feature","id":6396,"geometry":{"type":"Point","coordinates":[-109.95653,57.69366]},"properties":{"y":"2019","lith":"Large light white plag laths, blueish quartz, black anhedral minerals, very coarse grained. Weathered surface very orange, creamy white, ~50cm in size and rounded sub rounded."}},{"type":"Feature","id":6397,"geometry":{"type":"Point","coordinates":[-104.05864,57.87699]},"properties":{"cps":447,"y":"2019"}},{"type":"Feature","id":6398,"geometry":{"type":"Point","coordinates":[-103.53867,57.59883]},"properties":{"cps":0,"y":"1979","lith":"Quartzite"}},{"type":"Feature","id":6399,"geometry":{"type":"Point","coordinates":[-105.41432,57.37556]},"properties":{"cps":1461,"y":"2016"}},{"type":"Feature","id":6400,"geometry":{"type":"Point","coordinates":[-104.16183,57.84815]},"properties":{"cps":650,"y":"1980","lith":"CONGLOMERATE"}},{"type":"Feature","id":6401,"geometry":{"type":"Point","coordinates":[-104.06419,57.87831]},"properties":{"cps":400,"y":"2019"}},{"type":"Feature","id":6402,"geometry":{"type":"Point","coordinates":[-104.86871,57.87758]},"properties":{"cps":310,"y":"2019","lith":"Pegmatite, Bleached"}},{"type":"Feature","id":6403,"geometry":{"type":"Point","coordinates":[-108.1299,57.46509]},"properties":{"y":"2018"}},{"type":"Feature","id":6404,"geometry":{"type":"Point","coordinates":[-105.24363,57.68907]},"properties":{"y":"1983"}},{"type":"Feature","id":6405,"geometry":{"type":"Point","coordinates":[-108.02402,59.66198]},"properties":{"cps":2000,"y":"2017","lith":"pegmatite "}},{"type":"Feature","id":6406,"geometry":{"type":"Point","coordinates":[-102.25202,58.14976]},"properties":{"y":"2018","lith":"granite"}},{"type":"Feature","id":6407,"geometry":{"type":"Point","coordinates":[-106.13105,56.90665]},"properties":{"y":"1976"}},{"type":"Feature","id":6408,"geometry":{"type":"Point","coordinates":[-109.60697,58.49918]},"properties":{"cps":430,"y":"1981","lith":"Granite"}},{"type":"Feature","id":6409,"geometry":{"type":"Point","coordinates":[-104.16439,57.84768]},"properties":{"cps":650,"y":"1980","lith":"CONGLOMERATE"}},{"type":"Feature","id":6410,"geometry":{"type":"Point","coordinates":[-102.20633,58.16422]},"properties":{"y":"2018","lith":"granite"}},{"type":"Feature","id":6411,"geometry":{"type":"Point","coordinates":[-105.45751,57.30445]},"properties":{"y":"1979"}},{"type":"Feature","id":6412,"geometry":{"type":"Point","coordinates":[-104.07537,57.8767]},"properties":{"cps":360,"y":"2019"}},{"type":"Feature","id":6413,"geometry":{"type":"Point","coordinates":[-106.12774,56.90654]},"properties":{"cps":1000,"y":"1976"}},{"type":"Feature","id":6414,"geometry":{"type":"Point","coordinates":[-106.13101,56.9065]},"properties":{"cps":1200,"y":"1976"}},{"type":"Feature","id":6415,"geometry":{"type":"Point","coordinates":[-104.04738,57.89231]},"properties":{"cps":140,"y":"2019"}},{"type":"Feature","id":6416,"geometry":{"type":"Point","coordinates":[-103.94147,57.53361]},"properties":{"cps":1000,"y":"1979","lith":"META-ARKOSE"}},{"type":"Feature","id":6417,"geometry":{"type":"Point","coordinates":[-106.13035,56.90582]},"properties":{"cps":500,"y":"1976"}},{"type":"Feature","id":6418,"geometry":{"type":"Point","coordinates":[-108.03221,59.66657]},"properties":{"y":"2017","lith":"pegmatite"}},{"type":"Feature","id":6419,"geometry":{"type":"Point","coordinates":[-103.22428,57.62812]},"properties":{"cps":1100,"y":"1979","lith":"none"}},{"type":"Feature","id":6420,"geometry":{"type":"Point","coordinates":[-108.18131,57.48497]},"properties":{"y":"2018"}},{"type":"Feature","id":6421,"geometry":{"type":"Point","coordinates":[-102.22262,58.15402]},"properties":{"y":"2018","lith":"Migmatic granodiorite to tonalite"}},{"type":"Feature","id":6422,"geometry":{"type":"Point","coordinates":[-102.22512,58.1499]},"properties":{"y":"2018","lith":"Migmatic granodiorite to tonalite"}},{"type":"Feature","id":6423,"geometry":{"type":"Point","coordinates":[-106.12857,56.90784]},"properties":{"y":"1976"}},{"type":"Feature","id":6424,"geometry":{"type":"Point","coordinates":[-103.92514,57.53633]},"properties":{"cps":0,"y":"1979","lith":"BIOTITE GNEISS"}},{"type":"Feature","id":6425,"geometry":{"type":"Point","coordinates":[-105.92958,57.29568]},"properties":{"y":"1981"}},{"type":"Feature","id":6426,"geometry":{"type":"Point","coordinates":[-106.12316,56.90895]},"properties":{"cps":450,"y":"1976"}},{"type":"Feature","id":6427,"geometry":{"type":"Point","coordinates":[-102.20705,58.15578]},"properties":{"y":"2018","lith":"Migmatic granodiorite to tonalite"}},{"type":"Feature","id":6428,"geometry":{"type":"Point","coordinates":[-109.61871,58.49237]},"properties":{"cps":125,"y":"1981","lith":"Conglomerate"}},{"type":"Feature","id":6429,"geometry":{"type":"Point","coordinates":[-102.23588,58.14653]},"properties":{"y":"2018","lith":"Migmatitic granodiorite to tonalite"}},{"type":"Feature","id":6430,"geometry":{"type":"Point","coordinates":[-105.59921,57.34488]},"properties":{"cps":140,"y":"1977","lith":"SANDSTONE"}},{"type":"Feature","id":6431,"geometry":{"type":"Point","coordinates":[-105.44652,57.30057]},"properties":{"y":"1979"}},{"type":"Feature","id":6432,"geometry":{"type":"Point","coordinates":[-102.20786,58.16063]},"properties":{"y":"2018","lith":"Leucogranite"}},{"type":"Feature","id":6433,"geometry":{"type":"Point","coordinates":[-106.12763,56.90695]},"properties":{"cps":800,"y":"1976"}},{"type":"Feature","id":6434,"geometry":{"type":"Point","coordinates":[-103.26112,57.62755]},"properties":{"cps":230,"y":"1979","lith":"Meta Arkose"}},{"type":"Feature","id":6435,"geometry":{"type":"Point","coordinates":[-106.12873,56.90676]},"properties":{"cps":1500,"y":"1976"}},{"type":"Feature","id":6436,"geometry":{"type":"Point","coordinates":[-109.79604,57.63012]},"properties":{"y":"2019","lith":"Granite. Slightly banded biotite"}},{"type":"Feature","id":6437,"geometry":{"type":"Point","coordinates":[-104.16226,57.84301]},"properties":{"cps":500,"y":"1980","lith":"CONGLOMERATE"}},{"type":"Feature","id":6438,"geometry":{"type":"Point","coordinates":[-103.92894,57.53189]},"properties":{"cps":0,"y":"1979","lith":"INTRUSIVE GABBRO/DIOPSIDE/GARNET"}},{"type":"Feature","id":6439,"geometry":{"type":"Point","coordinates":[-102.21479,58.15601]},"properties":{"y":"2018","lith":"Leucogranite"}},{"type":"Feature","id":6440,"geometry":{"type":"Point","coordinates":[-105.44557,57.30393]},"properties":{"y":"1979"}},{"type":"Feature","id":6441,"geometry":{"type":"Point","coordinates":[-102.21462,58.15702]},"properties":{"y":"2018","lith":"Leucogranite"}},{"type":"Feature","id":6442,"geometry":{"type":"Point","coordinates":[-103.94842,57.54581]},"properties":{"cps":0,"y":"1979","lith":"META-ARKOSE/CALCITIC MINERALS"}},{"type":"Feature","id":6443,"geometry":{"type":"Point","coordinates":[-104.03689,57.89363]},"properties":{"cps":556,"y":"2019"}},{"type":"Feature","id":6444,"geometry":{"type":"Point","coordinates":[-109.44724,57.60937]},"properties":{"y":"2012"}},{"type":"Feature","id":6445,"geometry":{"type":"Point","coordinates":[-108.63981,59.54771]},"properties":{"cps":2350,"y":"2018","lith":"Quartz-Feldspar Gneiss"}},{"type":"Feature","id":6446,"geometry":{"type":"Point","coordinates":[-102.22565,58.14934]},"properties":{"y":"2018","lith":"Migmatic granodiorite to tonalite"}},{"type":"Feature","id":6447,"geometry":{"type":"Point","coordinates":[-106.13124,56.90658]},"properties":{"y":"1976"}},{"type":"Feature","id":6448,"geometry":{"type":"Point","coordinates":[-108.11727,57.43248]},"properties":{"y":"2018"}},{"type":"Feature","id":6449,"geometry":{"type":"Point","coordinates":[-108.12001,57.47841]},"properties":{"y":"2018"}},{"type":"Feature","id":6450,"geometry":{"type":"Point","coordinates":[-106.12669,56.90797]},"properties":{"cps":5000,"y":"1976"}},{"type":"Feature","id":6451,"geometry":{"type":"Point","coordinates":[-106.13517,56.90581]},"properties":{"cps":3000,"y":"1976"}},{"type":"Feature","id":6452,"geometry":{"type":"Point","coordinates":[-106.1335,56.90576]},"properties":{"cps":900,"y":"1976"}},{"type":"Feature","id":6453,"geometry":{"type":"Point","coordinates":[-106.1259,56.90896]},"properties":{"y":"1976"}},{"type":"Feature","id":6454,"geometry":{"type":"Point","coordinates":[-102.21311,58.15429]},"properties":{"y":"2018","lith":"Migmatic granodiorite to tonalite"}},{"type":"Feature","id":6455,"geometry":{"type":"Point","coordinates":[-104.03823,57.89808]},"properties":{"cps":421,"y":"2019"}},{"type":"Feature","id":6456,"geometry":{"type":"Point","coordinates":[-102.21231,58.16497]},"properties":{"y":"2018","lith":"Gabbro to pyroxenite to diorite"}},{"type":"Feature","id":6457,"geometry":{"type":"Point","coordinates":[-103.58584,58.05323]},"properties":{"cps":8000,"y":"1977"}},{"type":"Feature","id":6458,"geometry":{"type":"Point","coordinates":[-108.09877,57.45331]},"properties":{"y":"2018"}},{"type":"Feature","id":6459,"geometry":{"type":"Point","coordinates":[-102.2411,58.14861]},"properties":{"y":"2018","lith":"Leucogranite"}},{"type":"Feature","id":6460,"geometry":{"type":"Point","coordinates":[-104.0656,57.88047]},"properties":{"cps":100,"y":"2019"}},{"type":"Feature","id":6461,"geometry":{"type":"Point","coordinates":[-102.21235,58.16436]},"properties":{"y":"2018","lith":"Gabbro to pyroxenite to diorite"}},{"type":"Feature","id":6462,"geometry":{"type":"Point","coordinates":[-103.54051,57.59818]},"properties":{"cps":0,"y":"1979","lith":"Biotite Gneiss"}},{"type":"Feature","id":6463,"geometry":{"type":"Point","coordinates":[-102.21061,58.168]},"properties":{"y":"2018","lith":"Granite"}},{"type":"Feature","id":6464,"geometry":{"type":"Point","coordinates":[-109.61652,58.50314]},"properties":{"cps":350,"y":"1981","lith":"Granite"}},{"type":"Feature","id":6465,"geometry":{"type":"Point","coordinates":[-107.12029,59.46051]},"properties":{"y":"2016"}},{"type":"Feature","id":6466,"geometry":{"type":"Point","coordinates":[-106.132,56.90558]},"properties":{"cps":1300,"y":"1976"}},{"type":"Feature","id":6467,"geometry":{"type":"Point","coordinates":[-106.13197,56.90523]},"properties":{"cps":600,"y":"1976"}},{"type":"Feature","id":6468,"geometry":{"type":"Point","coordinates":[-104.04822,57.88602]},"properties":{"cps":370,"y":"2019"}},{"type":"Feature","id":6469,"geometry":{"type":"Point","coordinates":[-108.17857,57.44008]},"properties":{"y":"2018"}},{"type":"Feature","id":6470,"geometry":{"type":"Point","coordinates":[-105.43972,57.29039]},"properties":{"y":"1979"}},{"type":"Feature","id":6471,"geometry":{"type":"Point","coordinates":[-106.63801,57.23475]},"properties":{"cps":0,"y":"2007","lith":"PEGMATITE"}},{"type":"Feature","id":6472,"geometry":{"type":"Point","coordinates":[-104.05519,57.89571]},"properties":{"cps":130,"y":"2019"}},{"type":"Feature","id":6473,"geometry":{"type":"Point","coordinates":[-104.04827,57.90139]},"properties":{"cps":130,"y":"2019"}},{"type":"Feature","id":6474,"geometry":{"type":"Point","coordinates":[-104.0582,57.87695]},"properties":{"cps":1013,"y":"2019"}},{"type":"Feature","id":6475,"geometry":{"type":"Point","coordinates":[-106.12663,56.90784]},"properties":{"cps":2000,"y":"1976"}},{"type":"Feature","id":6476,"geometry":{"type":"Point","coordinates":[-104.33009,57.74409]},"properties":{"y":"2016"}},{"type":"Feature","id":6477,"geometry":{"type":"Point","coordinates":[-104.05424,57.88968]},"properties":{"cps":700,"y":"2019"}},{"type":"Feature","id":6478,"geometry":{"type":"Point","coordinates":[-106.12804,56.90682]},"properties":{"cps":1800,"y":"1976"}},{"type":"Feature","id":6479,"geometry":{"type":"Point","coordinates":[-106.12348,56.90925]},"properties":{"y":"1976"}},{"type":"Feature","id":6480,"geometry":{"type":"Point","coordinates":[-104.05393,57.89666]},"properties":{"cps":400,"y":"2019"}},{"type":"Feature","id":6481,"geometry":{"type":"Point","coordinates":[-106.12418,56.91006]},"properties":{"cps":1800,"y":"1976"}},{"type":"Feature","id":6482,"geometry":{"type":"Point","coordinates":[-102.21985,58.15343]},"properties":{"y":"2018","lith":"Migmatic granodiorite to tonalite"}},{"type":"Feature","id":6483,"geometry":{"type":"Point","coordinates":[-103.53999,57.59835]},"properties":{"cps":0,"y":"1979","lith":"Schist"}},{"type":"Feature","id":6484,"geometry":{"type":"Point","coordinates":[-108.07293,57.45895]},"properties":{"y":"2018"}},{"type":"Feature","id":6485,"geometry":{"type":"Point","coordinates":[-106.11966,56.90924]},"properties":{"cps":500,"y":"1976"}},{"type":"Feature","id":6486,"geometry":{"type":"Point","coordinates":[-102.21315,58.15838]},"properties":{"y":"2018","lith":"Leucogranite"}},{"type":"Feature","id":6487,"geometry":{"type":"Point","coordinates":[-106.12885,56.90632]},"properties":{"cps":600,"y":"1976"}},{"type":"Feature","id":6488,"geometry":{"type":"Point","coordinates":[-106.13231,56.90617]},"properties":{"y":"1976"}},{"type":"Feature","id":6489,"geometry":{"type":"Point","coordinates":[-108.12042,57.46895]},"properties":{}},{"type":"Feature","id":6490,"geometry":{"type":"Point","coordinates":[-103.95812,57.53401]},"properties":{"cps":1000,"y":"1979","lith":"QUARTZ/DIOPSIDE"}},{"type":"Feature","id":6491,"geometry":{"type":"Point","coordinates":[-108.03871,59.66855]},"properties":{"cps":6500,"y":"2017","lith":"quartz-feldspar + biotite + garnet pegmatite, hematite altered feldspars, boulder scree slope, "}},{"type":"Feature","id":6492,"geometry":{"type":"Point","coordinates":[-103.94106,57.53336]},"properties":{"cps":0,"y":"1979","lith":"ARKOSE"}},{"type":"Feature","id":6493,"geometry":{"type":"Point","coordinates":[-103.59588,58.05294]},"properties":{"cps":20000,"y":"1977"}},{"type":"Feature","id":6494,"geometry":{"type":"Point","coordinates":[-103.52886,57.60635]},"properties":{"cps":1060,"y":"1979","lith":"Flaser Granite"}},{"type":"Feature","id":6495,"geometry":{"type":"Point","coordinates":[-106.12518,56.9077]},"properties":{"cps":400,"y":"1976"}},{"type":"Feature","id":6496,"geometry":{"type":"Point","coordinates":[-102.2183,58.16566]},"properties":{"y":"2018","lith":"granite"}},{"type":"Feature","id":6497,"geometry":{"type":"Point","coordinates":[-104.95245,58.9075]},"properties":{"cps":40,"y":"2008","lith":" "}},{"type":"Feature","id":6498,"geometry":{"type":"Point","coordinates":[-103.61999,58.04627]},"properties":{"cps":700,"y":"1977"}},{"type":"Feature","id":6499,"geometry":{"type":"Point","coordinates":[-106.12151,56.91032]},"properties":{"cps":1500}},{"type":"Feature","id":6500,"geometry":{"type":"Point","coordinates":[-106.12527,56.90901]},"properties":{"y":"1976"}},{"type":"Feature","id":6501,"geometry":{"type":"Point","coordinates":[-109.61861,58.49703]},"properties":{"cps":300,"y":"1981","lith":"Conglomerate"}},{"type":"Feature","id":6502,"geometry":{"type":"Point","coordinates":[-103.54223,57.60478]},"properties":{"cps":1500,"y":"1979","lith":"Leucogranite-Biotite Gneiss contact"}},{"type":"Feature","id":6503,"geometry":{"type":"Point","coordinates":[-108.65056,59.56136]},"properties":{"cps":1450,"y":"2018","lith":"Unknown"}},{"type":"Feature","id":6504,"geometry":{"type":"Point","coordinates":[-108.16118,57.43536]},"properties":{"y":"2018"}},{"type":"Feature","id":6505,"geometry":{"type":"Point","coordinates":[-106.19913,56.67729]},"properties":{"cps":500,"y":"2018","lith":"pelitic gneiss"}},{"type":"Feature","id":6506,"geometry":{"type":"Point","coordinates":[-108.12042,57.46895]},"properties":{"y":"2018"}},{"type":"Feature","id":6507,"geometry":{"type":"Point","coordinates":[-106.12702,56.90767]},"properties":{"cps":3100,"y":"1976"}},{"type":"Feature","id":6508,"geometry":{"type":"Point","coordinates":[-104.90506,57.87471]},"properties":{"cps":220,"y":"2019"}},{"type":"Feature","id":6509,"geometry":{"type":"Point","coordinates":[-104.95358,58.90823]},"properties":{"cps":40,"y":"2008","lith":" "}},{"type":"Feature","id":6510,"geometry":{"type":"Point","coordinates":[-104.0566,57.88304]},"properties":{"cps":230,"y":"2019"}},{"type":"Feature","id":6511,"geometry":{"type":"Point","coordinates":[-104.05566,57.88869]},"properties":{"cps":400,"y":"2019"}},{"type":"Feature","id":6512,"geometry":{"type":"Point","coordinates":[-109.61846,58.49239]},"properties":{"cps":550,"y":"1981","lith":"Granite"}},{"type":"Feature","id":6513,"geometry":{"type":"Point","coordinates":[-109.96116,57.68598]},"properties":{"cps":501,"y":"2019","lith":"Quartzite with minor mafics. Slightly banded."}},{"type":"Feature","id":6514,"geometry":{"type":"Point","coordinates":[-105.15665,57.68684]},"properties":{"y":"1982"}},{"type":"Feature","id":6515,"geometry":{"type":"Point","coordinates":[-108.03523,59.66564]},"properties":{"cps":7000,"y":"2017"}},{"type":"Feature","id":6516,"geometry":{"type":"Point","coordinates":[-103.56893,58.05792]},"properties":{"cps":70000,"y":"1977"}},{"type":"Feature","id":6517,"geometry":{"type":"Point","coordinates":[-108.21142,57.44849]},"properties":{"y":"2018"}},{"type":"Feature","id":6518,"geometry":{"type":"Point","coordinates":[-104.05187,57.89886]},"properties":{"cps":170,"y":"2019"}},{"type":"Feature","id":6519,"geometry":{"type":"Point","coordinates":[-106.12413,56.90943]},"properties":{"y":"1976"}},{"type":"Feature","id":6520,"geometry":{"type":"Point","coordinates":[-103.94539,57.55738]},"properties":{"cps":0,"y":"1979","lith":"BIOTITE GNEISS/PYRITE"}},{"type":"Feature","id":6521,"geometry":{"type":"Point","coordinates":[-104.06668,57.88408]},"properties":{"cps":300,"y":"2019"}},{"type":"Feature","id":6522,"geometry":{"type":"Point","coordinates":[-104.10631,57.83188]},"properties":{"y":"1980"}},{"type":"Feature","id":6523,"geometry":{"type":"Point","coordinates":[-104.06525,57.88452]},"properties":{"cps":315,"y":"2019"}},{"type":"Feature","id":6524,"geometry":{"type":"Point","coordinates":[-106.1306,56.90686]},"properties":{"cps":900,"y":"1976"}},{"type":"Feature","id":6525,"geometry":{"type":"Point","coordinates":[-106.13023,56.90481]},"properties":{"cps":550,"y":"1976"}},{"type":"Feature","id":6526,"geometry":{"type":"Point","coordinates":[-108.14294,57.43306]},"properties":{"y":"2018"}},{"type":"Feature","id":6527,"geometry":{"type":"Point","coordinates":[-106.13379,56.90519]},"properties":{"cps":600,"y":"1976"}},{"type":"Feature","id":6528,"geometry":{"type":"Point","coordinates":[-108.16061,57.43631]},"properties":{"y":"2018"}},{"type":"Feature","id":6529,"geometry":{"type":"Point","coordinates":[-104.06526,57.88611]},"properties":{"cps":710,"y":"2019"}},{"type":"Feature","id":6530,"geometry":{"type":"Point","coordinates":[-105.44087,57.29328]},"properties":{"y":"1979"}},{"type":"Feature","id":6531,"geometry":{"type":"Point","coordinates":[-102.21152,58.16734]},"properties":{"y":"2018","lith":"granite"}},{"type":"Feature","id":6532,"geometry":{"type":"Point","coordinates":[-106.12896,56.90784]},"properties":{"cps":700,"y":"1976"}},{"type":"Feature","id":6533,"geometry":{"type":"Point","coordinates":[-104.04411,57.88759]},"properties":{"cps":540,"y":"2019"}},{"type":"Feature","id":6534,"geometry":{"type":"Point","coordinates":[-105.42914,57.28997]},"properties":{"y":"1979"}},{"type":"Feature","id":6535,"geometry":{"type":"Point","coordinates":[-106.13115,56.90825]},"properties":{"cps":2000,"y":"1976"}},{"type":"Feature","id":6536,"geometry":{"type":"Point","coordinates":[-104.90278,57.86853]},"properties":{"cps":870,"y":"2019"}},{"type":"Feature","id":6537,"geometry":{"type":"Point","coordinates":[-103.261,57.62737]},"properties":{"cps":225,"y":"1979","lith":"Biotitic Granite"}},{"type":"Feature","id":6538,"geometry":{"type":"Point","coordinates":[-105.4397,57.2896]},"properties":{"y":"1979"}},{"type":"Feature","id":6539,"geometry":{"type":"Point","coordinates":[-104.92047,57.86653]},"properties":{"cps":600,"y":"2019"}},{"type":"Feature","id":6540,"geometry":{"type":"Point","coordinates":[-104.05589,57.87947]},"properties":{"cps":680,"y":"2019"}},{"type":"Feature","id":6541,"geometry":{"type":"Point","coordinates":[-104.04983,57.89349]},"properties":{"cps":1400,"y":"2019"}},{"type":"Feature","id":6542,"geometry":{"type":"Point","coordinates":[-109.85875,57.66212]},"properties":{"y":"2019","lith":"Granitic gneiss, subangular. 30 cm in diameter."}},{"type":"Feature","id":6543,"geometry":{"type":"Point","coordinates":[-104.04703,57.89715]},"properties":{"cps":600,"y":"2019"}},{"type":"Feature","id":6544,"geometry":{"type":"Point","coordinates":[-106.12141,56.90943]},"properties":{"cps":800,"y":"1976"}},{"type":"Feature","id":6545,"geometry":{"type":"Point","coordinates":[-104.06074,57.87854]},"properties":{"cps":450,"y":"2019"}},{"type":"Feature","id":6546,"geometry":{"type":"Point","coordinates":[-106.20028,56.67732]},"properties":{"cps":150,"y":"2018","lith":"qz-kspar"}},{"type":"Feature","id":6547,"geometry":{"type":"Point","coordinates":[-105.4652,57.29259]},"properties":{"y":"1979"}},{"type":"Feature","id":6548,"geometry":{"type":"Point","coordinates":[-103.92373,57.53822]},"properties":{"cps":0,"y":"1979","lith":"ATHABASCA SANDSTONE"}},{"type":"Feature","id":6549,"geometry":{"type":"Point","coordinates":[-104.02669,57.89361]},"properties":{"cps":503,"y":"2019"}},{"type":"Feature","id":6550,"geometry":{"type":"Point","coordinates":[-108.66034,59.56747]},"properties":{"cps":2570,"y":"2018","lith":"Quartz-Feldspar Gneiss"}},{"type":"Feature","id":6551,"geometry":{"type":"Point","coordinates":[-105.40217,57.45175]},"properties":{"y":"1982"}},{"type":"Feature","id":6552,"geometry":{"type":"Point","coordinates":[-104.92382,57.86644]},"properties":{"cps":220,"y":"2019","lith":"Coarse-grained, Felsic, Clay Alteration of Feldspars"}},{"type":"Feature","id":6553,"geometry":{"type":"Point","coordinates":[-104.3285,57.74927]},"properties":{"y":"2016"}},{"type":"Feature","id":6554,"geometry":{"type":"Point","coordinates":[-105.44419,57.30631]},"properties":{"y":"1979"}},{"type":"Feature","id":6555,"geometry":{"type":"Point","coordinates":[-103.56523,58.05815]},"properties":{"cps":20000,"y":"1977","lith":"po-bearing quartzite"}},{"type":"Feature","id":6556,"geometry":{"type":"Point","coordinates":[-102.20587,58.16444]},"properties":{"y":"2018","lith":"granite"}},{"type":"Feature","id":6557,"geometry":{"type":"Point","coordinates":[-105.92501,57.28421]},"properties":{"y":"1981"}},{"type":"Feature","id":6558,"geometry":{"type":"Point","coordinates":[-108.03117,59.66615]},"properties":{"y":"2017","lith":"Hematite-limonite alteration"}},{"type":"Feature","id":6559,"geometry":{"type":"Point","coordinates":[-109.61907,58.4954]},"properties":{"cps":500,"y":"1981","lith":"Conglomerate"}},{"type":"Feature","id":6560,"geometry":{"type":"Point","coordinates":[-104.32223,57.74804]},"properties":{"y":"2016"}},{"type":"Feature","id":6561,"geometry":{"type":"Point","coordinates":[-104.02844,57.89399]},"properties":{"cps":429,"y":"2019"}},{"type":"Feature","id":6562,"geometry":{"type":"Point","coordinates":[-104.07128,57.87812]},"properties":{"cps":305,"y":"2019"}},{"type":"Feature","id":6563,"geometry":{"type":"Point","coordinates":[-104.04315,57.88954]},"properties":{"cps":458,"y":"2019"}},{"type":"Feature","id":6564,"geometry":{"type":"Point","coordinates":[-105.43353,57.28866]},"properties":{"y":"1979"}},{"type":"Feature","id":6565,"geometry":{"type":"Point","coordinates":[-106.13294,56.90388]},"properties":{"cps":400,"y":"1976"}},{"type":"Feature","id":6566,"geometry":{"type":"Point","coordinates":[-105.42498,57.30457]},"properties":{"y":"1979"}},{"type":"Feature","id":6567,"geometry":{"type":"Point","coordinates":[-108.10524,57.45018]},"properties":{"y":"2018"}},{"type":"Feature","id":6568,"geometry":{"type":"Point","coordinates":[-106.12129,56.90975]},"properties":{"cps":7000,"y":"1976"}},{"type":"Feature","id":6569,"geometry":{"type":"Point","coordinates":[-104.04864,57.89645]},"properties":{"cps":500,"y":"2019"}},{"type":"Feature","id":6570,"geometry":{"type":"Point","coordinates":[-106.12912,56.90639]},"properties":{"cps":800,"y":"1976"}},{"type":"Feature","id":6571,"geometry":{"type":"Point","coordinates":[-104.91467,57.87364]},"properties":{"cps":230,"y":"2019","lith":"Sandstone, Bleached"}},{"type":"Feature","id":6572,"geometry":{"type":"Point","coordinates":[-106.13005,56.90943]},"properties":{"cps":2000,"y":"1976"}},{"type":"Feature","id":6573,"geometry":{"type":"Point","coordinates":[-106.12562,56.90952]},"properties":{"y":"1976"}},{"type":"Feature","id":6574,"geometry":{"type":"Point","coordinates":[-103.51753,58.48883]},"properties":{"y":"1978"}},{"type":"Feature","id":6575,"geometry":{"type":"Point","coordinates":[-105.13509,57.70178]},"properties":{"y":"1982"}},{"type":"Feature","id":6576,"geometry":{"type":"Point","coordinates":[-104.07783,57.88202]},"properties":{"cps":433,"y":"2019"}},{"type":"Feature","id":6577,"geometry":{"type":"Point","coordinates":[-107.62223,59.3392]},"properties":{"y":"2005"}},{"type":"Feature","id":6578,"geometry":{"type":"Point","coordinates":[-104.03534,57.8902]},"properties":{"cps":586,"y":"2019"}},{"type":"Feature","id":6579,"geometry":{"type":"Point","coordinates":[-104.94694,58.90303]},"properties":{"cps":40,"y":"2008","lith":" "}},{"type":"Feature","id":6580,"geometry":{"type":"Point","coordinates":[-104.09113,57.8075]},"properties":{"y":"1980"}},{"type":"Feature","id":6581,"geometry":{"type":"Point","coordinates":[-105.43704,57.3065]},"properties":{"y":"1979"}},{"type":"Feature","id":6582,"geometry":{"type":"Point","coordinates":[-105.46295,57.29224]},"properties":{"y":"1979"}},{"type":"Feature","id":6583,"geometry":{"type":"Point","coordinates":[-102.22549,58.15559]},"properties":{"y":"2018","lith":"Leucogranite"}},{"type":"Feature","id":6584,"geometry":{"type":"Point","coordinates":[-106.12904,56.90667]},"properties":{"cps":200,"y":"1976"}},{"type":"Feature","id":6585,"geometry":{"type":"Point","coordinates":[-103.92377,57.53874]},"properties":{"cps":0,"y":"1979","lith":"FOLIATED GRANITIC ROCK"}},{"type":"Feature","id":6586,"geometry":{"type":"Point","coordinates":[-108.04022,57.46521]},"properties":{"y":"2018"}},{"type":"Feature","id":6587,"geometry":{"type":"Point","coordinates":[-106.13331,56.90331]},"properties":{"cps":600,"y":"1976"}},{"type":"Feature","id":6588,"geometry":{"type":"Point","coordinates":[-109.8109,57.67703]},"properties":{"cps":10000,"y":"2019","lith":"Granitoid with black veins."}},{"type":"Feature","id":6589,"geometry":{"type":"Point","coordinates":[-104.04196,57.88732]},"properties":{"cps":705,"y":"2019"}},{"type":"Feature","id":6590,"geometry":{"type":"Point","coordinates":[-102.22343,58.15663]},"properties":{"y":"2018","lith":"Leucogranite"}}]}